DOCULECT	CONCEPT	IPA
BankanTey	LIVESTOCK	dʒáwdì+m
BankanTey	LIVESTOCK	dá.ábà+m
BenTey	LIVESTOCK	àrsɛ̀.ɛ́+m
Bunoge	LIVESTOCK	kɔ́m.bɔ̀
DogulDomBendiely	LIVESTOCK	bɛ́lɛ̀+ɡ
DogulDomBendiely	LIVESTOCK	bɛ́lɛ̀+ɡù
DonnoSo	LIVESTOCK	bɛ̀lú
DonnoSo	LIVESTOCK	bɛ̀lú
JamsayGourou	LIVESTOCK	ɡàr#sɛ̀ɡɛ́
JamsayDouentza	LIVESTOCK	à#sɛ̀ɡɛ́
JamsayDouentza	LIVESTOCK	ɡà#sɛ̀ɡɛ́
JamsayMondoro	LIVESTOCK	à#sɛ̀ɡɛ
Mombo	LIVESTOCK	dèbù#bɛ́lí
Mombo	LIVESTOCK	bɛ́lí
BonduSoNajamba	LIVESTOCK	dúmɛ́+ŋ.ɡó
BonduSoKindige	LIVESTOCK	dùmɔ́.ɔ́+n
Penange	LIVESTOCK	dá.ábá
PergeTegu	LIVESTOCK	à#sɛ̀ɡɛ́
TebulUre	LIVESTOCK	à#sɛ̀ɡɛ́
TebulUre	LIVESTOCK	ɡà#sɛ̀ɡɛ́
TiranigeBoui	LIVESTOCK	bèl
TiranigeNingo	LIVESTOCK	bɛ̀lì
TogoKan	LIVESTOCK	ɡìr.∼í#árúsɛ̀ɡɛ̀
TommoSoTongoTongo	LIVESTOCK	ɡìnɛ̀+j#bɛ̀lù
TommoSoTongoTongo	LIVESTOCK	bɛ̀lú
TomoKanDiangassagou	LIVESTOCK	dá.ábá.á
ToroTegu	LIVESTOCK	àrùzàká
ToroTegu	LIVESTOCK	àrzàɡá
YandaDom	LIVESTOCK	à#zɛ̀ɡɛ̀
YandaDom	LIVESTOCK	à#sɛ̀ɡɛ̀
YornoSo	LIVESTOCK	àrù#sɛ̀ɡɛ́
BankanTey	CAMEL	ɔ̀.ɔ̀#ɲɛ̂.∼+m
BenTey	CAMEL	ɔ̀.ɔ̀#ɲùw.∼ɔ̂+m
Bunoge	CAMEL	ɲɔ́ŋɔ́+mɛ̀
DogulDomBendiely	CAMEL	jɔ́ŋù+mɛ̀
DogulDomKundialang	CAMEL	jɔ́ŋ+mɛ̀
DonnoSo	CAMEL	ɔ̀ŋɔ̀#jòŋó
JamsayGourou	CAMEL	ɔ̀ɣɔ̀#j.∼ùw.∼ó
JamsayDouentza	CAMEL	ɔ̀ɣɔ̀#ɲùŋó
Mombo	CAMEL	ɲɔ̀ŋɔ̀+mɛ́
BonduSoNajamba	CAMEL	ɲɔ̀ŋɔ̀+mɛ́
BonduSoKindige	CAMEL	ŋɔ̀ŋɔ́l
Penange	CAMEL	ɲɔ́.ɔ́#mɔ̀j.∼
PergeTegu	CAMEL	ɔ̀ɡɔ̀#ɲùw.∼ó
TebulUre	CAMEL	ɔ̀ɡɔ̀#ɲɔ̀ŋɔ́
Tiranige	CAMEL	n.dʒèlèbà
TogoKan	CAMEL	ɔ̀ɡɔ̀#ɲɔ̌
TommoSoTongoTongo	CAMEL	ɲòŋó+m
TomoKanDiangassagou	CAMEL	ɲɔ̀ŋɛ̀+mɛ́
TomoKanSegue	CAMEL	ɲɔ̀ʔɔ̀+mɛ́
ToroTegu	CAMEL	ɲɔ́
YandaDom	CAMEL	ɔ̀ɡɔ̀#ɲɔ̀ŋɔ̀
YornoSo	CAMEL	ɔ̀ɡɔ̀#jɔ̀.ɔ́.∼
BankanTey	CAT	nùmǎ+m
BenTey	CAT	nì+nìw.∼ɛ̌+m
Bunoge	CAT	ɲá.álì
DogulDomBendiely	CAT	ɡáàŋ
DogulDomKundialang	CAT	ɡá.àŋ
DonnoSo	CAT	ɡámmà
JamsayGourou	CAT	nì#nì+w.∼é
JamsayDouentza	CAT	nì#nì+w.∼é
Mombo	CAT	ɡà.à+w.∼ě
BonduSoNajamba	CAT	ɡáŋà
BonduSoBonduSoKindige	CAT	ɡáŋà
Penange	CAT	ɡà.à~
PergeTegu	CAT	nì#nì+w.∼é
TebulUre	CAT	bàlmá
Tiranige	CAT	ɡà.ànà
TogoKan	CAT	dònó
TommoSoTongoTongo	CAT	ɡá+m+má
TomoKanDiangassagou	CAT	dòn.dò
TomoKanSegue	CAT	dón.dó
ToroTegu	CAT	nìw.∼á
YandaDom	CAT	ɡà.à~
YornoSo	CAT	ɡámà
BankanTey	CALF	nà.à#jî+m
BenTey	CALF	nà.à#jǐ+m
Bunoge	CALF	ná.á#bè
DogulDomBendiely	CALF	nàà+ɡù#é+ɡù
DonnoSo	CALF	nàŋà#í.ì
JamsayDouentza	CALF	nàŋ#í.ì~
Mombo	CALF	nà.à#wé.é
BonduSoNajamba	CALF	nà.à+m.bí.ì
Penange	CALF	nà.à#wé.è
PergeTegu	CALF	nàŋ#í.ì~
TebulUre	CALF	nà.à#ɛ̀dɛ́
TogoKan	CALF	nàŋ#í.í~
TommoSoTongoTongo	CALF	nàà#í+í
TommoSoTongoTongo	CALF	ɔ̀lí+í#nàà
TomoKanDiangassagou	CALF	nàŋà#dòm.bè
TomoKanSegue	CALF	nàʔ.~à#dòm.bé~
ToroTegu	CALF	nàŋà+ìr.∼+í.í
YandaDom	CALF	nǎ#jjè
YornoSo	CALF	nà.à#í.ì
BenTey	COW	nà.à#jǎ+m
JamsayDouentza	COW	nàŋà#ná.á
Mombo	COW	ná.á#jɔ̀.ɔ̀
BonduSoNajamba	COW	nɛ̀.ɛ̀#jɛ̀.ɛ́
BonduSoKindige	COW	nɛ̀.ɛ́
TogoKan	COW	nàŋà#ná.á
TommoSoTongoTongo	COW	nàà#jàá
ToroTegu	COW	nàŋà+já
YandaDom	COW	nà.à#jɛ̀
YornoSo	COW	nà.à#jà.á
BenTey	BULL	nà.à#ár.∼à+m
DogulDomBendiely	BULL	nààɡù#ánà
DonnoSo	BULL	nàŋà#àná
JamsayDouentza	BULL	nàŋà#àr.∼á
Mombo	BULL	nà.à#wálá
BonduSoNajamba	BULL	nɛ̀.ɛ̀#ánè
TebulUre	BULL	nà.à#ár.∼á
TogoKan	BULL	nàŋà#àr.∼á
TommoSoTongoTongo	BULL	nàà#àná
TomoKanSegue	BULL	nàʔ.~à#dʒùŋ.ɡú
ToroTegu	BULL	nàŋà#àrá
YornoSo	BULL	nà.à#àr.∼á
Ampari	DOG	ìdʒɛ́
BankanTey	DOG	ndʒèrû+m
BenTey	DOG	ìn.dʒɛ̌+m
Bunoge	DOG	ʔín.dʒɛ̀
DogulDomBendiely	DOG	úŋɔ̀
DogulDomKundialang	DOG	ùŋɔ́+ŋ
DonnoSo	DOG	ìdú
JamsayGourou	DOG	ìzú
JamsayDouentza	DOG	ìdʒú
JamsayMondoro	DOG	ìdʒú
Mombo	DOG	ín.dʒɛ̀
BonduSoNajamba	DOG	ŋɡwɛ̀.ɛ́
Penange	DOG	ŋkɛ̀
PergeTegu	DOG	ìšú
TebulUre	DOG	ìn.dʒɛ̀.ɛ́
Tiranige	DOG	í.ín.dʒɛ́
Tiranige	DOG	í.íŋ.ɡɛ́
TogoKan	DOG	ìsí
TommoSoTongoTongo	DOG	ìsé
TomoKanDiangassagou	DOG	ùdʒù
TomoKanSegue	DOG	ʔùdʒù
ToroTegu	DOG	nènú
YandaDom	DOG	ìn.dʒɛ̀
YandaDom	DOG	ndʒɛ̀
YornoSo	DOG	ìdʒú
BankanTey	GOAT	bɛ́rù+m
BenTey	GOAT	bɛ́rì+m
BenTey	GOAT	bɛ́rù+m
Bunoge	GOAT	kílɔ̀
DogulDomBendiely	GOAT	ínà.à
DogulDomKundialang	GOAT	ínà.à
DonnoSo	GOAT	ɛ̀nɛ́
JamsayGourou	GOAT	bɛ̀rú
JamsayDouentza	GOAT	bɛ̀rú
JamsayDouentza	GOAT	bɛ̀n+ná.á
JamsayDouentza	GOAT	ɛ̀r.∼ɛ́
JamsayMondoro	GOAT	bɛ̀rú
Mombo	GOAT	úná
BonduSoNajamba	GOAT	ínè
Penange	GOAT	úná
PergeTegu	GOAT	ɛ̀r.∼ɛ́
TebulUre	GOAT	ír.∼è.è
TebulUre	GOAT	ír.∼è.è
Tiranige	GOAT	ùnà
TogoKan	GOAT	ɛ̀r.∼ɛ́
TommoSoTongoTongo	GOAT	ɛ̀+nɛ́
TomoKanDiangassagou	GOAT	ɡɛ́.ɛ́
TomoKanSegue	GOAT	ɡɛ́
ToroTegu	GOAT	ɛ̀r.∼á
YandaDom	GOAT	ʔə́nɛ́
YornoSo	GOAT	ɛ̀r.∼ɛ́
BankanTey	YOUNG GOAT (KID)	bɛ̀r+jî+m
BenTey	YOUNG GOAT (KID)	bɛ̀r#jí+m
DogulDomBendiely	YOUNG GOAT (KID)	ìnàà#éɡù
DonnoSo	YOUNG GOAT (KID)	ɛ̀nɛ̀+í.ì
JamsayDouentza	YOUNG GOAT (KID)	bɛ̀r.∼+í.ì~
Mombo	YOUNG GOAT (KID)	úná#wé.é
BonduSoNajamba	YOUNG GOAT (KID)	nà.àdʒí.ì
TebulUre	YOUNG GOAT (KID)	ìn+ɛ̀dɛ́
TogoKan	YOUNG GOAT (KID)	ɛ̀r.∼+í.í~
TommoSoTongoTongo	YOUNG GOAT (KID)	ɛ̀+nɛ̀#í+í
ToroTegu	YOUNG GOAT (KID)	ɛ̀r.∼à+ìr.∼+í.í
YandaDom	YOUNG GOAT (KID)	ʔə̀n+íjè
YornoSo	YOUNG GOAT (KID)	ɛ̀r.∼ɛ̀+í.ì
BenTey	MALE GOAT	bɛ̀r+àdʒǐ+m
BenTey	MALE GOAT	bɛ̀r#ár.∼à+m
DonnoSo	MALE GOAT	ɛ̀nɛ̀#àná
JamsayGourou	MALE GOAT	bɛ̀rù#àɡí.í
JamsayDouentza	MALE GOAT	bɛ̀r+àdʒí.í
JamsayDouentza	MALE GOAT	bɛ̀rù+àr.∼á
Mombo	MALE GOAT	ùnà#wálá
BonduSoNajamba	MALE GOAT	ìnè#ánè
TebulUre	MALE GOAT	ìnè#ár.∼á
TogoKan	MALE GOAT	ɛ̀r.∼ɛ̀#àr.∼á
TommoSoTongoTongo	MALE GOAT	ɛ̀+nɛ̀#àná
TomoKanSegue	MALE GOAT	ɡɛ̀+dʒí.í
ToroTegu	MALE GOAT	ɛ̀r.∼à+àrá
YandaDom	MALE GOAT	ʔə̀nɛ̀#án
YornoSo	MALE GOAT	ɛ̀r.∼ɛ̀#àr.∼á
BankanTey	SHEEP	pɛ̀rɛ̌+m
BenTey	SHEEP	pɛ̀rɛ̌+m
Bunoge	SHEEP	ʔálámà
DogulDomBendiely	SHEEP	pésìɡì
DogulDomKundialang	SHEEP	pésɡè
DonnoSo	SHEEP	pédù
JamsayGourou	SHEEP	pé.ézú
JamsayDouentza	SHEEP	pé.édʒú
JamsayMondoro	SHEEP	pé.édʒú
Mombo	SHEEP	ánnà
BonduSoNajamba	SHEEP	pɛ̀ɡɛ́
Penange	SHEEP	àlàmùnɔ̀
PergeTegu	SHEEP	pé.ésú
TebulUre	SHEEP	péddè
Tiranige	SHEEP	ám.bá
Tiranige	SHEEP	á.áná
TogoKan	SHEEP	pédʒú
TommoSoTongoTongo	SHEEP	pé+dú
TomoKanDiangassagou	SHEEP	pédʒí
TomoKanSegue	SHEEP	pèdʒí
ToroTegu	SHEEP	bɛ̀lú
YandaDom	SHEEP	pɛ̀.ɛ̀
YornoSo	SHEEP	pédʒú
BenTey	LAMB	pɛ̀rɛ̀+jí+m
DonnoSo	LAMB	pèdù+í.ì
JamsayDouentza	LAMB	pè.èdʒ+í.ì~
Mombo	LAMB	ànnà#wé.é
BonduSoNajamba	LAMB	pɛ̀ɡɛ̀#èn.dé.è
TebulUre	LAMB	pèddè+ɛ̀dɛ́
TogoKan	LAMB	pèdʒ+í.í~
TommoSoTongoTongo	LAMB	pè+dù#íí
ToroTegu	LAMB	bɛ̀lù+ìr.∼+í.í
YandaDom	LAMB	pɛ̌+jjè
YornoSo	LAMB	pèdʒù#í.ì
BankanTey	EWE	pɛ̀rɛ̀#jǎ+m
BenTey	EWE	pɛ̀rɛ̀#jǎ+m
JamsayDouentza	EWE	pè.èdʒù+ná.á
Mombo	EWE	ánnà#jɔ́.ɔ̀
BonduSoNajamba	EWE	pɛ̀ɡɛ̀#jɛ̀.ɛ́
TogoKan	EWE	pèdʒù#ná.á
TommoSoTongoTongo	EWE	pè+dù#jàá
TomoKanSegue	EWE	pèdʒì#jà.à
ToroTegu	EWE	bɛ̀lù+já
YandaDom	EWE	pɛ̀.ɛ̀#jɛ̀
YornoSo	EWE	pèdʒù#jà.á
BenTey	RAM	pɛ̀rɛ̀#ár.∼à+m
DonnoSo	RAM	pèdù#àná
JamsayGourou	RAM	pè.èzù#àɡí.í
JamsayDouentza	RAM	pè.èdʒù+àr.∼á
Mombo	RAM	ànnà#wálá
BonduSoNajamba	RAM	pɛ̀ɡ+á.ánè
TogoKan	RAM	pèdʒù#àr.∼á
TommoSoTongoTongo	RAM	pè+dù#àná
TomoKanSegue	RAM	pèdʒì+dʒè~dʒè~
ToroTegu	RAM	bɛ̀lù+àrá
ToroTegu	RAM	bɛ̀l+à.àrá
YornoSo	RAM	pèdʒù#àr.∼á
BankanTey	HORSE	sǒ+m
BenTey	HORSE	sǒ+m
Bunoge	HORSE	sé
DogulDomBendiely	HORSE	só+mú
DogulDomKundialang	HORSE	sǒ+m
DonnoSo	HORSE	sǒŋ
JamsayGourou	HORSE	sǒm
JamsayDouentza	HORSE	sǒm
Mombo	HORSE	sóɲ#ónì
BonduSoNajamba	HORSE	bàné
BonduSoNajamba	HORSE	bǎn
Penange	HORSE	sòn#dʒòm
PergeTegu	HORSE	sǒm
TebulUre	HORSE	sòm+é
TiranigeBoui 	HORSE	sóɲ#óní
TiranigeNingo 	HORSE	sóɲ#dʒóní
TogoKan	HORSE	sɔ̌.∼
TommoSoTongoTongo	HORSE	sóm
ToroTegu	HORSE	sòŋ+ɡú
ToroTegu	HORSE	sòŋ+ú
ToroTegu	HORSE	sǒŋ
YandaDom	HORSE	sòm
YornoSo	HORSE	sǒm
BankanTey	DOVE	tùrùsû+m
BenTey	DOVE	ɡɔ̀.ɔ̀.∼+m
Bunoge	DOVE	kùnɛ̀+kúnɛ́#sà.ám.bà
DogulDomBendiely	DOVE	ɡùlàm.bá
DogulDomBendiely	DOVE	ɡùlàmpá
DogulDomKundialang	DOVE	ɡùlàmpá
DonnoSo	DOVE	ɡùlɔ̀m.bɔ́
JamsayDouentza	DOVE	kì+kádʒà
JamsayMondoro	DOVE	ɡúm.bà
JamsayMondoro	DOVE	kì+kádʒà
Mombo	DOVE	dèbù#ɡúm.bá+ɡúm.bà
BonduSoNajamba	DOVE	ɡùrm.bá.à
Penange	DOVE	pólmálá.án.dì
PergeTegu	DOVE	kà+kásà
TebulUre	DOVE	káɡádá
Tiranige	DOVE	ɡùlùm.bá
TogoKan	DOVE	pèlè#ɡúmó
TommoSoTongoTongo	DOVE	ɡùrù#m.báá
TomoKanDiangassagou	DOVE	pèlè+búm.bàlà
TomoKanSegue	DOVE	pjèlè#búm.bàlà
ToroTegu	DOVE	tùsûm
YandaDom	DOVE	ɡùlúm.bà
YornoSo	DOVE	ɡùrù#má.à
BankanTey	BIRD	nì.í+m
BenTey	BIRD	nì.ìj.∼î+m
Bunoge	BIRD	ní.íbè
DogulDomBendiely	BIRD	lèɡèèɡú
DogulDomBendiely	BIRD	nèɡèèɡú
DogulDomKundialang	BIRD	nèɡè.éɡ
DonnoSo	BIRD	sàdá.à
JamsayDouentza	BIRD	sà.àdʒ+í.ì~
JamsayDouentza	BIRD	sàdʒú
JamsayMondoro	BIRD	sàdʒú
Mombo	BIRD	ìní
BonduSoNajamba	BIRD	nì.í
Penange	BIRD	nèdʒdʒé
PergeTegu	BIRD	sà+sǎj
TebulUre	BIRD	àdé
Tiranige	BIRD	níjè
TogoKan	BIRD	sàdʒú
TommoSoTongoTongo	BIRD	sàdàá
TomoKanDiangassagou	BIRD	sàdʒù
TomoKanSegue	BIRD	sàdʒù
ToroTegu	BIRD	sǎj
YandaDom	BIRD	àɲàn
YornoSo	BIRD	sì+sà.á
BankanTey	FOWL	dʒɛ̀n.dɛ̀+kìsìjú
Mombo	FOWL	kárá#kárá#sá.áɡè
TommoSoTongoTongo	FOWL	ɡì+nɛ̀+j#sàdàà
YornoSo	FOWL	ɛ̀ɲɛ́
BankanTey	PIG	àríjè+m
BenTey	PIG	tórú+m
Bunoge	PIG	ʔàllà
DogulDomBendiely	PIG	álìjà
DogulDomKundialang	PIG	álìjà
DonnoSo	PIG	tólù
JamsayDouentza	PIG	tórú
Mombo	PIG	álúwà
BonduSoNajamba	PIG	àlíjà
BonduSoNajamba	PIG	ólé#àlìjà
Penange	PIG	àlɡà
PergeTegu	PIG	tórú
TebulUre	PIG	tólé
Tiranige	PIG	álíjá
TogoKan	PIG	tórú
TommoSoTongoTongo	PIG	tólú
ToroTegu	PIG	tórú
YandaDom	PIG	tól
YornoSo	PIG	tól
BenTey	HERDSMAN	nà.à#bèré+m
DogulDomBendiely	HERDSMAN	nà#ɡír
DonnoSo	HERDSMAN	nàŋà#ɡírì+nɛ̀
JamsayDouentza	HERDSMAN	nàŋà#dʒírɛ́+n
Mombo	HERDSMAN	ná.à#ɡírí
BonduSoNajamba	HERDSMAN	nàwò.ò#kìrɡɛ́.ɛ́
Penange	HERDSMAN	nà.à#ɡìr
TommoSoTongoTongo	HERDSMAN	nàà#ɡírí+nɛ́
ToroTegu	HERDSMAN	nàŋà#bé+nú
YandaDom	HERDSMAN	nà.à#kìlɛ̀
YornoSo	HERDSMAN	nà.à+ɡírɛ́+nɛ́
BankanTey	GRASS	bèrú
BankanTey	GRASS	sàwá.à
BenTey	GRASS	bèrú
Bunoge	GRASS	kɔ́dʒì
DogulDomBendiely	GRASS	kɔ́.ɔ́ɡù
DogulDomKundialang	GRASS	kɔ̀.ɔ́ɡ
DogulDomKundialang	GRASS	bèlé
DonnoSo	GRASS	bèlé
JamsayDouentza	GRASS	ɔ̀jɔ́
Mombo	GRASS	béléŋ.ɡè
BonduSoNajamba	GRASS	sɔ̀.ɔ́mɛ̀+ŋ.ɡò
Penange	GRASS	kɔ́dʒí
PergeTegu	GRASS	ɔ̀jɔ́
TebulUre	GRASS	jɔ̀wá
Tiranige	GRASS	bélŋ.ɡe
TiranigeBoui 	GRASS	béléŋ.ɡé
Tiranige	GRASS	kɔ́j
TogoKan	GRASS	ɡú+ɡúrú
TommoSoTongoTongo	GRASS	kèrú
TommoSoTongoTongo	GRASS	bèlú
TomoKanDiangassagou	GRASS	ɡùní.í
TomoKanSegue	GRASS	ɡwìní
ToroTegu	GRASS	sɔ̀lɔ́
YandaDom	GRASS	ɔ̀à
YornoSo	GRASS	dɔ̀ɡɔ́
BankanTey	PASTURE	bèbèrú
BenTey	PASTURE	ɔ̀r.∼ɔ́.ɔ́
DogulDomBendiely	PASTURE	ɡírù
Mombo	PASTURE	bɛ́lí#ɡírí
BonduSoNajamba	PASTURE	ɡír+ŋ.ɡán
TommoSoTongoTongo	PASTURE	ɡìrù#ɡìrú
ToroTegu	PASTURE	sà+sǎŋ
YornoSo	PASTURE	běl
BankanTey	RAM	mɔ́.ɔ́rá.ánì
BenTey	RAM	pɔ̀rú+m
JamsayGourou	RAM	pɔ̀rú
JamsayDouentza	RAM	pɔ̀rú
Mombo	RAM	kám.bé
BonduSoNajamba	RAM	mɔ́rɛ́+bà.à
TogoKan	RAM	pɔ̀rú
TommoSoTongoTongo	RAM	pɔ̀rú
ToroTegu	RAM	pɔ́lù
YandaDom	RAM	pɔ̀dù
YornoSo	RAM	pɔ̀rú
BankanTey	PULL OFF (SKIN)	pán.dí
BenTey	PULL OFF (SKIN)	pó
BenTey	PULL OFF (SKIN)	pálí
BenTey	PULL OFF (SKIN)	úrɔ́
Bunoge	PULL OFF (SKIN)	ʔɔ́rɛ̀
DogulDomBendiely	PULL OFF (SKIN)	kɛ̀sɛ́
DogulDomKundialang	PULL OFF (SKIN)	úrɛ̀
DonnoSo	PULL OFF (SKIN)	úr+ɛ̀
JamsayGourou	PULL OFF (SKIN)	pɔ́.ɔ́
JamsayDouentza	PULL OFF (SKIN)	páná
JamsayMondoro	PULL OFF (SKIN)	páná
Mombo	PULL OFF (SKIN)	tɔ́lɛ́
BonduSoNajamba	PULL OFF (SKIN)	tɔ́nɛ́
Penange	PULL OFF (SKIN)	tɔ́lɛ́
PergeTegu	PULL OFF (SKIN)	pálá
TebulUre	PULL OFF (SKIN)	ùrɔ́
Tiranige	PULL OFF (SKIN)	tɔ́nɔ́
TogoKan	PULL OFF (SKIN)	pɔ́.ɔ́
TommoSoTongoTongo	PULL OFF (SKIN)	úrɔ́
TomoKanDiangassagou	PULL OFF (SKIN)	ʔùrɛ́
TomoKanSegue	PULL OFF (SKIN)	ʔùrɛ́
ToroTegu	PULL OFF (SKIN)	wòró
YandaDom	PULL OFF (SKIN)	páná+lì
YornoSo	PULL OFF (SKIN)	úrɔ́
BankanTey	DONKEY	dúrù+m
BenTey	DONKEY	súr+ú+bɔ̀ŋ.ɡɔ̂+m
BenTey	DONKEY	sú+bɔ̀ŋ.ɡɔ̂+m
BenTey	DONKEY	sú+bɔ̀ŋ.ɡɔ̂+m
Bunoge	DONKEY	kóló+mù
DogulDomBendiely	DONKEY	dúlù+ɡù
DogulDomKundialang	DONKEY	dúlù+ɡ
DonnoSo	DONKEY	dʒàŋ+ɡúrù
JamsayGourou	DONKEY	zàm+dúrú
JamsayDouentza	DONKEY	dʒàm+dúrú
JamsayDouentza	DONKEY	dʒàn+dúrú
JamsayMondoro	DONKEY	dʒàn+dúrú
Mombo	DONKEY	kɔ́+njɔ̀
BonduSoNajamba	DONKEY	pár+ŋ.ɡá
BonduSoNajamba	DONKEY	párá+ŋ.ɡá
Penange	DONKEY	kòlò#kòlò
PergeTegu	DONKEY	dʒàm+dúrú
TebulUre	DONKEY	zàm+dílè
TiranigeBoui 	DONKEY	kɔ́lɔ́+ŋɔ̀
TiranigeNingo 	DONKEY	kɔ́+níjɔ́
TogoKan	DONKEY	dʒɔ̀.∼+túrú
TommoSoTongoTongo	DONKEY	dʒàn#dúlú
TommoSoTongoTongo	DONKEY	dú+lú
TomoKanDiangassagou	DONKEY	dʒòn+dù
TomoKanSegue	DONKEY	dʒòn+dò
ToroTegu	DONKEY	zàn+dúrú
YandaDom	DONKEY	zàm+dúrú
YandaDom	DONKEY	zàm+túrú
YornoSo	DONKEY	dʒàm+dúl
BankanTey	YOKE	ɡán.díjé
BenTey	YOKE	ɡán.dôl
Bunoge	YOKE	ɡàn.dù.ùrɛ́
DogulDomKundialang	YOKE	ɡàn.dú.úrɛ̀
DonnoSo	YOKE	dʒàn.dùrú#tòn.dòlò
JamsayGourou	YOKE	kɔ̀rɔ́#ɡûn
JamsayDouentza	YOKE	kɔ̀rɔ́#ɡôl
JamsayDouentza	YOKE	ɡán.dúwôl
JamsayDouentza	YOKE	ɡán.dówôl
JamsayDouentza	YOKE	ɡán.dɛ́.ɛ́rɛ̀
Mombo	YOKE	ɡɔ̀.ɔ̀.∼#dá.álè
BonduSoNajamba	YOKE	ɡán.dùrè
Penange	YOKE	pàrɡàwólló
PergeTegu	YOKE	kɔ̀rɔ̀+kɔ́lú
TebulUre	YOKE	kwà.à+kólò
Tiranige	YOKE	ɡàn.dìré
TogoKan	YOKE	kɔ̀rɔ́+ɡól
TommoSoTongoTongo	YOKE	ɡèɲ+ɲù#dɔ̌j.∼
TommoSoTongoTongo	YOKE	dúɡɔ́+n.dɔ́
TomoKanDiangassagou	YOKE	kɔ̀lɔ̀+sùŋ.ɡù
TomoKanSegue	YOKE	kɔ̀lɔ̀+sùŋ.ɡù
ToroTegu	YOKE	ɡán.dòl
ToroTegu	YOKE	ɡálíjé
YandaDom	YOKE	kɔ̀lɔ̀+ɡòdú
BankanTey	CHICKEN	ɛ̀zɛ̂+m
BenTey	CHICKEN	ɛ̀n.dʒɛ̂+m
Bunoge	CHICKEN	sí.ídʒà
DogulDomBendiely	CHICKEN	àrùdʒɛ́nɛ́
DogulDomKundialang	CHICKEN	ɔ́llɔ̀
DonnoSo	CHICKEN	èn.dʒé
JamsayGourou	CHICKEN	ɛ̀sɛ́
JamsayDouentza	CHICKEN	ɛ̀ɲɛ́
JamsayMondoro	CHICKEN	ɛ̀ɲɛ́
Mombo	CHICKEN	sídʒà
BonduSoNajamba	CHICKEN	kòkórò
BonduSoNajamba	CHICKEN	kórò
Penange	CHICKEN	sírɡà
PergeTegu	CHICKEN	ɛ̀n.dʒɛ́
TebulUre	CHICKEN	ɛ̀n.dʒɛ́
TiranigeBoui	CHICKEN	sìdʒá
TiranigeNingo 	CHICKEN	sì.ìdʒá
TogoKan	CHICKEN	kòɡó
TommoSoTongoTongo	CHICKEN	ɛ̀n.dʒɛ́
TomoKanDiangassagou	CHICKEN	kùɡò
TomoKanSegue	CHICKEN	kùɡò
ToroTegu	CHICKEN	ɛ̀.∼sá
ToroTegu	CHICKEN	ɛ̀sá
YandaDom	CHICKEN	ɛ̀dɛ̀
YornoSo	CHICKEN	ɛ̀ɲɛ́
BankanTey	ROOSTER	ɛ̀zɛ̀+kò.órò+m
BenTey	ROOSTER	ɛ̀n.dʒɛ̀#kò.órò+m
Bunoge	ROOSTER	sì.ìdʒá#nòlò
DogulDomBendiely	ROOSTER	ɔ̀llɔ̀#ánà
DonnoSo	ROOSTER	èn.dʒè#àná
JamsayDouentza	ROOSTER	ɛ̀ɲɛ̀#àr.∼á
BonduSoNajamba	ROOSTER	kòrò#ánè
Penange	ROOSTER	sìrɡà#wálá
PergeTegu	ROOSTER	ɛ̀n.dʒɛ̀+àr.∼á
TebulUre	ROOSTER	ɛ̀ŋ+kòkó
Tiranige	ROOSTER	sìdʒà#báná
TogoKan	ROOSTER	kòɡò#àr~á
TomoKanDiangassagou	ROOSTER	kùɡò#àlà
TomoKanSegue	ROOSTER	kùɡò#ʔàlà
ToroTegu	ROOSTER	ɛ̀sà#àrá
YandaDom	ROOSTER	ɛ̀dɛ̀+kòŋò
YornoSo	ROOSTER	ɛ̀ɲɛ̀#àr.∼á
Ampari	EGG	pórì
BankanTey	EGG	tàrí.ì
BenTey	EGG	tàrí.ì
Bunoge	EGG	póléŋ.ɡè
DogulDomBendiely	EGG	púlɔ̀
DogulDomKundialang	EGG	pòló
DonnoSo	EGG	tálù
JamsayGourou	EGG	tárú
JamsayDouentza	EGG	tárú
Mombo	EGG	pólè
BonduSoNajamba	EGG	pǒl+ŋ.ɡó
Penange	EGG	pòlè
PergeTegu	EGG	tárú
TebulUre	EGG	tálɛ́
TiranigeBoui	EGG	pólŋ.ɡé
TiranigeNingo 	EGG	pólé
TogoKan	EGG	tárú
TommoSoTongoTongo	EGG	tálú
ToroTegu	EGG	tàrú
YandaDom	EGG	tòl
YornoSo	EGG	tâl
JamsayDouentza	YOLK	tàrù#jɔ̀rɔ̀+pìr.∼é
BonduSoNajamba	YOLK	pòl+ŋ.ɡò#ɔ́.ɔ́là+ŋ.ɡò
TommoSoTongoTongo	YOLK	tàlù#njɛ̀lɛ̀#ɔ́.ɔ́lɔ̀
TommoSoTongoTongo	YOLK	tàlù#jùlɔ̀#púnɔ́
ToroTegu	YOLK	tàrù#bàr.∼í
YandaDom	YOLK	tòl#lòl+púná
YornoSo	YOLK	tàl#jùlɔ̀+pɔ̀r.∼ɔ̀+kɔ̌l
Ampari	PERSON	ìn.dà+ró
BankanTey	PERSON	àsùmǎ+m
BenTey	PERSON	nǔ+m
Bunoge	PERSON	sódʒò
DogulDomBendiely	PERSON	nóó
DogulDomKundialang	PERSON	nò.ó
DonnoSo	PERSON	ndɛ́
JamsayGourou	PERSON	íné+n
JamsayDouentza	PERSON	íné+n
JamsayMondoro	PERSON	íné+n
Mombo	PERSON	ndá
BonduSoNajamba	PERSON	nò.ó
BonduSoKindige	PERSON	nòó
Penange	PERSON	ntá
PergeTegu	PERSON	íné+r.∼ú
TebulUre	PERSON	ɲě
Tiranige	PERSON	n.dà.à
TogoKan	PERSON	nǎ
TommoSoTongoTongo	PERSON	ndɛ́
TomoKanDiangassagou	PERSON	nèŋè
TomoKanSegue	PERSON	ɲɛ̀ʔ.~ɛ̀
ToroTegu	PERSON	nù+r.∼ú
ToroTegu	PERSON	nù+r.∼ú
ToroTegu	PERSON	nùnú.ùr.∼ú
YandaDom	PERSON	nò
YornoSo	PERSON	ìnɛ́
BankanTey	BOY	àr.∼à+jî+m
BenTey	BOY	àsùw.∼ɛ̀+jî+m
BenTey	BOY	àsùw.∼ɛ̀+jî+m
BenTey	BOY	àsùw.∼ɔ̀+jî+m
BenTey	BOY	àsùw.∼ɔ̀+jî+m
Bunoge	BOY	bé.é#nòlò+jè
DogulDomBendiely	BOY	èɡù#ánà
DogulDomKundialang	BOY	èɡ#ánà
DonnoSo	BOY	àn+nà+í.ì
DonnoSo	BOY	àn+nà+j
JamsayGourou	BOY	à+î+n
JamsayDouentza	BOY	àj.∼î+n
JamsayMondoro	BOY	àj.∼î+n
Mombo	BOY	wè.è#wáláj
BonduSoNajamba	BOY	èn.dè.è#ánè
Penange	BOY	wè.è#wálá
PergeTegu	BOY	àn+ì.í+r.∼ù
TebulUre	BOY	ár.∼á+jɛ̀
Tiranige	BOY	bè+báná+wè
TogoKan	BOY	àr.∼á+j~
TommoSoTongoTongo	BOY	àn+nà+j
TomoKanDiangassagou	BOY	ʔà.à~+ʔí.í~
TomoKanSegue	BOY	ʔà.à~+ʔìw.∼
YandaDom	BOY	ènè+án
BankanTey	GIRL	jà.à+jî+m
BenTey	GIRL	jà.à+jî+m
BenTey	GIRL	jà.à+jî+m
Bunoge	GIRL	bé.é#jɔ̀.ɔ̀+jɛ̀
DogulDomBendiely	GIRL	èɡù#jáá
DogulDomKundialang	GIRL	èɡì#jà.á
DonnoSo	GIRL	jà.à+nà+j
DonnoSo	GIRL	jà.à+nà+í.ì
JamsayGourou	GIRL	ɲɛ̌+jn
JamsayDouentza	GIRL	ɲɛ̀+în
JamsayMondoro	GIRL	ɲɛ̀+în
Mombo	GIRL	wè.èjà.áj
Mombo	GIRL	wè.èjà.áj
BonduSoNajamba	GIRL	èn.dè.è#jɛ̀.ɛ́
Penange	GIRL	wè.è#jɔ̀.ɔ̀
PergeTegu	GIRL	ɲǎ+j+nù
TebulUre	GIRL	ɛ̀dá+jɛ́
Tiranige	GIRL	bé+jé+wè
TogoKan	GIRL	ɲɛ̌+j~
TommoSoTongoTongo	GIRL	ì+jà+j
TomoKanDiangassagou	GIRL	ɲò.ò~+ʔí.í~
TomoKanSegue	GIRL	ɲɔ̀w.∼+ʔìw.∼
ToroTegu	GIRL	j.∼à+r.∼ì.ì+r.∼í.í
YandaDom	GIRL	èn+íjè
TogoKan	YOUNG MAN	àr.∼à+ì~#só.óró
TommoSoTongoTongo	YOUNG MAN	sàɡàrà+j
YornoSo	YOUNG MAN	ì.ì+sò.órò
BankanTey	YOUNG WOMAN	jàɡùrâ+m
BenTey	YOUNG WOMAN	jà+ɡùrɔ̂+m
DonnoSo	YOUNG WOMAN	ɡùlɔ́
JamsayDouentza	YOUNG WOMAN	ɲɛ̀+ìn#jà.à#súŋúr.∼í+n
BonduSoNajamba	YOUNG WOMAN	èn.dè#ɡùlá.à
TommoSoTongoTongo	YOUNG WOMAN	ì+jà+j#ɡùlɔ̌+j
ToroTegu	YOUNG WOMAN	jà+ɡùrɔ̌+n
YandaDom	YOUNG WOMAN	ɡùlɔ̀
YornoSo	YOUNG WOMAN	jà.à+ɡùlɔ̀+j
Ampari	MAN	ìn.dá#nàrà
Ampari	MAN	nàrá
BankanTey	MAN	ár.∼à+m
BenTey	MAN	ár.∼à+m
Bunoge	MAN	nólò
DogulDomBendiely	MAN	ánà
DogulDomBendiely	MAN	nòò#ánà
DogulDomKundialang	MAN	ánà
DonnoSo	MAN	án+ná
JamsayGourou	MAN	ǎ+n
JamsayDouentza	MAN	ǎ+n
JamsayMondoro	MAN	ǎ+n
Mombo	MAN	wálá
BonduSoNajamba	MAN	ánè
BonduSoNajamba	MAN	ánì
Penange	MAN	wálá
PergeTegu	MAN	ànú
TebulUre	MAN	ár.∼á
Tiranige	MAN	n.dà+báná
Tiranige	MAN	bànà
Tiranige	MAN	báná
TogoKan	MAN	àr~á
TommoSoTongoTongo	MAN	àn+ná
TomoKanDiangassagou	MAN	ʔà.à~
ToroTegu	MAN	à+nú
YandaDom	MAN	án
YornoSo	MAN	áj+nɛ́
BankanTey	OLD MAN	àr.∼à#pɛ̌+m
BenTey	OLD MAN	àr.∼à#pɛ̌+m
Bunoge	OLD MAN	nòló#kɛ̀mnɔ̀
DogulDomKundialang	OLD MAN	ànà#pǎj
DonnoSo	OLD MAN	ànná.á+nà
JamsayDouentza	OLD MAN	à+n#ɡǎ+n
Mombo	OLD MAN	wàlà#ká.ánù
BonduSoNajamba	OLD MAN	ànè#kún.dʒɛ́.ɛ́
Penange	OLD MAN	wàlà#ká.ámnɔ́
TebulUre	OLD MAN	àr.∼à+pɛ̀.ɛ́
Tiranige	OLD MAN	n.dà+bànà#kún.dʒú
TogoKan	OLD MAN	àr~à#ɡàrá
TommoSoTongoTongo	OLD MAN	àn+nà#pɛ̀.ɛ̀+nɛ́
TomoKanDiangassagou	OLD MAN	ʔà.à~#ɡàr.∼àw.∼
TomoKanSegue	OLD MAN	ʔà.à~#ɡàràw.∼
ToroTegu	OLD MAN	àn#pàj+nú
YandaDom	OLD MAN	àn#pɛ̀j
YornoSo	OLD MAN	àj+nɛ̀#pɛ̌j+nɛ́
Ampari	WOMAN	ìn.dá#jɔ̀.ɔ̀
Ampari	WOMAN	jɔ̀.ɔ́
BankanTey	WOMAN	jǎ+m
BenTey	WOMAN	jǎ+m
Bunoge	WOMAN	jɔ́
DogulDomBendiely	WOMAN	jáá
DogulDomBendiely	WOMAN	nòò#jáá
DogulDomKundialang	WOMAN	jà.á
DogulDomKundialang	WOMAN	jà.á+ɡ
DonnoSo	WOMAN	jà.à+ná
DonnoSo	WOMAN	jà.à+nà#pǎj
JamsayGourou	WOMAN	ɲɛ̌+n
JamsayDouentza	WOMAN	ɲɛ̌+n
JamsayMondoro	WOMAN	ɲɛ̌+n
Mombo	WOMAN	jɔ́.ɔ̀
BonduSoNajamba	WOMAN	jɛ̀.ɛ́
Penange	WOMAN	jɔ̀.ɔ̀
PergeTegu	WOMAN	ɲà+r.∼ú
TebulUre	WOMAN	jǎ
TiranigeBoui	WOMAN	n.dà+jé.é
TiranigeBoui	WOMAN	jé.é
TiranigeNingo	WOMAN	jé.é
TogoKan	WOMAN	ɲɛ̌
TommoSoTongoTongo	WOMAN	jàà+ná
ToroTegu	WOMAN	j.∼à+r.∼ú
ToroTegu	WOMAN	j.∼à+r.∼ú
YandaDom	WOMAN	jɛ̀
YornoSo	WOMAN	jà.á+r.∼á
BankanTey	OLD WOMAN	jà#pɛ̌+m
BenTey	OLD WOMAN	jà#pɛ̌+m
Bunoge	OLD WOMAN	jɔ́.ɔ́#kɛ̀mnɔ̀
DogulDomKundialang	OLD WOMAN	jà.à#pǎj
DonnoSo	OLD WOMAN	jànná.á+nà
JamsayDouentza	OLD WOMAN	ɲɛ̀+n#ɡǎ+n
Mombo	OLD WOMAN	jɔ̀.ɔ̀#ká.ánù
BonduSoNajamba	OLD WOMAN	jà+sílè
Penange	OLD WOMAN	jɔ̀.ɔ̀#ká.ámnɔ́
TebulUre	OLD WOMAN	jà+pɛ̀.ɛ́
Tiranige	OLD WOMAN	n.dà+jè.è#kún.dʒú
TogoKan	OLD WOMAN	jɛ̀#ná.á
TommoSoTongoTongo	OLD WOMAN	jàà+nà#pɛ̀.ɛ̀+nɛ́
TomoKanDiangassagou	OLD WOMAN	ɲò.ò~#ɡàr.∼àw.∼
TomoKanSegue	OLD WOMAN	ɲɔ̀w.∼#ɡàràw.∼
ToroTegu	OLD WOMAN	jà+pàj+nú
YandaDom	OLD WOMAN	jɛ̀#pɛ̀j
YornoSo	OLD WOMAN	jà+pɛ̌j+nɛ́
BankanTey	GROW	kújɛ́
BenTey	GROW	kújɔ́
DogulDomBendiely	GROW	tɔ̀jɛ́
JamsayDouentza	GROW	kɔ́.ɔ́
Mombo	GROW	kwɛ́.ɛ́
BonduSoNajamba	GROW	màŋ.ɡí
PergeTegu	GROW	màrá
TogoKan	GROW	kɔ́.ɔ́
TommoSoTongoTongo	GROW	tìmɛ́#jííbɛ́
ToroTegu	GROW	mɔ̀j.∼ɔ́
YandaDom	GROW	íbé
YornoSo	GROW	kɔ́.ɔ́
DogulDomKundialang	BE BORN	nàl+jé
BonduSoNajamba	BE BORN	nàlí+jɛ́
TommoSoTongoTongo	BE BORN	nàlí+jɛ́
YornoSo	BE BORN	nàr.∼+ɛ́.ɛ́
Ampari	KILL	ɡìjɛ̀
BankanTey	KILL	dʒɛ́
BenTey	KILL	dʒìjɛ́
Bunoge	KILL	ɡɛ́.ɛ́wɛ̀
DogulDomBendiely	KILL	ɡɛ̀wɛ́
DogulDomKundialang	KILL	ɡɛ̀wɛ́
DonnoSo	KILL	dà.á
JamsayGourou	KILL	wɔ̀.ɔ́
JamsayDouentza	KILL	wɔ̀.ɔ́
JamsayMondoro	KILL	wɔ̀.ɔ́
Mombo	KILL	ɡjɛ́.ɛ́
BonduSoNajamba	KILL	dʒìjɛ́
Penange	KILL	ɡíjɛ́
PergeTegu	KILL	wɔ̀.ɔ́
TebulUre	KILL	dʒɛ̌
Tiranige	KILL	dʒɛ́jɔ́
TogoKan	KILL	dàr.∼á
TommoSoTongoTongo	KILL	dàá
TomoKanDiangassagou	KILL	dɛ̀lɛ̀
TomoKanSegue	KILL	dɛ̀lɛ̀
ToroTegu	KILL	wɔ̀.ɔ́
YandaDom	KILL	dʒɛ́
YornoSo	KILL	dà.á
BankanTey	CORPSE	tíwɛ́+m
BenTey	CORPSE	tìwɛ́
Bunoge	CORPSE	dò.òwà
DogulDomBendiely	CORPSE	tìbìɡí
DogulDomKundialang	CORPSE	tìbù+ɡú
DonnoSo	CORPSE	jìmú
JamsayDouentza	CORPSE	nùw.∼ó
Mombo	CORPSE	ndà#dwɛ́
BonduSoNajamba	CORPSE	nò.ò#tíbɛ́.ɛ́
PergeTegu	CORPSE	nùw.∼ó
TebulUre	CORPSE	tìbá.á
TommoSoTongoTongo	CORPSE	jì+mú
TomoKanSegue	CORPSE	nùmù
ToroTegu	CORPSE	nù+n#núw.∼ó
YandaDom	CORPSE	tìbɛ̀
YornoSo	CORPSE	jǐm
BankanTey	BURY	bèsí
BenTey	BURY	bɛ̀sí
Bunoge	BURY	díŋ.ɡè
DogulDomKundialang	BURY	bìsé
DonnoSo	BURY	bìɡé
JamsayGourou	BURY	bèsá
JamsayDouentza	BURY	bɔ̀.ɔ́
Mombo	BURY	díŋ.ɡé
BonduSoNajamba	BURY	bèdʒè
Penange	BURY	díŋ.ɡé
PergeTegu	BURY	bìj.∼ɛ́
TebulUre	BURY	tʃɛ́n.dí
Tiranige	BURY	bédʒó
TogoKan	BURY	bìjɛ́
TommoSoTongoTongo	BURY	bòdó
TomoKanDiangassagou	BURY	bì.ìrì
TomoKanSegue	BURY	bì.ìrì
ToroTegu	BURY	bìwá
YandaDom	BURY	bèzé
YornoSo	BURY	bòdʒó
BonduSoNajamba	GRAVE	bǐj+n
TommoSoTongoTongo	GRAVE	jì+m#ndʒó
BenTey	GRIEF	tʃɛ̀lɛ̀+jɔ̀.ɔ́
JamsayDouentza	GRIEF	tʃɛ̀nɛ̀+ɛ́.ɛ́.∼
BonduSoNajamba	GRIEF	kèn.dà.à#ɲàmín
TogoKan	GRIEF	kɛ̀nɛ̀+kɔ̌.∼
TommoSoTongoTongo	GRIEF	kì+n+dɛ̀#párɛ́
ToroTegu	GRIEF	tʃɛ̀là+jí
YornoSo	GRIEF	kà.àlí.ì
BankanTey	GHOST	kín.dè
BenTey	GHOST	nǔ+m#tʃílè.è
Bunoge	GHOST	kìn.dò+bè
JamsayDouentza	GHOST	ìnè+tʃìné
Mombo	GHOST	dwɛ́.ɛ̀
BonduSoNajamba	GHOST	nò.ó#kìn.dò+kìn.dò.ò
PergeTegu	GHOST	kìlé
TebulUre	GHOST	kì+kìn.dé
TogoKan	GHOST	nà+kìné
TommoSoTongoTongo	GHOST	kí#kí+n+dé
ToroTegu	GHOST	nǔj.∼#tʃìlò
YornoSo	GHOST	kì+kǐn
BankanTey	SOUL	kín.dè
BenTey	SOUL	jóŋkù
DogulDomBendiely	SOUL	nínnù
DogulDomKundialang	SOUL	jóŋkù
DonnoSo	SOUL	kìn.dù+kín.dù
JamsayDouentza	SOUL	jóŋkì
Mombo	SOUL	ɲáŋ.ɡù
BonduSoNajamba	SOUL	kín.dʒàn
Penange	SOUL	ɲàŋ.ɡù
PergeTegu	SOUL	jóŋkù
Tiranige	SOUL	ɲàŋ.ɡò
TogoKan	SOUL	kìné
TommoSoTongoTongo	SOUL	kí#kí+n+dé
ToroTegu	SOUL	tʃír.∼ú
YandaDom	SOUL	tʃìnzà
YornoSo	SOUL	kín
BankanTey	WIDOW	àwrà+jǎ+m
BenTey	WIDOW	jà#pàlú+m
Bunoge	WIDOW	jɔ́.ɔ́#pàn.dò+ɡà
DogulDomKundialang	WIDOW	jà.à#pàn.dé
DonnoSo	WIDOW	jà.à#pàn.dì+nɛ́
JamsayGourou	WIDOW	jà.à+pǎn
JamsayDouentza	WIDOW	jɛ̀+pàní+n
Mombo	WIDOW	jɔ̀.ɔ̀#pán.dè
BonduSoNajamba	WIDOW	jà+pàn.dé
PergeTegu	WIDOW	jà+pàlú+n
TebulUre	WIDOW	jà#pàn.dɛ̀.ɛ́
TommoSoTongoTongo	WIDOW	jàà#pà+n+dé
TomoKanDiangassagou	WIDOW	jà#pàn.dù
TomoKanSegue	WIDOW	jà.à#pàn.dù
ToroTegu	WIDOW	jà+kúmnó
YandaDom	WIDOW	jɛ̀#pàn.dè
YornoSo	WIDOW	jà#pǎn+nɛ́
BankanTey	WIDOWER	àwrà+ár.∼à+m
BenTey	WIDOWER	àr.∼à#pàlú+mpàlú
JamsayGourou	WIDOWER	pǎn
JamsayDouentza	WIDOWER	à+n#pán+dá.à+n
BonduSoNajamba	WIDOWER	ànà+pàn.dé
PergeTegu	WIDOWER	à+nù#pǎl#dáŋ.ɡà+n
TommoSoTongoTongo	WIDOWER	ànà#pà+n+dé
ToroTegu	WIDOWER	àrà+kúmnó
YandaDom	WIDOWER	àn#pàn.dè
YornoSo	WIDOWER	àr.∼à#pǎn+nɛ́
BankanTey	ORPHAN	nàr.∼ìj.∼ɛ̂+m
BenTey	ORPHAN	là.àwà+ɡú+m
Bunoge	ORPHAN	nín.dʒó+bè
DogulDomBendiely	ORPHAN	ábíjɛ̀
DogulDomKundialang	ORPHAN	àbìjɛ́
DonnoSo	ORPHAN	àbɛ̀.ɛ̀ɡí+nɛ̀
JamsayDouentza	ORPHAN	là.àwà+ɡí+n
Mombo	ORPHAN	àbàbà#wé.é
BonduSoNajamba	ORPHAN	àdʒàbàlé
Penange	ORPHAN	átí.ímɛ̀
PergeTegu	ORPHAN	là.àwà+ɡú+nú
TebulUre	ORPHAN	àbɛ́
TogoKan	ORPHAN	tɔ̀ɲú
TommoSoTongoTongo	ORPHAN	àbìjɛ̀+nɛ́
TomoKanDiangassagou	ORPHAN	ʔì.ì~#tòn.dʒú.ú~
TomoKanSegue	ORPHAN	ʔì.ì~#tɔ̀.∼dʒú~
ToroTegu	ORPHAN	àtí.ímè
YandaDom	ORPHAN	ènè#ɔ̀bìjɛ̀
YornoSo	ORPHAN	àbɛ̀.ɛ́
BankanTey	BODY	dʒèsù#ɡùsú
BenTey	BODY	ɡèsú
Bunoge	BODY	wénámà
DogulDomBendiely	BODY	ɡòzòɡó
DogulDomKundialang	BODY	ɡòsɡó
DonnoSo	BODY	ɡòdú
JamsayGourou	BODY	ɡèsú
JamsayDouentza	BODY	dʒèdʒú
JamsayMondoro	BODY	dʒèdʒú
Mombo	BODY	wódʒì
BonduSoNajamba	BODY	ɡòdʒí+ŋ.ɡé
Penange	BODY	wènàmà
PergeTegu	BODY	ɡèsú
TebulUre	BODY	ɡòdù+ɡó
Tiranige	BODY	ɡó.ó~
TogoKan	BODY	ɡìjé
TommoSoTongoTongo	BODY	ɡòdú
TomoKanDiangassagou	BODY	dʒè.è
ToroTegu	BODY	dʒèsù+ɡùsú
YandaDom	BODY	ɡòzù
YornoSo	BODY	ɡòdʒú
Ampari	SKIN	ɡùdʒú
BankanTey	SKIN	ɡùsú
BenTey	SKIN	ɡùsú
Bunoge	SKIN	ɡwí
DogulDomBendiely	SKIN	ɡúzúɡú
DogulDomKundialang	SKIN	ɡùsɡú
DonnoSo	SKIN	ɡùdú
JamsayGourou	SKIN	ɡùsú
JamsayDouentza	SKIN	ɡùdʒú
JamsayMondoro	SKIN	ɡùdʒú
Mombo	SKIN	ɡúdʒù
BonduSoNajamba	SKIN	ɡùdʒú
Penange	SKIN	ɡùdʒù
PergeTegu	SKIN	ɡùsú
TebulUre	SKIN	ɡùdùɡó
TiranigeBoui	SKIN	ɡwí.í
TogoKan	SKIN	ɡùdʒú
TommoSoTongoTongo	SKIN	ɡùdú
TomoKanDiangassagou	SKIN	ɡù.ù
TomoKanSegue	SKIN	dʒè.è+ɡù
ToroTegu	SKIN	ɡùsú
YandaDom	SKIN	ɡùzù
YornoSo	SKIN	ɡùdʒú
BankanTey	FLESH	nàmá.à
BenTey	FLESH	nàw.∼à.à#bàr.∼â+j.∼
JamsayDouentza	FLESH	dʒèdʒù#nɔ̀w.∼ɔ́
Mombo	FLESH	ndá#námá
BonduSoNajamba	FLESH	ɡòdʒì+nàmá.à
PergeTegu	FLESH	ɡèsù+nàw.∼á
TebulUre	FLESH	nàmá
TogoKan	FLESH	nɔ̀w.∼ɔ̀+dʒá~
TommoSoTongoTongo	FLESH	nàmà#bún+dʒɔ́
TomoKanSegue	FLESH	dʒè.è+nàmà
ToroTegu	FLESH	nà.à#búŋúnò
YandaDom	FLESH	ɡòzù+nàmà
YornoSo	FLESH	ɡòdʒù+nàw.∼á
Ampari	BLOOD	àɡà
BankanTey	BLOOD	ɡòŋ.ɡòró
BenTey	BLOOD	ɡòŋ.ɡòró
Bunoge	BLOOD	bàbà
DogulDomBendiely	BLOOD	ɡìŋɛ̀nɛ́
DogulDomKundialang	BLOOD	ɡèŋné
DonnoSo	BLOOD	ní.ì
JamsayGourou	BLOOD	nɛ̂j.∼
JamsayDouentza	BLOOD	nɛ̂j.∼
JamsayMondoro	BLOOD	nɛ̂j.∼
Mombo	BLOOD	ɡè.èŋ.ɡé
BonduSoNajamba	BLOOD	ɡěn+ɡé
Penange	BLOOD	bàɡà
PergeTegu	BLOOD	nɛ̂m
TebulUre	BLOOD	dʒèn.dʒé
TiranigeBoui	BLOOD	dʒé.éŋ.ɡé
TogoKan	BLOOD	nɛ́
TommoSoTongoTongo	BLOOD	ìlì+jé
TomoKanDiangassagou	BLOOD	ní.í
TomoKanSegue	BLOOD	ɲí.í
ToroTegu	BLOOD	néŋ
YandaDom	BLOOD	dʒèn.dʒù
YornoSo	BLOOD	ìllí.ì
BankanTey	BRAIN	nɔ̀.ɔ̀ní.ì
BenTey	BRAIN	kù.ù+bɔ̀ní.ì
Bunoge	BRAIN	búɡè
DogulDomBendiely	BRAIN	bɔ́n.dù
DogulDomKundialang	BRAIN	bɔ́n.dù
DonnoSo	BRAIN	bɔ́n.dù
JamsayGourou	BRAIN	kù.ù~#sè.èbɔ́nùm
JamsayDouentza	BRAIN	kù~+bɔ́.ɔ́nùm
Mombo	BRAIN	bóɡè
BonduSoNajamba	BRAIN	kí.ì#nò.òn.dì.ì
Penange	BRAIN	kò.ò+bòɡóljè#nú.ù
PergeTegu	BRAIN	kù.ù+bòní.ì
TebulUre	BRAIN	bɔ́n.dú
TogoKan	BRAIN	sìjè+bɔ́.ɔ́nɔ́
TommoSoTongoTongo	BRAIN	dànà#bɔ́+n+dú
TomoKanDiangassagou	BRAIN	swè.è+bùn.dɛ́.∼
TomoKanSegue	BRAIN	swè.è+bùn.dɛ́
ToroTegu	BRAIN	lòlí
YandaDom	BRAIN	bɔ̀n.dúm
YornoSo	BRAIN	kú.ú+bɔ́nɔ̀
BankanTey	WAIST	dò.ò+nàr.∼âj
BenTey	WAIST	nàr.∼í.ì
Mombo	WAIST	kíbá
BonduSoNajamba	WAIST	bɛ̀rɛ̀+bɛ̀rɔ́.ɔ̀
TommoSoTongoTongo	WAIST	dʒé+dʒéw
ToroTegu	WAIST	zɛ̀lá
YornoSo	WAIST	nǎn
BankanTey	NAVEL	kón
BenTey	NAVEL	bɔ̀ŋ.ɡɔ́
Bunoge	NAVEL	bɔ́ŋ.ɡɛ́lɛ̀
DogulDomBendiely	NAVEL	bɔ́ŋ.ɡɔ̀
DogulDomKundialang	NAVEL	bɔ̀ŋ.ɡɔ́
DonnoSo	NAVEL	bɔ̀ŋ.ɡ+í.ì
JamsayGourou	NAVEL	kón
JamsayDouentza	NAVEL	kón
JamsayMondoro	NAVEL	kón
Mombo	NAVEL	bòŋ.ɡèlé
BonduSoNajamba	NAVEL	bɔ́ŋ.ɡɔ̀.ɔ̀
Penange	NAVEL	bɔ̀ŋ.ɡɔ̀
PergeTegu	NAVEL	bɔ̀ŋ.ɡɔ́
TebulUre	NAVEL	bɔ̀ŋ.ɡɔ́
TiranigeBoui	NAVEL	bɔ̀ŋ.ɡùlɔ̀
TogoKan	NAVEL	bɔ̀ɡú
TommoSoTongoTongo	NAVEL	bɔ̀+ŋ+ɡɔ̀+j
TomoKanDiangassagou	NAVEL	bɔ̀ɡí.í~
TomoKanSegue	NAVEL	kù.ù+kwɛ̀ʔɛ̀.∼
ToroTegu	NAVEL	kórú
YandaDom	NAVEL	bɔ̀ŋɔ̀
YornoSo	NAVEL	bɔ̀ɡì+j
BankanTey	CHEST	ɡèn.dèkú.ù
BenTey	CHEST	dʒɛ̀lɛ̀+kú.ù
Bunoge	CHEST	bɛ́m.bɔ̀
DogulDomBendiely	CHEST	ɡɛ̀ɲúŋ
DogulDomKundialang	CHEST	ɡèɲú+ŋ
DonnoSo	CHEST	dʒèɲɲé
JamsayGourou	CHEST	ɡɔ̀ŋɔ́
JamsayDouentza	CHEST	ɡɔ̀ŋɔ́
Mombo	CHEST	ɡɔ́.ɔ̀.∼
BonduSoNajamba	CHEST	pɛ́lɛ̀+ŋ.ɡè
Penange	CHEST	ɡɔ̀.ɔ̀.∼
PergeTegu	CHEST	ɡɔ̀w.∼ɔ́
TebulUre	CHEST	ɡwá.á~
Tiranige	CHEST	bém.bé
TommoSoTongoTongo	CHEST	ɡèɲ+ɲú
TomoKanSegue	CHEST	ɡɔ́ʔ.~ɔ́
ToroTegu	CHEST	tʃɛ̀lkú
YandaDom	CHEST	dʒèɲù
YornoSo	CHEST	ɡɔ̀.ɔ́.∼
Ampari	BREAST	èsè
BankanTey	BREAST	úrù
BenTey	BREAST	írù
Bunoge	BREAST	ʔódʒdʒè
DogulDomBendiely	BREAST	ɲdʒù
DogulDomKundialang	BREAST	ún.dʒù+ŋ
DonnoSo	BREAST	írù
JamsayGourou	BREAST	írù
JamsayDouentza	BREAST	írù
Mombo	BREAST	óɡjé
BonduSoNajamba	BREAST	ón.dʒù.ù
Penange	BREAST	édʒdʒé
PergeTegu	BREAST	ɛ̂m
TebulUre	BREAST	ɛ́mnɛ́
Tiranige	BREAST	ùn.dʒìɡè
TogoKan	BREAST	írí
TommoSoTongoTongo	BREAST	írú
TomoKanDiangassagou	BREAST	ìrí.í
TomoKanSegue	BREAST	ʔìrí
ToroTegu	BREAST	írù
YandaDom	BREAST	ɛ́mɛ́
YornoSo	BREAST	írù
BankanTey	NIPPLE	ùrù+m.bù.ú
BenTey	NIPPLE	ìrì+mbò.ó
JamsayDouentza	NIPPLE	ìrù+ká.á
Mombo	NIPPLE	óɡjé
BonduSoNajamba	NIPPLE	òn.dʒù.ù+ìbí
PergeTegu	NIPPLE	ɛ̀m+ká.á
TogoKan	NIPPLE	ìrì+ká~
TommoSoTongoTongo	NIPPLE	ìrù#kúú
ToroTegu	NIPPLE	írù#kà
YandaDom	NIPPLE	ɛ̀mɛ̀+tʃɛ́nɛ́
YornoSo	NIPPLE	ìrù+kɛ̀nɛ́
BankanTey	BACK	tùn.dú
BenTey	BACK	tùlù+kɛ́lɛ̀
Bunoge	BACK	pùm.bù
DogulDomBendiely	BACK	ndóŋ
DogulDomKundialang	BACK	ndɔ́+ŋ
DonnoSo	BACK	ùnnú
JamsayGourou	BACK	ɡùn#kɛ́nɛ́
JamsayDouentza	BACK	ɡǔn
JamsayMondoro	BACK	ɡùn+tʃɛ́nɛ́
Mombo	BACK	tún.dú
BonduSoNajamba	BACK	bàn.dí+ŋ.ɡé
Penange	BACK	tún.dú
PergeTegu	BACK	tùr+kɛ́lɛ́
TebulUre	BACK	kún.dúɡó
Tiranige	BACK	túnú
TogoKan	BACK	dòɡò+kɛ́nɛ́
TommoSoTongoTongo	BACK	òn+nú
TomoKanDiangassagou	BACK	dòɡòlò
TomoKanSegue	BACK	dùɡòlò
ToroTegu	BACK	tùŋɔ́
YandaDom	BACK	tùnù
YornoSo	BACK	ònɔ́
BankanTey	BUTTOCKS	bù.ù+tùm.bâj
BenTey	BUTTOCKS	bìn+tùmɔ̂j.∼
Bunoge	BUTTOCKS	búɡún.dè
DogulDomBendiely	BUTTOCKS	dùmkák
DogulDomKundialang	BUTTOCKS	dùmkák
DonnoSo	BUTTOCKS	làrù#kábùdù
JamsayGourou	BUTTOCKS	bɔ̀+túmó
JamsayDouentza	BUTTOCKS	bɔ̀+túmó
Mombo	BUTTOCKS	sùkùn.dù#táŋ.ɡù
BonduSoNajamba	BUTTOCKS	pùrm.bà.á
Penange	BUTTOCKS	súkún.dè
PergeTegu	BUTTOCKS	là+túm.bɔ́
TebulUre	BUTTOCKS	dùm.bò+nàmá
Tiranige	BUTTOCKS	dùŋɔ́#pùn.dʒɛ́
TogoKan	BUTTOCKS	bɔ̀rɔ́
TommoSoTongoTongo	BUTTOCKS	dùmmɔ̀#bàn.dʒá
TomoKanDiangassagou	BUTTOCKS	bòlò
TomoKanSegue	BUTTOCKS	bòlò
ToroTegu	BUTTOCKS	pùr+tʃɛ̀tá
YandaDom	BUTTOCKS	dùmò+zɔ́zɔ́rɔ́
YornoSo	BUTTOCKS	dúmɔ́
BankanTey	HIP	dò.ó
BenTey	HIP	dò.ó
Bunoge	HIP	kìbà
DogulDomKundialang	HIP	péŋ
DonnoSo	HIP	dǒŋ
JamsayGourou	HIP	dɔ̌j.∼
JamsayDouentza	HIP	dɔ̌j.∼
JamsayMondoro	HIP	dɔ̌j.∼
Mombo	HIP	péŋ.ɡélí
BonduSoNajamba	HIP	tínì.ì+ŋ.ɡò
Penange	HIP	kíbá
PergeTegu	HIP	dɛ̀.ɛ́.∼
TebulUre	HIP	dáŋ.ɡá.á
Tiranige	HIP	dé.éŋ.ɡé
TogoKan	HIP	dǐ~
TommoSoTongoTongo	HIP	kéú
TomoKanDiangassagou	HIP	dʒì.ì~
TomoKanSegue	HIP	dʒù~
ToroTegu	HIP	péŋó
YandaDom	HIP	dàj
YornoSo	HIP	dǒm
Ampari	BONE	ɡà.àwá
BankanTey	BONE	kìr.∼ěj
BenTey	BONE	tʃìr.∼ɛ̌j.∼
Bunoge	BONE	ɡá.ájè
DogulDomBendiely	BONE	kɛ́nɛ́
DogulDomKundialang	BONE	kɛ̀nɛ́+ŋ
DonnoSo	BONE	kè.é
JamsayGourou	BONE	kìr.∼é
JamsayDouentza	BONE	tʃìr.∼é
JamsayMondoro	BONE	tʃìr.∼é
Mombo	BONE	ɡà.àw.∼è.é
BonduSoNajamba	BONE	kìná+ŋ.ɡó
Penange	BONE	ɡɔ̀.ɔ̀ɡɛ̀
PergeTegu	BONE	kìr.∼é
TebulUre	BONE	tʃìnà.á
Tiranige	BONE	tʃíní
TogoKan	BONE	kìr.∼í
TommoSoTongoTongo	BONE	kì+jé
TomoKanDiangassagou	BONE	tʃìlɛ̀
TomoKanSegue	BONE	tʃìlɛ̀
ToroTegu	BONE	tʃìrá
YandaDom	BONE	kìr.∼à
YornoSo	BONE	kì.í
BankanTey	SKULL	kù.ù#tòkòtórò
BenTey	SKULL	kù.ù+tʃìr.∼ɛ̌j.∼
DogulDomBendiely	SKULL	dɔ̀nnɔ́
JamsayDouentza	SKULL	kù.ù~+sóɡó+tóró
Mombo	SKULL	kò.ò#ɡá.áwè
BonduSoNajamba	SKULL	dànà+kìná+ŋ.ɡó
Penange	SKULL	kò.ò+bòɡóljè
PergeTegu	SKULL	kù.ù+kìr.∼é
TogoKan	SKULL	kù~+kìr.∼í
TommoSoTongoTongo	SKULL	kùù#tóɡó+ró
TomoKanDiangassagou	SKULL	ɡòlò+tòɡòrò
TomoKanSegue	SKULL	ɡòn.dò+tókóró
ToroTegu	SKULL	kù+kàsú
YandaDom	SKULL	tóɡóró
YornoSo	SKULL	kù.ù+dóɡóró
BankanTey	SPINE	tùn.dù+ɡòrù#kìr.∼ěj.∼
BenTey	SPINE	sɔ̀ŋɔ́r.∼ɔ̀j.∼
Bunoge	SPINE	pùm.bù#ɡá.ájè
DogulDomKundialang	SPINE	ndɔ̀+ŋ#kɛ́nɛ̀+ŋ
DonnoSo	SPINE	ùnnù+ɡòlònnó
JamsayGourou	SPINE	ɡùn#kɛ̀nɛ̀#ɡòrú
JamsayDouentza	SPINE	sɔ̀ŋɔ́r.∼ɔ̀
Mombo	SPINE	tùn.dù#bìlàŋ.ɡà#ɡá.áw.∼è
BonduSoNajamba	SPINE	bàn.dì+kìná+ŋ.ɡó
Penange	SPINE	tún.dú#bílá.áŋ.ɡà
PergeTegu	SPINE	tùr+kɛ̀lɛ̀+kìr.∼é
TebulUre	SPINE	sɔ̀ŋɔ́.ɔ́
TogoKan	SPINE	dòɡò+kɛ̀nɛ̀+kìr.∼í
TommoSoTongoTongo	SPINE	òn+nù#kì+jé
TomoKanDiangassagou	SPINE	dòɡòlò+tʃìlɛ̀
TomoKanSegue	SPINE	dùɡòlò+wɔ̀n.dɔ̀lɔ́
ToroTegu	SPINE	tùŋɔ́#pòlèj
YandaDom	SPINE	sɔ̀ŋɔ́r.∼ɔ̀
YornoSo	SPINE	ònò+kínɛ́#kì.ì
BankanTey	COLLARBONE	lòkòlàkà#kìr.∼ěj.∼
BenTey	COLLARBONE	kɔ̀rɔ̀+tʃìr.∼ɛ̌j.∼
JamsayDouentza	COLLARBONE	tì+tɔ̀wɔ̀+tʃè.èrú
Mombo	COLLARBONE	sɔ́lɔ̀#sí#páŋ.ɡà#ɡá.áw.∼è
BonduSoNajamba	COLLARBONE	ɡèn.dʒèɡèn.dʒé.è#kìnà#bìní.í
TommoSoTongoTongo	COLLARBONE	kàŋ.ɡàm#kì+jé
ToroTegu	COLLARBONE	wòwòrěj
YandaDom	COLLARBONE	ànzùkwà.à#tʃír.∼á
BankanTey	JAW	àn.dì.ì#tʃìr.∼ěj.∼
BenTey	JAW	áŋ.ɡí
Bunoge	JAW	ŋá.á+ŋà.à
DogulDomBendiely	JAW	áŋá
DogulDomKundialang	JAW	àŋ.ɡá.á
DonnoSo	JAW	áŋà
JamsayGourou	JAW	ɛ̀w.∼ɛ̀#kɛ̀nɛ́
JamsayDouentza	JAW	ɛ̀w.∼ɛ́
Mombo	JAW	áw.∼à
BonduSoNajamba	JAW	dʒàdʒàɡá.à
Penange	JAW	áɡálá
PergeTegu	JAW	áŋú
TebulUre	JAW	àŋ.ɡà.á
Tiranige	JAW	áná
TogoKan	JAW	ɛ̀w.∼ɛ́
TommoSoTongoTongo	JAW	àŋ.ɡàà#dúú
TomoKanDiangassagou	JAW	jàmàn.dù+tʃìlɛ̀
TomoKanSegue	JAW	ʔjàmàn.dú
ToroTegu	JAW	kà+pèŋ.ɡùró
YandaDom	JAW	àŋ.ɡà
YornoSo	JAW	àŋ.ɡà.á~
BankanTey	SHOULDERBLADE	ɡùwà+kó.óròj
BenTey	SHOULDERBLADE	tì+tɔ̀w+tʃìr.∼ɛ̌j.∼
JamsayDouentza	SHOULDERBLADE	tì+tɔ̀wɔ̀+tʃìr.∼é
Mombo	SHOULDERBLADE	ɡùbà#bám.bá#ɡá.áwè
BonduSoNajamba	SHOULDERBLADE	pápàrà.à
TebulUre	SHOULDERBLADE	ɡùbà+pɛ́+pɛ́n.dɛ́
TogoKan	SHOULDERBLADE	tíɡí+tàɡù
TommoSoTongoTongo	SHOULDERBLADE	pɛ́+pɛ̂w
ToroTegu	SHOULDERBLADE	lɔ̀+pòt+ěj
YandaDom	SHOULDERBLADE	ɡùbà+tʃɛ́tʃɛ̀bɔ̀
YornoSo	SHOULDERBLADE	tí+tábú#kì.ì
BankanTey	RIB	ɡìm.bèrè#kìr.∼ěj.∼
BenTey	RIB	dʒɛ̀lɛ̀+kù.ù+tʃìr.∼ɛ̌j.∼
Bunoge	RIB	sɛ̀ŋ.ɡɛ́+bè
DogulDomKundialang	RIB	jɛ́lɔ̀.ɔ̀#kɛ̀nɛ̀+ŋ
DonnoSo	RIB	jɛ́lɛ̀
JamsayDouentza	RIB	ɡɔ̀ŋɔ̀+tʃìr.∼é
Mombo	RIB	sè.èwé
BonduSoNajamba	RIB	pɛ̀lɛ̀+kìná+ŋ.ɡó
Penange	RIB	sɛ̀.ɛ̀j.∼
PergeTegu	RIB	ɡɔ̀w.∼ɔ̀+kìr.∼é
TebulUre	RIB	ɡwà.à~+tʃìnà.á
Tiranige	RIB	ɛ́.ɛ́lɛ́#sèŋ.ɡé
TogoKan	RIB	ɡɔ̀ŋɔ̀+kìr.∼í
TommoSoTongoTongo	RIB	ɡì+ɡì+jè#tà+n+nàà+j
TomoKanDiangassagou	RIB	ɡáláɡá
TomoKanSegue	RIB	ɡù+ʔìn.dʒè+tʃílɛ́
ToroTegu	RIB	dʒímrò
YandaDom	RIB	dʒèɲù+kìr.∼à
YornoSo	RIB	ɡɔ̀.ɔ̀.∼+kì.í
Ampari	LIVER	kè+n+dà
BankanTey	LIVER	kɛ́+n+dɛ̀
BenTey	LIVER	tʃɛ́lɛ̀
Bunoge	LIVER	kì+n+dà
DogulDomBendiely	LIVER	kí+n+dà
DogulDomKundialang	LIVER	kí+n.dà.à
DonnoSo	LIVER	kì+n.dɛ̀#ɡɛ̂ŋ
JamsayGourou	LIVER	kɛ́+nɛ̀
JamsayDouentza	LIVER	tʃɛ́+nɛ̀
JamsayMondoro	LIVER	tʃɛ́+nɛ̀
Mombo	LIVER	kí+n+dá
BonduSoNajamba	LIVER	ké+n+dà.à
Penange	LIVER	kì+n+dà
PergeTegu	LIVER	kɛ́lɛ̀
TebulUre	LIVER	tʃɛ́+n+dɛ́
TiranigeBoui	LIVER	tʃìn.dà
TogoKan	LIVER	kɛ́+nɛ́
TomoKanDiangassagou	LIVER	tʃá+n+dá+lá
TomoKanSegue	LIVER	tʃá+n+dá+lá
ToroTegu	LIVER	tʃɛ́lá
YandaDom	LIVER	tʃí+n+dá
YornoSo	LIVER	kí+n+ɛ́
Ampari	HEART	dòw.∼+sèm.bè
BankanTey	HEART	kɛ̀+n+dɛ̀#dúwà
BenTey	HEART	tʃɛ̀lɛ̀+jí.ì
Bunoge	HEART	dòŋ.ɡò+bè
DogulDomBendiely	HEART	kì+ɲ+dʒɔ́#dònnɛ́
DogulDomKundialang	HEART	kì+n+dʒɔ̀+dòné.é
DonnoSo	HEART	kí+n+dɛ̀
JamsayGourou	HEART	kɛ̀+nɛ̀#í.ì~
JamsayDouentza	HEART	tʃɛ́+nɛ̀
Mombo	HEART	dóŋ.ɡósí
BonduSoNajamba	HEART	kè+n+dà.à#sósòrò.ò
Penange	HEART	dòŋ.ɡò+sé.è
PergeTegu	HEART	kɛ̀lɛ̀+í.ì~
TebulUre	HEART	tʃɛ̀+n+dɛ̀+dùɡájɛ́
Tiranige	HEART	dòŋ.ɡò+sè.é
TogoKan	HEART	kɛ̀+nɛ̀+dʒóɡó
TommoSoTongoTongo	HEART	kì+n+dɛ̀#dúɡɔ́
TomoKanDiangassagou	HEART	tʃɛ̀+nɛ̀+nɛ̀j.∼
TomoKanSegue	HEART	só~
ToroTegu	HEART	tʃɛ̀+là+tóŋó
YandaDom	HEART	tʃì+n+dà+àn.dònò
YandaDom	HEART	tʃì+n+dà#dùɡá
YornoSo	HEART	lòŋ.ɡá
BankanTey	LUNG	pùsù+pàsá
BenTey	LUNG	pù.ùsù+pà.àsá
Bunoge	LUNG	pùsù+pùsú
DogulDomBendiely	LUNG	búsbàs
DogulDomKundialang	LUNG	búsbà.às
DonnoSo	LUNG	kìn.dɛ̀+sóɡù
JamsayGourou	LUNG	pù.ùzùpà.àzú
JamsayDouentza	LUNG	pù.ùdʒú+pà.àdʒú
JamsayMondoro	LUNG	pùdʒú+pàdʒú
Mombo	LUNG	pùdʒù+pádʒù
BonduSoNajamba	LUNG	búbùdʒú.ù
Penange	LUNG	pùɡùdʒá~+pùɡùdʒá~
PergeTegu	LUNG	pù.ùsù+pà.àsá
TebulUre	LUNG	pùdù+pá.ádù
TiranigeBoui	LUNG	àlpús
TogoKan	LUNG	pú.údʒù+pá.ádʒù
TommoSoTongoTongo	LUNG	kì+n+dɛ̀#bùú+dú+bàà+dù
TomoKanDiangassagou	LUNG	fùdʒìhà.àdʒí
TomoKanSegue	LUNG	h.wùh.wù+ʔùdʒá
ToroTegu	LUNG	kùpà.à~sú
YandaDom	LUNG	pú.úzù+pá.ázù
YornoSo	LUNG	bù.údʒù+bà.àdʒù
BankanTey	SPLEEN	kɛ̀n.dɛ̀+pàr.∼â
BenTey	SPLEEN	kɛ̀lɛ̀+pà.álàj
Bunoge	SPLEEN	nàmmɛ̀
DogulDomBendiely	SPLEEN	dáámòl
DogulDomKundialang	SPLEEN	dá.ámòl
DonnoSo	SPLEEN	kìn.dɛ̀+búdù+bàdù
JamsayDouentza	SPLEEN	tʃɛ̀nɛ̀#pà.álàm
Mombo	SPLEEN	nà.àɡà#kín.dá
BonduSoNajamba	SPLEEN	kèn.dà.à#nánàɡà.à
Penange	SPLEEN	dʒàŋ.ɡà+nɛ́mdɛ̀
PergeTegu	SPLEEN	kɛ̀lɛ̀#pà.álà
TebulUre	SPLEEN	kɛ̀n.dɛ̀+pàrá
TogoKan	SPLEEN	kɛ̀nɛ̀+làlàɡá
TommoSoTongoTongo	SPLEEN	kì+n+dɛ̀#pàà+ràá
TomoKanDiangassagou	SPLEEN	bòlì.ì~+tʃán.dálá
TomoKanSegue	SPLEEN	bèlè~+tʃán.dálá
ToroTegu	SPLEEN	tʃɛ́lá+mpárèj
YandaDom	SPLEEN	tʃìn.dà+bàrá
YornoSo	SPLEEN	kìnɛ̀#ɡù+ɡǔj.∼+nɛ́
BankanTey	STOMACH	pìrè+kɔ̀rɔ̀#díj.∼àw.∼
BenTey	STOMACH	bìn.dʒírì
Bunoge	STOMACH	píní+pìnì
DogulDomBendiely	STOMACH	bìn.dú
DogulDomKundialang	STOMACH	bìn.dú
DonnoSo	STOMACH	bìn.dú
JamsayGourou	STOMACH	pùpùró
JamsayDouentza	STOMACH	pùró
JamsayMondoro	STOMACH	pùró
Mombo	STOMACH	pín.dí+pín.dí
BonduSoNajamba	STOMACH	bìn.dù#ɡìn.dɔ́.ɔ́
Penange	STOMACH	kúdʒú
PergeTegu	STOMACH	bìŋ.ɡírì
Tiranige	STOMACH	pìdʒì+pìdʒí
TogoKan	STOMACH	pùró
TommoSoTongoTongo	STOMACH	bì+n+dù#bòró
TomoKanDiangassagou	STOMACH	fúrú
TomoKanSegue	STOMACH	hùrú
ToroTegu	STOMACH	bètè+ká
YandaDom	STOMACH	pìdìm#bǐn
YornoSo	STOMACH	bìnɛ́
BankanTey	KIDNEY	nàr.∼âj.∼
BenTey	KIDNEY	nàr.∼ì+jí.ì
Bunoge	KIDNEY	kíbà
DogulDomBendiely	KIDNEY	nàló
DogulDomKundialang	KIDNEY	nàló.ó
DonnoSo	KIDNEY	làlí.ì
JamsayDouentza	KIDNEY	nàr.∼í.ì
Mombo	KIDNEY	kíbɛ̂j
BonduSoNajamba	KIDNEY	bɔ́.ɔ́dʒɛ̀+ŋ.ɡò
Penange	KIDNEY	kíbá
PergeTegu	KIDNEY	nàr.∼í.ì
TebulUre	KIDNEY	làl+íjɛ́
Tiranige	KIDNEY	déɡé+wè
TogoKan	KIDNEY	ɡàrí~
TommoSoTongoTongo	KIDNEY	nàlí
TomoKanDiangassagou	KIDNEY	dʒì.ì~+ʔí.ì~
TomoKanSegue	KIDNEY	dʒù~+ʔí.í~
ToroTegu	KIDNEY	làràmkúm
YandaDom	KIDNEY	làl+íjè
YornoSo	KIDNEY	nàr.∼i+j~
BankanTey	INTESTINES	pìrè+kɔ́rɔ̀
BenTey	INTESTINES	pìrè+kɔ́rɔ̀
Bunoge	INTESTINES	dòlé+ŋ+kòn.dè
DogulDomBendiely	INTESTINES	bìn.dú
DogulDomKundialang	INTESTINES	bìn.dú
DonnoSo	INTESTINES	bìn.dú
JamsayGourou	INTESTINES	kɔ̀r.∼í.ì
JamsayDouentza	INTESTINES	kɔ̀r.∼í.ì~
Mombo	INTESTINES	nòlè#ɲóŋ.ɡò
BonduSoNajamba	INTESTINES	bìn.dú
Penange	INTESTINES	nòlè
TebulUre	INTESTINES	bɛ̀n.dà.á
Tiranige	INTESTINES	kólón.dó
TogoKan	INTESTINES	kɔ̀r.∼í.í
TommoSoTongoTongo	INTESTINES	bì+n+dú
TomoKanDiangassagou	INTESTINES	kwɛ̀lɛ̀j.∼
TomoKanSegue	INTESTINES	kwɛ̀lɛ̀.∼
ToroTegu	INTESTINES	pùŋúrɔ̀
YandaDom	INTESTINES	pídím
YornoSo	INTESTINES	kɔ̀ldʒá.à
BankanTey	WOMB	nɔ̂n#úrò
BenTey	WOMB	jà+jè.é
DogulDomBendiely	WOMB	mɛ̀lɔ̂
DonnoSo	WOMB	ɔ́ɡɔ̀
JamsayDouentza	WOMB	wɔ́rù
Mombo	WOMB	nóló#dó.óŋ.ɡè
BonduSoNajamba	WOMB	púrú
PergeTegu	WOMB	ì.ì~+dɛ̀.ɛ́.∼
TebulUre	WOMB	kúrú
Tiranige	WOMB	bé.é#bì.ìdʒì#wá
TommoSoTongoTongo	WOMB	íí#dòm
TomoKanDiangassagou	WOMB	wɛ̀lɛ́
TomoKanSegue	WOMB	jùrú
ToroTegu	WOMB	lárá#ìlò
YandaDom	WOMB	làlàm+zèlíjè
YornoSo	WOMB	kɔ́lɔ̀
BankanTey	TESTICLES	dɔ́rɔ̀
BenTey	TESTICLES	tó.ósú
Bunoge	TESTICLES	pɔ̀n.dɛ́+sè
DogulDomBendiely	TESTICLES	kùm.bírí
DogulDomKundialang	TESTICLES	kùm.bùrí.í
DonnoSo	TESTICLES	dɔ̀lɔ́
JamsayGourou	TESTICLES	dɔ̀r.∼ɔ́
JamsayDouentza	TESTICLES	dɔ̀rɔ́
Mombo	TESTICLES	pòdʒè#sí.í
BonduSoNajamba	TESTICLES	dɔ́lɔ̀.ɔ̀
Penange	TESTICLES	pɔ́ntɛ́rɛ̀
PergeTegu	TESTICLES	tó.ósú
TebulUre	TESTICLES	dɔá.á~
Tiranige	TESTICLES	sèɡèlè
TogoKan	TESTICLES	tódʒú
TommoSoTongoTongo	TESTICLES	dɔ́lɔ́
TomoKanDiangassagou	TESTICLES	dwɛ̀lɛ̀+ʔí.í~
TomoKanSegue	TESTICLES	dwɛ̀.ɛ̀lɛ́
ToroTegu	TESTICLES	tó.ó~sú
YandaDom	TESTICLES	dɔ̀rɔ́
YornoSo	TESTICLES	dɔ́lɔ́
BankanTey	PENIS	děn
BenTey	PENIS	dɔ́rɔ̀
DogulDomBendiely	PENIS	dúúmò
DogulDomKundialang	PENIS	dúmmù+ŋ
DonnoSo	PENIS	jjj
JamsayGourou	PENIS	tɛ́rɛ́
JamsayDouentza	PENIS	tɛ̀rɛ́
Mombo	PENIS	jó.ólé
BonduSoNajamba	PENIS	dʒóɡú
Penange	PENIS	bòlòm
PergeTegu	PENIS	dɔ́rɔ́
TebulUre	PENIS	dɛ̀ɡɛ́
TogoKan	PENIS	tɛ́rɛ́
TommoSoTongoTongo	PENIS	tɛ́rɛ́
TomoKanDiangassagou	PENIS	dɔ̀lɔ́
TomoKanSegue	PENIS	tʃɛ̀rɛ́
ToroTegu	PENIS	ɛ́sú
YandaDom	PENIS	dɛ̀.ɛ̀
YornoSo	PENIS	tɛ́rɛ́
Ampari	KNEE	kùdʒù
BankanTey	KNEE	kízì
BenTey	KNEE	síŋ.ɡì.ì
Bunoge	KNEE	kùn.dʒúɡà
DogulDomBendiely	KNEE	kúɲdʒù
DogulDomKundialang	KNEE	kún.dʒù+ŋ
DonnoSo	KNEE	jóŋùnù
JamsayGourou	KNEE	nèŋé
JamsayDouentza	KNEE	nɛ̀ŋɛ́
JamsayMondoro	KNEE	nɛ̀ŋɛ́
Mombo	KNEE	kún.dʒúɡà
BonduSoNajamba	KNEE	nà.à+kín.dʒì+ŋ.ɡè
Penange	KNEE	kùn.dʒùɡà
PergeTegu	KNEE	nìŋ.ɡé
TebulUre	KNEE	kún.dú
Tiranige	KNEE	kún.dʒúɡɔ́
TogoKan	KNEE	nèŋèrè+kú~
TommoSoTongoTongo	KNEE	ànù#jóŋó+ló
TomoKanDiangassagou	KNEE	ɲùŋ.ɡòlòkù~
TomoKanSegue	KNEE	ɲùŋ.ɡòlò
ToroTegu	KNEE	nìŋó
YandaDom	KNEE	kúnzú
YornoSo	KNEE	júŋóló
BankanTey	ELBOW	nà.à#tótôw
BenTey	ELBOW	nà.à+tú+tɔ̂w
DogulDomBendiely	ELBOW	nùmɔ̀#tɔ́ɡɔ̀tɔ̀ɡɔ̀
DogulDomKundialang	ELBOW	nùmɔ̀+tɔ́ktɔ̀ɡɔ̀
DonnoSo	ELBOW	tɔ́ŋ.ɡù+tɔ̀ŋ.ɡù
JamsayGourou	ELBOW	nùmò#títóŋ
JamsayDouentza	ELBOW	nùmò+tì+tɔ̌ŋ
JamsayMondoro	ELBOW	nùmɔ̀+tɔ̌ŋ
Mombo	ELBOW	nɛ̀.ɛ̀#kóló+kólò
BonduSoNajamba	ELBOW	nùmà+kín.dʒì.ì
Penange	ELBOW	nɛ̀.ɛ̀#kúlù
PergeTegu	ELBOW	nùw.∼ò+tɔ́tɔ́ɡú
TebulUre	ELBOW	nùmà.à+tɔ́+tɔ́ɡú
Tiranige	ELBOW	númá#kùɲùŋɔ́
TogoKan	ELBOW	nùmɔ̀+tɔ̀tɔ́ɡú
TommoSoTongoTongo	ELBOW	tɔ́n.dɔ́m
TomoKanDiangassagou	ELBOW	nùmà+sìn.dà
TomoKanSegue	ELBOW	nùmà+ɲùŋ.ɡòlò
ToroTegu	ELBOW	lɔ̀#tùŋó
YandaDom	ELBOW	nùmà+tɔ́n.dɔ́
YornoSo	ELBOW	nɔ̀j.∼+tú+tɔ́ŋ
BankanTey	WRIST	nà.à+kɔ̀rɔ́
BenTey	WRIST	nà.à+kɔ̀rɔ́
DogulDomBendiely	WRIST	nùmɔ̀#mɔ́ɡù
DogulDomKundialang	WRIST	nùmɔ̀+mɔ̀.ɔ́ɡ
DonnoSo	WRIST	nùmɔ̀+kɔ̀lɔ̀+kɔ̀lɔ́
JamsayDouentza	WRIST	nùmò+kɔ̀rɔ́
Mombo	WRIST	nɛ̀.ɛ̀#párù
BonduSoNajamba	WRIST	nùmà+díɡìn
PergeTegu	WRIST	nùw.∼ò+kɔ̀rɔ́
TogoKan	WRIST	nùmɔ̀+kɔ̀rɔ́
TommoSoTongoTongo	WRIST	nù+mɔ̀#kɔ̀ɡɔ̀+lɔ́
ToroTegu	WRIST	lɔ̀#kúrɔ́
YandaDom	WRIST	nùmà+kɔ̀lɔ̀
YornoSo	WRIST	nɔ̀j.∼+kù+kɔ̀lɔ́
BankanTey	ANKLE	lɔ̀sɔ̀+kɔ̀rɔ́
BenTey	ANKLE	lɔ̀sɔ̀+kú+kúrù
Bunoge	ANKLE	sè.è+kɛ̀lɛ̀
DogulDomBendiely	ANKLE	nààɡù#mɔ́ɡù
DonnoSo	ANKLE	kùbɔ̀+kɔ̀lɔ̀+kɔ̀lɔ́
JamsayDouentza	ANKLE	kɔ̀.ɔ̀#kɔ̀rɔ́
Mombo	ANKLE	sí.í#párù
BonduSoNajamba	ANKLE	nà.à+díɡìn
Penange	ANKLE	síɡé#párò
PergeTegu	ANKLE	kùwɔ̀+kɔ̀rɔ́
TogoKan	ANKLE	kùwɔ̀+kɔ̀rɔ́
TommoSoTongoTongo	ANKLE	ànù#pɛ́ŋɛ́
ToroTegu	ANKLE	kùwɔ̀#tʃètʃèɡùrú
YandaDom	ANKLE	nà.à+kɔ̀lɔ̀
YornoSo	ANKLE	kùbɔ̀+kù+kɔ̀lɔ́
Ampari	HAND	nùmá
BankanTey	HAND	nà.á
BenTey	HAND	nà.á
Bunoge	HAND	númɛ̀
DogulDomBendiely	HAND	nùmɔ́
DonnoSo	HAND	nùmɔ́
JamsayDouentza	HAND	nùmó
JamsayMondoro	HAND	nùmɔ́
BonduSoNajamba	HAND	nùmà.á
Penange	HAND	nwɛ̀.ɛ̀
PergeTegu	HAND	nùw.∼ó
TebulUre	HAND	nùmà.á
TiranigeBoui	HAND	númá
TommoSoTongoTongo	HAND	nù+mɔ́
TomoKanDiangassagou	HAND	nùmà+tàɡà
TomoKanSegue	HAND	nùmà+tʃàn.dà
ToroTegu	HAND	lɔ̀+tɔ́
YandaDom	HAND	nùmà
YornoSo	HAND	nɔ̌j.∼
BankanTey	ARM	nà.á
BenTey	ARM	nà.á
Bunoge	ARM	númɛ̀
DogulDomBendiely	ARM	nùmɔ́
DonnoSo	ARM	nùmɔ́
JamsayDouentza	ARM	nùmó
BonduSoNajamba	ARM	nùmà.á
PergeTegu	ARM	nùw.∼ó
TebulUre	ARM	nùmà.á
TiranigeBoui	ARM	númá
TommoSoTongoTongo	ARM	nù+mɔ́
ToroTegu	ARM	lɔ́
YandaDom	ARM	nùmà
YornoSo	ARM	nɔ̌j.∼
BankanTey	PALM OF HAND	nà.à#kɛ́n.dɛ̀
BenTey	PALM OF HAND	nà.à+kɛ́lɛ̀
Bunoge	PALM OF HAND	nùmɛ́+tɛ̀bɔ̀
DogulDomBendiely	PALM OF HAND	nùmɔ̀#táɡá
Mombo	PALM OF HAND	nɛ̀.ɛ̀#tɛ́bɛ́
BonduSoNajamba	PALM OF HAND	nùmà+tábídʒà.à
Penange	PALM OF HAND	nɛ̀.ɛ̀+tɛ́bɔ̀
TogoKan	PALM OF HAND	nùmɔ̀+kɛ́nɛ́
TommoSoTongoTongo	PALM OF HAND	nù+mɔ̀#kí+n+dɛ́
ToroTegu	PALM OF HAND	lɔ̀+tʃɛ́lá
YandaDom	PALM OF HAND	nùmà+tʃín.dá
YornoSo	PALM OF HAND	nɔ̀j.∼+tàɡá
BankanTey	ARMPIT	árkɛ́n.dɛ̀
BenTey	ARMPIT	àrkɛ́lɛ̀
DogulDomBendiely	ARMPIT	kárà+kàrà
DogulDomKundialang	ARMPIT	kárà+kàrà
DonnoSo	ARMPIT	nùmɔ̀+kárù+kàrù
JamsayGourou	ARMPIT	kìkàrá
JamsayDouentza	ARMPIT	kì+kàrá
Mombo	ARMPIT	kárá+kárá#súɡù
BonduSoNajamba	ARMPIT	kàkàrá.à#kùl
Penange	ARMPIT	kàrà+kàrà
PergeTegu	ARMPIT	kà+kàrá
TebulUre	ARMPIT	kà+kàrá
Tiranige	ARMPIT	kàrà+kàrà
TogoKan	ARMPIT	kàkàrá
TommoSoTongoTongo	ARMPIT	ká+kárú
TomoKanDiangassagou	ARMPIT	kì+kàrà
TomoKanSegue	ARMPIT	kì+kàrà
ToroTegu	ARMPIT	ìrkílá
YandaDom	ARMPIT	kàɡádà
YornoSo	ARMPIT	kí+kárú
Ampari	FOOT	sò.ò
BankanTey	FOOT	ndɔ̀sɔ́.ɔ̀
BenTey	FOOT	lɔ̀sɔ́.ɔ̀
Bunoge	FOOT	sè
DogulDomBendiely	FOOT	nááɡù
DogulDomKundialang	FOOT	nà.áɡ
DonnoSo	FOOT	kúbɔ̀
JamsayGourou	FOOT	kúw.∼
JamsayDouentza	FOOT	kɔ́.ɔ́
JamsayMondoro	FOOT	kɔ́.ɔ́
Mombo	FOOT	sí.í
BonduSoNajamba	FOOT	nà.à+ɡó
Penange	FOOT	síɡé
PergeTegu	FOOT	kúwɔ́
TebulUre	FOOT	là.á
TiranigeBoui	FOOT	tòn.dʒè
TogoKan	FOOT	kúwɔ́
TommoSoTongoTongo	FOOT	ánú
TomoKanDiangassagou	FOOT	kùbà+tàɡà
TomoKanSegue	FOOT	kùbà+tʃàn.dà
ToroTegu	FOOT	kúwɔ́
YandaDom	FOOT	nà.à
YornoSo	FOOT	kúbɔ́
BankanTey	LEG	ndɔ̀sɔ́.ɔ̀
BenTey	LEG	lɔ̀sɔ́.ɔ̀
Bunoge	LEG	sè
DogulDomKundialang	LEG	nà.áɡ
DonnoSo	LEG	kúbɔ̀
JamsayGourou	LEG	kúw.∼#xxx
JamsayDouentza	LEG	kɔ́.ɔ́
BonduSoNajamba	LEG	nà.à+ɡó
PergeTegu	LEG	kúwɔ́
TiranigeBoui	LEG	tòn.dʒè
TogoKan	LEG	pàɡá
TommoSoTongoTongo	LEG	ánú
TomoKanDiangassagou	LEG	kùbá
TomoKanSegue	LEG	kùbá
ToroTegu	LEG	kúwɔ́
YandaDom	LEG	nà.à
YornoSo	LEG	kúbɔ́
BankanTey	CALF OF LEG	ndɔ̀sɔ̀#bɔ́.ɔ́rì
BenTey	CALF OF LEG	tù+tɔ̀sí.ì
DogulDomBendiely	CALF OF LEG	nààɡù#tɔ̀sɔ̀
DogulDomKundialang	CALF OF LEG	nà.àɡ+tɔ̀sɔ́.ɔ́
DonnoSo	CALF OF LEG	tɔ̀dɔ́
JamsayGourou	CALF OF LEG	tì+tɔ̀sú
JamsayDouentza	CALF OF LEG	tì+tɔ̀dʒú
Mombo	CALF OF LEG	tódjè
BonduSoNajamba	CALF OF LEG	nà.à+pǒl+ŋ.ɡó
PergeTegu	CALF OF LEG	tɔ̀+tɔ̀sú
TebulUre	CALF OF LEG	tɔ̀dúɡɔ́
Tiranige	CALF OF LEG	tɔ̀dʒɔ̀
TogoKan	CALF OF LEG	tɔ̀tɔ̀dʒú
TommoSoTongoTongo	CALF OF LEG	ànù#tɔ̀dú
TomoKanDiangassagou	CALF OF LEG	kùbà+tɔ̀dʒù
TomoKanSegue	CALF OF LEG	kùbà+tɔ̀dʒù
ToroTegu	CALF OF LEG	kùwɔ̀+ɡɔ̀ɡɔ̀rɔ́
YandaDom	CALF OF LEG	tɔ̀zù
YornoSo	CALF OF LEG	tɔ̀dʒú
BankanTey	HEEL	ndɔ̀sɔ̀#kúkúrù
BenTey	HEEL	lɔ̀sɔ̀+ɡùr.∼ú
DogulDomBendiely	HEEL	nààɡù#n.dóŋ
DogulDomKundialang	HEEL	nà.àɡ+ndɔ́+ŋ
DonnoSo	HEEL	kùbɔ̀+tɔ́ŋ.ɡù+tɔ̀ŋ.ɡù
JamsayDouentza	HEEL	kɔ̀.ɔ̀+ɡòró
Mombo	HEEL	sì.ì#ɡúrù
BonduSoNajamba	HEEL	nà.à+dɔ́rɔ̀.ɔ̀
Penange	HEEL	síɡé#tún.dù
PergeTegu	HEEL	kùwɔ̀+ɡòró
TebulUre	HEEL	là.à+ɡòró
Tiranige	HEEL	tòn.dʒè#dɔ̀.ɔ́
TogoKan	HEEL	kùwɔ̀+ɡòró
TommoSoTongoTongo	HEEL	ànù#dɔ̀rɔ́
TomoKanDiangassagou	HEEL	kùbà+dàn.dʒù
TomoKanSegue	HEEL	kùbà+dàn.dʒù
ToroTegu	HEEL	kùwɔ̀#ɡùrú
YandaDom	HEEL	nà.à+dɔ̀rɔ̀
YornoSo	HEEL	kùbɔ̀+dù+dɔ̀rɔ́
BankanTey	UPPER LEG (THIGH)	pà.á
BenTey	UPPER LEG (THIGH)	pì+pà.á
DogulDomBendiely	UPPER LEG (THIGH)	pááɡá
DogulDomKundialang	UPPER LEG (THIGH)	pàɡá.á
DonnoSo	UPPER LEG (THIGH)	pàɡá
JamsayGourou	UPPER LEG (THIGH)	díɡɛ́
JamsayDouentza	UPPER LEG (THIGH)	dáŋár.∼á
BonduSoNajamba	UPPER LEG (THIGH)	nà.à+páɡà.à
PergeTegu	UPPER LEG (THIGH)	pà+pàɡá
TebulUre	UPPER LEG (THIGH)	pàɡá
Tiranige	UPPER LEG (THIGH)	pàɡà
TogoKan	UPPER LEG (THIGH)	tɔ̀wɔ́
TommoSoTongoTongo	UPPER LEG (THIGH)	ànù#pàɡá
TomoKanDiangassagou	UPPER LEG (THIGH)	pàɡà
TomoKanSegue	UPPER LEG (THIGH)	pàʔá
ToroTegu	UPPER LEG (THIGH)	pàɡá
YandaDom	UPPER LEG (THIGH)	pàɡà
YornoSo	UPPER LEG (THIGH)	pàɡá
BankanTey	FINGER	nà.à+sìrí.ì
BenTey	FINGER	nà.à+sí.ì~
Bunoge	FINGER	nùmɛ́+sè
DogulDomBendiely	FINGER	nùmɔ̀#sáíɡù
DogulDomKundialang	FINGER	nùmɔ̀+sâjɡ
DonnoSo	FINGER	nùmɔ̀#sà+j
JamsayGourou	FINGER	nùmò#í.ì~
JamsayDouentza	FINGER	nùmò+í.ì~
Mombo	FINGER	nɛ̀.ɛ̀#sí.í
BonduSoNajamba	FINGER	nùmà+sɛ́n.dɔ̀.ɔ̀
Penange	FINGER	nɛ̀.ɛ̀+sé
PergeTegu	FINGER	nùw.∼ò+ší.ì~
TebulUre	FINGER	nùmà.à+íjɛ́
TogoKan	FINGER	nùmɔ̀+í.í~
TommoSoTongoTongo	FINGER	nù+mɔ̀#sǎj
TomoKanDiangassagou	FINGER	nùmè+ʔí.í~
TomoKanSegue	FINGER	nùmɛ̀.∼+ʔí.í~
ToroTegu	FINGER	lɔ̀+ì+r.∼ú
YandaDom	FINGER	nùmà+é.é
YornoSo	FINGER	nɔ̀j.∼+sǎj
BankanTey	THUMB	nà.à+sìrì#ár.∼à
BenTey	THUMB	nà.à+sì.ì~#ár.∼à
DogulDomBendiely	THUMB	nùmɔ̀#nàpáí
DogulDomKundialang	THUMB	nùmɔ̀+ànà+pj
DonnoSo	THUMB	nùmɔ̀+àn+nà+pǎj
JamsayDouentza	THUMB	nùmò#àr.∼á
Mombo	THUMB	nɛ̀.ɛ̀sì#wàláj
BonduSoNajamba	THUMB	nùmà+sɛ̀n.dɔ̀.ɔ̀#ánà.à
PergeTegu	THUMB	nùw.∼ò+s.~ì.ì~#àr.∼á
TogoKan	THUMB	nùmɔ̀+àr.∼à+bɔ̀r.∼í
TommoSoTongoTongo	THUMB	nù+mɔ̀#sàj#póó
ToroTegu	THUMB	lɔ̀#àrá
YandaDom	THUMB	nùmà#ànà
YornoSo	THUMB	nɔ̀j.∼+àr.∼à+j~
BankanTey	TOE	ndɔ̀sɔ̀+sìrí.ì
BenTey	TOE	lɔ̀sɔ̀+sí.ì
Bunoge	TOE	sè.è+sé
DogulDomBendiely	TOE	nààɡù#sáíɡù
DogulDomKundialang	TOE	nà.àɡ+sâjɡ
DonnoSo	TOE	kùbɔ̀#sà+j
JamsayDouentza	TOE	kɔ̀.ɔ̀+í.ì~
Mombo	TOE	sí.ísì.ì
BonduSoNajamba	TOE	nà.à+sɛ́n.dɔ̀.ɔ̀
Penange	TOE	sìɡé+sè
PergeTegu	TOE	kùwɔ̀+ší.ì~
TebulUre	TOE	là.à+íjɛ́
TogoKan	TOE	kùwɔ̀+í.í~
TommoSoTongoTongo	TOE	ànù#sǎj
TomoKanDiangassagou	TOE	kùbè+ʔí.í~
TomoKanSegue	TOE	kùbɛ̀.∼+ʔí.í~
ToroTegu	TOE	kùwɔ̀+ì+r.∼ú
YandaDom	TOE	nǎ+jjè
YornoSo	TOE	kùbɔ̀+í.ì
BankanTey	FINGERNAIL	nà.à+sìrì.ì#kɔ́.ɔ́rɔ́.ɔ̀
BenTey	FINGERNAIL	nà.à+sì.ì~#kɔ̌w.∼r.∼ì.ì
Bunoge	FINGERNAIL	nùmɛ́+kòbálì
DogulDomBendiely	FINGERNAIL	nùmɔ̀#kóbùlùŋ
DogulDomKundialang	FINGERNAIL	nùmɔ̀+kóblù+ŋ
DonnoSo	FINGERNAIL	nùmɔ̀+ŋ+kòm.bìlí.ì
JamsayGourou	FINGERNAIL	nùmò#kǒw
JamsayDouentza	FINGERNAIL	nùmò+kì+kǒw
Mombo	FINGERNAIL	nɛ̀.ɛ̀#sí.í#kòbèlè
BonduSoNajamba	FINGERNAIL	nùmà+kóbùlù.ù
Penange	FINGERNAIL	nɛ̀.ɛ̀+kɔ́búlɛ̀
PergeTegu	FINGERNAIL	nùw.∼ò+šì.ì~#kómdʒó
TebulUre	FINGERNAIL	nùmà.à+kòbìl+íjɛ́
Tiranige	FINGERNAIL	nùmá#kòwàlé
TogoKan	FINGERNAIL	nùmɔ̀+kɔ̀r.∼í.í
TommoSoTongoTongo	FINGERNAIL	nù+mɔ̀#sàj#kobìlì+jé
TomoKanDiangassagou	FINGERNAIL	nùmà+kwɛ̀lɛ̀j.∼
TomoKanSegue	FINGERNAIL	nùmà+kwɛ̀lɛ̀.∼
ToroTegu	FINGERNAIL	lɔ̀+tʃèwrěj
YandaDom	FINGERNAIL	nùmà+kòm.bíl+jè
YornoSo	FINGERNAIL	nɔ̀j.∼+kòbìlì+j
BankanTey	HAIR (HEAD)	kù.ù#kùjá
BenTey	HAIR (HEAD)	kù.ù+kù+kùjɔ́
Bunoge	HAIR (HEAD)	kó.ó+kùlɛ̀
DonnoSo	HAIR (HEAD)	kù.ù+kèŋ.ɡèlé
JamsayGourou	HAIR (HEAD)	kù.ù~#kúrɔ́
JamsayDouentza	HAIR (HEAD)	kù.ù~#kúrɔ́
Mombo	HAIR (HEAD)	kó.ó#kúlɛ̀
BonduSoNajamba	HAIR (HEAD)	kì.ì#kùlɛ́
Penange	HAIR (HEAD)	kɔ̀.ɔ̀+ŋ+ɡúlɛ̀
PergeTegu	HAIR (HEAD)	kù.ù+kúrɔ́
TogoKan	HAIR (HEAD)	kù~+kúrɔ́
TommoSoTongoTongo	HAIR (HEAD)	kùŋ.ɡù+lò+j
TomoKanDiangassagou	HAIR (HEAD)	kù~+kɛ̀lɛ̀
TomoKanSegue	HAIR (HEAD)	kù~+kùlɛ̀
ToroTegu	HAIR (HEAD)	kù+kúrɔ́
YandaDom	HAIR (HEAD)	kò.ò+kùlà
YornoSo	HAIR (HEAD)	kù+kùlì+j
BankanTey	BEARD	bɛ̌j.∼
BenTey	BEARD	bɛ̌j.∼
Bunoge	BEARD	ʔɔ̀n.dɔ́+kùlɛ̀
DogulDomBendiely	BEARD	bɛ́.ɛ̀ŋ
DogulDomKundialang	BEARD	bɛ́.ɛ̀.∼
DonnoSo	BEARD	bɛ̀.ɛ̀+kèŋ.ɡèlé
JamsayGourou	BEARD	bɛ̀w#kúrɔ́
JamsayDouentza	BEARD	bɛ̀w#kúrɔ́
JamsayMondoro	BEARD	bɛ̀w#kúrɔ́
Mombo	BEARD	bé.é~#kùlɛ̀
BonduSoNajamba	BEARD	bɛ́.ɛ̀+ŋ.ɡò
Penange	BEARD	dɔ́mdʒɔ́+kùlɛ̀
PergeTegu	BEARD	bɛ̀+bɛ̌w
TebulUre	BEARD	bèjà.à+kúlà
Tiranige	BEARD	jéná#kùlè+ŋ.ɡé
TogoKan	BEARD	bɛ̌
TommoSoTongoTongo	BEARD	bɛ̀.ɛ́
TomoKanDiangassagou	BEARD	bjà.à+kùlɛ̀
TomoKanSegue	BEARD	bjà.à
ToroTegu	BEARD	bɛ̌w
YandaDom	BEARD	bìjà+kùlà
YornoSo	BEARD	bɛ̀.ɛ́
BenTey	EYELASH	dʒìrè+kù+kùjɔ́
DonnoSo	EYELASH	ɡìrù+kèŋ.ɡèlé
JamsayDouentza	EYELASH	dʒìrè+kúrɔ́
Mombo	EYELASH	ɡìrè#kúlɛ̀
BonduSoNajamba	EYELASH	ɡìrò+kùlɛ́+ŋ.ɡó
TogoKan	EYELASH	ɡìrè+kúrɔ́
TommoSoTongoTongo	EYELASH	ɡìrè#kú+ló
ToroTegu	EYELASH	dʒìrò+kúrɔ́
YandaDom	EYELASH	ɡìdè+kùlà
YornoSo	EYELASH	ɡìrì+kù+kûl
BenTey	PUBIC HAIR	dʒèrè+kù+kùjɔ́
JamsayDouentza	PUBIC HAIR	dɛ̀mɛ̀+kúrɔ́
BonduSoNajamba	PUBIC HAIR	ɡɔ̀mɛ̀n+kùlɛ́
TommoSoTongoTongo	PUBIC HAIR	mì+n+dɛ̀#kú+ló
ToroTegu	PUBIC HAIR	mɛ̀rá#kùrɔ̀
YandaDom	PUBIC HAIR	dùm.bà+kùlà
YornoSo	PUBIC HAIR	dɛ̀mɛ̀+kù+kûl
BenTey	PUBIC HAIR	dɔ̀rɔ̀+kù+kùjɔ́
JamsayDouentza	PUBIC HAIR	tɛ̀rɛ̀+kúrɔ́
Mombo	PUBIC HAIR	jòbù#ɡílí#kùlɛ̀
BonduSoNajamba	PUBIC HAIR	ɡɔ̀mɛ̀n+kùlɛ́
TommoSoTongoTongo	PUBIC HAIR	mì+n+dɛ̀#kú+ló
ToroTegu	PUBIC HAIR	mɛ̀rá#kùrɔ̀
YandaDom	PUBIC HAIR	dùm.bà+kùlà
YornoSo	PUBIC HAIR	tɛ̀rɛ̀+kù+kûl
Ampari	HEAD	kò.ò
BankanTey	HEAD	kú.ù
BenTey	HEAD	kú.ù
Bunoge	HEAD	kò
DogulDomBendiely	HEAD	kííɡù
DogulDomKundialang	HEAD	kí.ìɡ
DonnoSo	HEAD	kú.ù
JamsayGourou	HEAD	kú.ú~
JamsayDouentza	HEAD	dár.∼á
JamsayMondoro	HEAD	kú.ú~
Mombo	HEAD	kó.ó
BonduSoNajamba	HEAD	kí.ì+ŋ.ɡè
Penange	HEAD	kó.ó
PergeTegu	HEAD	kù.ù+tóɡóró
TebulUre	HEAD	kú+ɡɔ́
TiranigeNingo	HEAD	kòɡò
TogoKan	HEAD	kù~+kɛ́nɛ́
TommoSoTongoTongo	HEAD	kúú
TommoSoTongoTongo	HEAD	dáná
TomoKanDiangassagou	HEAD	ɡòn.dò
TomoKanSegue	HEAD	ɡòn.dò
ToroTegu	HEAD	kú
YandaDom	HEAD	dàr.∼à+bàn.dá
YornoSo	HEAD	kú.ù
Ampari	EAR	sùɡùrù
BankanTey	EAR	sûn
BenTey	EAR	sú.úr.∼ù
Bunoge	EAR	sùɡùlè
DogulDomBendiely	EAR	súŋùnù
DogulDomKundialang	EAR	súŋnù
DonnoSo	EAR	súɡùlù
JamsayGourou	EAR	súŋùn
JamsayDouentza	EAR	sûn
JamsayMondoro	EAR	sûn
Mombo	EAR	súɡúlí
Mombo	EAR	súɡúlí#kìdʒìkìdʒì
BonduSoNajamba	EAR	súnù.ù
Penange	EAR	súɡúljè
PergeTegu	EAR	súŋúr.∼ù
TebulUre	EAR	súr.∼ó
TiranigeBoui	EAR	sùɡùnù
TiranigeNingo	EAR	sùŋùnù
TogoKan	EAR	súɡúrú
TommoSoTongoTongo	EAR	súɡú+lú
TomoKanDiangassagou	EAR	súɡú
TomoKanSegue	EAR	sùɡú
ToroTegu	EAR	súɡúrú
YandaDom	EAR	sún
YornoSo	EAR	súɡùrù
BankanTey	EARLOBE	sùn+dɔ́rɔ̀
BenTey	EARLOBE	sù.ùr.∼ù+dɔ́rɔ̀
DogulDomBendiely	EARLOBE	sùŋùnù#námá
JamsayDouentza	EARLOBE	sùn+dɔ́rɔ́
Mombo	EARLOBE	sùɡùlì#pídʒí
BonduSoNajamba	EARLOBE	sùn+dú.ù
PergeTegu	EARLOBE	sùŋùr.∼ù+dɔ́rɔ́
TebulUre	EARLOBE	sùr.∼ò+dwà.á~
TogoKan	EARLOBE	sùɡùrù+bɔ̀rɔ́
TommoSoTongoTongo	EARLOBE	sùɡù+lù#dɔ́lɔ́
ToroTegu	EARLOBE	sùɡùrù+kɔ̀tɔ́
YandaDom	EARLOBE	sùn+dɔ̀lɔ́
YornoSo	EARLOBE	sùɡùrù+dɔ́lɔ́
Ampari	EYE	ɡìdó
BankanTey	EYE	ɡìré
BenTey	EYE	dʒìré
Bunoge	EYE	ɡíré+sè
DogulDomBendiely	EYE	ɡìró
DogulDomKundialang	EYE	ɡìró.ó
DonnoSo	EYE	ɡìrú
JamsayGourou	EYE	ɡìré
JamsayDouentza	EYE	dʒìré
JamsayMondoro	EYE	dʒìré
Mombo	EYE	ɡírè
BonduSoNajamba	EYE	ɡìró
Penange	EYE	ɡìrè
PergeTegu	EYE	ɡìré
TebulUre	EYE	ɡìré
TiranigeBoui	EYE	dʒíró
TogoKan	EYE	ɡìré
TommoSoTongoTongo	EYE	ɡìré
TomoKanDiangassagou	EYE	dʒìrì.ì~
TomoKanSegue	EYE	dʒìrí.í~
ToroTegu	EYE	dʒìró
YandaDom	EYE	ɡìd+íjè
YornoSo	EYE	ɡìrì+j
BankanTey	EYELID	ɡìrè#ɡùsú
BenTey	EYELID	dʒìrè+kòm.bí.ì
DogulDomBendiely	EYELID	ɡìrò#kíl
Mombo	EYELID	ɡìrè#ɡúdʒú
BonduSoNajamba	EYELID	ɡìrò+ɡùdʒú
TogoKan	EYELID	ɡìrè+ɡùdʒú
TommoSoTongoTongo	EYELID	ɡìrè#kòbú
ToroTegu	EYELID	dʒìrò+kǒw
YandaDom	EYELID	ɡìdè+kòm.bò
BankanTey	EYEBROW	ɡìrè#kóŋ.ɡôj
BenTey	EYEBROW	dʒìrè+kóŋ.ɡírì.ì
JamsayDouentza	EYEBROW	dʒìrè#kú.ú~
Mombo	EYEBROW	ɡìrè#kó.ólò
BonduSoNajamba	EYEBROW	ɡìrò+kóŋ.ɡòlò
PergeTegu	EYEBROW	ɡìrè+kóŋ.ɡúrú
TommoSoTongoTongo	EYEBROW	ɡìrè#kóŋ+ɡóm
ToroTegu	EYEBROW	dʒìrò+kìkómrò
YandaDom	EYEBROW	ɡìdè+kóŋúr.∼ú
YornoSo	EYEBROW	ɡìrì+kú.ù
Ampari	MOUTH	ìm.bí
BankanTey	MOUTH	m.bù.ú
BenTey	MOUTH	mò.ó
Bunoge	MOUTH	tònì
DogulDomBendiely	MOUTH	kɛ́nnù
DogulDomKundialang	MOUTH	kɛ̀nnú+ŋ
DonnoSo	MOUTH	kɛ̀nnɛ́
JamsayGourou	MOUTH	ká.á
JamsayDouentza	MOUTH	ká.á
Mombo	MOUTH	dónì
BonduSoNajamba	MOUTH	ìbí+ŋ.ɡé
Penange	MOUTH	dòn
PergeTegu	MOUTH	ká.á
TebulUre	MOUTH	mbù+ɡɔ́
Tiranige	MOUTH	ɔ̀mɔ̀
TogoKan	MOUTH	ká~
TommoSoTongoTongo	MOUTH	kɛ̀nnɛ́
TomoKanDiangassagou	MOUTH	ká.á~
TomoKanSegue	MOUTH	ká.á~
ToroTegu	MOUTH	ká
YandaDom	MOUTH	tʃɛ́nɛ́
YornoSo	MOUTH	kɛ̀nɛ́
Ampari	TONGUE	ɛ̀.ɛ́.∼+tìjɛ̀
BankanTey	TONGUE	lɛ̀m.bìrɛ̂
BenTey	TONGUE	lɛ̀mdɛ́.ɛ̀
Bunoge	TONGUE	dɛ̀n.dɛ̀+bè
DogulDomBendiely	TONGUE	nɛ̀.ɛ̀n.dá
DogulDomKundialang	TONGUE	nɛ̀n.dá.á
DonnoSo	TONGUE	nɛ́.ɛ́n.dɛ̀
JamsayGourou	TONGUE	nɛ̀nɛ́
JamsayDouentza	TONGUE	nɛ̀nɛ́
JamsayMondoro	TONGUE	nɛ̀nɛ́
Mombo	TONGUE	nè.èn.dé
BonduSoNajamba	TONGUE	nɛ̌n.dɔ̀.ɔ̀
Penange	TONGUE	nɛ̀mdɛ̀
PergeTegu	TONGUE	lɛ̀lɛ́
TebulUre	TONGUE	nɛ́n.dɛ́
Tiranige	TONGUE	nɛ́.ɛ́n.dɛ̀
TogoKan	TONGUE	nɛ́nɛ́
TommoSoTongoTongo	TONGUE	níí+n+dɛ́
TomoKanDiangassagou	TONGUE	lɛ̀rdɛ̀.∼
TomoKanSegue	TONGUE	jɛ̀rɛ̀dɛ̀.∼
ToroTegu	TONGUE	lèlá
YandaDom	TONGUE	nɛ̀mdà
YornoSo	TONGUE	nɛ́nɛ́
BankanTey	LIP	mbù.ù+nàmá.à
BenTey	LIP	mò.ò#nàw.∼á.à
DogulDomBendiely	LIP	kɛ̀nnù#námá
JamsayDouentza	LIP	kà.à+nɔ̀w.∼ɔ́
Mombo	LIP	dònì#ɡúdʒú
BonduSoNajamba	LIP	ìbì+nàmá.à
Penange	LIP	dòn+ɡúdʒù
TebulUre	LIP	mbù+dùɡó
Tiranige	LIP	tʃɛ̀nì
TommoSoTongoTongo	LIP	kɛ̀n+nɛ̀#kúú
TomoKanDiangassagou	LIP	kà.à~+kùn.dʒɛ̀
TomoKanSegue	LIP	kà.à~+kùn.dʒɛ̀
ToroTegu	LIP	kà+ɡùsú
YornoSo	LIP	kɛ̀nɛ́
Ampari	NOSE	kìnì
BankanTey	NOSE	tʃír.∼è
BenTey	NOSE	tʃír.∼ì
Bunoge	NOSE	kìnà
DogulDomBendiely	NOSE	kìn.dʒɔ́
DogulDomKundialang	NOSE	kìn.dʒɔ́.ɔ́
DonnoSo	NOSE	kínù
JamsayGourou	NOSE	kír.∼é
JamsayDouentza	NOSE	tʃír.∼é
JamsayMondoro	NOSE	tʃír.∼é
Mombo	NOSE	kín.dʒà
BonduSoNajamba	NOSE	kìn.dʒá.à
Penange	NOSE	kìmdʒà
PergeTegu	NOSE	kír.∼é
TebulUre	NOSE	tʃíné
Tiranige	NOSE	tʃín.dʒɔ́
TogoKan	NOSE	kír.∼í
TommoSoTongoTongo	NOSE	kí+nú
TomoKanDiangassagou	NOSE	tʃíní
TomoKanSegue	NOSE	tʃìní
ToroTegu	NOSE	tʃìr.∼ò+ká
YandaDom	NOSE	tʃìnzà
YornoSo	NOSE	kín
BankanTey	NOSTRIL	tʃìr.∼è+dɔ̀dɔ̌w
BenTey	NOSTRIL	tʃìr.∼ì+dù+dɔ̌w
DogulDomBendiely	NOSTRIL	kìn.dʒɔ̀#énù
JamsayDouentza	NOSTRIL	tʃìr.∼e+bùdʒú
Mombo	NOSTRIL	kìn.dʒà#kóm.bò
BonduSoNajamba	NOSTRIL	kìn.dʒà+ìbí+ŋ.ɡé
TogoKan	NOSTRIL	kìr.∼ì+bùdʒú
TommoSoTongoTongo	NOSTRIL	kì+nù#bò+n+dó
ToroTegu	NOSTRIL	tʃìr.∼ò+ùró
YandaDom	NOSTRIL	tʃìnzà+bòzù
YornoSo	NOSTRIL	kìn+bònɔ́
BankanTey	FACE	ɡìrè#nûm
BenTey	FACE	dʒìrè#nûm
Bunoge	FACE	ɡíré+m+bùlù
DogulDomBendiely	FACE	ɡìr#m.búlúŋ
DonnoSo	FACE	ɡìrù+ùm.búlù
JamsayDouentza	FACE	dʒìrè+pàr.∼á
JamsayMondoro	FACE	dʒìrè+pàr.∼á
Mombo	FACE	ɡìrè#úm.búlú
BonduSoNajamba	FACE	ɡìrò+mbùlà.á
Penange	FACE	ɡìrè+m+pûl
PergeTegu	FACE	ɡìrè+nǔm
TebulUre	FACE	ɡìrè+nòmɡó
Tiranige	FACE	dʒìrò+úm.búlú
TogoKan	FACE	ɡìrè+bàr.∼á
TommoSoTongoTongo	FACE	ɡìrè#mbùló
TomoKanDiangassagou	FACE	dʒìrìbàlà
TomoKanSegue	FACE	dʒìrìbàlà
ToroTegu	FACE	dʒìnǒŋ
YandaDom	FACE	ɡìdè+nòm
YornoSo	FACE	ɡìrù+pàlá
BankanTey	FOREHEAD	dìm.bêj
BenTey	FOREHEAD	dìm.bé.è
Bunoge	FOREHEAD	ɡén.dè
DogulDomBendiely	FOREHEAD	kímɔ̀
DogulDomKundialang	FOREHEAD	kìmó.ó
DonnoSo	FOREHEAD	dìmmè+dìmmé
JamsayGourou	FOREHEAD	dǐm
JamsayDouentza	FOREHEAD	dìmé
JamsayMondoro	FOREHEAD	dìmé
Mombo	FOREHEAD	ɡín.dó
BonduSoNajamba	FOREHEAD	ɡén.dè+ŋ.ɡè
Penange	FOREHEAD	ɡén.dó
PergeTegu	FOREHEAD	dìm.bé
TebulUre	FOREHEAD	dìm.bé
Tiranige	FOREHEAD	pɛ́m.bɔ́
TogoKan	FOREHEAD	dìmé
TommoSoTongoTongo	FOREHEAD	dìm+mú
TomoKanDiangassagou	FOREHEAD	ɡwè~+dʒìrì
TomoKanSegue	FOREHEAD	ɡwɛ̀.∼
ToroTegu	FOREHEAD	dìmó
YandaDom	FOREHEAD	dìmè
YornoSo	FOREHEAD	dìmɛ́
BankanTey	TEMPLE	zɔ̀r.∼ɔ̂j.∼
BenTey	TEMPLE	kù.ù#bélé
DonnoSo	TEMPLE	mànná.à
JamsayDouentza	TEMPLE	dʒìrè+pèné
Mombo	TEMPLE	àw.∼à#dún.dú.ú~
TebulUre	TEMPLE	dìm.bè+kóŋ.ɡúrɡó
ToroTegu	TEMPLE	kù+pɛ̀tá
YandaDom	TEMPLE	bàŋkɛ́lɛ́
BankanTey	CHEEK	kèn.dêj
BenTey	CHEEK	tʃèlé.è
Bunoge	CHEEK	kɛ̀sɛ̀
DogulDomKundialang	CHEEK	àŋá.á
DonnoSo	CHEEK	ènnè+ènné
JamsayDouentza	CHEEK	bùsùmó
JamsayMondoro	CHEEK	léɡé
Mombo	CHEEK	téɡámó
BonduSoNajamba	CHEEK	tùrú.ù
Penange	CHEEK	kéɡél+jè
PergeTegu	CHEEK	kèlé
TebulUre	CHEEK	pàn.dá
Tiranige	CHEEK	ɛ̀.ɛ̀
TogoKan	CHEEK	léɡé
TommoSoTongoTongo	CHEEK	tù+ɡú
TomoKanDiangassagou	CHEEK	tòɡú
TomoKanSegue	CHEEK	tòɡú
ToroTegu	CHEEK	kà+pìrŋ.ɡó
YandaDom	CHEEK	pàmà
YornoSo	CHEEK	màná
BankanTey	CHIN	ɔ̀m.bɔ̂j
BenTey	CHIN	òm.bôj
Bunoge	CHIN	ʔɔ́n.dɔ̀
DogulDomBendiely	CHIN	ɔ́sɔ̀
DogulDomKundialang	CHIN	ɔ̀sɔ́.ɔ́
DonnoSo	CHIN	bɛ́.ɛ̀
JamsayGourou	CHIN	bɛ̌w
JamsayDouentza	CHIN	bɛ̌w
Mombo	CHIN	bé.é~
BonduSoNajamba	CHIN	à.à
Penange	CHIN	dɔ́mdʒɔ̀
TebulUre	CHIN	bèjà.á
Tiranige	CHIN	jéná
TogoKan	CHIN	bɛ̀+dònó
TommoSoTongoTongo	CHIN	bɛ̀+bɛ̀.ɛ́
TomoKanDiangassagou	CHIN	bjà.à+dòn.dè
TomoKanSegue	CHIN	bjà.à+dòn.dò
ToroTegu	CHIN	bɛ̌w
YandaDom	CHIN	bìjà
YornoSo	CHIN	bì+bɛ̀.ɛ́
Ampari	TOOTH	kén.dá
BankanTey	TOOTH	ɲìr.∼ɛ́
BenTey	TOOTH	ìr.∼ú
Bunoge	TOOTH	ʔínì
DogulDomBendiely	TOOTH	íínò
DogulDomKundialang	TOOTH	ìnó.ó
DonnoSo	TOOTH	ìnú
JamsayGourou	TOOTH	ìr.∼é
JamsayDouentza	TOOTH	ìr.∼é
JamsayMondoro	TOOTH	èr.∼é
Mombo	TOOTH	ínnì
BonduSoNajamba	TOOTH	ìnɔ̀.ɔ́
Penange	TOOTH	ìnì
PergeTegu	TOOTH	ìr.∼é
TebulUre	TOOTH	ìnú
TiranigeBoui	TOOTH	íníŋ.ɡé
TogoKan	TOOTH	ìr.∼í
TommoSoTongoTongo	TOOTH	ìnú
TomoKanDiangassagou	TOOTH	ʔìnì
TomoKanSegue	TOOTH	ʔìnì
ToroTegu	TOOTH	dʒìr.∼ó
YandaDom	TOOTH	ìn
YornoSo	TOOTH	ɛ̌n
BankanTey	MOLAR TOOTH	ŋìr.∼ɛ̀#ɡǎ~+m
BenTey	MOLAR TOOTH	ìr.∼ì#ɡà.áj.∼
JamsayDouentza	MOLAR TOOTH	ìr.∼è+ɡàŋá
BonduSoNajamba	MOLAR TOOTH	ìnɔ̀.ɔ̀#pàm.bú+ŋ.ɡó
Penange	MOLAR TOOTH	áɡálámdʒáj
PergeTegu	MOLAR TOOTH	ìr.∼è+ɡàŋá
TommoSoTongoTongo	MOLAR TOOTH	ìnù#dóm
ToroTegu	MOLAR TOOTH	ɡàŋùmá
YandaDom	MOLAR TOOTH	àŋ.ɡà#ín
YornoSo	MOLAR TOOTH	àŋ.ɡà.á~#ɛ̀n
BankanTey	GUMS	ɲìr.∼ɛ̀#nàmâ
BenTey	GUMS	ìr.∼ù+nàw.∼á.à
Bunoge	GUMS	ʔìní#nàmà
DogulDomKundialang	GUMS	ìnù+nàmá
DonnoSo	GUMS	ìnù+nàmá
JamsayDouentza	GUMS	ìr.∼è#nɔ̀w.∼ɔ́
Mombo	GUMS	án.dù
BonduSoNajamba	GUMS	ìnɔ̀.ɔ̀+nàmá.à
Penange	GUMS	dɔ́n.dí
PergeTegu	GUMS	ìr.∼è+nàw.∼á
TebulUre	GUMS	ìn+nàmá
Tiranige	GUMS	íníŋ.ɡé#nàmá
TommoSoTongoTongo	GUMS	ìnù#nàmá
ToroTegu	GUMS	dàmá
YandaDom	GUMS	ìn+nàmà
YornoSo	GUMS	ɛ̀n+nàw.∼á
Ampari	NECK	pàdò
BankanTey	NECK	kɔ̀rɔ́
BenTey	NECK	kɔ̀rɔ́
Bunoge	NECK	kóláŋ.ɡè
DogulDomBendiely	NECK	mɔ́.ɔ́ɡù
DogulDomKundialang	NECK	mɔ̀.ɔ́ɡ
DonnoSo	NECK	kɔ̀lɔ̀+kɔ̀lɔ́
JamsayGourou	NECK	kɔ̀rɔ́
JamsayDouentza	NECK	kɔ̀rɔ́
Mombo	NECK	párù
BonduSoNajamba	NECK	mɔ̀.ɔ̀.
Penange	NECK	pàrò
PergeTegu	NECK	kɔ̀rɔ́
TebulUre	NECK	kwà.á
Tiranige	NECK	mɔ́.ɔ́
TogoKan	NECK	kɔ̀rɔ́
TommoSoTongoTongo	NECK	ɔ̀+dɔ́
TomoKanDiangassagou	NECK	kɔ̀lɔ̀
TomoKanSegue	NECK	kɔ̀lɔ̀
ToroTegu	NECK	kɔ̀rɔ́
YandaDom	NECK	kɔ̀lɔ̀
YornoSo	NECK	kù+kɔ̀lɔ́
BankanTey	NAPE (OF NECK)	kɔ̀rɔ̀+tùlú
BenTey	NAPE (OF NECK)	kɔ̀rɔ̀+tùlú
JamsayGourou	NAPE (OF NECK)	kɔ̀rɔ̀#ɡòró
JamsayDouentza	NAPE (OF NECK)	kàdʒà+ɡòró
Mombo	NAPE (OF NECK)	ɡúlù
BonduSoNajamba	NAPE (OF NECK)	dɔ̀rɔ̀.ɔ̀+dú.ù
PergeTegu	NAPE (OF NECK)	kɔ̀rɔ̀+ɡòró
TebulUre	NAPE (OF NECK)	kàdà+mòŋ.ɡòró
TogoKan	NAPE (OF NECK)	ɡòró
TommoSoTongoTongo	NAPE (OF NECK)	dɔ̀+rɔ́
TomoKanDiangassagou	NAPE (OF NECK)	ɡwèrè~
ToroTegu	NAPE (OF NECK)	kɔ̀rɔ̀+tʃíwrà
YandaDom	NAPE (OF NECK)	kɔ̀lɔ̀+lòɡòtòrò
YornoSo	NAPE (OF NECK)	dù+dɔ̀rɔ́
BankanTey	THROAT	ɔ̀sɔ̀+kɔ́rɔ̀
BenTey	THROAT	ɔ̀sɔ̀+ɡɔ́rɔ̀
Bunoge	THROAT	ʔɔ̀lɔ́+ɔ̀lɔ̀
DogulDomBendiely	THROAT	jɔ́.ɔ́ɡù
DogulDomKundialang	THROAT	jɔ̀.ɔ́ɡ
DonnoSo	THROAT	àlùmɛ̀.ɛ́
JamsayGourou	THROAT	jɔ̀ɣɔ̀#ósú
JamsayDouentza	THROAT	jɔ̀ɣɔ́
Mombo	THROAT	òlòlì#pídʒí
BonduSoNajamba	THROAT	pòrò+pòró.ò
Penange	THROAT	óréɡélè
PergeTegu	THROAT	jɔ̀ɡɔ́
TebulUre	THROAT	ɔ̀dɔ̀ká.á
Tiranige	THROAT	ɔ̀lɔ̀+ɔ̀lɔ̀
TommoSoTongoTongo	THROAT	ɔ̀+dɔ̀#kɔ́lɔ́
TomoKanDiangassagou	THROAT	kòròdò
TomoKanSegue	THROAT	kóródó
ToroTegu	THROAT	jɔ̀k+ò.ósú
YandaDom	THROAT	jɔ̀ɡɔ̀
YornoSo	THROAT	jɔ̀ɡɔ́
BankanTey	THROAT	kòròj+kóròj
BenTey	THROAT	ɔ̀sɔ̀+ɡɔ́rɔ̀
DonnoSo	THROAT	dʒɔ̀ɡ+í.ì
JamsayDouentza	THROAT	jɔ̀ɣɔ́
Mombo	THROAT	ólólì
BonduSoNajamba	THROAT	pòrò+pòró.ò
TebulUre	THROAT	àr.∼à+jɔ̀kɔ́
TommoSoTongoTongo	THROAT	ɔ̀+dɔ̀#dán+ná
YornoSo	THROAT	jɔ̀ɡɔ́
BankanTey	EARWAX	sún#dɛ̀ɡùsú
BenTey	EARWAX	sùŋùr.∼ù+sùwɔ́
Bunoge	EARWAX	dɛ̀mɛ̀+ŋ+súɡúlè
DogulDomKundialang	EARWAX	sùŋnù+sùɡɔ́
DonnoSo	EARWAX	sùɡùlù+bèdé
JamsayDouentza	EARWAX	sùn+bɛ́.ɛ́
Mombo	EARWAX	sùɡùlì#némé
BonduSoNajamba	EARWAX	sûn#sùɡɔ̀.ɔ̀
Penange	EARWAX	súɡúljè#nɛ́mɛ̀
PergeTegu	EARWAX	sùŋùr.∼ù+bɛ́.ɛ́
TogoKan	EARWAX	sùɡùrù+bɛ́.ɛ́
TommoSoTongoTongo	EARWAX	sùɡù+lù#bɔ́+dɔ́
TomoKanDiangassagou	EARWAX	sùɡù+bjɛ́.ɛ́
TomoKanSegue	EARWAX	sùɡù+bjɛ́.ɛ́
ToroTegu	EARWAX	súɡúrú#dɔ̀.ɔ̀lù
YandaDom	EARWAX	sùn+sùwà
YornoSo	EARWAX	sùɡùrù+bɔ́dʒɔ̀
BankanTey	NASAL MUCUS (SNOT)	kìr.∼è+bɔ̀r.∼û
BenTey	NASAL MUCUS (SNOT)	tʃìr.∼ì+bɔ̀+ní.ì
JamsayDouentza	NASAL MUCUS (SNOT)	tʃìr.∼è#bɔ̀rú
BonduSoNajamba	NASAL MUCUS (SNOT)	kìn.dʒà+pɔ̀rú
PergeTegu	NASAL MUCUS (SNOT)	kìr.∼è+bòní.ì
TommoSoTongoTongo	NASAL MUCUS (SNOT)	kì+nù#pɔ̀+rú
ToroTegu	NASAL MUCUS (SNOT)	tʃír.∼ó
YornoSo	NASAL MUCUS (SNOT)	kín
BankanTey	COUGH	kósíjé
BenTey	COUGH	kóɡúsó
Bunoge	COUGH	tíɡè
DogulDomKundialang	COUGH	kósɡè
DonnoSo	COUGH	kódùɡ+è.è
JamsayGourou	COUGH	kóɡúzó
JamsayDouentza	COUGH	kóɡódʒó
JamsayMondoro	COUGH	kóɡódʒó
Mombo	COUGH	kórólè
BonduSoNajamba	COUGH	kóllí
Penange	COUGH	kóródè
PergeTegu	COUGH	kókúsó
TebulUre	COUGH	kónó
Tiranige	COUGH	kóródó
TogoKan	COUGH	kódʒùɡù
TomoKanDiangassagou	COUGH	kúɡúdʒí
TomoKanSegue	COUGH	kùʔìdʒí
ToroTegu	COUGH	kósíjó
YandaDom	COUGH	kón.dúnó
YornoSo	COUGH	kódʒúɡ+ɛ́
BenTey	HICCOUGH	bèɡé
Bunoge	HICCOUGH	hɛ́ɡɛ̀
DogulDomKundialang	HICCOUGH	bèɡé
DonnoSo	HICCOUGH	ɡɛ̀.ɛ́
JamsayGourou	HICCOUGH	bèɡé
JamsayDouentza	HICCOUGH	bèɡé
JamsayMondoro	HICCOUGH	bèɡé
Mombo	HICCOUGH	béɡú#béɡé
BonduSoNajamba	HICCOUGH	bèɡí
Penange	HICCOUGH	héɡé
PergeTegu	HICCOUGH	bèɡìré
TommoSoTongoTongo	HICCOUGH	bèɡé
TomoKanDiangassagou	HICCOUGH	séɡí
TomoKanSegue	HICCOUGH	hèɡí
ToroTegu	HICCOUGH	bèɡó
YandaDom	HICCOUGH	bèɡé
YornoSo	HICCOUGH	léɡé
DogulDomKundialang	SNEEZE	sájè
DonnoSo	SNEEZE	sá.à
JamsayGourou	SNEEZE	sá.á
JamsayDouentza	SNEEZE	sá.á
JamsayMondoro	SNEEZE	sá
Mombo	SNEEZE	ídʒílì
BonduSoNajamba	SNEEZE	ɗíllɛ́
Penange	SNEEZE	ídʒé
PergeTegu	SNEEZE	íɡísɛ́
TebulUre	SNEEZE	sé.é
Tiranige	SNEEZE	ídʒáló
TogoKan	SNEEZE	sá.á
TommoSoTongoTongo	SNEEZE	sáá
TomoKanSegue	SNEEZE	jìʔìdʒì
ToroTegu	SNEEZE	ìsìjá
YandaDom	SNEEZE	síjɛ́
YornoSo	SNEEZE	sá.á
BankanTey	FART	zì.í~#zì.í~
BenTey	FART	ɡíj.∼#ɡì.ìj.∼í
Bunoge	FART	súɡɔ̀#sɛ́.ɛ̀
DogulDomKundialang	FART	dʒɔ̀.ɔ́ɡ#písè
DonnoSo	FART	dʒí.ì~#pídè
JamsayGourou	FART	zí.ì~#zì.í~
JamsayDouentza	FART	dʒí.ì~#dʒì.í~
Mombo	FART	ɡj.∼ɛ̀.ɛ̀#ɡj.∼ɛ́.ɛ́
BonduSoNajamba	FART	ɡìjɛ̀+ŋ.ɡó#ɡìj.∼ɛ́
Penange	FART	ɡɛ̀.ɛ̀.∼#ɡɛ́.ɛ́.∼
PergeTegu	FART	ɡí.í~#ɡì.í~
TebulUre	FART	dʒì+ŋ.ɡé#dʒě
Tiranige	FART	jɛ́.ɛ́#jɔ́.ɔ́
TogoKan	FART	dʒí.í~#dʒì.í~
TommoSoTongoTongo	FART	ɡíj.∼ɛ́#ɡìj.∼ɛ́
TomoKanDiangassagou	FART	dʒì+dʒɛ́.∼#dùrì
TomoKanSegue	FART	dʒì+dʒɛ́.∼#dùrì
YandaDom	FART	dʒìŋ#dʒé
YornoSo	FART	dʒí.ì~#dʒì.í~
BankanTey	CHOKE	péŋ.ɡíjé
BenTey	CHOKE	péŋ.ɡíjé
DogulDomKundialang	CHOKE	páɲɲè
DonnoSo	CHOKE	páŋ+ɛ̀.ɛ̀
JamsayDouentza	CHOKE	sárɡá
Mombo	CHOKE	dúɡúljé.è
BonduSoNajamba	CHOKE	tìn.dì+jè
Penange	CHOKE	mɛ́ɡɛ́
PergeTegu	CHOKE	píŋ.ɡíjé
TebulUre	CHOKE	tín.d+ì.ì+jà
Tiranige	CHOKE	tíŋ.ɡó
TogoKan	CHOKE	pàŋú#páŋì
TommoSoTongoTongo	CHOKE	pááŋí+jɛ́
TomoKanDiangassagou	CHOKE	pjɛ́ŋ.ɡí
TomoKanSegue	CHOKE	pɛ̀ŋ.ɡí
ToroTegu	CHOKE	péŋó
YandaDom	CHOKE	pán+dʒɛ́
YornoSo	CHOKE	pá.áŋ+ɛ́.ɛ́
BankanTey	BLINK	ɡìré#pɛ́rɛ́
BankanTey	BLINK	ɡìré#kɛ́r.∼í
BenTey	BLINK	dʒìré#kímdʒɛ́
DogulDomKundialang	BLINK	ɡìró#kɛ́msɛ̀
DonnoSo	BLINK	ɡìrù+kúmòlò+kùmòlò#kán
JamsayDouentza	BLINK	kámɲá
Mombo	BLINK	kúmɛ́#kúmɛ́#kání
Mombo	BLINK	mìdʒɛ̀+mìdʒɛ̀#kání
BonduSoNajamba	BLINK	ɡìrè+ɲɛ́mɛ́lɛ́#kán
Penange	BLINK	kámí
PergeTegu	BLINK	tʃíw.∼ɛ́
TebulUre	BLINK	ɡìrè+kámdá#kán
Tiranige	BLINK	dʒíró#kùm.bì+jò+kùm.bì+lè#kán
TogoKan	BLINK	kúmúɲɔ́
TommoSoTongoTongo	BLINK	ɡìré#kúmún.dʒó
TomoKanDiangassagou	BLINK	dʒìri.∼+kúmúdʒɛ̀+kúmúdʒɛ̀#bìrɛ̀
TomoKanSegue	BLINK	dʒìrì#dʒáʔànì
ToroTegu	BLINK	dʒìró#tʃɛ́m
YandaDom	BLINK	ɡìdè+kúmzɔ́#kán
YornoSo	BLINK	ɡìrì+j#kɛ́mɲɛ́#kár.∼á
BankanTey	YAWN	kó
BenTey	YAWN	kó
DogulDomBendiely	YAWN	kàjɛ́
DogulDomKundialang	YAWN	kájè
DonnoSo	YAWN	áŋìn+ɛ̀
JamsayGourou	YAWN	kó.ó
JamsayDouentza	YAWN	kó.ó
Mombo	YAWN	ábábá#ɡúbé
BonduSoNajamba	YAWN	àjè
Penange	YAWN	há.álè
PergeTegu	YAWN	pó.ó
TebulUre	YAWN	nɔ́.ɔ́r.∼+í.í
Tiranige	YAWN	á.ájó
TommoSoTongoTongo	YAWN	káá
TomoKanDiangassagou	YAWN	dá.árì
TomoKanSegue	YAWN	dà.àrì
ToroTegu	YAWN	kó
YandaDom	YAWN	á.álíjɛ́
YornoSo	YAWN	wà.áɡ+ɛ́.ɛ́
BankanTey	SPIT	mìm.bèsî#tɔ́tí
BenTey	SPIT	sùsù+ní.ì#tɔ́
Bunoge	SPIT	sòn+sónì#sɛ́.ɛ̀
DogulDomBendiely	SPIT	dòɲdʒé#tùwé
DogulDomKundialang	SPIT	dòn.dʒé#túwè
DonnoSo	SPIT	dòn.dʒí.ì#tú.úlò
JamsayGourou	SPIT	kàɡùzá#káɡúzá
JamsayDouentza	SPIT	jɔ̀rɔ̀.ɔ̀+ní.í#tɔ́.ɔ́
BonduSoNajamba	SPIT	sǔn.dè#swɛ́
Penange	SPIT	sò.òn.dʒì#swɛ́.ɛ́
PergeTegu	SPIT	jɔ̀rɔ̀+ní.í#tɔ́.ɔ́
TebulUre	SPIT	sò.òn.dʒì#swɛ́.ɛ́
Tiranige	SPIT	só.ón.dí#tɔ́.ɔ́
TogoKan	SPIT	tùrɔ̀+dí.í#túrɔ́
TommoSoTongoTongo	SPIT	júlɔ́#tɔ́.ɔ́
TomoKanDiangassagou	SPIT	tùrɛ̀+dʒì.ì~#túrɛ́
TomoKanSegue	SPIT	tùrɛ̀.∼+dʒì#tùrɛ́
ToroTegu	SPIT	tɔ́
YandaDom	SPIT	sùmzú#tó.ó
YornoSo	SPIT	jù.ùdʒà.á#tɔ́.ɔ́
BankanTey	DRIBBLE	mbù.ù+ní.ì#tó.ótí
DonnoSo	DRIBBLE	ɡúlɔ̀#ɡùlɔ́
JamsayDouentza	DRIBBLE	ɡúrɔ̀#ɡùrɔ́
BonduSoNajamba	DRIBBLE	sùn.dè+dʒárì#dʒǎr
TommoSoTongoTongo	DRIBBLE	àŋà#dádú#ɡòó
TomoKanDiangassagou	DRIBBLE	kà.à~+dʒì.ì#búró+mì
TomoKanSegue	DRIBBLE	kà.à~+dʒìlɛ̀#ɡwè.è
YandaDom	DRIBBLE	bùrú#bùrɔ́
YornoSo	DRIBBLE	kɛ̀nɛ̀+dì.í#ɡò.ó
BankanTey	DRIBBLE	bùwá
DonnoSo	DRIBBLE	ɡúl+ɛ̀
JamsayDouentza	DRIBBLE	ɡùrɔ́
BonduSoNajamba	DRIBBLE	dʒàrè
PergeTegu	DRIBBLE	párijɛ́
TommoSoTongoTongo	DRIBBLE	àŋà#dádú#ɡòó
ToroTegu	DRIBBLE	ɡùrɔ́
YandaDom	DRIBBLE	bùrɔ́
BankanTey	VOMIT	ɡúrà#ɡùrá
BenTey	VOMIT	ɡúrɔ̀#ɡùrɔ́
Bunoge	VOMIT	sú.ù#sɛ́.ɛ̀
DogulDomBendiely	VOMIT	wɛ̀sɛ́
DogulDomKundialang	VOMIT	wɛ́sɛ̀
DonnoSo	VOMIT	wèd+é.è#wɛ̀dɛ́
JamsayGourou	VOMIT	tɔ̌j#tɔ́.ɔ́
JamsayDouentza	VOMIT	tɔ̌j#tɔ́.ɔ́
JamsayMondoro	VOMIT	tɔ̌+j#tɔ́.ɔ́
BonduSoNajamba	VOMIT	ùlè
Penange	VOMIT	sɔ́.ɔ́#swɛ́.ɛ́
PergeTegu	VOMIT	ɡúrɔ̀#ɡùrɔ́
TebulUre	VOMIT	ɡúlá#ɡùlɔ́
Tiranige	VOMIT	én.dʒí#ɛ́n.dʒɔ́
TogoKan	VOMIT	ɡúrɔ́#ɡùrɔ́
TommoSoTongoTongo	VOMIT	ɡúlɔ́#ɡùlɔ́
TomoKanDiangassagou	VOMIT	ɡùlɛ̀
TomoKanSegue	VOMIT	ɡùlɛ́#ɡùlɛ̀
YandaDom	VOMIT	úló#úló
YornoSo	VOMIT	ɡúlɔ̀#ɡùlɔ́
BankanTey	PISS	ɔ̀zú.ù#ɔ̀zí
BenTey	PISS	òmdʒú#ómdʒú
Bunoge	PISS	mɔ́.ɔ́n.dʒì#má.án.dʒè
DogulDomBendiely	PISS	ɲdʒá#sɛ̀.ɛ́
DogulDomKundialang	PISS	ndʒá.á#sɛ́
DonnoSo	PISS	ndʒàrí.ì#sá.à
JamsayGourou	PISS	ùsùr.∼ù#sú.ú~
JamsayDouentza	PISS	sùr.∼ó#sú.ú~
JamsayMondoro	PISS	sùr.∼ó#sú.ú~
Mombo	PISS	mòn.dʒè#mán.dʒé
BonduSoNajamba	PISS	mǒn.dʒè#món.dʒí
Penange	PISS	mɔ̀.ɔ̀n.dʒì#mán.dʒé
PergeTegu	PISS	ùsùr.∼ú#sú.ú~
TebulUre	PISS	èn.dílé#ám.bíl
Tiranige	PISS	ón.dʒí#ón.dʒó
TogoKan	PISS	ì~sìr.∼í#sí.í~
TommoSoTongoTongo	PISS	ndʒàrìí#sáá
TomoKanDiangassagou	PISS	ʔùn.dʒùrù~#swí.í~
TomoKanSegue	PISS	ʔìn.dʒùrù
YandaDom	PISS	ómzú#úm.búló
YornoSo	PISS	ìsán#sá.á~
BankanTey	LAUGH	mánù#màní
BenTey	LAUGH	mánù#màní
Bunoge	LAUGH	màn.dù#mán.dè
DogulDomKundialang	LAUGH	màn.dé
DonnoSo	LAUGH	mò.òj#mò.ò+n.dó
JamsayGourou	LAUGH	mɔ́w.∼#mɔ̀w.∼ɔ́
JamsayDouentza	LAUGH	mɔ́w.∼#mɔ̀w.∼ɔ́
JamsayMondoro	LAUGH	mɔ́w.∼#mɔ̀w.∼ɔ́
BonduSoNajamba	LAUGH	màn.dú.ù#màn.dí
Penange	LAUGH	mán.dí#mán.dé
PergeTegu	LAUGH	mɔ́.ɔ́.∼#mɔ̀.ɔ́.∼
TebulUre	LAUGH	món.dú+ɡó#màn.dí
Tiranige	LAUGH	mán.dó
TogoKan	LAUGH	mɔ́#mɔ̀.ɔ́
TommoSoTongoTongo	LAUGH	mómú#mòmó
TomoKanDiangassagou	LAUGH	mów.∼#mòmè
TomoKanSegue	LAUGH	mɔ́.∼#mɔ̀mɛ̀
YandaDom	LAUGH	màn.dù#màn.dú
YornoSo	LAUGH	mɔ̂j.∼#mɔ̀.ɔ́
BankanTey	SNORE	ɡɔ̀n.dùrɔ́.ɔ̀#ɡɔ̀n.dírí
BenTey	SNORE	ɡɔ́lɔ́rɔ̀#ɡɔ̀lùrú
Bunoge	SNORE	kɔ̀rɔ̀rɔ̀#núm.bè
DogulDomKundialang	SNORE	ɡɔ́rɔ̀dɔ̀+ŋ#ɡɔ̀rdɛ́
DonnoSo	SNORE	ɡɔ́rɔ̀#dɔ̀n.dʒɔ́
JamsayDouentza	SNORE	ɡɔ́lɔ́rɔ́#ɡɔ̀lɔ̀rɔ́
Mombo	SNORE	ɡɔ́rɔ́n.dɔ́#dɔ́n.dʒɛ́
Penange	SNORE	ɡɔ́rɔ́lɔ́#kɔ́mɛ́
PergeTegu	SNORE	ɡɔ́lɔ́rɔ̀#ɡɔ̀lɔ̀rɔ́
TebulUre	SNORE	ɡɔ́rɔ́dá.á#ɡɔ̀rɔ̀dí
Tiranige	SNORE	ɡúrádí#ɡúrádó
TogoKan	SNORE	ɡɔ́rɛ́lɛ́#dɔ̀ɲɔ́
TommoSoTongoTongo	SNORE	nìnnù#kɔ́rɔ́n.dɔ́#kɔ́rɔ́n.dɔ́
TomoKanDiangassagou	SNORE	ɡòròdò#ɡòròdì
TomoKanSegue	SNORE	ɡɔ̀rɔ̀dɔ̀#kùlí
ToroTegu	SNORE	ɡàɡá
YandaDom	SNORE	ɡɔ̀rɔ́dɔ̀#ɡɔ̀rɔ́dɔ́
YornoSo	SNORE	ɡɔ́rɔ́lɔ́#dɔ̀ɲɔ́
BankanTey	SNORE	ɡɔ̀n.dírí
BenTey	SNORE	ɡɔ̀lùrú
Bunoge	SNORE	núm.bè
DogulDomKundialang	SNORE	ɡɔ̀rdɛ́
DonnoSo	SNORE	dɔ̀n.dʒɔ́
JamsayDouentza	SNORE	ɡɔ̀lɔ̀rɔ́
Mombo	SNORE	ɡɔ́rɔ́n.dɔ́#dʒúŋ.ɡé
BonduSoNajamba	SNORE	hàrɛ̀
Penange	SNORE	kɔ́mɛ́
PergeTegu	SNORE	ɡɔ̀lɔ̀rɔ́
TebulUre	SNORE	ɡɔ̀rɔ̀dí
Tiranige	SNORE	ɡúrádó
TogoKan	SNORE	dɔ̀ɲɔ́
TommoSoTongoTongo	SNORE	kɔ́rɔ́n.dɔ́
TomoKanDiangassagou	SNORE	ɡòròdì
ToroTegu	SNORE	ɡàɡá
YandaDom	SNORE	ɡɔ̀rɔ́dɔ́
YornoSo	SNORE	dɔ̀ɲɔ́
BankanTey	SHIT (DEFECATE)	sùwá
BenTey	SHIT (DEFECATE)	súwɔ́
Bunoge	SHIT (DEFECATE)	súɡɛ̀
DogulDomKundialang	SHIT (DEFECATE)	súɡɛ̀
DonnoSo	SHIT (DEFECATE)	bèdé
JamsayGourou	SHIT (DEFECATE)	bɛ̀.ɛ́
JamsayDouentza	SHIT (DEFECATE)	bɛ̀.ɛ́
BonduSoNajamba	SHIT (DEFECATE)	súɡɛ́
Penange	SHIT (DEFECATE)	súɡɛ́
PergeTegu	SHIT (DEFECATE)	bɛ̀.ɛ́
TebulUre	SHIT (DEFECATE)	súɡɔ́
Tiranige	SHIT (DEFECATE)	súɡɔ́
TommoSoTongoTongo	SHIT (DEFECATE)	bɔ̀dɔ́
TomoKanDiangassagou	SHIT (DEFECATE)	dùrì
TomoKanSegue	SHIT (DEFECATE)	dùrì
ToroTegu	SHIT (DEFECATE)	bɔ̀sɔ́
YandaDom	SHIT (DEFECATE)	súwɔ́
YornoSo	SHIT (DEFECATE)	bɔ̀dʒɔ́
BankanTey	COPULATE	ɡùmɔ́
BenTey	COPULATE	ɡùw.∼ɔ́
JamsayDouentza	COPULATE	sɛ́rɛ́
Mombo	COPULATE	jɔ̀.ɔ̀#n.dò#bíjè
BonduSoNajamba	COPULATE	ɡùmɛ́
Penange	COPULATE	mɔ́rɛ́
PergeTegu	COPULATE	sɛ́rɛ́
TogoKan	COPULATE	nɔ̀ŋú#nɔ́ɲɔ́
TommoSoTongoTongo	COPULATE	ɡùmɔ́
TomoKanDiangassagou	COPULATE	ùbà.à#bírɛ́
TomoKanSegue	COPULATE	ùbà.à#bìrɛ̀
ToroTegu	COPULATE	sɛ́rá
YandaDom	COPULATE	ɡùmɔ́
YornoSo	COPULATE	ɔ́ɡɔ́
BankanTey	SWEAT (PERSPIRE)	sò.ò+só.ó#ɡó
BenTey	SWEAT (PERSPIRE)	sù+sò.ó#ɡǒ
Bunoge	SWEAT (PERSPIRE)	ʔúdʒérè#púdʒè
JamsayDouentza	SWEAT (PERSPIRE)	ò.òɡú#ɡò.ó
Mombo	SWEAT (PERSPIRE)	údʒù#ɡwé.é
Penange	SWEAT (PERSPIRE)	bùɡàrì#púdʒé
PergeTegu	SWEAT (PERSPIRE)	sò+sǒj#ɡò.ó
TebulUre	SWEAT (PERSPIRE)	sòɡó#ɡǒ
TogoKan	SWEAT (PERSPIRE)	ò.òɡú#tɔ́rɔ́
TommoSoTongoTongo	SWEAT (PERSPIRE)	sòó#ɡòó
TomoKanDiangassagou	SWEAT (PERSPIRE)	ʔòɡù#twɛ́lɛ́
TomoKanSegue	SWEAT (PERSPIRE)	ʔòɡú#twɛ̀lɛ́
ToroTegu	SWEAT (PERSPIRE)	dòró
YandaDom	SWEAT (PERSPIRE)	úzú#ɡó
YornoSo	SWEAT (PERSPIRE)	sò.ó#ɡò.ó
BenTey	SIT	dʒɛ̀wrí#éw+jé
Mombo	SIT	dá.áj.∼è.è
BonduSoNajamba	SIT	dʒèm.bí#nɛ̀#óbí+j
PergeTegu	SIT	dʒèwrí#dèn.dʒé
TogoKan	SIT	kír.∼ì#dɛ̀ŋ+í.ì
TommoSoTongoTongo	SIT	ɡèm.bìlí+ni#dànní+jɛ́
YandaDom	SIT	tʃédú#nà#óbí+jó
YornoSo	SIT	ɡèbèɡé#dàj.∼+ɛ́.ɛ́
BankanTey	KNEEL	túŋ.ɡ+í.í
BenTey	KNEEL	túŋ.ɡú+jú
Bunoge	KNEEL	kùn.dʒùɡá#kò.ò#m.bà#kún.dè
DogulDomBendiely	KNEEL	tùŋɛ́
DogulDomKundialang	KNEEL	túŋ+jɛ̀
DonnoSo	KNEEL	tú.úŋ+è.è
JamsayGourou	KNEEL	túŋó
JamsayDouentza	KNEEL	túŋó
JamsayMondoro	KNEEL	téwé
Mombo	KNEEL	sóm.bá
BonduSoNajamba	KNEEL	ɲàŋí+jɛ́
PergeTegu	KNEEL	túŋ.ɡú+jɔ́
TebulUre	KNEEL	tún.dʒ+í.í+jà
Tiranige	KNEEL	jáŋí+jó
TogoKan	KNEEL	túŋ+ɛ́.ɛ́
TommoSoTongoTongo	KNEEL	túŋí+jɛ́
TomoKanDiangassagou	KNEEL	ɲùŋ.ɡòlò+kù~#hú~#twɛ́lí
TomoKanSegue	KNEEL	ɲùŋ.ɡòlò+kù~#twɛ̀lí
ToroTegu	KNEEL	ɡùrùkó
YandaDom	KNEEL	tún.dʒɔ́
YornoSo	KNEEL	túŋ+ɛ́.ɛ́
BankanTey	CROUCH	tɔ́r.∼íjí
BenTey	CROUCH	tɔ́r.∼í+j.∼í
Bunoge	CROUCH	sóm.bè
DogulDomBendiely	CROUCH	tɔ̀nìjɛ́
DogulDomKundialang	CROUCH	tɔ́n+jɛ̀
DonnoSo	CROUCH	tɔ́d+ɛ̀.ɛ̀
JamsayGourou	CROUCH	tɔ́r.∼ɔ́
JamsayDouentza	CROUCH	tɔ́r.∼ɔ́
JamsayMondoro	CROUCH	tɔ́r.∼ɔ́
Mombo	CROUCH	sóm.bjé.è
BonduSoNajamba	CROUCH	sóm.bí+j
Penange	CROUCH	sóm.b+jè
PergeTegu	CROUCH	tɔ́r.∼ú+j.∼ɔ́
TebulUre	CROUCH	tón.d+í.í+jà
Tiranige	CROUCH	sóm.bí+jó
TogoKan	CROUCH	tɔ́r.∼+ì.ì
TommoSoTongoTongo	CROUCH	tɔ́.ɔ́dí+jɛ́
TomoKanDiangassagou	CROUCH	twɛ́lí
TomoKanSegue	CROUCH	twɛ̀lí
ToroTegu	CROUCH	tóríjó
YandaDom	CROUCH	tózí+jó
YornoSo	CROUCH	tɔ́dʒ+ɛ́.ɛ́
BenTey	STAND	ì.ìj+í.ì#í.í+jí
Bunoge	STAND	ʔìɡá#ʔìɡà
DogulDomKundialang	STAND	ì+ʔíɡà
DonnoSo	STAND	ì.íŋɛ̀
JamsayDouentza	STAND	ìdʒɛ́#ídʒɛ́
Mombo	STAND	ì+íŋ.ɡá
BonduSoNajamba	STAND	ìŋ.ɡà
Penange	STAND	íŋ.ɡà
TebulUre	STAND	íɡà
Tiranige	STAND	íɡà
TogoKan	STAND	ì+íɡɛ̀
TommoSoTongoTongo	STAND	í+íŋɛ̀
TomoKanDiangassagou	STAND	ʔjà.à
TomoKanSegue	STAND	jè#ʔjá
YornoSo	STAND	ì+íŋɛ̀
Ampari	LIE DOWN	bìjè
BankanTey	LIE DOWN	bìjé
BenTey	LIE DOWN	bì+jé
Bunoge	LIE DOWN	bí.í+jè
DogulDomKundialang	LIE DOWN	bìj+jé
DonnoSo	LIE DOWN	ùn.dʒ+é.é
JamsayGourou	LIE DOWN	ìsé
JamsayDouentza	LIE DOWN	ìɲé
JamsayMondoro	LIE DOWN	ìɲé
Mombo	LIE DOWN	bí.íjè
BonduSoNajamba	LIE DOWN	bìjè
Penange	LIE DOWN	bí+jé
PergeTegu	LIE DOWN	ìn.dʒé
TebulUre	LIE DOWN	bě
Tiranige	LIE DOWN	bí+jó
TogoKan	LIE DOWN	ìm+ɛ́.ɛ́
TommoSoTongoTongo	LIE DOWN	ndʒó#ndʒí+jó
TomoKanSegue	LIE DOWN	mjɛ́.∼
ToroTegu	LIE DOWN	ìsé
YandaDom	LIE DOWN	bì+jó
YornoSo	LIE DOWN	dì.í~
BankanTey	UDDER	úrù
BenTey	UDDER	írì
Bunoge	UDDER	ʔódʒdʒè
DogulDomKundialang	UDDER	ndʒù+ŋ
DonnoSo	UDDER	írù
JamsayDouentza	UDDER	írù
Mombo	UDDER	óɡjé
BonduSoNajamba	UDDER	ón.dʒù.ù
Penange	UDDER	édʒdʒé
PergeTegu	UDDER	írì
TebulUre	UDDER	ómɡó
Tiranige	UDDER	ùn.dʒìɡè
TogoKan	UDDER	írí
TommoSoTongoTongo	UDDER	à+n+dá
TomoKanSegue	UDDER	ʔìrí
ToroTegu	UDDER	ìrù+pèlú
YandaDom	UDDER	án.dá
YornoSo	UDDER	írù
Ampari	TAIL	dìrɔ́
BankanTey	TAIL	dúrà
BenTey	TAIL	dúrɔ̀
Bunoge	TAIL	dílɔ̀
DogulDomBendiely	TAIL	dúlò
DogulDomKundialang	TAIL	dúlɔ̀.ɔ̀
DonnoSo	TAIL	dúlɔ̀
JamsayGourou	TAIL	dùrɔ́
JamsayDouentza	TAIL	dúrɔ́
Mombo	TAIL	dúlɔ́
BonduSoNajamba	TAIL	dúlɔ̀.ɔ̀
Penange	TAIL	dìlɔ̀
PergeTegu	TAIL	dúrɔ́
TebulUre	TAIL	dúlá.á
Tiranige	TAIL	dìlɔ̀
TogoKan	TAIL	dúrɔ́
TommoSoTongoTongo	TAIL	dúlɔ́
TomoKanSegue	TAIL	dʒìlá
ToroTegu	TAIL	báná
YandaDom	TAIL	dùlɔ́
YornoSo	TAIL	dúlɔ̀
BankanTey	TAIL	dúrà
BenTey	TAIL	dúrɔ̀
Bunoge	TAIL	dílɔ̀
DogulDomKundialang	TAIL	dúlɔ̀.ɔ̀
DonnoSo	TAIL	dúlɔ̀
JamsayDouentza	TAIL	dúrɔ́
Mombo	TAIL	dúlɔ́
BonduSoNajamba	TAIL	dúlɔ̀.ɔ̀
Penange	TAIL	kɛ̀mɛ̀
PergeTegu	TAIL	dúrɔ́
TebulUre	TAIL	dúlá.á
Tiranige	TAIL	dìlɔ̀
TogoKan	TAIL	dúrɔ́
TommoSoTongoTongo	TAIL	mòòmíó#dùlɔ̀
TomoKanSegue	TAIL	dʒìlá
ToroTegu	TAIL	báná
YandaDom	TAIL	dùlɔ́
YornoSo	TAIL	dúlɔ̀
BankanTey	WING	dʒɛ̀n.dɛ́.ɛ̀
BenTey	WING	ɡámdʒá
Bunoge	WING	ɡúbà
DogulDomBendiely	WING	ɡáám.bùrù
DogulDomKundialang	WING	ɡám.bùrù+ŋ
DonnoSo	WING	ɡám.bùrù
JamsayGourou	WING	ɡámsá
JamsayDouentza	WING	ɡámɲú
JamsayMondoro	WING	ɡámɲú
Mombo	WING	kárá+kárá
BonduSoNajamba	WING	kàkàrá.à
Penange	WING	ɡùbà
PergeTegu	WING	ɡámdʒá
TebulUre	WING	ká+kárá
Tiranige	WING	pɛ̀nɛ̀+pɛ̀nɛ̀
TogoKan	WING	ɡáɲá
TommoSoTongoTongo	WING	ká+kárú
TomoKanSegue	WING	ɡàn.dʒá
ToroTegu	WING	dʒɛ̀tá
YandaDom	WING	kàɡádà
YornoSo	WING	ɡámìrù
BenTey	CLAW	lɔ̀sɔ̀+sì.ì~+kɔ̌w.∼r.∼ì
DogulDomBendiely	CLAW	ḱòbùlúŋ
DogulDomKundialang	CLAW	kóbùlù+ŋ
DonnoSo	CLAW	kùbɔ̀#sà+j
JamsayDouentza	CLAW	kɔ̀.ɔ̀+kɔ̀r.∼í.ì~
PergeTegu	CLAW	kùwɔ̀+ší~
TebulUre	CLAW	là.à+kòbìl+íjɛ́
TommoSoTongoTongo	CLAW	ànù#sàj#kòbì+lì+jé
TomoKanSegue	CLAW	kùbà+kwɛ̀lɛ̀.∼
ToroTegu	CLAW	kùwɔ̀+tʃèwrěj
YandaDom	CLAW	kòm.bíl+jè
YornoSo	CLAW	kùbɔ̀+kòbìlì+j
Ampari	HORN (ANATOMY)	kɛ̀rɔ̀
BankanTey	HORN (ANATOMY)	kíjà
BenTey	HORN (ANATOMY)	tʃíjà
Bunoge	HORN (ANATOMY)	kɛ́lɛ̀
DogulDomBendiely	HORN (ANATOMY)	kɛ̀lɔ́
DogulDomKundialang	HORN (ANATOMY)	kɛ́lɔ̀.ɔ̀
DonnoSo	HORN (ANATOMY)	kílɛ̀
JamsayGourou	HORN (ANATOMY)	kírɛ́
JamsayDouentza	HORN (ANATOMY)	tʃírɛ́
Mombo	HORN (ANATOMY)	kɛ́lɛ́
BonduSoNajamba	HORN (ANATOMY)	kɛ́lɔ̀.ɔ̀
Penange	HORN (ANATOMY)	kɛ́lɛ́
PergeTegu	HORN (ANATOMY)	kírɛ́
TebulUre	HORN (ANATOMY)	tʃílá
TiranigeBoui	HORN (ANATOMY)	kɛ̀.ɛ̀lɛ̀ŋ.ɡè
TogoKan	HORN (ANATOMY)	kírɛ́
TommoSoTongoTongo	HORN (ANATOMY)	kɛ́+lɛ́
TomoKanSegue	HORN (ANATOMY)	tʃìlá
ToroTegu	HORN (ANATOMY)	tʃírá
YandaDom	HORN (ANATOMY)	tʃélá
YornoSo	HORN (ANATOMY)	kílɛ̀
Ampari	FEATHER	kùrɛ̀
BankanTey	FEATHER	kùjá
BenTey	FEATHER	kù+kùjɔ́
Bunoge	FEATHER	kùlɛ̀
DogulDomBendiely	FEATHER	kílì
DogulDomKundialang	FEATHER	kîl
DonnoSo	FEATHER	kèŋ.ɡèlé
JamsayGourou	FEATHER	kúrɔ́
JamsayDouentza	FEATHER	kúrɔ́
Mombo	FEATHER	ìní#kúlɛ̀
BonduSoNajamba	FEATHER	kùlɛ́+ŋ.ɡó
Penange	FEATHER	kúlɛ́
PergeTegu	FEATHER	kúrɔ́
TebulUre	FEATHER	kúlá
Tiranige	FEATHER	kùlɛ̀+ŋ.ɡè
TogoKan	FEATHER	kúrɔ́
TommoSoTongoTongo	FEATHER	kú+ló
TomoKanSegue	FEATHER	kùlɛ́
ToroTegu	FEATHER	kúrɔ́
YandaDom	FEATHER	kùlà
YornoSo	FEATHER	kù+kûl
BankanTey	SCALE	kòkòm.bú.ù
BenTey	SCALE	tʃɛ́.ɛ̀
Bunoge	SCALE	kɛ̀dʒɛ̀lɛ̀
DogulDomBendiely	SCALE	kòbùlúŋ
DogulDomKundialang	SCALE	kòɡó
DonnoSo	SCALE	kòm.bè.é
JamsayDouentza	SCALE	kì+kǒw
JamsayMondoro	SCALE	kǒw
Mombo	SCALE	ɡúdʒù
BonduSoNajamba	SCALE	kòɡó.ò
Penange	SCALE	kòm.bòl+jè
PergeTegu	SCALE	kɛ́.ɛ̀
TebulUre	SCALE	tʃɛ́bdɛ́
Tiranige	SCALE	nɛ̀mɛ̀
TogoKan	SCALE	kò+kò.ó
TommoSoTongoTongo	SCALE	kɛ́bɛ́+dɛ́
TomoKanSegue	SCALE	kú.ú
ToroTegu	SCALE	kǒw
YandaDom	SCALE	tʃɛ́bzɛ́
YornoSo	SCALE	kòbìlì+j
BankanTey	SHELL	ɡùm.bá
BenTey	SHELL	kóró
Bunoge	SHELL	kòbàlì
DogulDomBendiely	SHELL	kɔ̀mùnú
DogulDomKundialang	SHELL	kɔ̀mnú
DonnoSo	SHELL	kòm.bè.é
JamsayGourou	SHELL	kǒw
JamsayDouentza	SHELL	kì+kǒw
JamsayMondoro	SHELL	sɔ̀ŋɔ́r.∼ɔ̀
Mombo	SHELL	kédʒéré
BonduSoNajamba	SHELL	ɡùm.bà.á
Penange	SHELL	kà.àn.dʒè
PergeTegu	SHELL	ɡùm.bɔ̀+kɔ̀rú
TebulUre	SHELL	ɡùm.bá.á
Tiranige	SHELL	kój
TogoKan	SHELL	kó.óɲó
TommoSoTongoTongo	SHELL	kì+rù#bàn.dʒá
TomoKanSegue	SHELL	kòbò
ToroTegu	SHELL	bà.à~sá
YandaDom	SHELL	ɡùmà
YornoSo	SHELL	bàɲá
BankanTey	SNAIL	tʃɛ̀wrɛ̀+tʃɛ̀tʃɛ̂+m
BenTey	SNAIL	tʃɛ̀wrɛ́+kɛ̀.ɛ́sù
DogulDomBendiely	SNAIL	ɡànnòkɔ̀rɔ̀dɔ́ŋ
DogulDomKundialang	SNAIL	ɡànnù+kɔ̀rdɔ́.∼
DonnoSo	SNAIL	ɡànnùŋ.ɡɔ̀.ɔ̀rɔ́
JamsayDouentza	SNAIL	tʃérù
Mombo	SNAIL	dʒán.dì#kɔ́rɔ̀
BonduSoNajamba	SNAIL	ɡàn.dá
PergeTegu	SNAIL	ɡòrǒm+ɡǒmdʒò
TebulUre	SNAIL	ɡà.àn.dà+kórón.dó
TogoKan	SNAIL	kùwɔ̀+kérú
TommoSoTongoTongo	SNAIL	ɡàn+ná
ToroTegu	SNAIL	dànâm+pótùrò
YandaDom	SNAIL	ɡà.ànà+kóródó
YornoSo	SNAIL	ɡà.ànà+kòlì+j
BenTey	SPIDER WEB	nì+nɔ̀.ɔ̀r.∼ɔ̀j.∼+dà.á
DogulDomBendiely	SPIDER WEB	nànà#ɡís
DogulDomKundialang	SPIDER WEB	nàrà+ŋ+ɡé.ès
DonnoSo	SPIDER WEB	ɡɛ̀dú
JamsayDouentza	SPIDER WEB	nɔ̀.ɔ̀r.∼ɔ̀+dà.á
Mombo	SPIDER WEB	ná.ání#kóbú
BonduSoNajamba	SPIDER WEB	ɡɔ́ŋɛ́#pìn.dì.ì
PergeTegu	SPIDER WEB	nɔ̀+nɔ̀.ɔ̀r.∼ɔ́
TebulUre	SPIDER WEB	nɔ̀.ɔ̀r.∼ɔ̀+dà.á
Tiranige	SPIDER WEB	ɡɛ́dʒí
TogoKan	SPIDER WEB	nɔ̀nɔ̀.ɔ̀r.∼ɔ́
TommoSoTongoTongo	SPIDER WEB	dʒì+dʒìbú
ToroTegu	SPIDER WEB	jɔ̀rù+tí.ínú
YandaDom	SPIDER WEB	nànà.àrà
YornoSo	SPIDER WEB	nàm+tá.à
BankanTey	BOTTOM	bòn.dó.ò
BenTey	BOTTOM	bìr.∼ú
Bunoge	BOTTOM	dólóŋ.ɡò
DogulDomBendiely	BOTTOM	síɡàŋ
DogulDomKundialang	BOTTOM	dún.dù+ŋ
DonnoSo	BOTTOM	dʒóè
JamsayDouentza	BOTTOM	bɔ̀rɔ́
Mombo	BOTTOM	súɡù
BonduSoNajamba	BOTTOM	dú.ù
Penange	BOTTOM	sùɡù
TebulUre	BOTTOM	dùɡó
Tiranige	BOTTOM	kùljè
TommoSoTongoTongo	BOTTOM	kɔ́+lɔ́
ToroTegu	BOTTOM	dǒw
YandaDom	BOTTOM	dú
YornoSo	BOTTOM	kɔ́lɔ̀
BankanTey	SIDE	táŋ.ɡá
BenTey	SIDE	táŋ.ɡàj
Bunoge	SIDE	bɛ́n.dɛ́lɛ̀
DogulDomBendiely	SIDE	tàŋá
DogulDomKundialang	SIDE	tàŋá
DonnoSo	SIDE	pènné
JamsayDouentza	SIDE	dʒɛ́rɛ̀
Mombo	SIDE	bɛ́n.dɛ́lɛ́
BonduSoNajamba	SIDE	tíŋ.ɡɔ́.ɔ́
Penange	SIDE	bɛ́n.dɛ́lɛ́
PergeTegu	SIDE	bélè
TebulUre	SIDE	árá
Tiranige	SIDE	táŋ.ɡílè
TogoKan	SIDE	bɛ̀.ɛ̀+ɡɛ̀rɛ́
TommoSoTongoTongo	SIDE	bɛ̀+bɛ̀+rɛ́
ToroTegu	SIDE	zɛ̀lá
YandaDom	SIDE	àrà
YornoSo	SIDE	táŋá
BankanTey	EDGE	kɔ̀rɔ́
BenTey	EDGE	mò.ó
JamsayDouentza	EDGE	ká.á
Mombo	EDGE	pélì
BonduSoNajamba	EDGE	ìbì+kén.dà.à
PergeTegu	EDGE	ká.á
TogoKan	EDGE	òtè.è+ká~
TommoSoTongoTongo	EDGE	áŋá
ToroTegu	EDGE	ká
YandaDom	EDGE	tʃɛ́nɛ́
YornoSo	EDGE	áŋá
BankanTey	PART	dím.báj
BenTey	PART	bɔ̀.ɔ́
JamsayDouentza	PART	bɔ̀.ɔ́
TogoKan	PART	ɡɛ́r.∼í.í
TommoSoTongoTongo	PART	pèɡì+j
Ampari	ROOT	kɔ̀dʒì+dùm.bè
BankanTey	ROOT	wòrú
BenTey	ROOT	wé.érí
Bunoge	ROOT	kàdʒè
DogulDomBendiely	ROOT	kásò
DogulDomKundialang	ROOT	kásò.ò
DonnoSo	ROOT	kádù
JamsayGourou	ROOT	ké.é~
JamsayDouentza	ROOT	bɔ̀rɔ̀+tʃé.éŋ
Mombo	ROOT	káɡì
BonduSoNajamba	ROOT	wǒl+ŋ.ɡó
Penange	ROOT	dúl
PergeTegu	ROOT	ké.éŋ.ɡú
TebulUre	ROOT	díné
Tiranige	ROOT	jìlìŋ.ɡè
TogoKan	ROOT	bɔ̀rɔ̀+dí.í
TommoSoTongoTongo	ROOT	wé+lú
TomoKanSegue	ROOT	bɔ̀lɔ̀+wò
ToroTegu	ROOT	wóró
YandaDom	ROOT	dìlú
YornoSo	ROOT	wél
BenTey	TREE TRUNK	tìw.∼ɛ̀j.∼+bìr.∼ú
Bunoge	TREE TRUNK	tìlìŋ.ɡé+bùɡún.dè
DogulDomBendiely	TREE TRUNK	dún.dùŋ
JamsayDouentza	TREE TRUNK	tìw.∼è+bɔ̀rɔ́
Mombo	TREE TRUNK	tíníŋ.ɡɔ̀#ní.í
Penange	TREE TRUNK	dún.dú
TebulUre	TREE TRUNK	tìmà.à+bé.é
Tiranige	TREE TRUNK	tílŋ.ɡɔ́#dùŋɔ́
TommoSoTongoTongo	TREE TRUNK	tì+mɛ̀#dú+mɔ́
ToroTegu	TREE TRUNK	dùtú
YandaDom	TREE TRUNK	bàmú
Ampari	BARK	òwá
BankanTey	BARK	tùn.dú
BenTey	BARK	kù+kòm.bí.ì
Bunoge	BARK	kòbàlì
DogulDomBendiely	BARK	kìŋìnɔ̀#kɔ̀mùnú
DogulDomKundialang	BARK	kòmnú
DonnoSo	BARK	kòm.bè.é
JamsayGourou	BARK	zǎj.∼
JamsayDouentza	BARK	dʒêj
JamsayMondoro	BARK	kǒw
Mombo	BARK	kòm.bòlí
Penange	BARK	tém.bú
PergeTegu	BARK	ɡɛ́.ɛ̀.∼
TebulUre	BARK	kóbé
Tiranige	BARK	kój
TogoKan	BARK	kòkò.ó
TommoSoTongoTongo	BARK	dʒój.∼
TomoKanSegue	BARK	kú
ToroTegu	BARK	kǒw
YandaDom	BARK	tìmè+sábú
Ampari	LEAF	kòwá
BankanTey	LEAF	dʒɛ̀n.dɛ́.ɛ̀
BenTey	LEAF	dʒɛ̀lɛ́.ɛ̀
Bunoge	LEAF	kóbà
DogulDomBendiely	LEAF	kóm.bò
DogulDomKundialang	LEAF	kîl
DonnoSo	LEAF	núŋɔ̀
JamsayGourou	LEAF	kúrɔ́
JamsayDouentza	LEAF	kúrɔ́
Mombo	LEAF	kúbɛ̀
BonduSoNajamba	LEAF	kòm.bá+ŋ.ɡó
Penange	LEAF	kɔ̀bɛ̀
PergeTegu	LEAF	kúrɔ́
TebulUre	LEAF	kúlá
Tiranige	LEAF	kóm.bá
TogoKan	LEAF	kúrɔ́
TommoSoTongoTongo	LEAF	nú+jɔ́
TomoKanSegue	LEAF	kɔ̀w
ToroTegu	LEAF	kɔ̀tɔ́
YandaDom	LEAF	kùlà
YornoSo	LEAF	lɛ́.ɛ̀
BankanTey	FLOWER	pùr.∼ó
BenTey	FLOWER	pùr.∼ǔj
Bunoge	FLOWER	púlò
DogulDomBendiely	FLOWER	púnú
DogulDomKundialang	FLOWER	pǔn
DonnoSo	FLOWER	pùjó
JamsayGourou	FLOWER	pùr.∼ó
JamsayDouentza	FLOWER	pùr.∼ó
Mombo	FLOWER	púlú
BonduSoNajamba	FLOWER	pùnɛ̌n+ɡó
Penange	FLOWER	púló
PergeTegu	FLOWER	pùr.∼ó
TebulUre	FLOWER	pùr.∼ó
Tiranige	FLOWER	pùnì
TogoKan	FLOWER	pìjé
TommoSoTongoTongo	FLOWER	pú+jó
TomoKanSegue	FLOWER	h.wùdʒé
ToroTegu	FLOWER	pùró
YandaDom	FLOWER	pùn
YornoSo	FLOWER	pǔj
BankanTey	FRUIT	jí.ì
BenTey	FRUIT	jí.ì
Bunoge	FRUIT	bè
DogulDomBendiely	FRUIT	kíŋìnɔ̀#éɡù
DogulDomKundialang	FRUIT	ě+ɡ
DonnoSo	FRUIT	í.ì
JamsayDouentza	FRUIT	í.ì~
Mombo	FRUIT	wé.è
BonduSoNajamba	FRUIT	ɔ̀mɔ́.ɔ̀
PergeTegu	FRUIT	í.ì~
TebulUre	FRUIT	íjɛ́
Tiranige	FRUIT	bé.é
TogoKan	FRUIT	tìmɛ̀+í.í~
TommoSoTongoTongo	FRUIT	íí
TomoKanSegue	FRUIT	ʔí.í~
ToroTegu	FRUIT	ì+r.∼ú
YandaDom	FRUIT	é.é
YornoSo	FRUIT	í.ì
BankanTey	SHIRT	sùkɔ̌j
BenTey	SHIRT	sùŋ.ɡɔ̌j
Bunoge	SHIRT	ɡàbà
DogulDomBendiely	SHIRT	sɔ̀wɔ́ɡ
DogulDomKundialang	SHIRT	sɔ̀.ɔ́ɡ
DonnoSo	SHIRT	àrùɡè.é
JamsayGourou	SHIRT	àrkǒj
JamsayDouentza	SHIRT	àr.∼àkɔ̌j.∼
JamsayMondoro	SHIRT	àr.∼àkɔ̌j.∼
Mombo	SHIRT	sɔ̂j
BonduSoNajamba	SHIRT	núŋá.á
Penange	SHIRT	sɔ̀j
PergeTegu	SHIRT	àrkǒj
TebulUre	SHIRT	àrdʒè.é
Tiranige	SHIRT	sɔ́j
TogoKan	SHIRT	àrùkó
TommoSoTongoTongo	SHIRT	bɔ̀.ɔ̀+ɡɔ́
ToroTegu	SHIRT	dòlkí
YandaDom	SHIRT	sɔ̀ŋ+nùŋà
YornoSo	SHIRT	àrùɡǒj
BankanTey	CLOTH	òròzú
BenTey	CLOTH	òròsú
Bunoge	CLOTH	ɡɛ́dʒì
DogulDomBendiely	CLOTH	sɔ̀wɔ́ɡ
DogulDomKundialang	CLOTH	sɔ̀.ɔ́ɡ
DonnoSo	CLOTH	sɔ̌j
JamsayDouentza	CLOTH	báɡù
JamsayMondoro	CLOTH	jìrú
Mombo	CLOTH	báɡè
BonduSoNajamba	CLOTH	sò+ŋ.ɡó
Penange	CLOTH	sɔ̀j
PergeTegu	CLOTH	jùrú
TebulUre	CLOTH	ɛ̀dɛ̀.ɛ́
Tiranige	CLOTH	sɔ́.ɔ́
TogoKan	CLOTH	tǔ~
TommoSoTongoTongo	CLOTH	sɔ̌w
TomoKanSegue	CLOTH	tù+sàlà
ToroTegu	CLOTH	jɔ̀rú
YandaDom	CLOTH	sɔ̀ŋ
YornoSo	CLOTH	sɔ̌j
DogulDomBendiely	WOOL	kásà
BonduSoNajamba	WOOL	pɛ̀ɡɛ̀+m.bó#kùlɛ̀
TommoSoTongoTongo	WOOL	káásà
TommoSoTongoTongo	WOOL	kàdá
BankanTey	PUT ON	jáwà#ɡǎŋ
BenTey	PUT ON	mùr.∼ú#ɡǎj.∼
Bunoge	PUT ON	túl+lè
DogulDomKundialang	PUT ON	pɔ́nn+jɛ̀
JamsayDouentza	PUT ON	pɔ́nɔ́
Mombo	PUT ON	pɔ̀n.dù#pɔ́n.djé.è
BonduSoNajamba	PUT ON	jàbí+jɛ́
Penange	PUT ON	pír+jɛ̀
PergeTegu	PUT ON	bùrùjó
TebulUre	PUT ON	bùlí
Tiranige	PUT ON	túní+jó
TogoKan	PUT ON	pɔ́n+ì.ì
TommoSoTongoTongo	PUT ON	pɔ̀nnú#pɔ́nní+jɛ́
TomoKanSegue	PUT ON	sɔ̀rɔ̀ɡɔ́#dùɡì
ToroTegu	PUT ON	kúlú
YandaDom	PUT ON	bùlú+jó
YornoSo	PUT ON	pɔ́n+ɛ́.ɛ́+
BenTey	PUT ON	ɡǎj.∼
DogulDomKundialang	PUT ON	pɔ́nnù+rɛ̀
DonnoSo	PUT ON	pɔ́nn+ɛ̀.ɛ̀
JamsayDouentza	PUT ON	pɔ́nɔ́+wɔ́
TebulUre	PUT ON	bùlù+dí
Tiranige	PUT ON	tú.ún+dé
TommoSoTongoTongo	PUT ON	pɔ̀nnú#pɔ́nní+rɛ́
YandaDom	PUT ON	bùrú+dɛ́
BankanTey	TROUSERS	jáwà
BenTey	TROUSERS	mùr.∼ù+pàntàlɔ́.ɔ̀.∼
Bunoge	TROUSERS	tá
DogulDomKundialang	TROUSERS	pɔ̀nnú
DonnoSo	TROUSERS	pɔ̀nnú
JamsayGourou	TROUSERS	pɔ̀.ɔ́n
JamsayDouentza	TROUSERS	pɔ̌n
JamsayMondoro	TROUSERS	pɔ̌n
Mombo	TROUSERS	pántáló.ò~
BonduSoNajamba	TROUSERS	jábà
Penange	TROUSERS	pìrà
PergeTegu	TROUSERS	bùrú
TebulUre	TROUSERS	bùlú
Tiranige	TROUSERS	tá.á
TogoKan	TROUSERS	pɔ̀nù#ɡùrú
TommoSoTongoTongo	TROUSERS	pɔ̀n+nú
TommoSoTongoTongo	TROUSERS	pàn.dàlɔ̂n
TomoKanSegue	TROUSERS	sɔ̀rɔ̀ɡɔ́
ToroTegu	TROUSERS	zómó
YandaDom	TROUSERS	bùl
YornoSo	TROUSERS	pán.dàl
BenTey	BELT	dò.ò+pàɡ+í.ì
DogulDomKundialang	BELT	póɡùrù+ŋ
JamsayDouentza	BELT	ìnìw.∼è+pàɣá
Mombo	BELT	pɔ̀n.dì#síŋ.ɡí
BonduSoNajamba	BELT	páɡú+rú
TebulUre	BELT	póɡúrúɡó
Tiranige	BELT	sǽ.ǽ~tj.jr
TogoKan	BELT	dì~+pèɡú
TommoSoTongoTongo	BELT	sèntír
TommoSoTongoTongo	BELT	pó+ɡú+rú
YornoSo	BELT	póɡùrù
BankanTey	POCKET	zíwà
BenTey	POCKET	dʒúwɔ̀
DogulDomKundialang	POCKET	dʒíbɛ̀
DonnoSo	POCKET	dʒúbɔ̀
JamsayGourou	POCKET	zúwɔ̀
JamsayDouentza	POCKET	dʒúwɔ̀
Mombo	POCKET	ɡíbá
BonduSoNajamba	POCKET	ɡíbà
PergeTegu	POCKET	dʒúwɔ̀
TebulUre	POCKET	zíbá
Tiranige	POCKET	jùwá
TogoKan	POCKET	dʒúwɔ́
TommoSoTongoTongo	POCKET	dʒíbé
TomoKanSegue	POCKET	dʒùbá
ToroTegu	POCKET	zípà
YandaDom	POCKET	zùbá
YornoSo	POCKET	dʒíbɛ̀
BankanTey	CLOTHES	òròzú
BenTey	CLOTHES	dùŋ.ɡó.ó
Bunoge	CLOTHES	bá.áɡúlè
DogulDomBendiely	CLOTHES	sóóɡù
DogulDomKundialang	CLOTHES	sɔ̀.ɔ̀ɡíjà
DonnoSo	CLOTHES	sɔ̌j
JamsayGourou	CLOTHES	jìrú
JamsayDouentza	CLOTHES	dùŋ.ɡó.ó
Mombo	CLOTHES	sɔ̂j
BonduSoNajamba	CLOTHES	sò+ŋ.ɡó
Penange	CLOTHES	sɔ̀j
PergeTegu	CLOTHES	dùŋkó.ó
TebulUre	CLOTHES	àrɡé.é
Tiranige	CLOTHES	sɔ́.ɔ́
TogoKan	CLOTHES	tǔ~
TommoSoTongoTongo	CLOTHES	sɔ̌w
TomoKanSegue	CLOTHES	tú
ToroTegu	CLOTHES	jɔ̀rú
YandaDom	CLOTHES	sɔ̀ŋ
YornoSo	CLOTHES	sɔ̌j
BankanTey	SHOE	tà.á
BenTey	SHOE	tà.á
Bunoge	SHOE	tà.àɡè
DogulDomKundialang	SHOE	tàɡú+ŋ
DonnoSo	SHOE	tàɡá
JamsayGourou	SHOE	tàɡú
JamsayDouentza	SHOE	tàɡú
JamsayMondoro	SHOE	tàɡú
Mombo	SHOE	táɡjé.è
BonduSoNajamba	SHOE	tàɡí.ì
Penange	SHOE	tádʒdʒé
PergeTegu	SHOE	tàɡú
TebulUre	SHOE	táj
TiranigeBoui	SHOE	tà.àŋ.ɡè
TogoKan	SHOE	tàɡá
TommoSoTongoTongo	SHOE	tàɡá
TomoKanSegue	SHOE	tàʔà
ToroTegu	SHOE	tàɡú
YandaDom	SHOE	tàdʒù
YornoSo	SHOE	tàɡú
BankanTey	PUT ON	ɡǎŋ
BenTey	PUT ON	ɡǎj.∼
Bunoge	PUT ON	túl+lè
JamsayDouentza	PUT ON	táɣá
JamsayMondoro	PUT ON	táɡá
Mombo	PUT ON	táɡí#táɡjé.è
BonduSoNajamba	PUT ON	táɡí+jɛ́
PergeTegu	PUT ON	táɡí+jɛ́
TebulUre	PUT ON	tún
Tiranige	PUT ON	túní+jó
TogoKan	PUT ON	táɡ+ì.ì
TommoSoTongoTongo	PUT ON	táɡí+jɛ́
TomoKanSegue	PUT ON	tɛ̀ɡí
ToroTegu	PUT ON	kúlú
YandaDom	PUT ON	tádʒ+dʒɛ́
YornoSo	PUT ON	táɡ+ɛ́.ɛ́
BankanTey	BOOT	tà.à#díj.∼àw.∼
BenTey	BOOT	sòldà.às+tà.á
JamsayDouentza	BOOT	tàɡù#dùɡú
Mombo	BOOT	sɛ̀m.bɛ̀ɡè#tàɡè#ɡóllò
PergeTegu	BOOT	tàɡù#dém.béré
TogoKan	BOOT	sɔ̀dà.àdʒù+tàɡá
TommoSoTongoTongo	BOOT	tàɡà#bɔ́t
TommoSoTongoTongo	BOOT	bɔ́t
ToroTegu	BOOT	tàɡù+ná.á
YandaDom	BOOT	sɔ́dʒà+mù#tàdʒù
YornoSo	BOOT	tàɡù+bɔ́.ɔ́tù
BankanTey	PUT ON	pá.á
BenTey	PUT ON	páɣá
DogulDomKundialang	PUT ON	tɔ́mɔ̀
DonnoSo	PUT ON	kɔ́mmɔ̀
JamsayDouentza	PUT ON	dòmó
BonduSoNajamba	PUT ON	dòm.bí+j
PergeTegu	PUT ON	dòm.bó
TebulUre	PUT ON	tɔ́b+í.í
Tiranige	PUT ON	dómí+jó
TogoKan	PUT ON	páɡá
TommoSoTongoTongo	PUT ON	tɔ́bí+jɔ́
TomoKanSegue	PUT ON	pà.àrí
ToroTegu	PUT ON	páɡá
YornoSo	PUT ON	músɔ̀.ɔ̀rɔ̀#dòm+ɛ́.ɛ́
BankanTey	RAG	zěwrè
BenTey	RAG	dʒèɡérè
Bunoge	RAG	sɔ́ɡúlɛ̀
DogulDomKundialang	RAG	sɛ́mlɛ̀
DonnoSo	RAG	sɔ̀j#sɛ́mmɛ̀lɛ̀+mɔ̀
JamsayDouentza	RAG	sì+sɛ́r.∼ɛ́w.∼ɛ́
Mombo	RAG	sódʒálámì
BonduSoNajamba	RAG	sòɡòdʒú+ŋ.ɡó
Penange	RAG	sɔ̀ɡɛ̀lɛ̀
PergeTegu	RAG	dʒèɡérè
TebulUre	RAG	sɛ́mmé
Tiranige	RAG	sɔ̀.ɔ̀#jɔ́ɡɔ́rɔ́
TogoKan	RAG	sɛ̀mùr.∼ú
TommoSoTongoTongo	RAG	sɛ́m+mɛ́+lɛ́
TomoKanSegue	RAG	tù#sɛ̀lɛ̀
ToroTegu	RAG	jɔ̀rù#zèɡírè
YandaDom	RAG	sɔ̀ŋ#sɛ́mɛ́lɛ́
YornoSo	RAG	sɔ̀j+sɛ́mɛ́lɛ́
BankanTey	BUTTON	bùtɔ́.ɔ̀.∼
BenTey	BUTTON	pɛ́ŋ.ɡɛ́lɛ̀
DogulDomBendiely	BUTTON	péjèɡ
DogulDomKundialang	BUTTON	pé.èɡ
DonnoSo	BUTTON	bùdɔ̂ŋ
JamsayDouentza	BUTTON	bùtɔ́.ɔ̀.∼
Mombo	BUTTON	ɲám.búrè
BonduSoNajamba	BUTTON	pɛ́.∼tɔ̀.ɔ̀
PergeTegu	BUTTON	sɔ́ɡú
TebulUre	BUTTON	sɔ̀ɡú+ŋ.ɡò
Tiranige	BUTTON	péɡíŋ.ɡé
TogoKan	BUTTON	bùtɔ́.ɔ́.∼
YandaDom	BUTTON	pèɡíjè
YornoSo	BUTTON	sóɡù
BankanTey	SEW	kó
BenTey	SEW	kújó
Bunoge	SEW	ké.è
DogulDomKundialang	SEW	ɔ́wɛ̀
DonnoSo	SEW	nɔ̀.ɔ́
JamsayGourou	SEW	ásárá
JamsayDouentza	SEW	ádʒárá
Mombo	SEW	kújé
BonduSoNajamba	SEW	kój
Penange	SEW	kwé.é
PergeTegu	SEW	pɛ́.ɛ́
TebulUre	SEW	pɛ́.ɛ́j
Tiranige	SEW	kó.ó
TogoKan	SEW	tǔ~#ádʒìrì
TommoSoTongoTongo	SEW	nɔ̌j#nɔ́.ɔ́
TomoKanSegue	SEW	ʔàlí
ToroTegu	SEW	átú
YandaDom	SEW	píjɛ́
YornoSo	SEW	lɔ́.ɔ́
Ampari	COTTON	kùrá.án.dè
BankanTey	COTTON	nàmú
BenTey	COTTON	nà.àm.bú
Bunoge	COTTON	kɔ́.ɔ́n.dè
DogulDomBendiely	COTTON	kɛ̀ɲɲɛ́
DogulDomKundialang	COTTON	kɛ̀ɲɲɛ́
DonnoSo	COTTON	kɛ̀mnɛ̌j
JamsayGourou	COTTON	nà.àmú
JamsayDouentza	COTTON	nà.ám
JamsayMondoro	COTTON	nà.ám
Mombo	COTTON	kɔ́.ɔ́n.dí
BonduSoNajamba	COTTON	sá+ɡò
Penange	COTTON	kɔ́.ɔ́n.dè
PergeTegu	COTTON	nà.àm.bú
TebulUre	COTTON	tʃɛ̀mdɛ́
Tiranige	COTTON	kɔ̀.ɔ̀ní
TogoKan	COTTON	kɔ́nú
TommoSoTongoTongo	COTTON	kɛ̀ɲ+ɲɛ́
TomoKanSegue	COTTON	kùní
ToroTegu	COTTON	nǎm
YandaDom	COTTON	tʃèɲè
YornoSo	COTTON	nàmú
BankanTey	THREAD	sìlílì
BenTey	THREAD	búrɔ̀
Bunoge	THREAD	bó.ólè
DogulDomBendiely	THREAD	bólò
DogulDomKundialang	THREAD	bólò
DonnoSo	THREAD	sù~jí.ì
JamsayGourou	THREAD	búrɔ̀
JamsayDouentza	THREAD	búrɔ̀
Mombo	THREAD	bólé
BonduSoNajamba	THREAD	bó.ólò.ò
Penange	THREAD	bólé
PergeTegu	THREAD	búrɔ̀
TebulUre	THREAD	búlá
Tiranige	THREAD	bò.òló
TogoKan	THREAD	búrɔ́
TommoSoTongoTongo	THREAD	bóó+ló
TomoKanSegue	THREAD	dʒè.èdʒè
ToroTegu	THREAD	ǒj.∼
YandaDom	THREAD	ɡèzèlè
BenTey	LOOM	sùrɡɔ̀+nì.ìn.dʒɛ́
DonnoSo	LOOM	kɔ̀lɛ̌j
JamsayDouentza	LOOM	sùrɡɔ̀+nì.ìɲé
Mombo	LOOM	sɔ́.ɔ́ɡɔ́lì
TommoSoTongoTongo	LOOM	ɡèdè#tíín
TomoKanSegue	LOOM	tù+tʃɛ̀.ɛ̀.∼
ToroTegu	LOOM	jɔ̀rù+tí#lìsà
YandaDom	LOOM	sɔ̀ŋ+tìj#ɡón
BankanTey	WEAVE	tíjɛ́
BenTey	WEAVE	tíjɛ́
Bunoge	WEAVE	tíjɛ̀
DogulDomKundialang	WEAVE	ɛ́rɛ̀
DonnoSo	WEAVE	tɛ́.ɛ̀
JamsayDouentza	WEAVE	tɛ́.ɛ́.∼
JamsayMondoro	WEAVE	tí.í~
Mombo	WEAVE	ɡɛ̀zì#tjɛ́.ɛ́
BonduSoNajamba	WEAVE	tíjɛ́
Penange	WEAVE	tíjɛ́
PergeTegu	WEAVE	tɛ́.ɛ́
TebulUre	WEAVE	tɛ́
Tiranige	WEAVE	tíjɔ́
TogoKan	WEAVE	tɛ́.ɛ́
TommoSoTongoTongo	WEAVE	tíj.∼ɛ́
TomoKanSegue	WEAVE	tʃɛ́.ɛ́
ToroTegu	WEAVE	tí
YandaDom	WEAVE	tíjɛ́
YornoSo	WEAVE	tɛ́.ɛ́
BenTey	SPINDLE	kí+kɔ́rɔ́
DonnoSo	SPINDLE	pèm.bé
JamsayDouentza	SPINDLE	kì+kɔ̀rɔ̀+í.ì~
Mombo	SPINDLE	ɡɛ̀zì#pé.ém.bè
BonduSoNajamba	SPINDLE	dà.álù.ù
PergeTegu	SPINDLE	kɔ̀kɔ̀rɔ̀+í.ì~
TebulUre	SPINDLE	kɔ́ɡɔ́
Tiranige	SPINDLE	pém.bé
TogoKan	SPINDLE	pèmé
TommoSoTongoTongo	SPINDLE	dàà+lé
TomoKanSegue	SPINDLE	d.wɛ̀rí~
ToroTegu	SPINDLE	kɔ́+kɔ́rɔ́
YandaDom	SPINDLE	kɔ́ɡɔ́lɔ́
YornoSo	SPINDLE	pèmɛ̀+j~
BankanTey	BRAID	kù.ù+ɛ̀rí.ì
BenTey	BRAID	kù.ù+mòl+í.ì
DogulDomKundialang	BRAID	ɛ́rù+ɡ
JamsayGourou	BRAID	kù.ù~+mǔn
JamsayDouentza	BRAID	kù.ù~+mǔn
Mombo	BRAID	kò.ò#mún.dú
BonduSoNajamba	BRAID	kì.ì+èrú
PergeTegu	BRAID	mùlú
TebulUre	BRAID	kù.ù+ɛ̀rú
Tiranige	BRAID	kòɡò+mún.dí+jé
TogoKan	BRAID	kù~+mùnú
TommoSoTongoTongo	BRAID	kùù#ɛ̀rú
ToroTegu	BRAID	kù+ɛ́rú
YandaDom	BRAID	kò.ò+ɛ̀dú
YornoSo	BRAID	kù.ù+ɛ́rú
BankanTey	BRACELET	nà.à+ɲír.∼éj
BenTey	BRACELET	nà.à#mɛ́.ɛ́ní.í
DogulDomBendiely	BRACELET	mɛ́nnù
DogulDomKundialang	BRACELET	ménnù+ŋ
DonnoSo	BRACELET	mɛ́nnù
JamsayGourou	BRACELET	mɛ́n
JamsayDouentza	BRACELET	mɛ́n
Mombo	BRACELET	nɛ̀.ɛ̀#párù#dúbè
BonduSoNajamba	BRACELET	nùmà+sàɡá+ŋ.ɡó
Penange	BRACELET	nɛ̀.ɛ̀+tɛ́nɛ̀
PergeTegu	BRACELET	nùw.∼ò+sáddù
TebulUre	BRACELET	mɛ̀n.d+íjɛ́
Tiranige	BRACELET	númá#dùdʒɛ́
TogoKan	BRACELET	nùmɔ̀+mɛ́n
TommoSoTongoTongo	BRACELET	nù+mɔ́#wàrè+j
TomoKanSegue	BRACELET	sàn.dʒá
ToroTegu	BRACELET	lɔ́#tè.è~sù
YandaDom	BRACELET	nùmà+mɛ̀nú
YornoSo	BRACELET	nɔ̀j.∼+mɛ̀ni+j~
BankanTey	NECKLACE	kɔ̀rɔ̀+dúwà
BenTey	NECKLACE	kɔ̀rɔ̀#dúwɔ̀
Bunoge	NECKLACE	kɔ́llɛ̀
DogulDomBendiely	NECKLACE	dùɡééɡù
DogulDomKundialang	NECKLACE	dùɡ+ɛ̀.ɛ́ɡ
DonnoSo	NECKLACE	dùɡɛ̌j
JamsayGourou	NECKLACE	dùɡɔ́
JamsayDouentza	NECKLACE	dúɡɔ́
Mombo	NECKLACE	kí.íŋ.ɡú
BonduSoNajamba	NECKLACE	dúɡà.à
Penange	NECKLACE	párjè
PergeTegu	NECKLACE	dùɡɔ̀+í.ì~
TebulUre	NECKLACE	dùɡà+íjɛ̀
Tiranige	NECKLACE	dùdʒɛ̀
TogoKan	NECKLACE	kɔ̀rɔ̀+dìŋɛ̀.ɛ́
TommoSoTongoTongo	NECKLACE	dúɡɔ́
TomoKanSegue	NECKLACE	dʒìɡè~
ToroTegu	NECKLACE	dùɡɔ́
YandaDom	NECKLACE	kɔ̀lɔ̀+dùɡɔ̌j
YornoSo	NECKLACE	dùɡɔ̀+j
BankanTey	EARRING	sùn+ɲír.∼éj
BenTey	EARRING	sù.ùr.∼ù#búkúlí.ì
DogulDomBendiely	EARRING	káŋè
DogulDomKundialang	EARRING	búɡùl
DonnoSo	EARRING	búɡùlù
JamsayGourou	EARRING	sùŋùn#ɡídù
JamsayDouentza	EARRING	búkúlù
Mombo	EARRING	sùɡùlè#tùlé
BonduSoNajamba	EARRING	sùn+sàɡá+ŋ.ɡó
Penange	EARRING	búkkûl
PergeTegu	EARRING	sùŋùr.∼ù+ɡélɡé
TebulUre	EARRING	sùnò+mɛ̀n.d+íjɛ́
Tiranige	EARRING	sùŋùnù+jèlè+jèlé
TogoKan	EARRING	sùɡùrù+dʒè.èlé
TommoSoTongoTongo	EARRING	sùɡù+lù#dʒè+lè+j
TomoKanSegue	EARRING	sùɡù+dʒìɡè~
ToroTegu	EARRING	súɡúrú#lìsà
YandaDom	EARRING	sún+zèréɡè
YornoSo	EARRING	dʒèlè+dʒálá
BankanTey	RING	nà.à+sà.á
BenTey	RING	nà.à+sì+mɛ́.ɛ́ní.í
Bunoge	RING	nùmɛ́+sì.íwò
DogulDomKundialang	RING	nùmɔ̀+ménnù+ŋ
DonnoSo	RING	nùmɔ́+mɛ̀nnù
JamsayDouentza	RING	nùmò+sàɣá
Mombo	RING	nɛ̀.ɛ̀#sí.í#péɡè
BonduSoNajamba	RING	nùmà+sɛ́n.dɔ̀.ɔ̀#sàɡà+ŋ.ɡò
Penange	RING	nɛ̀.ɛ̀+pèɡú+sè
PergeTegu	RING	nùw.∼ò+šì.ì~+í.ínɛ́m
TebulUre	RING	nùmà.à+mɛ̀n.d+íjɛ́
Tiranige	RING	númá#sèlèn.dé
TogoKan	RING	nùmɔ̀+sàsàɡá
TommoSoTongoTongo	RING	nù+mɔ̀#sǎj#mɛ̀n+nì
TomoKanSegue	RING	nùmà+sɛ̀ʔɛ̀.∼
ToroTegu	RING	lɔ̀+sàɡá
YandaDom	RING	nùmà+sénzè
YornoSo	RING	nɔ̀j.∼+sàɡà+j
BenTey	BEAD	dùwɔ̀+í.ì
DogulDomKundialang	BEAD	dùɡ+ɛ̀.ɛ́ɡ
JamsayDouentza	BEAD	dùɡɔ̀+í.ì~
Mombo	BEAD	pàdjé
TebulUre	BEAD	dùɡà+íjɛ̀
TommoSoTongoTongo	BEAD	dùɡɔ̀+j
ToroTegu	BEAD	dùɡɔ̀+ìsɛ̌j.∼
Ampari	DRINK	nɔɛ́
BankanTey	DRINK	nɔ́
BenTey	DRINK	nɔ̌
Bunoge	DRINK	nɛ́.ɛ̀
DogulDomBendiely	DRINK	nɛ̀.ɛ́
DogulDomKundialang	DRINK	nɛ̀.ɛ́
DonnoSo	DRINK	nɔ́+ɛ̀
JamsayGourou	DRINK	nɔ̀.ɔ́
JamsayDouentza	DRINK	nɔ̀.ɔ́
JamsayMondoro	DRINK	nɔ̀.ɔ́
Mombo	DRINK	njɛ́.ɛ́
BonduSoNajamba	DRINK	nɛ́
Penange	DRINK	nɛ́.ɛ́
PergeTegu	DRINK	nɛ̀.ɛ́
TebulUre	DRINK	ɲɛ́
Tiranige	DRINK	ɲɛ̀.ɛ̀
TogoKan	DRINK	nɔ̀.ɔ́
TommoSoTongoTongo	DRINK	nɔ́.ɔ́
TomoKanSegue	DRINK	nwɛ̀.ɛ̀
ToroTegu	DRINK	nɛ́
YandaDom	DRINK	nìj.∼ɛ́
YornoSo	DRINK	nɔ̀.ɔ́
BankanTey	THIRST	nì.ì+nɔ̌n
BenTey	THIRST	nì.ì+nɔ̀r.∼ú
Bunoge	THIRST	ɡɔ́.ɔ́+kòɡà
DogulDomBendiely	THIRST	ɲúnɔ̀.ɔ̀n
DogulDomKundialang	THIRST	ɲùlɔ̀.ɔ́n
DonnoSo	THIRST	dì.ì+nɔ̀.ɔ̀+lú
JamsayDouentza	THIRST	nì.ì+nɔ̌n
JamsayMondoro	THIRST	nì.ì+nɔ̌n
Mombo	THIRST	mì.ì#kúŋ.ɡá
BonduSoNajamba	THIRST	ndʒéŋ.ɡó
Penange	THIRST	mì.ì+kùɡá
PergeTegu	THIRST	nì.ì+nɔ̀r.∼ú
TebulUre	THIRST	ìn.dʒìrɡó
Tiranige	THIRST	kɔ̀rɛ̀
TogoKan	THIRST	dì.ì+nɔ̀.ɔ̀r.∼ú
TommoSoTongoTongo	THIRST	dìì#nɔ̌j
TomoKanSegue	THIRST	dʒí.ínɔ̀
ToroTegu	THIRST	nɛ̀nɛ̀r.∼ú
YandaDom	THIRST	ìŋ.ɡìnì.ì
YornoSo	THIRST	dì.ì+ní.ì
BankanTey	ALCOHOL (FERMENTED DRINK)	kɔ̀zɔ́
BenTey	ALCOHOL (FERMENTED DRINK)	kɔ̀n.dʒɔ́
DogulDomBendiely	ALCOHOL (FERMENTED DRINK)	kɔ́ɲdʒɔ́
JamsayDouentza	ALCOHOL (FERMENTED DRINK)	kɔ̀ɲɔ́
Mombo	ALCOHOL (FERMENTED DRINK)	kɔ́n.djɔ̀
BonduSoNajamba	ALCOHOL (FERMENTED DRINK)	kɔ̀n.dʒɛ́+ŋ.ɡé
PergeTegu	ALCOHOL (FERMENTED DRINK)	kɔ̀n.dʒɔ́
TogoKan	ALCOHOL (FERMENTED DRINK)	kɛ̀ɲɛ́
TommoSoTongoTongo	ALCOHOL (FERMENTED DRINK)	kɔ̀n.dʒɔ́
ToroTegu	ALCOHOL (FERMENTED DRINK)	kɔ̀.∼sɔ́
YandaDom	ALCOHOL (FERMENTED DRINK)	kɔ̀nzɔ̀
YornoSo	ALCOHOL (FERMENTED DRINK)	kɔ̀ɲɔ́
Ampari	WATER	mí.í
BankanTey	WATER	ní.ì
BenTey	WATER	ní.ì
Bunoge	WATER	ɡɔ́
DogulDomBendiely	WATER	ʔɲì
DogulDomKundialang	WATER	nɲù
DonnoSo	WATER	dí.ì
JamsayGourou	WATER	ní.í
JamsayDouentza	WATER	ní.í
JamsayMondoro	WATER	ní.í
Mombo	WATER	mí.ì
BonduSoNajamba	WATER	íŋ.ɡé
Penange	WATER	mì.ì
PergeTegu	WATER	ní.í
TebulUre	WATER	ín.dʒé
Tiranige	WATER	mí.í
TogoKan	WATER	dí.í
TommoSoTongoTongo	WATER	díí
TomoKanSegue	WATER	dʒí.í
ToroTegu	WATER	ní
YandaDom	WATER	ín.dʒú
YornoSo	WATER	dì.í
BankanTey	MILK	ɛ́mmɛ̀j.∼
BenTey	MILK	ɛ́w.∼ɛ̀j.∼
Bunoge	MILK	ʔɛ̀mɛ̀ŋ.ɡè
DogulDomBendiely	MILK	éèm
DogulDomKundialang	MILK	êm
DonnoSo	MILK	írù
JamsayGourou	MILK	ɛ̂m
JamsayDouentza	MILK	ɛ̂m
JamsayMondoro	MILK	ɛ̂m
Mombo	MILK	ɛ́mɛ́
BonduSoNajamba	MILK	ɛ́mɛ̀.ɛ̀
Penange	MILK	ɛ́mɛ́.ɛ́+ŋ.ɡé
PergeTegu	MILK	ɛ̂m
TebulUre	MILK	ɛ́mnɛ́
Tiranige	MILK	ɛ̀mɛ̀ŋ.ɡè
TogoKan	MILK	írí
TommoSoTongoTongo	MILK	ém
TomoKanSegue	MILK	nà.à+ʔì.ì~
ToroTegu	MILK	ɛ̂m
YandaDom	MILK	ɛ́mɛ́
YornoSo	MILK	ɛ̂m
BankanTey	DRAW MILK	ɛ́mɛ́
BenTey	DRAW MILK	ɛ́w.∼ɛ́
Bunoge	DRAW MILK	ʔɛ́mɛ̀
DogulDomKundialang	DRAW MILK	émè
DonnoSo	DRAW MILK	émè
JamsayGourou	DRAW MILK	pór.∼ó
JamsayDouentza	DRAW MILK	ɛ́w.∼ɛ́
JamsayMondoro	DRAW MILK	ɛ́w.∼ɛ́
Mombo	DRAW MILK	nà.à#pédʒé
BonduSoNajamba	DRAW MILK	ɛ́mɛ́
Penange	DRAW MILK	pɛ́n.dʒɛ́
PergeTegu	DRAW MILK	ɛ́w.∼ɛ́
TebulUre	DRAW MILK	ɛ́mɛ́
Tiranige	DRAW MILK	ɛ́mɔ́
TogoKan	DRAW MILK	pír.∼í
TommoSoTongoTongo	DRAW MILK	ém#émé
TomoKanSegue	DRAW MILK	ìrì#píní
ToroTegu	DRAW MILK	ɛ́w.∼á
YandaDom	DRAW MILK	émɛ́
YornoSo	DRAW MILK	ɛ́w.∼ɛ́
BankanTey	HONEY	jěj
BenTey	HONEY	jěj
Bunoge	HONEY	ʔíɡè
DogulDomBendiely	HONEY	úwùŋ
DogulDomKundialang	HONEY	ù.ú+ŋ
DonnoSo	HONEY	ìɡɛ́
JamsayGourou	HONEY	jùŋú
JamsayDouentza	HONEY	jùŋ+ní.í
Mombo	HONEY	íɡè
BonduSoNajamba	HONEY	ndʒì.í
Penange	HONEY	ìɡè
PergeTegu	HONEY	kàw.∼à+jòŋ.ɡú
TebulUre	HONEY	ìdé
Tiranige	HONEY	í.íɡé
TogoKan	HONEY	tɛ̀.ɛ́
TommoSoTongoTongo	HONEY	ììjé
TomoKanSegue	HONEY	tʃà.à
ToroTegu	HONEY	ìwó
YandaDom	HONEY	ìzèŋ
YornoSo	HONEY	jɛ̌j.∼
BankanTey	BEESWAX	jèj+kákâw
BenTey	BEESWAX	dà.á
DonnoSo	BEESWAX	kábù
JamsayDouentza	BEESWAX	jùŋ+dà.á
Mombo	BEESWAX	ɔ̀mɔ̀nɔ̀#sé
BonduSoNajamba	BEESWAX	ndʒì.ì+ɲá.à+ŋ.ɡò
PergeTegu	BEESWAX	tɛ̀.ɛ́
Tiranige	BEESWAX	í.íɡé#tìjɔ́
TommoSoTongoTongo	BEESWAX	ɡènù+ɡe
ToroTegu	BEESWAX	tʃɛ̀tá
DogulDomBendiely	BEEHIVE	kóbúŋ
JamsayDouentza	BEEHIVE	jùŋ+kǒw
Mombo	BEEHIVE	kóbù
TogoKan	BEEHIVE	kɔ̀ɡɔ̀+dʒúŋú#pómò
TommoSoTongoTongo	BEEHIVE	kóbú
ToroTegu	BEEHIVE	kà.àjǔŋ#ìlò
Ampari	EAT	jɛ̀
BankanTey	EAT	ɲɛ́
BenTey	EAT	ɲɛ́
Bunoge	EAT	dʒɛ́.ɛ̀
DogulDomBendiely	EAT	ɲɛ̀.ɛ́
DogulDomKundialang	EAT	ɲɛ̀.ɛ́
DonnoSo	EAT	ɲɛ́+ɛ̀
JamsayGourou	EAT	ɲɛ́.ɛ́
JamsayDouentza	EAT	ɲɛ́.ɛ́
Mombo	EAT	ɲɛ́.ɛ́
BonduSoNajamba	EAT	kwɛ́
Penange	EAT	ɲɛ́.ɛ́
PergeTegu	EAT	ɲɛ́.ɛ́
TebulUre	EAT	ɲɛ́
Tiranige	EAT	ɲɛ̀.ɛ̀
TogoKan	EAT	ɲí.í
TommoSoTongoTongo	EAT	njɛ́
TomoKanSegue	EAT	ɲɛ́.ɛ́
ToroTegu	EAT	lɛ́
YandaDom	EAT	ʔə́ɲɛ́
YornoSo	EAT	ká.á+
BankanTey	CHEW	tó.óró
BenTey	CHEW	tóɡóró
Bunoge	CHEW	sáɡá+mì
DogulDomKundialang	CHEW	tɛ́mɛ̀
DonnoSo	CHEW	tɛ́mɛ̀
JamsayDouentza	CHEW	tóɡóró
Mombo	CHEW	dònì#séɡámì
BonduSoNajamba	CHEW	tóɡíl
Penange	CHEW	sáɡá+mì
PergeTegu	CHEW	tóɡóró
TebulUre	CHEW	ɡòɡó
Tiranige	CHEW	tɛ́mɔ́
TogoKan	CHEW	tɛ́w.∼ɛ́
TommoSoTongoTongo	CHEW	tóɡúló
TomoKanSegue	CHEW	sàʔàmí
ToroTegu	CHEW	tóɡúró
YandaDom	CHEW	tóɡóló
YornoSo	CHEW	tóɡóló+mɔ́
BankanTey	HUNGER	kɔ́.ɔ̀
BenTey	HUNGER	kɔ́.ɔ̀
Bunoge	HUNGER	kòɡà
DogulDomBendiely	HUNGER	ɡìjá
DogulDomKundialang	HUNGER	ɡìjà.á
DonnoSo	HUNGER	ɡɛ̀.ɛ́
JamsayGourou	HUNGER	ɡɛ̀.ɛ́
JamsayDouentza	HUNGER	dʒɛ̀.ɛ́
JamsayMondoro	HUNGER	dʒɛ̀.ɛ́
Mombo	HUNGER	kúɡɔ́
BonduSoNajamba	HUNGER	ɡà.àɡó
Penange	HUNGER	kùɡà
PergeTegu	HUNGER	ɡɛ̀.ɛ́
TebulUre	HUNGER	dʒà.á
Tiranige	HUNGER	kɔ̀rɛ̀
TogoKan	HUNGER	ɡɛ̀.ɛ́
TommoSoTongoTongo	HUNGER	ɡí+jɛ́
TomoKanSegue	HUNGER	dʒà.à
ToroTegu	HUNGER	àrkírì
YandaDom	HUNGER	dʒà.à
YornoSo	HUNGER	ɡɛ̀.ɛ́
BankanTey	FAMINE	kɔ́.ɔ̀
BenTey	FAMINE	kɔ́.ɔ̀
JamsayDouentza	FAMINE	dʒɛ̀.ɛ́
Mombo	FAMINE	kúɡɔ́
BonduSoNajamba	FAMINE	ɡà.àɡó
PergeTegu	FAMINE	ɡɛ̀.ɛ́
TogoKan	FAMINE	ɡɛ̀.ɛ́
TommoSoTongoTongo	FAMINE	bàà#tɛ̀+bú
TommoSoTongoTongo	FAMINE	bàà#jàmú
TommoSoTongoTongo	FAMINE	ɡí+jɛ́#ànà+ɡùdù
ToroTegu	FAMINE	dʒɛ̀wá
YandaDom	FAMINE	dʒà.à
YornoSo	FAMINE	ɡɛ̀.ɛ́
BankanTey	LICK	dɛ̀.ɛ́
BenTey	LICK	dɛ̀ɡɛ́
Bunoge	LICK	dɛ́lɛ̀
DogulDomBendiely	LICK	dɛ̀ɡɛ́
DogulDomKundialang	LICK	dɛ̀ɡɛ́
DonnoSo	LICK	dɛ̀ɡɛ́
JamsayGourou	LICK	dɛ̀ɡɛ́
JamsayDouentza	LICK	dɛ̀ɡɛ́
Mombo	LICK	nɛ́lɛ́
BonduSoNajamba	LICK	nɛ́ɡɛ́
Penange	LICK	nɛ́lɛ́
PergeTegu	LICK	dɛ̀ɡɛ́
TebulUre	LICK	dɛ̀ɡɛ́
Tiranige	LICK	nɛ́lɔ́
TogoKan	LICK	dɛ̀ɡɛ́
TommoSoTongoTongo	LICK	dɛ̀ɡɛ́
TomoKanSegue	LICK	dʒɛ̀ʔɛ̀
ToroTegu	LICK	dɛ̀ɡá
YandaDom	LICK	dɛ̀ɡɛ́
YornoSo	LICK	dɛ̀ɡɛ́
BankanTey	SUCK	ɔ́zí
BenTey	SUCK	ɔ́n.dʒí
Bunoge	SUCK	bɔ́n.dʒɛ̀
DogulDomBendiely	SUCK	ɔ̀ɲdʒɛ́
DogulDomKundialang	SUCK	ɔ́n.dʒɛ̀
DonnoSo	SUCK	ɔ́n.dʒ+ɛ̀
JamsayGourou	SUCK	ɔ́sɔ́
JamsayDouentza	SUCK	ɔ́ɲɔ́
JamsayMondoro	SUCK	ɔ́ɲɔ́
Mombo	SUCK	mílɛ́
BonduSoNajamba	SUCK	ón.dʒí
Penange	SUCK	ɲɛ́.ɛ́
PergeTegu	SUCK	ɔ́n.dʒɔ́
TebulUre	SUCK	ón.dó
Tiranige	SUCK	ón.dʒó
TogoKan	SUCK	ɔ́ɲɔ́
TommoSoTongoTongo	SUCK	ɔ́n.dʒɔ́
TomoKanSegue	SUCK	ʔɔ́n.dʒɛ́
ToroTegu	SUCK	ɔ́.∼sɔ́
YandaDom	SUCK	úmzó
YornoSo	SUCK	ɔ́ɲɔ́
BankanTey	SWALLOW	mìr.∼é
BenTey	SWALLOW	mìr.∼ɛ́
Bunoge	SWALLOW	mílɛ̀
DogulDomBendiely	SWALLOW	mìnɛ́
DogulDomKundialang	SWALLOW	mìnɛ́
DonnoSo	SWALLOW	mìnɛ́
JamsayGourou	SWALLOW	mìr.∼ɛ́
JamsayDouentza	SWALLOW	mìr.∼é
Mombo	SWALLOW	mí.ín.dɛ̀
BonduSoNajamba	SWALLOW	mìnɛ́
Penange	SWALLOW	mílɛ́
PergeTegu	SWALLOW	mìr.∼é
TebulUre	SWALLOW	mìnɛ́
Tiranige	SWALLOW	mínó
TogoKan	SWALLOW	mír.∼í
TommoSoTongoTongo	SWALLOW	mìnɛ́
TomoKanSegue	SWALLOW	mìnɛ̀
ToroTegu	SWALLOW	mìrá
YandaDom	SWALLOW	mìr.∼ɛ́
YornoSo	SWALLOW	mɛ̀r.∼ɛ́
BankanTey	ABSTAIN FROM FOOD	mbù.ù+pǎ+j
BenTey	ABSTAIN FROM FOOD	mò.ò+pàɡ+í.ì
DogulDomKundialang	ABSTAIN FROM FOOD	kórkà
DonnoSo	ABSTAIN FROM FOOD	kɔ́rɡɔ̀
JamsayDouentza	ABSTAIN FROM FOOD	kà.à+pàɡ+ú
Mombo	ABSTAIN FROM FOOD	kɔ́rkà
BonduSoNajamba	ABSTAIN FROM FOOD	ìbì+páɡí+lé
Penange	ABSTAIN FROM FOOD	sú.ú~#túlé
PergeTegu	ABSTAIN FROM FOOD	kà.à+pàɡ+ú
TebulUre	ABSTAIN FROM FOOD	mbù+pàɡú
Tiranige	ABSTAIN FROM FOOD	ɔ̀mɔ̀+páɡá
TogoKan	ABSTAIN FROM FOOD	kà~+pàɡú
TommoSoTongoTongo	ABSTAIN FROM FOOD	àŋà#pàɡú
TomoKanSegue	ABSTAIN FROM FOOD	sú.ú~
ToroTegu	ABSTAIN FROM FOOD	kà+páɡú
YandaDom	ABSTAIN FROM FOOD	mbò+pàɡù
YornoSo	ABSTAIN FROM FOOD	àŋà+pàɡú
BankanTey	MEAL	ɲɛ̌j.∼
BenTey	MEAL	ɲɛ̌j.∼
Bunoge	MEAL	páná+ŋ.ɡè
DogulDomBendiely	MEAL	ɲàáŋ
DogulDomKundialang	MEAL	ɲà.á+ŋ
DonnoSo	MEAL	ɲà.á
JamsayGourou	MEAL	pàná
JamsayDouentza	MEAL	ɲà.á
Mombo	MEAL	ɲá.à
BonduSoNajamba	MEAL	màná.à
Penange	MEAL	ɲà.à
PergeTegu	MEAL	dʒá.á
TebulUre	MEAL	zá
Tiranige	MEAL	ɲà.àŋ.ɡè
TommoSoTongoTongo	MEAL	dʒáá
TomoKanSegue	MEAL	ɲà.à
ToroTegu	MEAL	lɛ́
YandaDom	MEAL	zá
YornoSo	MEAL	dʒá.à
BankanTey	FOOD	ŋɡú.úrèj
BenTey	FOOD	mò.ò+ɲɛ̌j.∼
Bunoge	FOOD	dʒí
DogulDomBendiely	FOOD	ɲɛ́.ɛ́lɛ̀
DogulDomKundialang	FOOD	ɲɛ̀.ɛ̀+lɛ́
DonnoSo	FOOD	pàná
JamsayDouentza	FOOD	kà.à+ɲǐj.∼
Mombo	FOOD	ɛ́ɲɔ́ɡɔ̀
BonduSoNajamba	FOOD	kwɛ́+ŋ.ɡò
Penange	FOOD	ɲɔ̀.ɔ̀n.dʒé
PergeTegu	FOOD	kà.à+ɲɛ̀.ɛ̀r.∼ɛ́
TebulUre	FOOD	ɲɛ́+ŋ.ɡɛ́
Tiranige	FOOD	ɲɛ́lɛ́
TogoKan	FOOD	ɲà.á
TommoSoTongoTongo	FOOD	dɛ̀+nɛ́
TomoKanSegue	FOOD	ɲí.ín.dʒé
ToroTegu	FOOD	kà+lɛ́
YornoSo	FOOD	pàná
BankanTey	BREAKFAST	kɔ̀.ɔ̀dʒɛ̀+ɡóm.bò
BenTey	BREAKFAST	ɔ̀mɔ̀+ɲɛ̌j.∼
Bunoge	BREAKFAST	tàʔjìkò.òʔjó
DogulDomBendiely	BREAKFAST	dàràɡá
DogulDomKundialang	BREAKFAST	dàràɡá
DonnoSo	BREAKFAST	dàràɡá
JamsayGourou	BREAKFAST	jèjsè.è#j.∼à.á
JamsayDouentza	BREAKFAST	kɔ́.ɔ́dʒɔ̀
Mombo	BREAKFAST	tádʒúɡó.ódʒì
BonduSoNajamba	BREAKFAST	èɡà+tábù.ù
Penange	BREAKFAST	tádʒí+kó.ódʒôl
PergeTegu	BREAKFAST	kó.ódʒò
TebulUre	BREAKFAST	dàràká
Tiranige	BREAKFAST	dàràɡá
TogoKan	BREAKFAST	à.àɡà+ɲà.á
TommoSoTongoTongo	BREAKFAST	àɡà#tà+bú
TomoKanSegue	BREAKFAST	ɲà.à+lùɡù
ToroTegu	BREAKFAST	kàtú
YandaDom	BREAKFAST	tádʒùɡòl
YornoSo	BREAKFAST	dàràɡá
BankanTey	LUNCH	mbùrɔ̀m.búrɔ̀
BenTey	LUNCH	kɛ̀lɛ̀+tɛ̌j
Bunoge	LUNCH	bá+m+pànàŋ.ɡè
DogulDomBendiely	LUNCH	ìsìɡà#páná
DogulDomKundialang	LUNCH	ìsìɡà.à+pàná
DonnoSo	LUNCH	à.àɡà+pàná
JamsayGourou	LUNCH	nìnúw.∼ò#kɛ̀ntɛ̀ɡú
JamsayDouentza	LUNCH	tʃɛ̀n+tɛ̀ɡú
Mombo	LUNCH	ɡílí
BonduSoNajamba	LUNCH	kèn+tě+ŋ.ɡò
Penange	LUNCH	dòjà.àlò
PergeTegu	LUNCH	kɛ̀lɛ̀+tɛ̀ɡú
TebulUre	LUNCH	ùdù+nòmdó
TiranigeBoui	LUNCH	páníŋ.ɡé
TogoKan	LUNCH	ìsìɡɛ̀+pàná
TommoSoTongoTongo	LUNCH	téɡú
TomoKanSegue	LUNCH	ʔìʔìdʒà+pànà
ToroTegu	LUNCH	kòlú
YandaDom	LUNCH	wà.à+pànù
YornoSo	LUNCH	nàm+lè#kìnè+ɡú
BankanTey	DINNER (SUPPER)	nùmzó
BenTey	DINNER (SUPPER)	ɲàr.∼ù+nùmdʒó
Bunoge	DINNER (SUPPER)	dèná+m+pànàŋ.ɡè
DogulDomBendiely	DINNER (SUPPER)	dɛ̀n.dùɡàà#páná
DogulDomKundialang	DINNER (SUPPER)	dɛ̀n.dùɡà.à+pàná
DonnoSo	DINNER (SUPPER)	dì.ìɡɛ̀+pàná
JamsayGourou	DINNER (SUPPER)	dà.àɣà#pàná
JamsayDouentza	DINNER (SUPPER)	pàná
Mombo	DINNER (SUPPER)	páléŋ.ɡè
BonduSoNajamba	DINNER (SUPPER)	ɲɛ̀nɛ́+ŋ.ɡò
Penange	DINNER (SUPPER)	ɲàmàn
PergeTegu	DINNER (SUPPER)	dɛ̀.ɛ̀ɡɛ̀+pàná
TebulUre	DINNER (SUPPER)	dɛ̀n.dɛ̀+nòmdó
Tiranige	DINNER (SUPPER)	ján.ɡé
TogoKan	DINNER (SUPPER)	dàɡà+pàná
TommoSoTongoTongo	DINNER (SUPPER)	dìɡɛ̀#pànnú
TomoKanSegue	DINNER (SUPPER)	dàʔà+pànà
ToroTegu	DINNER (SUPPER)	nè.èsé
YandaDom	DINNER (SUPPER)	dèn.dà+pànù
YornoSo	DINNER (SUPPER)	dìɡɛ̀+pàná
BankanTey	BREAD	bú.úrù
BenTey	BREAD	bú.úrù
Bunoge	BREAD	bú.úrù
DogulDomKundialang	BREAD	bûr
DonnoSo	BREAD	búrù
JamsayDouentza	BREAD	bù.úrù
Mombo	BREAD	búrú
BonduSoNajamba	BREAD	bú.úrù
Penange	BREAD	bú.úrù
PergeTegu	BREAD	bù.úrù
TebulUre	BREAD	búrú
Tiranige	BREAD	búrú
TogoKan	BREAD	búrú
TommoSoTongoTongo	BREAD	búúrù
ToroTegu	BREAD	dùpé.è
YandaDom	BREAD	bùrú
YornoSo	BREAD	búrù
BankanTey	FLOUR	pìr.∼à+nàmú.ù
BenTey	FLOUR	pìnǎm
Bunoge	FLOUR	pùnàŋ.ɡè
DogulDomBendiely	FLOUR	púnó
DogulDomKundialang	FLOUR	púnò
DonnoSo	FLOUR	pùnnǎŋ
JamsayGourou	FLOUR	pìnǎm
JamsayDouentza	FLOUR	pìnǎm
JamsayMondoro	FLOUR	pìr.∼è#nǎm
Mombo	FLOUR	púnáŋ.ɡé
BonduSoNajamba	FLOUR	púnɛ̀
Penange	FLOUR	púná
PergeTegu	FLOUR	pɛ̀r.∼ɛ́
TebulUre	FLOUR	púr.∼ó
Tiranige	FLOUR	pùnàŋ.ɡè
TogoKan	FLOUR	pùnǎj.∼
TommoSoTongoTongo	FLOUR	fárání
TomoKanSegue	FLOUR	h.wúná
ToroTegu	FLOUR	pìr.∼á
YandaDom	FLOUR	púr.∼á
YornoSo	FLOUR	pùnǎm
Ampari	MEAT	nàmá
BankanTey	MEAT	nàmá.à
BenTey	MEAT	nàw.∼á.à
Bunoge	MEAT	námà
DogulDomBendiely	MEAT	nàmáá
DogulDomKundialang	MEAT	nàmá.á
DonnoSo	MEAT	nàmá
JamsayGourou	MEAT	nɔ̀w.∼ɔ́
JamsayDouentza	MEAT	nɔ̀w.∼ɔ́
JamsayMondoro	MEAT	nɔ̀w.∼ɔ́
Mombo	MEAT	námà
BonduSoNajamba	MEAT	nàmá.à
Penange	MEAT	nàmà
PergeTegu	MEAT	nàw.∼á
TebulUre	MEAT	nàmá
Tiranige	MEAT	námá
TogoKan	MEAT	nɔ̀w.∼ɔ́
TommoSoTongoTongo	MEAT	nàmá
TomoKanSegue	MEAT	nàmà
ToroTegu	MEAT	nàw.∼á
YandaDom	MEAT	nàmà
YornoSo	MEAT	nàw.∼á
BankanTey	POISON	pɔ́sɔ̀.∼
BenTey	POISON	pɔ̀sɔ̂m
DogulDomBendiely	POISON	dúɡó
DogulDomKundialang	POISON	pɔ́sɔ̀ŋ
JamsayDouentza	POISON	pɔ́sɔ̂ŋ
Mombo	POISON	pòsó.ò~
BonduSoNajamba	POISON	pɔ̀sɔ̂m
PergeTegu	POISON	pɔ̀sɔ̂m
TogoKan	POISON	pɔ̀rsɔ́.∼
TommoSoTongoTongo	POISON	dúɡó
ToroTegu	POISON	pɔ́sɔ̂m
YandaDom	POISON	pɔ̀zɔ́.ɔ̀.∼
YornoSo	POISON	pɔ̀sɔ́.ɔ̀.∼
BankanTey	HUNT	òsíjé
BenTey	HUNT	dànní
JamsayGourou	HUNT	dàná
JamsayDouentza	HUNT	dàná
Mombo	HUNT	dà.ànà#nkálúmá#kání
BonduSoNajamba	HUNT	tálɛ́
TebulUre	HUNT	dàn.dí
Tiranige	HUNT	tá.ánó
TogoKan	HUNT	dàná
TommoSoTongoTongo	HUNT	àn+tólú#táálá
TomoKanSegue	HUNT	swɛ́.ɛ́
ToroTegu	HUNT	ósó
YandaDom	HUNT	dànà+lí
YornoSo	HUNT	dàná
BankanTey	FOOTPRINT	ndɔ̀sɔ̀+tà.á
BenTey	FOOTPRINT	lɔ̀sɔ̀+tɔ̀.ɔ̀.
Bunoge	FOOTPRINT	sè.è+tɛ̀bɔ̀
DonnoSo	FOOTPRINT	kùbɔ̀+nàmm+ú
JamsayDouentza	FOOTPRINT	kɔ̀.ɔ̀+námá+r.∼á
BonduSoNajamba	FOOTPRINT	nà.à#tà.ànà.á
Penange	FOOTPRINT	járám
PergeTegu	FOOTPRINT	kùwɔ̀+námárà
TebulUre	FOOTPRINT	là.à+nám.bú+súŋ.ɡó
Tiranige	FOOTPRINT	tòn.dʒè#ídʒíɡɔ́
TogoKan	FOOTPRINT	kùwɔ̀+sìdʒé
TommoSoTongoTongo	FOOTPRINT	ànú
ToroTegu	FOOTPRINT	kúwɔ́#kà
YandaDom	FOOTPRINT	nà.à
YornoSo	FOOTPRINT	kùbɔ̀+námù
BankanTey	TRAP (PITFALL)	èm.bí.ì
BenTey	TRAP (PITFALL)	ɡúrúɡúsù
Bunoge	TRAP (PITFALL)	pá.án.dè
DogulDomBendiely	TRAP (PITFALL)	híílɛ̀
DogulDomKundialang	TRAP (PITFALL)	pɛ́nɛ̀
DonnoSo	TRAP (PITFALL)	pɛ́nɛ̀
JamsayGourou	TRAP (PITFALL)	ɡɛ́ŋ.ɡɛ́
JamsayDouentza	TRAP (PITFALL)	dʒɛ́nɛ́ŋɛ́
JamsayMondoro	TRAP (PITFALL)	dʒɛ́nɛ́ŋɛ́
Mombo	TRAP (PITFALL)	másáw.∼
BonduSoNajamba	TRAP (PITFALL)	pìn.dí.ì
Penange	TRAP (PITFALL)	pá.án.dò
PergeTegu	TRAP (PITFALL)	dʒɛ́níŋ.ɡɛ́
Tiranige	TRAP (PITFALL)	pà.àn.dé
TogoKan	TRAP (PITFALL)	pɛ́r.∼ɛ́
TommoSoTongoTongo	TRAP (PITFALL)	tám.bálá
ToroTegu	TRAP (PITFALL)	kúsěj
YornoSo	TRAP (PITFALL)	pɛ́r.∼ɛ́
TommoSoTongoTongo	TRAP (CATCH)	dɛ̀bɛ́mɔ́
YornoSo	TRAP (CATCH)	á.á
TommoSoTongoTongo	FISH TRAP	dʒɔ́.ɔ́.∼
ToroTegu	FISH TRAP	sàr.∼á
BankanTey	FISHHOOK	mèmîn
BenTey	FISHHOOK	mìrîm
Bunoge	FISHHOOK	jàm.bùrɛ́
DogulDomKundialang	FISHHOOK	mìnmú+ŋ
DonnoSo	FISHHOOK	mìnɛ̌ŋ
JamsayDouentza	FISHHOOK	mìr.∼îm
JamsayMondoro	FISHHOOK	mìr.∼îm
BonduSoNajamba	FISHHOOK	mìnàmí.ì
Penange	FISHHOOK	dʒám.bú.údʒɛ̀
PergeTegu	FISHHOOK	mɛ̀r.∼ɛ̌m
TebulUre	FISHHOOK	mìnìjámɡó
Tiranige	FISHHOOK	dʒà.àm.bùrú
TogoKan	FISHHOOK	dʒɔ̀.ɔ́
TommoSoTongoTongo	FISHHOOK	mìnɛ̀mì+j
TommoSoTongoTongo	FISHHOOK	mì+n+ɛ̀+mú
ToroTegu	FISHHOOK	nì+nàw.∼à#ǎw#tʃɛ̂ŋ
YandaDom	FISHHOOK	mìr.∼àm
YornoSo	FISHHOOK	mɛ̀+mɛ̀r.∼ɛ̌m
BankanTey	SHOOT	tá
BenTey	SHOOT	tá
DogulDomKundialang	SHOOT	tájè
DonnoSo	SHOOT	tá.à
JamsayGourou	SHOOT	tá.á~
JamsayDouentza	SHOOT	tá.á~
JamsayMondoro	SHOOT	tá.á~
Mombo	SHOOT	tájé
BonduSoNajamba	SHOOT	tɛ̀.ɛ̀
Penange	SHOOT	tájé
PergeTegu	SHOOT	tá.á
TebulUre	SHOOT	tá
Tiranige	SHOOT	tájó
TogoKan	SHOOT	tɛ́wɛ́
TommoSoTongoTongo	SHOOT	táá
TomoKanSegue	SHOOT	tʃɛ́bɛ́
ToroTegu	SHOOT	tájá
YandaDom	SHOOT	tá.á
YornoSo	SHOOT	tá.á
BankanTey	MISS (A TARGET)	wɔ́fà#kǎŋ
BenTey	MISS (A TARGET)	léré
Bunoge	MISS (A TARGET)	sádʒè
DogulDomKundialang	MISS (A TARGET)	sálè
DonnoSo	MISS (A TARGET)	sád+ɛ̀.ɛ̀
JamsayDouentza	MISS (A TARGET)	léré
Mombo	MISS (A TARGET)	díɡjɛ́lì
BonduSoNajamba	MISS (A TARGET)	wɔ́.ɔ́fɛ́
Penange	MISS (A TARGET)	tɛ́lɛ́
PergeTegu	MISS (A TARGET)	léré
TebulUre	MISS (A TARGET)	nɛ̀mǎ+l
Tiranige	MISS (A TARGET)	wò.òfí#kánú
TommoSoTongoTongo	MISS (A TARGET)	sádá
TomoKanSegue	MISS (A TARGET)	bjɛ́làw.∼
ToroTegu	MISS (A TARGET)	kár.∼á
BankanTey	MORTAR	tún.dú
BenTey	MORTAR	túní.í
Bunoge	MORTAR	dɔ́
DogulDomBendiely	MORTAR	kùnnúŋ
DogulDomKundialang	MORTAR	kùnnú+ŋ
DonnoSo	MORTAR	dònà.á
JamsayGourou	MORTAR	màná.á
JamsayDouentza	MORTAR	màná.á
JamsayMondoro	MORTAR	màná.á
Mombo	MORTAR	dɔ̀.ɔ̀ní
BonduSoNajamba	MORTAR	tún+ɡó
Penange	MORTAR	dɔ̀.ɔ̀
PergeTegu	MORTAR	mòná.á
TebulUre	MORTAR	tíníŋ.ɡó
Tiranige	MORTAR	túŋ.ɡú
TogoKan	MORTAR	dòɡóró
TommoSoTongoTongo	MORTAR	kù+j#náá
TomoKanSegue	MORTAR	dùdʒò~
ToroTegu	MORTAR	bɔ̀nɔ́
YandaDom	MORTAR	kún
YornoSo	MORTAR	kǔj
BankanTey	PESTLE	tàn.dâj
BenTey	PESTLE	tàlâj
Bunoge	PESTLE	dɔ́.ɔ́+bè
DogulDomBendiely	PESTLE	kùnééɡù
DogulDomKundialang	PESTLE	kùnè.éɡ
DonnoSo	PESTLE	dɔ̌j
JamsayGourou	PESTLE	mɔ̀tí.ì~
JamsayDouentza	PESTLE	mɔ̀tí.ì~
JamsayMondoro	PESTLE	màtí.ì~
Mombo	PESTLE	dɔ̌j
BonduSoNajamba	PESTLE	tùmàn.dó.ò
Penange	PESTLE	dɔ̀.ɔ̀+wé.è
PergeTegu	PESTLE	mòtí.ì~
TebulUre	PESTLE	tìn+íjɛ́
Tiranige	PESTLE	túŋ.ɡú#bè.é
TogoKan	PESTLE	dɔ̌j.∼
TommoSoTongoTongo	PESTLE	kú+j
TomoKanSegue	PESTLE	dùmɛ̀.∼
ToroTegu	PESTLE	bɔ̀nɔ̀+ì+r.∼+í.í
YandaDom	PESTLE	kǔn+jè
YornoSo	PESTLE	kùj+í.ì
Mombo	PRESS	túm.bɛ́
PergeTegu	PRESS	ɡɛ̀sɛ́
TommoSoTongoTongo	PRESS	sálá
YornoSo	PRESS	ɡɛ̀dʒɛ́
BankanTey	POUND	tóró#mì.ìní.í
BenTey	POUND	tóró
DonnoSo	POUND	dòŋ.ɡ+á.á#mɛ́n.dì
JamsayDouentza	POUND	sáɡù#tóró
Mombo	POUND	télé
BonduSoNajamba	POUND	sè.è+tùŋá+ŋ.ɡó#dwɛ́
PergeTegu	POUND	bùdù+wɔ́
TebulUre	POUND	tó.ó
TogoKan	POUND	téré
TommoSoTongoTongo	POUND	dɔ̀.ɔ́
TomoKanSegue	POUND	tʃwélé
ToroTegu	POUND	dùwɔ́
YandaDom	POUND	tóló
YornoSo	POUND	bùdɔ́+mɔ́
BankanTey	DOUGH	pìr.∼à+kɛ́n.dɛ̀
BenTey	DOUGH	pìr.∼à+tʃɛ́lɛ̀
DogulDomKundialang	DOUGH	bún.dù
DonnoSo	DOUGH	pùnɔ̀#dʒàŋ.ɡ+ú
JamsayDouentza	DOUGH	pìr.∼è+tʃɛ́nɛ́
Mombo	DOUGH	ká.áŋ.ɡá
BonduSoNajamba	DOUGH	sǒl+ŋ.ɡó
PergeTegu	DOUGH	pìr.∼è+kɛ́lɛ́
TebulUre	DOUGH	sòl+kɛ́n.dɛ́
TogoKan	DOUGH	pùr.∼ù#lòɡú
TommoSoTongoTongo	DOUGH	sò+lù#dʒáŋ+ɡú
ToroTegu	DOUGH	ɲɛ́tʃtʃɛ̀
YandaDom	DOUGH	sòl+tʃín.dá
YornoSo	DOUGH	pɔ̀r.∼ɔ̀+lòɡú
BenTey	OVEN	ùɡ+í.ì
DogulDomBendiely	OVEN	tɛ́n.dɛ̀rɛ̀
JamsayDouentza	OVEN	ùɡú
Mombo	OVEN	sìbjé
BonduSoNajamba	OVEN	fú.ùr
PergeTegu	OVEN	pú.úrù
TogoKan	OVEN	fú.úr
TommoSoTongoTongo	OVEN	púúrú
TommoSoTongoTongo	OVEN	nàmà#ùɡú
YornoSo	OVEN	nàw.∼à+pùŋú
BankanTey	COOK (SOMETHING)	bìrɛ́
BenTey	COOK (SOMETHING)	bìrɛ́
Bunoge	COOK (SOMETHING)	bálè
DogulDomKundialang	COOK (SOMETHING)	sírɛ̀
DonnoSo	COOK (SOMETHING)	ɲà.á#sí.írɛ̀
JamsayGourou	COOK (SOMETHING)	bìrɛ́
JamsayDouentza	COOK (SOMETHING)	sírɛ́
Mombo	COOK (SOMETHING)	wúlámì
BonduSoNajamba	COOK (SOMETHING)	mànè
Penange	COOK (SOMETHING)	dɔ́ŋ.ɡɛ́
PergeTegu	COOK (SOMETHING)	sírɛ́
TebulUre	COOK (SOMETHING)	sírí
TogoKan	COOK (SOMETHING)	sí.írɛ́
TommoSoTongoTongo	COOK (SOMETHING)	sírɛ́
TomoKanSegue	COOK (SOMETHING)	sí.írí
ToroTegu	COOK (SOMETHING)	bìrá
YandaDom	COOK (SOMETHING)	mànú
YornoSo	COOK (SOMETHING)	sírɛ́
BankanTey	BAKE	úɡó
BenTey	BAKE	úɡó
DonnoSo	BAKE	ùɡòró
JamsayDouentza	BAKE	ùɡó
Mombo	BAKE	bú.úrù#kán.djé.è
BonduSoNajamba	BAKE	ùɡè
PergeTegu	BAKE	ùɡó
TebulUre	BAKE	jɔ̀rú
Tiranige	BAKE	úɡó
TogoKan	BAKE	úɡóró
TommoSoTongoTongo	BAKE	sírɛ́
ToroTegu	BAKE	kár.∼á
YornoSo	BAKE	sírɛ́
BankanTey	CHILI PEPPER	tʃɛ̀pɛ̂l
BenTey	CHILI PEPPER	kɛ̀pɛ̂l
Bunoge	CHILI PEPPER	dán.dì
DogulDomBendiely	CHILI PEPPER	kɛ̀bɛ́.ɛ́r
DogulDomKundialang	CHILI PEPPER	kɛ̀.ɛ̀bɛ̂r
DonnoSo	CHILI PEPPER	kɛ̀.ɛ̀bɛ́rù
JamsayGourou	CHILI PEPPER	kɛ̀pɛ̂l
JamsayDouentza	CHILI PEPPER	tʃɛ̀pɛ̂l
Mombo	CHILI PEPPER	kè.èbèré
BonduSoNajamba	CHILI PEPPER	pɛ̀rɛ́n.dɛ̀+ŋ.ɡò
Penange	CHILI PEPPER	dàn.dì
PergeTegu	CHILI PEPPER	kɛ̀pɛ̂l
TebulUre	CHILI PEPPER	sàpɛ̀rɛ́n.dɛ́
Tiranige	CHILI PEPPER	pɛ́dɛ̀
TogoKan	CHILI PEPPER	kɛ̀pɛ́lú
TommoSoTongoTongo	CHILI PEPPER	pɛ̀rɛ́+n+dɛ́
TomoKanSegue	CHILI PEPPER	tʃɛ̀pɛ̀rì
ToroTegu	CHILI PEPPER	tʃɛ̀tʃɛ̀rú
YandaDom	CHILI PEPPER	sáptɛ́rɛ̀
YornoSo	CHILI PEPPER	tɛ̀m+tɛ́.ɛ́rɛ̀
Ampari	SALT	mɛ̀n.dʒɛ́
BankanTey	SALT	nɛ̌m
BenTey	SALT	nɛ̌m
Bunoge	SALT	kómúnù
DogulDomBendiely	SALT	nèém
DogulDomKundialang	SALT	něm
DonnoSo	SALT	něŋ
JamsayGourou	SALT	nɛ̌m
JamsayDouentza	SALT	nɛ̌m
Mombo	SALT	nêw.∼
BonduSoNajamba	SALT	nɛ̌m+ɡó
Penange	SALT	nɛ̀m
PergeTegu	SALT	nɛ̌m
TebulUre	SALT	nèmé
Tiranige	SALT	nɛ́w.∼
TogoKan	SALT	mɛ̀.ɛ́
TommoSoTongoTongo	SALT	nɛ̌m
TomoKanSegue	SALT	míjɛ̀.∼
ToroTegu	SALT	nɛ̌ŋ
YandaDom	SALT	nɛ̀m
YornoSo	SALT	nɛ̌m
BankanTey	SUGAR	súkkàr
BenTey	SUGAR	súkórò
Bunoge	SUGAR	sìkɔ̀rɔ́
DogulDomBendiely	SUGAR	súkòrò
DogulDomKundialang	SUGAR	síkɔ̀.ɔ̀r
DonnoSo	SUGAR	sù.ùɡɔ̀rɔ́
JamsayDouentza	SUGAR	súkɔ́rɔ̀
Mombo	SUGAR	síɡórò
BonduSoNajamba	SUGAR	súkàrà
Penange	SUGAR	síkkɔ́rɔ̀
PergeTegu	SUGAR	súkɔ́rɔ̀
TebulUre	SUGAR	síkɔ̀rɔ̀
Tiranige	SUGAR	síkɔ́rɔ́
TogoKan	SUGAR	sùkɔ́rɔ́
TommoSoTongoTongo	SUGAR	síkɔ̀rɔ̀
TomoKanSegue	SUGAR	sùkɔ̀rɔ̀
ToroTegu	SUGAR	nɛ̀ŋ#ètú
YandaDom	SUGAR	súkɔ̀rɔ̀
YornoSo	SUGAR	súɡɔ̀rɔ̀
JamsayDouentza	BUTTER	nǔŋ
Mombo	BUTTER	nà.àté
BonduSoNajamba	BUTTER	nèɡé
TommoSoTongoTongo	BUTTER	níjɛ́
ToroTegu	BUTTER	lòw#búrɔ̀
YornoSo	BUTTER	nì.í
BankanTey	OIL (ORGANIC SUBSTANCE)	ɛ̀rɛ̀rɛ̀j+nì.í
BenTey	OIL (ORGANIC SUBSTANCE)	ɛ̀lɛ̀j+nì+sár.∼á
JamsayDouentza	OIL (ORGANIC SUBSTANCE)	ɛ̀.ɛ̀rɛ̀+nǔŋ
Mombo	OIL (ORGANIC SUBSTANCE)	ɔ́lɔ́ŋ.ɡé#nú.ú
BonduSoNajamba	OIL (ORGANIC SUBSTANCE)	ɛ̀lɛ̀+nèɡé
PergeTegu	OIL (ORGANIC SUBSTANCE)	ɛ̀.ɛ̀rɛ̀+nùŋ.ɡú
TogoKan	OIL (ORGANIC SUBSTANCE)	ɛ̀.ɛ̀rɛ̀+nìŋí
TommoSoTongoTongo	OIL (ORGANIC SUBSTANCE)	ɛ̀lɛ̀+kɛ̀lɛ̀#níjɛ́
TomoKanSegue	OIL (ORGANIC SUBSTANCE)	ʔjɛ̀lɛ̀+bàʔ.~à+ɲì.ì
ToroTegu	OIL (ORGANIC SUBSTANCE)	ɛ́ŋúnɛ́#lòw
YandaDom	OIL (ORGANIC SUBSTANCE)	ɛ̀ɡɛ̀lɛ̀+nì.ì
YornoSo	OIL (ORGANIC SUBSTANCE)	ɛ̀ɡɛ̀lɛ̀+nì.í
Ampari	FIRE	ɡɛ̀nɛ́
BankanTey	FIRE	ɡò.ò
BenTey	FIRE	ɡò.ò
Bunoge	FIRE	ɡénì
DogulDomBendiely	FIRE	ɡóɡó
DogulDomKundialang	FIRE	ɡòɡó
DonnoSo	FIRE	ɲǎŋ
JamsayGourou	FIRE	núw.∼ó
JamsayDouentza	FIRE	núw.∼ó
JamsayMondoro	FIRE	núw.∼ó
Mombo	FIRE	ɡénì
BonduSoNajamba	FIRE	ɡólò
Penange	FIRE	ɡènì
PergeTegu	FIRE	núw.∼ó
TebulUre	FIRE	ɡò.ó
TiranigeBoui	FIRE	dʒíjé
TogoKan	FIRE	ɲɛ́.ɛ́
TommoSoTongoTongo	FIRE	ɲǎm
TomoKanSegue	FIRE	ɲá.á
ToroTegu	FIRE	núw.∼ɔ́
YandaDom	FIRE	ɡòlò
YornoSo	FIRE	jǎm
BankanTey	FLAME	ɡò.ò#àm.bǎj
BenTey	FLAME	ɡò.ò+bìsěj
DogulDomKundialang	FLAME	ɡòɡò+blɛ̀+blɛ́
JamsayDouentza	FLAME	bùdʒó
Mombo	FLAME	ɡènì#né.én.dè
BonduSoNajamba	FLAME	ɡólò#nɛ̀n.dɔ̀.ɔ̀
PergeTegu	FLAME	nùw.∼ò+lɛ̀lɛ́
Tiranige	FLAME	ɡéné#nɛ̀.ɛ̀n.dɛ́
TogoKan	FLAME	ɲɛ̀.ɛ̀+ìlá
TommoSoTongoTongo	FLAME	ɲàm#ɡídé
YandaDom	FLAME	ɡòlò+bìzè
YornoSo	FLAME	jàm+ɡìdʒí
BankanTey	FIREWOOD	tǐn
BenTey	FIREWOOD	tìr.∼ú
Bunoge	FIREWOOD	té.éŋ.ɡè
DogulDomBendiely	FIREWOOD	tééŋ
DogulDomKundialang	FIREWOOD	té.è~
DonnoSo	FIREWOOD	tìnú
JamsayDouentza	FIREWOOD	tǐn
Mombo	FIREWOOD	té.éŋ.ɡé
BonduSoNajamba	FIREWOOD	té.é+ŋ.ɡó
Penange	FIREWOOD	tè.èŋ.ɡè
PergeTegu	FIREWOOD	tìr.∼í
TebulUre	FIREWOOD	tìnè.é
TiranigeBoui	FIREWOOD	tè.èŋ.ɡè
TogoKan	FIREWOOD	tǐ~
TommoSoTongoTongo	FIREWOOD	tí+nú
TomoKanSegue	FIREWOOD	tʃú~
ToroTegu	FIREWOOD	tìr.∼ú
YandaDom	FIREWOOD	té.é
YornoSo	FIREWOOD	tǐn
BankanTey	CHARCOAL	dʒɛ̀mɛ̀nè#dʒɛ́m
BenTey	CHARCOAL	dʒɛ̀.ɛ̀r.∼ɛ̀#dʒɛ́m
Bunoge	CHARCOAL	kɛ́.ɛ́ŋ.ɡɔ̀
DogulDomBendiely	CHARCOAL	ɡɛ́mlɛ̀
DogulDomKundialang	CHARCOAL	ɡɛ́mlɛ̀
DonnoSo	CHARCOAL	ɡɛ́mɛ̀nɛ̀
JamsayGourou	CHARCOAL	kìrɛ́
JamsayDouentza	CHARCOAL	dʒɛ̀ŋɛ̀rɛ̀#dʒɛ́m
Mombo	CHARCOAL	ɡènì#sí.í
BonduSoNajamba	CHARCOAL	ɡɛ́mílɛ́+ŋ.ɡó
Penange	CHARCOAL	kɛ́ŋ.ɡɔ́
PergeTegu	CHARCOAL	dʒɛ̀mnɛ̀#dʒém
TebulUre	CHARCOAL	dʒɛ́mɛ̀.ɛ̀
Tiranige	CHARCOAL	tʃɛ̀.ɛ̀ŋ.ɡɔ̀
TogoKan	CHARCOAL	ɡɛ́w.∼ɛ́r.∼ɛ́
TommoSoTongoTongo	CHARCOAL	ɡɛ́mɛ́+lɛ́
TommoSoTongoTongo	CHARCOAL	kí+lɛ́
TomoKanSegue	CHARCOAL	dʒìdʒɛ́nɛ́
ToroTegu	CHARCOAL	dʒɛ́mnɛ́
YandaDom	CHARCOAL	dʒɛ́mnɛ́
YornoSo	CHARCOAL	ɡì+ɡɛ̀r.∼ɛ̌m
BankanTey	EMBERS	ɡò.ò+ɲír.∼éj.∼
BenTey	EMBERS	ɡò.ò#bɔ̀r.∼ɔ̌j.∼
Bunoge	EMBERS	ɡén+sè
DogulDomBendiely	EMBERS	ɡòɡò#ɛ̀mɛ̀ɡínɛ́
DogulDomKundialang	EMBERS	ɡòɡò#ɛ̀mɛ̀ɡínɛ̀
DonnoSo	EMBERS	ɲàŋ+bédè
JamsayDouentza	EMBERS	nùw.∼ò+tʃìrɛ́
Mombo	EMBERS	ɲá.áŋ.ɡó
BonduSoNajamba	EMBERS	ɡòlò+ɔ̀n.dɔ̀.ɔ́
Penange	EMBERS	ɡèn+sé
PergeTegu	EMBERS	nùw.∼ò#bɔ̀r.∼ɔ́
TebulUre	EMBERS	ɡò.ò+bɔ̀r.∼ɔ́
Tiranige	EMBERS	dʒíjé#sèŋ.ɡé
TogoKan	EMBERS	ɲɛ̀.ɛ̀+bɛ́.ɛ́
TommoSoTongoTongo	EMBERS	ɲàm#bɔ̀nɔ́
TomoKanSegue	EMBERS	ɲà.à+tʃíʔínà
ToroTegu	EMBERS	nùw.∼ɔ̀+tʃɛ̀ŋá
YandaDom	EMBERS	ɡòlò+bɔ̀r.∼ɔ̀
YornoSo	EMBERS	jàm+bɔ̀r.∼ɔ́
Ampari	ASH	dɔ̀.ɔ̀jé
BankanTey	ASH	dɔ̀j.∼ɔ̌j.∼
BenTey	ASH	dɔ̀j.∼ɔ̌j.∼
Bunoge	ASH	díwɔ̀
DogulDomBendiely	ASH	dɔ́.ɔ̀
DogulDomKundialang	ASH	dɔ̀.ɔ́
DonnoSo	ASH	ún.dɔ̀
JamsayGourou	ASH	ɛ́.ɛ́r.∼ɛ̀
JamsayDouentza	ASH	dɔ̀j.∼ɔ́
Mombo	ASH	dwɛ́.ɛ̀
BonduSoNajamba	ASH	dɔ̀dɛ̀.ɛ́+ŋ.ɡó
Penange	ASH	dwɛ̀.ɛ̀
PergeTegu	ASH	dɔ̀j.∼ɔ́
TebulUre	ASH	dɔ̀ɛ́
Tiranige	ASH	dwɛ́.ɛ́
TogoKan	ASH	dɔ̀j.∼ɛ́
TommoSoTongoTongo	ASH	ɔ́í+n+dɛ́
TomoKanSegue	ASH	dwɛ́.∼
ToroTegu	ASH	dòw.∼òsú
YandaDom	ASH	dɔ̀j.∼ɛ̀
YornoSo	ASH	únɔ̀
Ampari	SMOKE (EXHAUST)	kúm.bé
BankanTey	SMOKE (EXHAUST)	kùkúm.bó
BenTey	SMOKE (EXHAUST)	kù+kùm.bó
Bunoge	SMOKE (EXHAUST)	kújè
DogulDomBendiely	SMOKE (EXHAUST)	kùmmɛ́
DogulDomKundialang	SMOKE (EXHAUST)	kùmmé
DonnoSo	SMOKE (EXHAUST)	kùmmɔ́
JamsayGourou	SMOKE (EXHAUST)	kùkùmó
JamsayDouentza	SMOKE (EXHAUST)	kù+kùmɔ́
JamsayMondoro	SMOKE (EXHAUST)	kì+kùmó
Mombo	SMOKE (EXHAUST)	kúm.bè
BonduSoNajamba	SMOKE (EXHAUST)	kùm.bú
Penange	SMOKE (EXHAUST)	kùm.bè
PergeTegu	SMOKE (EXHAUST)	kù+kùm.bó
TebulUre	SMOKE (EXHAUST)	kùm.bó
Tiranige	SMOKE (EXHAUST)	kúmú
TogoKan	SMOKE (EXHAUST)	kùkúmó
TommoSoTongoTongo	SMOKE (EXHAUST)	kùm+mɔ́
TomoKanSegue	SMOKE (EXHAUST)	kù~+kùmì
ToroTegu	SMOKE (EXHAUST)	kúmó
YandaDom	SMOKE (EXHAUST)	kùmò
YornoSo	SMOKE (EXHAUST)	kùmɔ́
BankanTey	EXTINGUISH	dʒɛ́
BenTey	EXTINGUISH	ɡìjɛ́
Bunoge	EXTINGUISH	dímó+ŋ.ɡè
DogulDomKundialang	EXTINGUISH	síj.∼ɛ̀
DonnoSo	EXTINGUISH	ɲǎŋ#dà.á
JamsayGourou	EXTINGUISH	úɡó
JamsayDouentza	EXTINGUISH	úɡó
Mombo	EXTINGUISH	míníɡè
BonduSoNajamba	EXTINGUISH	kímóɡí
Penange	EXTINGUISH	ním.bú+ɡè
PergeTegu	EXTINGUISH	úɡó
TebulUre	EXTINGUISH	dʒɛ̌
Tiranige	EXTINGUISH	ním+ɡó
TogoKan	EXTINGUISH	ɲɛ́.ɛ́#dàr.∼á
TommoSoTongoTongo	EXTINGUISH	sɔ́.ɔ́.∼
TomoKanSegue	EXTINGUISH	dɛ̀lɛ̀
ToroTegu	EXTINGUISH	húm+kó
YandaDom	EXTINGUISH	dʒɛ́
YornoSo	EXTINGUISH	dà.á
DogulDomBendiely	COCONUT	kòkó
DogulDomKundialang	COCONUT	kòkó
PergeTegu	COCONUT	kò.òkó.ò
Tiranige	COCONUT	kòkó.ò
TogoKan	COCONUT	kàkó
TommoSoTongoTongo	COCONUT	kòkó
ToroTegu	COCONUT	kàkó
YandaDom	COCONUT	kòkó.ò
YornoSo	COCONUT	kò.ò+kó.ò
BankanTey	SUGAR CANE	sùkàr#kɔ̀ŋ.ɡùrɔ́
BenTey	SUGAR CANE	sìrìpàlà+kɔ̀ŋɔ̀rɔ́
Bunoge	SUGAR CANE	múlè
DogulDomBendiely	SUGAR CANE	kàlá
DogulDomKundialang	SUGAR CANE	kàlá
DonnoSo	SUGAR CANE	kàlá
JamsayDouentza	SUGAR CANE	sùkɔ̀rɔ̀+tʃè.èrú
Mombo	SUGAR CANE	ɛ̀m.bà#dúm.bɛ́
BonduSoNajamba	SUGAR CANE	súkàrà#sìm.bá
Penange	SUGAR CANE	sìn.dʒà+n+dúm.bé
PergeTegu	SUGAR CANE	sìrìpàlà+kèrú
TebulUre	SUGAR CANE	kàlá
Tiranige	SUGAR CANE	úm.búlíjè
TogoKan	SUGAR CANE	sùɡɔ̀rɔ̀+kèrú
TommoSoTongoTongo	SUGAR CANE	sànà#ɡɛ́+nɛ́
ToroTegu	SUGAR CANE	súkkàrà#tùsù+tʃèrù
YornoSo	SUGAR CANE	sùɡɔ̀rɔ̀+kèrú
Ampari	RICE	ɛ́dɛ́
BankanTey	RICE	árá
BenTey	RICE	á.árá
Bunoge	RICE	ʔɛ̀n.dɛ̀ɡè
DogulDomBendiely	RICE	árà
DogulDomKundialang	RICE	árà
DonnoSo	RICE	árà
JamsayGourou	RICE	árá
JamsayDouentza	RICE	árá
JamsayMondoro	RICE	árá
Mombo	RICE	ɛ́rɛ́
BonduSoNajamba	RICE	ɔ̀.ɔ́rɛ̀
Penange	RICE	ɛ́rɛ́.ɛ́ŋ.ɡé
PergeTegu	RICE	á.árá
TebulUre	RICE	árá
Tiranige	RICE	ɛ̀rɛ̀+ɡè
TogoKan	RICE	árá
TommoSoTongoTongo	RICE	árá
TomoKanSegue	RICE	árá
ToroTegu	RICE	mɔ́
YandaDom	RICE	ádá
YornoSo	RICE	árá
BankanTey	MAIZE	bàrà+ɛ̀m.bɛ̌j
BenTey	MAIZE	bàrměj.∼
Bunoge	MAIZE	dílímà
DogulDomBendiely	MAIZE	sàmìjóɡó
DogulDomKundialang	MAIZE	sàmìjóɡò
DonnoSo	MAIZE	sàmɛ̀mmɛ́
JamsayGourou	MAIZE	pòrò+jú.ú~
JamsayDouentza	MAIZE	pòrò.ò+ɲú.ú
Mombo	MAIZE	ɛ̀m.bɛ̀dúlúmá
BonduSoNajamba	MAIZE	màdè+m.bá+ŋ.ɡó
Penange	MAIZE	dàlmà+jòɡó
PergeTegu	MAIZE	bàrà+ɛ̀.ɛ̀m.bɛ́
TebulUre	MAIZE	sàr.∼à+ɛ̀m.bɛ́
Tiranige	MAIZE	dùmà+jò.òɡé
TogoKan	MAIZE	màɲɛ̀r.∼ɛ̀má
TommoSoTongoTongo	MAIZE	sànà#ɛ̀m+mɛ́
TomoKanSegue	MAIZE	màn.dʒàrà+ɲùmà
ToroTegu	MAIZE	tɔ̀r.∼í+j.∼àr.∼à
YandaDom	MAIZE	sànà+ɛ̀mɛ̀
YornoSo	MAIZE	sàr.∼à+ɛ̀mɛ́
BankanTey	WHEAT	àlkámà
BenTey	WHEAT	àlkámà
DogulDomBendiely	WHEAT	áràkàmà
DogulDomKundialang	WHEAT	árkàmà
DonnoSo	WHEAT	àlkàmá
JamsayDouentza	WHEAT	álkámà
BonduSoNajamba	WHEAT	àlkámà
PergeTegu	WHEAT	àrkámà
TebulUre	WHEAT	àlkámá
Tiranige	WHEAT	àlkàmá
TogoKan	WHEAT	àlká.ámá
TommoSoTongoTongo	WHEAT	árkà+mà
YandaDom	WHEAT	árkàmà
YornoSo	WHEAT	àlkámá
BankanTey	BEAN	nùmí.ì
BenTey	BEAN	nùw.∼í.ì~
Bunoge	BEAN	nù.ùŋ.ɡè
DogulDomBendiely	BEAN	núm
DogulDomKundialang	BEAN	nûm
DonnoSo	BEAN	nǔŋ
JamsayDouentza	BEAN	nǐm
JamsayMondoro	BEAN	nǐm
Mombo	BEAN	núŋ.ɡé
BonduSoNajamba	BEAN	nú+m.bú+ŋ.ɡó
Penange	BEAN	númɡé
PergeTegu	BEAN	núm
TebulUre	BEAN	nímé
Tiranige	BEAN	nù.ùŋ.ɡè
TogoKan	BEAN	nì.í
TommoSoTongoTongo	BEAN	núm
TomoKanSegue	BEAN	ɲíʔí~
ToroTegu	BEAN	núm
YandaDom	BEAN	nǐm
YornoSo	BEAN	nǔm
BenTey	CASSAVA	bànàkù.ù#béré
Bunoge	CASSAVA	bànàŋkú
DogulDomBendiely	CASSAVA	kúú
DogulDomKundialang	CASSAVA	kù.ù+bè.éɡ
DonnoSo	CASSAVA	bànàŋkù#tànná
JamsayDouentza	CASSAVA	bàlàkù.ù~+béré
Mombo	CASSAVA	bálá#kú.ù~
BonduSoNajamba	CASSAVA	bànàŋkú.ù+ŋ.ɡò
Penange	CASSAVA	dàlmà+jòɡó
PergeTegu	CASSAVA	bànàkùrù+wòsó
TebulUre	CASSAVA	bàr.∼àkú.ú~
Tiranige	CASSAVA	bànáŋ+kú.ú
TogoKan	CASSAVA	bànàkù.ù+bá.áɡá
TommoSoTongoTongo	CASSAVA	bànànkù#tímɛ́
TommoSoTongoTongo	CASSAVA	tànnàá
TomoKanSegue	CASSAVA	bɛ̀nɛ̀nɛ̀+kú
YandaDom	CASSAVA	bànàkùl+táná
YornoSo	CASSAVA	wòdʒó
BankanTey	SWEET POTATO	màsàkú
BenTey	SWEET POTATO	bànàkù.ù#bùm.bɔ́
Bunoge	SWEET POTATO	kú
DogulDomBendiely	SWEET POTATO	dʒɔ̀ɡɔ́
DogulDomKundialang	SWEET POTATO	kùù#ɔ́nɔ̀nɔ̀+ŋ
DonnoSo	SWEET POTATO	kù.ú
JamsayGourou	SWEET POTATO	wòsó
JamsayDouentza	SWEET POTATO	wósó
Mombo	SWEET POTATO	kú.ù~
BonduSoNajamba	SWEET POTATO	màsàkú.ù+ŋ.ɡò
Penange	SWEET POTATO	wòsó
PergeTegu	SWEET POTATO	wòsó
TebulUre	SWEET POTATO	bàr.∼àkù.ù~#bùm.bá
Tiranige	SWEET POTATO	màsá+kú.ú
TogoKan	SWEET POTATO	bànàkù.ú
TommoSoTongoTongo	SWEET POTATO	bànà+n#kù#bùm.bɔ́
TomoKanSegue	SWEET POTATO	màsà+kú
ToroTegu	SWEET POTATO	màsàkú
YandaDom	SWEET POTATO	bànàkùl#bùm.bɔ̀
YornoSo	SWEET POTATO	bàr.∼àkù.ú
BankanTey	CASSAVA	bànàŋkú
BenTey	CASSAVA	bànàkú.ù
DonnoSo	CASSAVA	kù.ú
JamsayGourou	CASSAVA	bànàkú.ú
JamsayDouentza	CASSAVA	bànàkú.ù~
Mombo	CASSAVA	kú.ù~
Tiranige	CASSAVA	bànáŋ+kú.ú
TogoKan	CASSAVA	bànàkù.ú
TommoSoTongoTongo	CASSAVA	bànà+n#kú
ToroTegu	CASSAVA	bànàŋkú
YandaDom	CASSAVA	bànàkûl
YornoSo	CASSAVA	bàr.∼àkù.ú
Ampari	POTATO	pɔ́mtɛ́.ɛ̀r
BankanTey	POTATO	pômté.érì
BenTey	POTATO	pɔ̀mdə̀tɛ́.ɛ̀r
DogulDomBendiely	POTATO	pòmtɛ́.ɛ́r
DogulDomKundialang	POTATO	pɔ̀mtɛ́.ɛ̀r
DonnoSo	POTATO	pɔ̀mtɛ́.ɛ̀r
JamsayDouentza	POTATO	pɔ́mtɛ́.ɛ́rù
Mombo	POTATO	pómúté.érù
BonduSoNajamba	POTATO	póm.bìté.ér
PergeTegu	POTATO	pɔ̀mtɛ́.ɛ̀r
TogoKan	POTATO	pɔ̀mtɛ́.ɛ́rú
TommoSoTongoTongo	POTATO	pɔ̀m#tɛ́r
TomoKanDiangassagou	POTATO	pɔ́mtɛ́.ɛ́rú.ú
ToroTegu	POTATO	pɔ́mpítɛ́.ɛ̀r
YandaDom	POTATO	pɔ́mtɛ́.ɛ́rù
YornoSo	POTATO	pɔ̀mtɛ́.ɛ̀r
BankanTey	YAM	kú.ù
BenTey	YAM	kú.ù
DogulDomBendiely	YAM	kúù
DogulDomKundialang	YAM	kú.ù
DonnoSo	YAM	kù.ú
JamsayGourou	YAM	kú.ù
JamsayDouentza	YAM	kú.ù
Mombo	YAM	kú.úbá
BonduSoNajamba	YAM	kù.ù+nì.í
PergeTegu	YAM	kú.ù
TebulUre	YAM	kù.ú
TogoKan	YAM	kù.ú
TommoSoTongoTongo	YAM	kúú
TomoKanSegue	YAM	kú
ToroTegu	YAM	kú.ù
YandaDom	YAM	kù.ú
YornoSo	YAM	kù.ú
BankanTey	PUMPKIN	ɡɔ́.ɔ́r.∼ɔ́
BenTey	PUMPKIN	ɡɔ́.ɔ́r.∼ɔ́
Bunoge	PUMPKIN	póm.bà
DogulDomBendiely	PUMPKIN	ɡɔ́nɔ́
DogulDomKundialang	PUMPKIN	ɡɔ́nɔ̀.ɔ̀
DonnoSo	PUMPKIN	ɡɔ́nɔ̀
JamsayDouentza	PUMPKIN	ɡɔ́.ɔ́r.∼ɔ́
Mombo	PUMPKIN	ɡâw.∼
BonduSoNajamba	PUMPKIN	ɡóné+ŋ.ɡó
Penange	PUMPKIN	bòɡò
PergeTegu	PUMPKIN	ɡɔ́.ɔ́r.∼ɔ́
TebulUre	PUMPKIN	ɡɔ́r.∼ɔ́
TogoKan	PUMPKIN	ɡàmú
TommoSoTongoTongo	PUMPKIN	ɡɔ́+nɔ́
ToroTegu	PUMPKIN	ɡɔ́.ɔ́r.∼ɔ́
YandaDom	PUMPKIN	ɡòr.∼ɔ́
YornoSo	PUMPKIN	ɡɔ́r.∼ɔ́
BankanTey	FARMER	wòŋ.ɡùrò+wàrǔ+m
BenTey	FARMER	jù.ù+wàrú+m
Bunoge	FARMER	wòlí+wàlò+bò
DogulDomBendiely	FARMER	ɡɔ̀lɔ̀ɡɔ́l
DogulDomKundialang	FARMER	ɡɔ̀lɔ̀.ɔ̀+ɡɔ̌l
DonnoSo	FARMER	jù.ù+wálù+nɛ̀
JamsayGourou	FARMER	wàrù+wárá+n
JamsayDouentza	FARMER	wàrù+wárá+n
Mombo	FARMER	kùbà#kúbí
BonduSoNajamba	FARMER	ɡɔ̀lɛ̀+ɡòlé
Penange	FARMER	kùbà.à+kùbù
PergeTegu	FARMER	wàrù+wárá+n
TebulUre	FARMER	jù+wà.à+wà+lé
Tiranige	FARMER	kùwɔ̀+kúwí
TogoKan	FARMER	wàrù+wárá
TommoSoTongoTongo	FARMER	wò+lù#wá+lí+nɛ́
TomoKanSegue	FARMER	kùbɛ̀rɛ̀+kúbɛ́.∼
ToroTegu	FARMER	wàrà+wá+n
YandaDom	FARMER	ɡɔ̀lɔ̀+ɡɔ̀l
YornoSo	FARMER	wòl+wálá+nɛ́
BankanTey	CULTIVATE	wàrá
BenTey	CULTIVATE	wàrá
Bunoge	CULTIVATE	wálè
DogulDomKundialang	CULTIVATE	ɡɔ̀lɛ́
DonnoSo	CULTIVATE	wàlá
JamsayDouentza	CULTIVATE	wàrá
Mombo	CULTIVATE	kúbɔ́#kúbɛ́
BonduSoNajamba	CULTIVATE	ɡɔ̀lɛ́
Penange	CULTIVATE	kúbɛ́
PergeTegu	CULTIVATE	wàrá
TebulUre	CULTIVATE	wà.á
Tiranige	CULTIVATE	kúwɔ́
TogoKan	CULTIVATE	wàrá
TommoSoTongoTongo	CULTIVATE	wòlú#wàlá
TomoKanSegue	CULTIVATE	kúbɛ́
ToroTegu	CULTIVATE	wàrá
YandaDom	CULTIVATE	ɡɔ̀lɔ́
YornoSo	CULTIVATE	wàlá
BankanTey	FIELD	ɲír.∼à.à
BenTey	FIELD	ír.∼à
Bunoge	FIELD	bìlà
DogulDomBendiely	FIELD	ɔ́ŋùnù
DogulDomKundialang	FIELD	jàlá.á
DonnoSo	FIELD	mìnnɛ́
JamsayGourou	FIELD	èɡú
JamsayDouentza	FIELD	èdʒú
JamsayMondoro	FIELD	èdʒú
Mombo	FIELD	jàlà#kúbjè
BonduSoNajamba	FIELD	jàlí.ì+ŋ.ɡè
Penange	FIELD	jàlà
PergeTegu	FIELD	wòrú
TebulUre	FIELD	án.dá
Tiranige	FIELD	jálá
TogoKan	FIELD	wòrú
TommoSoTongoTongo	FIELD	mìn+nɛ́
TomoKanSegue	FIELD	ʔjéj
ToroTegu	FIELD	órú
YandaDom	FIELD	òj
YornoSo	FIELD	mìnɛ́
BankanTey	BOUNDARY	íjà
BenTey	BOUNDARY	íjàj
Bunoge	BOUNDARY	kòlèŋ.ɡè
DogulDomBendiely	BOUNDARY	kálúɡ
DogulDomKundialang	BOUNDARY	kàlɡú
DonnoSo	BOUNDARY	dǎŋ
JamsayGourou	BOUNDARY	úrɔ́
JamsayDouentza	BOUNDARY	úrɔ́
Mombo	BOUNDARY	píŋ.ɡì
BonduSoNajamba	BOUNDARY	kàló.ó
Penange	BOUNDARY	kàlè
PergeTegu	BOUNDARY	úrɔ́
TebulUre	BOUNDARY	ɡɔ̀.ɔ́
Tiranige	BOUNDARY	bɔ́w.∼
TogoKan	BOUNDARY	úrɔ́
TommoSoTongoTongo	BOUNDARY	mìn+nɛ̀#kál+é
TomoKanSegue	BOUNDARY	ʔúlá
ToroTegu	BOUNDARY	húlɛ́
YandaDom	BOUNDARY	kàlè
YornoSo	BOUNDARY	úlɔ̀
BankanTey	HOE	wárà
BenTey	HOE	wárà
Bunoge	HOE	dèm.bè
DogulDomKundialang	HOE	dàmmá+ŋ
JamsayGourou	HOE	kɔ̌j.∼
JamsayDouentza	HOE	kɔ̌j.∼
JamsayMondoro	HOE	kɔ̌j.∼
Mombo	HOE	dá.ám.bè
BonduSoNajamba	HOE	dàbá
Penange	HOE	dà.àm.bɛ̀
PergeTegu	HOE	wárá
TebulUre	HOE	àr.∼à+wá.á
TogoKan	HOE	kɔ̌.∼
TommoSoTongoTongo	HOE	dàbá
TommoSoTongoTongo	HOE	dàm+má
ToroTegu	HOE	dàbá
YandaDom	HOE	wàlá
YornoSo	HOE	ɛ́r.∼ɛ́
BankanTey	SEED	tǒj
BenTey	SEED	tǒj
Bunoge	SEED	ʔámɡè
DogulDomKundialang	SEED	núwò
DonnoSo	SEED	jùɡè.é
JamsayGourou	SEED	tǒj
JamsayDouentza	SEED	tǒj
Mombo	SEED	nùɡùdʒí
BonduSoNajamba	SEED	tǒj+ŋ.ɡò
Penange	SEED	núɡúr+jè
PergeTegu	SEED	tǒj
TebulUre	SEED	tò.ó
Tiranige	SEED	kɔ̀lɛ̀dʒɛ́
TogoKan	SEED	nóŋó
TommoSoTongoTongo	SEED	dɛ̀n+tów
TomoKanSegue	SEED	lò.ò+ʔí.í~
ToroTegu	SEED	tǒw
YandaDom	SEED	tòŋ
YornoSo	SEED	dɛ̀r.∼ɛ̀+tǒj
BankanTey	SOW SEEDS	ɡò.ò+n.dɔ̀sɔ́.ɔ̀#ɡò+n.dó
JamsayDouentza	SOW SEEDS	à+wéɡù#wèɡé
BonduSoNajamba	SOW SEEDS	pùrjɛ̂w#kán
PergeTegu	SOW SEEDS	tòj#mǎj.∼
TommoSoTongoTongo	SOW SEEDS	bìlím#tɛ́ɡɛ́
YandaDom	SOW SEEDS	wéɡù#wɛ̀ɡɛ́
BenTey	TURN (SOMETHING)	bɔ̀ɡùrú
DonnoSo	TURN (SOMETHING)	bɔ̀ɡɔ̀lɔ́
JamsayDouentza	TURN (SOMETHING)	bɔ̀ɣɔ̀rɔ́
Mombo	TURN (SOMETHING)	kúbɔ́#kúbɛ́
BonduSoNajamba	TURN (SOMETHING)	bìn.dè
PergeTegu	TURN (SOMETHING)	bɔ̀ɡɔ̀rɔ́
TebulUre	TURN (SOMETHING)	bɔ̀ɡùrú
TogoKan	TURN (SOMETHING)	bɔ̀ɡɔ́rɔ́
TommoSoTongoTongo	TURN (SOMETHING)	bɔ̀ɡúrɔ́
ToroTegu	TURN (SOMETHING)	kúsó
YandaDom	TURN (SOMETHING)	bɔ̀ɡúrɔ́
DogulDomBendiely	HARVEST	ɡɛ́.ɛ́l
Mombo	HARVEST	jó.óɡé#dʒélí
BonduSoNajamba	HARVEST	jóɡé#ɡì.ì
TommoSoTongoTongo	HARVEST	jùù#ɡí+jé
TommoSoTongoTongo	HARVEST	ɡɛ́+lú
BenTey	THRESH	sújɔ́
Bunoge	THRESH	núm.bè
DogulDomKundialang	THRESH	bùn.dé
DonnoSo	THRESH	láɡà
JamsayDouentza	THRESH	láɡá
Penange	THRESH	bún.dé
TebulUre	THRESH	póɡó
TogoKan	THRESH	láɡá
TomoKanSegue	THRESH	tʃɛ́bɛ́
YandaDom	THRESH	bùn.dó
YornoSo	THRESH	láɡá
BankanTey	MOW	ɡá
BenTey	MOW	ɡá
Bunoge	MOW	sɛ́lɛ̀
DogulDomKundialang	MOW	sɛ́mɛ̀
DonnoSo	MOW	ɡà.á
JamsayGourou	MOW	wà.á
JamsayDouentza	MOW	wà.á
JamsayMondoro	MOW	wà.á
Mombo	MOW	sɛ́mɛ́
BonduSoNajamba	MOW	ɡàjè
Penange	MOW	sɛ́mɛ́
PergeTegu	MOW	ɡà.á
TebulUre	MOW	ɡá
Tiranige	MOW	sɛ́mɔ́
TogoKan	MOW	kɛ́dʒɛ́
TommoSoTongoTongo	MOW	ɡàá
TomoKanSegue	MOW	wɛ̀lɛ̀
ToroTegu	MOW	tʃɛ́sá
YandaDom	MOW	ɡà.á
YornoSo	MOW	kɛ́dʒɛ́
BankanTey	MOW	kɛ́sɛ́
BenTey	MOW	kɔ́sú
DogulDomBendiely	MOW	ɡɛ̀lɛ́
JamsayDouentza	MOW	tʃɛ́dʒɛ́
BonduSoNajamba	MOW	kɛ́dʒɛ́
TogoKan	MOW	ɡɛ̀rɛ́
TommoSoTongoTongo	MOW	kɛ́dɛ́
ToroTegu	MOW	kɔ́sɔ́
YornoSo	MOW	kɛ́dʒɛ́
BankanTey	PILE UP	tɛ̀.ɛ́#ɡǎŋ
BenTey	PILE UP	tɛ̀.ɛ̀rɛ́#tɛ́.ɛ́rí
DogulDomKundialang	PILE UP	twà.á#túwè
DonnoSo	PILE UP	dú.ún.d+è
JamsayDouentza	PILE UP	tɛ̀.ɛ̀rɛ́#pɛ́ɡɛ́
Mombo	PILE UP	kán.djé.è
BonduSoNajamba	PILE UP	tɛ̀.ɛ́n#tɛ́nɛ́
PergeTegu	PILE UP	tɛ̀+tɛ̀.ɛ̀rɛ́#tɛ́.ɛ́rɛ́
TebulUre	PILE UP	bèltíjá.á#tɛ́.ɛ́
TogoKan	PILE UP	tɛ̀.ɛ́#kún
TommoSoTongoTongo	PILE UP	tújɔ́#káná
TomoKanSegue	PILE UP	kàrù#kúló
ToroTegu	PILE UP	pɛ́ɡá
YandaDom	PILE UP	tèlà#sá.á
YornoSo	PILE UP	tɛ́lɛ́
BankanTey	GARDEN	sárdíŋè
BenTey	GARDEN	sárdíŋɛ̀
DogulDomKundialang	GARDEN	zàrdíŋɛ̀
DonnoSo	GARDEN	sàdá
JamsayDouentza	GARDEN	sárdíŋè
Mombo	GARDEN	sá.ádíɲé.è
BonduSoNajamba	GARDEN	sàdíŋɛ̀
PergeTegu	GARDEN	sáddíŋè
TogoKan	GARDEN	sàdíŋɛ́
TomoKanSegue	GARDEN	kèlè+ɡóló
ToroTegu	GARDEN	sàddɛ̀ŋɛ́
YandaDom	GARDEN	ɔ́nɔ̀
YornoSo	GARDEN	sàdíŋɛ̀
BankanTey	GOURD	kɔ̀sú.ù
BenTey	GOURD	kɔ̀sú.ù
Bunoge	GOURD	dɔ́.ɔ́nì
DogulDomBendiely	GOURD	kùnnɔ́
DogulDomKundialang	GOURD	kúnnɔ̀
DonnoSo	GOURD	kòdú
JamsayGourou	GOURD	kàsú
JamsayDouentza	GOURD	kàdʒú
JamsayMondoro	GOURD	kàdʒú
Mombo	GOURD	kɔ́bɛ́
BonduSoNajamba	GOURD	kɔ̀ríjɔ̀
Penange	GOURD	kù.ùmnɛ̀
PergeTegu	GOURD	kàsú
TebulUre	GOURD	ún.dú+ɡó
TiranigeBoui	GOURD	kúnɛ́
TogoKan	GOURD	kàdʒú
TommoSoTongoTongo	GOURD	kɔ̀+rɔ́
TomoKanSegue	GOURD	kwɛ́j
ToroTegu	GOURD	kàsú
YandaDom	GOURD	kɔ̀dɔ̀
YornoSo	GOURD	kɔ̀rɔ́
BankanTey	GOURD	kɔ̀sù+tɔ́.ɔ́r.∼ɔ́
BenTey	GOURD	dù+dú.úrú
DogulDomKundialang	GOURD	kɛ́mmɛ̀
DonnoSo	GOURD	kɛ́mmɛ̀
JamsayGourou	GOURD	dú.úrú
JamsayDouentza	GOURD	dù+dú.úrú
Mombo	GOURD	dó.ólé
BonduSoNajamba	GOURD	kɔ̀rìjɔ̀+tòn.dò.ó
PergeTegu	GOURD	dù+dú.úrú
TebulUre	GOURD	ɡò+ɡò.ó
Tiranige	GOURD	dó.ólè
TommoSoTongoTongo	GOURD	tàbà#dìì#kù+n.dú
ToroTegu	GOURD	kàsù+tóŋó
YandaDom	GOURD	tʃɛ́mɛ̀
YornoSo	GOURD	kɛ́mɛ́
BankanTey	BOWL	ndʒɛ̀+ɡón.dó
BenTey	BOWL	ìn.dʒɛ̀+kóró
JamsayGourou	BOWL	ìsù#kóró
JamsayDouentza	BOWL	ìdʒí#kórò
PergeTegu	BOWL	ìsù+kóró
TogoKan	BOWL	ìsí+kóró
TommoSoTongoTongo	BOWL	ɡɛ̀+ɡɛ̀m+mɛ́
ToroTegu	BOWL	něn#nè.èsè
YornoSo	BOWL	ɡì+ɡɛ̀mɛ́
BankanTey	TROUGH	ɡón.dó
BenTey	TROUGH	kóró
Bunoge	TROUGH	ʔàɡàlà.àwó
DogulDomBendiely	TROUGH	kóró
DogulDomKundialang	TROUGH	kórò
DonnoSo	TROUGH	kórò
JamsayGourou	TROUGH	kóró
JamsayDouentza	TROUGH	kóró
Mombo	TROUGH	tóŋ.ɡólò
BonduSoNajamba	TROUGH	ɡón.dú
Penange	TROUGH	tóŋ.ɡóló
PergeTegu	TROUGH	kóró
TebulUre	TROUGH	kóró
TogoKan	TROUGH	kóró
TommoSoTongoTongo	TROUGH	kóló+n+dó
TomoKanSegue	TROUGH	kóró
ToroTegu	TROUGH	párá
YandaDom	TROUGH	kórò
YornoSo	TROUGH	kóró
BankanTey	COOKING POT	bármà
BenTey	COOKING POT	bármá
Bunoge	COOKING POT	bármà
DogulDomKundialang	COOKING POT	bármɛ̀
DonnoSo	COOKING POT	bármà
JamsayDouentza	COOKING POT	bármá
Mombo	COOKING POT	bárúmà
BonduSoNajamba	COOKING POT	bármá
Penange	COOKING POT	bármà
PergeTegu	COOKING POT	bármɛ̀
TebulUre	COOKING POT	bármá
Tiranige	COOKING POT	bàràmá
TogoKan	COOKING POT	bár.∼úw.∼á
TommoSoTongoTongo	COOKING POT	bár+má
TomoKanSegue	COOKING POT	ʔìnà+dʒɛ́j.∼
ToroTegu	COOKING POT	bármà
YandaDom	COOKING POT	bármà
YornoSo	COOKING POT	bármà
BenTey	BASKET	sèɡérè
JamsayDouentza	BASKET	sì+sèɡ+í.ì~
Mombo	BASKET	sɛ̀ɡí
TommoSoTongoTongo	BASKET	sìŋ.ɡì+lì+j
BenTey	GLASS	wɛ́.ɛ́rù
DogulDomKundialang	GLASS	wɛ́.ɛ̀r
DonnoSo	GLASS	wɛ́.ɛ́rù
JamsayDouentza	GLASS	vítrù
BonduSoNajamba	GLASS	bùtêl+ŋ.ɡò
PergeTegu	GLASS	wɛ́.ɛ́rù
Tiranige	GLASS	wɛ́.ɛ́rí
TogoKan	GLASS	wɛ́.ɛ́rú
TommoSoTongoTongo	GLASS	wɛ́.ɛ̀rù
ToroTegu	GLASS	díɡì
YornoSo	GLASS	wɛ́.ɛ̀r
BankanTey	SPOON	kújɛ́.ɛ̀r
BenTey	SPOON	sɔ́kɔ́lɛ̀
DogulDomKundialang	SPOON	kíjɛ̀.ɛ̀r
DonnoSo	SPOON	kùwɛ́.ɛ́rù
JamsayDouentza	SPOON	sɔ́kɔ́llɔ̀
Mombo	SPOON	kùwɛ́rì
BonduSoNajamba	SPOON	ɡɔ̀n.dʒɔ̀rɔ́.ɔ̀
PergeTegu	SPOON	sɔ́kɔ́lɛ̀
TebulUre	SPOON	kúwɛ́rù
Tiranige	SPOON	kújɛ́.ɛ́rí
TogoKan	SPOON	kúwɛ́.ɛ́rú
TommoSoTongoTongo	SPOON	kúwɛ́r
ToroTegu	SPOON	sɔ́ɡɔ́lɔ̀
YandaDom	SPOON	kújɛ̀rù
YornoSo	SPOON	ɡù+ɡònì+j~
BankanTey	DRIP (EMIT LIQUID)	téké
BenTey	DRIP (EMIT LIQUID)	téɡé
Bunoge	DRIP (EMIT LIQUID)	tɛ́ɡɛ̀
DogulDomBendiely	DRIP (EMIT LIQUID)	tèné
DogulDomKundialang	DRIP (EMIT LIQUID)	ténè
DonnoSo	DRIP (EMIT LIQUID)	télè
JamsayGourou	DRIP (EMIT LIQUID)	sómó
JamsayDouentza	DRIP (EMIT LIQUID)	lém+lém#bàɣá
Mombo	DRIP (EMIT LIQUID)	sólé
BonduSoNajamba	DRIP (EMIT LIQUID)	téɡí
Penange	DRIP (EMIT LIQUID)	déɡé
PergeTegu	DRIP (EMIT LIQUID)	téɡé
TebulUre	DRIP (EMIT LIQUID)	téɡé
Tiranige	DRIP (EMIT LIQUID)	déɡó
TogoKan	DRIP (EMIT LIQUID)	léwé
TommoSoTongoTongo	DRIP (EMIT LIQUID)	téɡé
ToroTegu	DRIP (EMIT LIQUID)	lékúró
YandaDom	DRIP (EMIT LIQUID)	téɡé
YornoSo	DRIP (EMIT LIQUID)	téɡé
BankanTey	SPLASH	písé
BenTey	SPLASH	pín.dʒé
DonnoSo	SPLASH	pín.dʒ+è.è
JamsayDouentza	SPLASH	píɲé
Mombo	SPLASH	píljé.è
BonduSoNajamba	SPLASH	dùdʒè
PergeTegu	SPLASH	pín.dʒé
TebulUre	SPLASH	sóm.bó
TogoKan	SPLASH	wòjó
TommoSoTongoTongo	SPLASH	pín.dʒí+jé
ToroTegu	SPLASH	písó
YandaDom	SPLASH	pínzíjé
YornoSo	SPLASH	píɲ+ɛ́.ɛ́
BankanTey	FOAM	kù+kù.ùrú
BenTey	FOAM	júɡúrɔ̀
Bunoge	FOAM	pùlà
DogulDomBendiely	FOAM	júbúlɔ́
DogulDomKundialang	FOAM	júblɔ̀
DonnoSo	FOAM	júbɔ̀lɔ̀
JamsayGourou	FOAM	pútɔ̀
JamsayDouentza	FOAM	pútɔ̀
Mombo	FOAM	púlɔ́
BonduSoNajamba	FOAM	bùdʒɛ̀+búdʒɛ̀+ŋ.ɡò
Penange	FOAM	púlá
PergeTegu	FOAM	jɔ̀ɡɔ̀rɔ̀+pútɔ̀
TebulUre	FOAM	júbdá
Tiranige	FOAM	pùlá
TogoKan	FOAM	jùɡɔ́rɔ́
TommoSoTongoTongo	FOAM	júbú+dɔ́
TomoKanSegue	FOAM	júbɛ́rɛ́
ToroTegu	FOAM	kùɡíj
YandaDom	FOAM	bùɲá
YornoSo	FOAM	júɡɔ̀rɔ̀
BankanTey	BOIL (OF LIQUID)	ɔ́wí.í+mí
BenTey	BOIL (OF LIQUID)	újó+wú
JamsayDouentza	BOIL (OF LIQUID)	ɔ́ɣɔ́+rɔ́
Mombo	BOIL (OF LIQUID)	w.∼á.áw.∼ámì
BonduSoNajamba	BOIL (OF LIQUID)	wàjà+mè
PergeTegu	BOIL (OF LIQUID)	ɡùnùj.∼ò+w.∼ó
TebulUre	BOIL (OF LIQUID)	bìlě+m
Tiranige	BOIL (OF LIQUID)	púwí+já+mú
TogoKan	BOIL (OF LIQUID)	wò.óŋó+m
TommoSoTongoTongo	BOIL (OF LIQUID)	wàŋá+n.dá
YandaDom	BOIL (OF LIQUID)	zùbí+jɛ́+mɛ́
YornoSo	BOIL (OF LIQUID)	dʒà.áná
Ampari	STONE OR ROCK	kínì
BankanTey	STONE OR ROCK	kúr.∼ò
BenTey	STONE OR ROCK	kúr.∼ù
Bunoge	STONE OR ROCK	kínì
DogulDomBendiely	STONE OR ROCK	kínú
DogulDomKundialang	STONE OR ROCK	kínù+ŋ
DonnoSo	STONE OR ROCK	tìbú
JamsayGourou	STONE OR ROCK	tùmó
JamsayDouentza	STONE OR ROCK	tùmó
JamsayMondoro	STONE OR ROCK	tùmó
Mombo	STONE OR ROCK	kínnì
BonduSoNajamba	STONE OR ROCK	kìnú.ù
Penange	STONE OR ROCK	kìnì
PergeTegu	STONE OR ROCK	tùwó
TebulUre	STONE OR ROCK	tʃǐn
Tiranige	STONE OR ROCK	tʃé.ém.bè
TogoKan	STONE OR ROCK	tùwó
TommoSoTongoTongo	STONE OR ROCK	dúm.bɔ́
ToroTegu	STONE OR ROCK	tùwó
YandaDom	STONE OR ROCK	tʃìn
YornoSo	STONE OR ROCK	tìbú
BankanTey	EARTH (SOIL)	sùm.bǎj
BenTey	EARTH (SOIL)	sùmǒj
DogulDomBendiely	EARTH (SOIL)	sòònnó
DogulDomKundialang	EARTH (SOIL)	sɔ̀nnɔ́
DonnoSo	EARTH (SOIL)	táj
JamsayDouentza	EARTH (SOIL)	ùdʒùbǎj
Mombo	EARTH (SOIL)	sôj
BonduSoNajamba	EARTH (SOIL)	sónà+ŋ.ɡò
PergeTegu	EARTH (SOIL)	ùsùbǎj
TebulUre	EARTH (SOIL)	dʒìná.á
Tiranige	EARTH (SOIL)	táɡú
TogoKan	EARTH (SOIL)	òsóró
TommoSoTongoTongo	EARTH (SOIL)	mìn+nɛ́
ToroTegu	EARTH (SOIL)	ìsó
YandaDom	EARTH (SOIL)	dɔ̌j
YornoSo	EARTH (SOIL)	ìdʒìbǎj
BankanTey	MUD	pɔ̀pɔ̀tú
BenTey	MUD	pù+pɔ̀tú
DogulDomKundialang	MUD	pɔ́n.dù
DonnoSo	MUD	pɔ́n.dù
JamsayGourou	MUD	pì+pɔ̀tú
JamsayDouentza	MUD	pì+pɔ̀tú
JamsayMondoro	MUD	pɔ̀tú
Mombo	MUD	mì.ì#téré
BonduSoNajamba	MUD	pɔ̀tɔ̀+pɔ̀tɛ́+ŋ.ɡò
Penange	MUD	ɔ̀ɡɔ̀lɔ̀
PergeTegu	MUD	pɔ̀+pɔ̀tú
TebulUre	MUD	pɔ̀n.dɔ́
Tiranige	MUD	ɔ̀ɡɔ̀
TogoKan	MUD	lɔ̀ɡɔ̀#ɡɛ́.∼
TommoSoTongoTongo	MUD	pɔ́+n+dú
ToroTegu	MUD	pɔ̀tɔ̀+pɔ́tɔ̀
YandaDom	MUD	pɔ̀+pɔ̀dù
YornoSo	MUD	pɔ́nù
Ampari	SAND	só.ó#bùɡàrè
BankanTey	SAND	sùm.bàj#bú.úrù
BenTey	SAND	sùmòj+só.ò
Bunoge	SAND	só.ón.dʒà
DogulDomBendiely	SAND	sòònnò#ísílɛ́
DogulDomKundialang	SAND	sɔ̀nnɔ̀#ísìlè
DonnoSo	SAND	sɔ̀lɔ̀mmɔ́
JamsayGourou	SAND	sìsɔ̌m
JamsayDouentza	SAND	sì+sɔ̌m
JamsayMondoro	SAND	sì+sɔ̌m
Mombo	SAND	sójn.dà
BonduSoNajamba	SAND	sɔ̀.∼nɛ́n.dɛ̀
Penange	SAND	sòjn.dà
PergeTegu	SAND	sù+sǔm
TebulUre	SAND	sɔ̀lmɔ́
Tiranige	SAND	síjɔ́w.∼
TogoKan	SAND	sɔ̀.∼sɔ̀nɔ́
TommoSoTongoTongo	SAND	sɔ̀lù+mɔ́
ToroTegu	SAND	ìsò+súměj
YandaDom	SAND	sɔ̀nzɔ̀m
YornoSo	SAND	sù+sǒm
BankanTey	CLAY	lěj
BenTey	CLAY	àtâj
DogulDomKundialang	CLAY	tàrá
DonnoSo	CLAY	jàɡú
JamsayDouentza	CLAY	àtáj
Mombo	CLAY	ɔ̀ɡɔ̀#nóɡóló
BonduSoNajamba	CLAY	ndʒà.à#mùɡó.ò
PergeTegu	CLAY	káttâl
TebulUre	CLAY	lèɡú
Tiranige	CLAY	bɛ́rɛ́
TogoKan	CLAY	tàrá#ósòrò
TommoSoTongoTongo	CLAY	ùn.dʒú+m
ToroTegu	CLAY	lɔ̀ɡù#mònú
YandaDom	CLAY	àtâj
YornoSo	CLAY	làɡú
BankanTey	DUST	kɔ̀+kɔ̀rɔ̌j
BenTey	DUST	kù+kɔ̀rɔ̌j
Bunoge	DUST	kùlɛ́+ŋ+kùlɛ̀
DogulDomBendiely	DUST	úɡtèlè
DogulDomKundialang	DUST	úɡtèlè
DonnoSo	DUST	pùrɡǔŋ
JamsayGourou	DUST	kɔ́ŋɔ̀
JamsayDouentza	DUST	kɔ́ŋɔ̀
JamsayMondoro	DUST	kɔ́ŋɔ̀
Mombo	DUST	kún.dálè
BonduSoNajamba	DUST	kùlɛ̀+kúlɛ̀+ŋ.ɡò
Penange	DUST	kùn.dàlè
PergeTegu	DUST	kɔ́ŋ.ɡɔ̀
TebulUre	DUST	kɔ́ŋ.ɡú
Tiranige	DUST	kòŋ.ɡò
TogoKan	DUST	pùrùɡí~
TommoSoTongoTongo	DUST	úɡ+ɡún+nɔ́
ToroTegu	DUST	kúsò
YandaDom	DUST	úr.∼á
YornoSo	DUST	kɔ́ŋɔ̀
BankanTey	WOOD	tǐn
BenTey	WOOD	tìr.∼ú
Bunoge	WOOD	tè.èŋ.ɡè
DogulDomBendiely	WOOD	bèéɡ
DogulDomKundialang	WOOD	bè.éɡ
DonnoSo	WOOD	tànná
JamsayGourou	WOOD	tǐn
JamsayDouentza	WOOD	tǐn
Mombo	WOOD	té.éŋ.ɡé
BonduSoNajamba	WOOD	té.é+ŋ.ɡó
Penange	WOOD	té.éŋ.ɡé
PergeTegu	WOOD	tìr.∼í
TebulUre	WOOD	tìnɛ̀.ɛ́
Tiranige	WOOD	tè.èŋ.ɡè
TogoKan	WOOD	tǐ~
TommoSoTongoTongo	WOOD	tì+nú
ToroTegu	WOOD	tìr.∼ú
YandaDom	WOOD	té.é
YornoSo	WOOD	tǐn
BankanTey	BOARD	bèrè#kɛ́sí+jɛ́
DogulDomKundialang	BOARD	pò.ònú+ŋ
JamsayDouentza	BOARD	tʃɛ̀wɛ̀+nùmó
Mombo	BOARD	tùmà#ɡúm.búlè
BonduSoNajamba	BOARD	pòn.dò+pòn.dò.ó
PergeTegu	BOARD	tìr.∼ì+pépél
TebulUre	BOARD	pé+pén.dé
Tiranige	BOARD	póní
TogoKan	BOARD	bá.áɡá
TommoSoTongoTongo	BOARD	pì+jé
ToroTegu	BOARD	póró
YandaDom	BOARD	tèbà
Ampari	TREE	tìŋ.ɡɔ́
BankanTey	TREE	tìměj.∼
BenTey	TREE	tìw.∼ɛ̌j.∼
Bunoge	TREE	tílíŋ.ɡè
DogulDomBendiely	TREE	kíŋúnɔ̀
DogulDomKundialang	TREE	kíŋnɔ̀
DonnoSo	TREE	tìmmɛ́
JamsayDouentza	TREE	tìw.∼é
JamsayMondoro	TREE	tìw.∼ɛ́
Mombo	TREE	tíníŋ.ɡɔ̀
BonduSoNajamba	TREE	tìmɔ́.ɔ̀
Penange	TREE	tìn.dìɡɔ̀
PergeTegu	TREE	tìw.∼ɛ́
TebulUre	TREE	tìmà.á
Tiranige	TREE	tílŋ.ɡɔ́
TogoKan	TREE	tìmɛ́
TommoSoTongoTongo	TREE	tì+mɛ́
ToroTegu	TREE	tìw.∼á
YandaDom	TREE	tìmè
YornoSo	TREE	tɛ̀w.∼ɛ́
BankanTey	TREE STUMP	dúdú.úzù
BenTey	TREE STUMP	tìw.∼ɛ̀j.∼+dúmdò
DogulDomBendiely	TREE STUMP	kɔ́ɡùlù
DonnoSo	TREE STUMP	tìmmɛ̀#dúmòlò
JamsayGourou	TREE STUMP	bɔ̀rɔ̀#dúmúrò
JamsayDouentza	TREE STUMP	tìn+pèɡérè
Mombo	TREE STUMP	tìnìŋ.ɡɔ̀#súɡú
BonduSoNajamba	TREE STUMP	píɡílù.ù
PergeTegu	TREE STUMP	tìr.∼ì#péŋ.ɡérém
Tiranige	TREE STUMP	dù.ùn.dú
TogoKan	TREE STUMP	dúmórò
TommoSoTongoTongo	TREE STUMP	tìmɛ̀
ToroTegu	TREE STUMP	tìn+dù+dúŋ.ɡúrò
YandaDom	TREE STUMP	dúmzò
YornoSo	TREE STUMP	tɛ̀w.∼ɛ̀#dúmɲɔ̀
BankanTey	IRON	ŋír.∼éj.∼
BenTey	IRON	í.ír.∼ɛ́j.∼
Bunoge	IRON	dúbɛ̀
DogulDomBendiely	IRON	ínáŋ
DogulDomKundialang	IRON	ínà+ŋ
DonnoSo	IRON	ínɛ̀
JamsayDouentza	IRON	í.ír.∼ɛ́
JamsayMondoro	IRON	é.ér.∼é
Mombo	IRON	dúbè
BonduSoNajamba	IRON	ínó+ŋ.ɡó
Penange	IRON	dùbɛ̀
PergeTegu	IRON	í.ínɛ́m
TebulUre	IRON	ndɛ́
TiranigeBoui	IRON	mɛ́.ɛ́ŋɔ́
TogoKan	IRON	ìw.∼ìr.∼í
TommoSoTongoTongo	IRON	í+nɛ́
ToroTegu	IRON	ér.∼á
YandaDom	IRON	ʔə́nár.∼á
YornoSo	IRON	ɛ́r.∼ɛ́
BenTey	BRONZE OR COPPER	mɛ́.ɛ́ní.í
PergeTegu	BRONZE OR COPPER	làríjà
TommoSoTongoTongo	BRONZE OR COPPER	mèn+nù#bá+nú
YornoSo	BRONZE OR COPPER	mɛ̀n#bán
BankanTey	GOLD	káɲɲè
BenTey	GOLD	káŋŋɛ̀
Bunoge	GOLD	kánù
DogulDomBendiely	GOLD	káŋɛ̀
DogulDomKundialang	GOLD	káŋɛ̀
DonnoSo	GOLD	káŋŋèŋ
JamsayDouentza	GOLD	káŋŋɛ̀
Mombo	GOLD	káŋè
BonduSoNajamba	GOLD	káŋŋè
Penange	GOLD	kán
PergeTegu	GOLD	káŋɛ̀
TebulUre	GOLD	káɲà
Tiranige	GOLD	kàŋŋɛ́
TogoKan	GOLD	káŋɛ́.ɛ́
TommoSoTongoTongo	GOLD	káŋé
ToroTegu	GOLD	úrà
YandaDom	GOLD	káŋɛ̀
YornoSo	GOLD	káŋá
BankanTey	SILVER	ká.álìsì
BenTey	SILVER	sárdù
Bunoge	SILVER	tʃàrdí
DogulDomBendiely	SILVER	tʃárdù
DogulDomKundialang	SILVER	tʃárdù
DonnoSo	SILVER	sárdù
JamsayDouentza	SILVER	tʃárà
Mombo	SILVER	sárrì
BonduSoNajamba	SILVER	tʃárdì+ŋ.ɡò
Penange	SILVER	wàlè+tòm.bò
PergeTegu	SILVER	sáddù
TebulUre	SILVER	sárdù
Tiranige	SILVER	tʃárdí
TogoKan	SILVER	sárúdù
TommoSoTongoTongo	SILVER	wáré
ToroTegu	SILVER	tʃárdì
YandaDom	SILVER	sárdù
YornoSo	SILVER	sárdù
BankanTey	TOBACCO	táwà
BenTey	TOBACCO	táwà
Bunoge	TOBACCO	tábà
DogulDomBendiely	TOBACCO	tábà
DogulDomKundialang	TOBACCO	tábà
DonnoSo	TOBACCO	tábà
JamsayGourou	TOBACCO	tɔ́wɔ̀
JamsayDouentza	TOBACCO	tɔ́wɔ̀
BonduSoNajamba	TOBACCO	tábà
Penange	TOBACCO	tábà
PergeTegu	TOBACCO	táwà
TebulUre	TOBACCO	tábá
Tiranige	TOBACCO	tàwá
TogoKan	TOBACCO	tɔ́.ɔ́wɔ́
TommoSoTongoTongo	TOBACCO	tábé
ToroTegu	TOBACCO	táwà
YandaDom	TOBACCO	tábà
YornoSo	TOBACCO	tábà
BankanTey	SMOKE (INHALE)	nɔ́
BenTey	SMOKE (INHALE)	nɔ̌
Bunoge	SMOKE (INHALE)	nɛ́.ɛ̀
DogulDomBendiely	SMOKE (INHALE)	nɛ̀.ɛ́
DogulDomKundialang	SMOKE (INHALE)	nɛ̀.ɛ́
DonnoSo	SMOKE (INHALE)	nɔ́+ɛ̀
JamsayDouentza	SMOKE (INHALE)	nɔ̀.ɔ́
Mombo	SMOKE (INHALE)	tábídʒè#njɛ́
BonduSoNajamba	SMOKE (INHALE)	nɛ́
Penange	SMOKE (INHALE)	nɛ́.ɛ́
PergeTegu	SMOKE (INHALE)	nɛ̀.ɛ́
TebulUre	SMOKE (INHALE)	ɲɛ́
Tiranige	SMOKE (INHALE)	nɔ́.ɔ́
TogoKan	SMOKE (INHALE)	nɔ̀.ɔ́
TommoSoTongoTongo	SMOKE (INHALE)	nɔ́.ɔ́
ToroTegu	SMOKE (INHALE)	nɛ́
YandaDom	SMOKE (INHALE)	nìj.∼ɛ́
YornoSo	SMOKE (INHALE)	tábà#nɔ̀.ɔ́
BankanTey	PIPE	tàwà+sèŋ.ɡí.ì
BenTey	PIPE	tàwà+sèŋ.ɡú.ù
DogulDomBendiely	PIPE	sùséɡù
DonnoSo	PIPE	tàbù#děŋ
JamsayGourou	PIPE	tɔ̀wɔ̀#děj.∼
JamsayDouentza	PIPE	tɔ̀wɔ̀#dí.í~
Mombo	PIPE	tábí#dʒè
BonduSoNajamba	PIPE	tàɡà+dʒú
PergeTegu	PIPE	tàwà#dɛ̌j.∼
TebulUre	PIPE	tàb#dùɡó
Tiranige	PIPE	tàwá#òrí
TogoKan	PIPE	tɔ̀.ɔ̀wɔ̀#dɛ̌.∼
TommoSoTongoTongo	PIPE	tà+n#dòó
ToroTegu	PIPE	tà.à+ɡùsú
YandaDom	PIPE	tà+n#dùn
YornoSo	PIPE	tá+m+dój
BankanTey	VILLAGE	ìsó.ò
BenTey	VILLAGE	ìsé.è
Bunoge	VILLAGE	ʔólò
DogulDomBendiely	VILLAGE	pùró
DogulDomKundialang	VILLAGE	pòró
DonnoSo	VILLAGE	àn.dá
JamsayGourou	VILLAGE	àná
JamsayDouentza	VILLAGE	àná
JamsayMondoro	VILLAGE	àná
Mombo	VILLAGE	dúɡù
BonduSoNajamba	VILLAGE	sɔ̀n.dʒɔ̀.ɔ́
Penange	VILLAGE	dùɡù
PergeTegu	VILLAGE	àlá
TebulUre	VILLAGE	dám.bá
Tiranige	VILLAGE	ìdʒò
TogoKan	VILLAGE	à+ná
TommoSoTongoTongo	VILLAGE	dám+má
ToroTegu	VILLAGE	àlá
YandaDom	VILLAGE	dàmá
YornoSo	VILLAGE	àná
BankanTey	TOWN	póŋ.ɡú
BenTey	TOWN	póŋ.ɡú
Bunoge	TOWN	túlúŋ.ɡè
DogulDomKundialang	TOWN	nɔ̀ŋ.ɡú
DonnoSo	TOWN	nòŋ.ɡú
JamsayGourou	TOWN	nɔ̌ŋ
JamsayDouentza	TOWN	nɔ̌ŋ
JamsayMondoro	TOWN	nɔ̌ŋ
Mombo	TOWN	tɔ́n.dɔ̀
BonduSoNajamba	TOWN	páláŋ.ɡán
Penange	TOWN	tɔ̀.ɔ̀n.dɔ̀
PergeTegu	TOWN	póŋ
TebulUre	TOWN	kàl+ɡɔ́
Tiranige	TOWN	sɔ̀.ɔ̀lɔ̀
TogoKan	TOWN	ɡòmòró
TommoSoTongoTongo	TOWN	ɡàn+nú
ToroTegu	TOWN	àlká
YandaDom	TOWN	nɔ̀ŋ
YornoSo	TOWN	nɔ̀ŋú
BankanTey	HOUSE	úrò
BenTey	HOUSE	úrò
Bunoge	HOUSE	ʔòbò
DogulDomBendiely	HOUSE	ḿbùŋ
DogulDomKundialang	HOUSE	ḿbù+ŋ
DonnoSo	HOUSE	ɡìnɛ́
JamsayGourou	HOUSE	úró
JamsayDouentza	HOUSE	úró
JamsayMondoro	HOUSE	úró
Mombo	HOUSE	débù
BonduSoNajamba	HOUSE	ólé
Penange	HOUSE	dèm
PergeTegu	HOUSE	íré
TebulUre	HOUSE	úló
Tiranige	HOUSE	dʒíwá
TogoKan	HOUSE	ɡìr.∼í
TommoSoTongoTongo	HOUSE	ɡì+nɛ́
ToroTegu	HOUSE	íló
YandaDom	HOUSE	ʔə́ló
YornoSo	HOUSE	ɡɛ̀r.∼ɛ́
BankanTey	HUT	ɡúrì.ì
BenTey	HUT	ɡúrì
DogulDomBendiely	HUT	ɡúúr
DogulDomKundialang	HUT	ɡûr
DonnoSo	HUT	bóbùrù
JamsayDouentza	HUT	kúrù
Mombo	HUT	kún.dú
BonduSoNajamba	HUT	bùɡú
PergeTegu	HUT	kúrù
TebulUre	HUT	pùlà.à+kúrú
Tiranige	HUT	ɡùlú
TogoKan	HUT	kúrú
TommoSoTongoTongo	HUT	pù+lɔ̀#ɡú+rú
ToroTegu	HUT	ɡúrú
YandaDom	HUT	kúdù
YornoSo	HUT	pùlɔ̀+kúrù
BankanTey	TENT	húkùm
BenTey	TENT	húkǔm
DogulDomBendiely	TENT	ɡúúrù
JamsayDouentza	TENT	húkûm
Mombo	TENT	àmsàràɡè#kún.dù
BonduSoNajamba	TENT	húkùm
PergeTegu	TENT	úkûm
TogoKan	TENT	tá~tú
TommoSoTongoTongo	TENT	mànà#ɡú+rú
TommoSoTongoTongo	TENT	sɔ̀w#ɡú+rú
TommoSoTongoTongo	TENT	ɡù+dú#ɡù+rù
TommoSoTongoTongo	TENT	húkûm
ToroTegu	TENT	húkùm
YornoSo	TENT	kúrù
DogulDomBendiely	MEN'S HOUSE	páj#wéj#óɡó
DogulDomKundialang	MEN'S HOUSE	ánù+wè#dʒàŋ.ɡà
Mombo	MEN'S HOUSE	dʒàw.∼à#bâj.∼
Tiranige	MEN'S HOUSE	jàŋà
TommoSoTongoTongo	MEN'S HOUSE	ànà+m#dóm
TommoSoTongoTongo	MEN'S HOUSE	ànà+m#dʒáŋ.ɡá
YornoSo	MEN'S HOUSE	tòɡù#ná.á
BankanTey	WALL (OF HOUSE)	tò.ó
BenTey	WALL (OF HOUSE)	ùrò#tùlí.ì
Bunoge	WALL (OF HOUSE)	píŋ.ɡì
DogulDomBendiely	WALL (OF HOUSE)	kóɡòl
DogulDomKundialang	WALL (OF HOUSE)	kóɡòl
DonnoSo	WALL (OF HOUSE)	ɡìnɛ́
JamsayDouentza	WALL (OF HOUSE)	ɡówó
Mombo	WALL (OF HOUSE)	tún.dú
BonduSoNajamba	WALL (OF HOUSE)	òlè+dʒɛ̀ɡɛ̀lɛ́
Penange	WALL (OF HOUSE)	kɛ́rɔ́
PergeTegu	WALL (OF HOUSE)	ìrè+dì.ìn.dʒí
TebulUre	WALL (OF HOUSE)	ùlò+ɡɔ̀ŋ.ɡɔ́
Tiranige	WALL (OF HOUSE)	píɡí
TogoKan	WALL (OF HOUSE)	ɡìr.∼í
TommoSoTongoTongo	WALL (OF HOUSE)	ɡì+nɛ̀#dìŋ+ɡìrú
ToroTegu	WALL (OF HOUSE)	íló#ɡòlù
YandaDom	WALL (OF HOUSE)	ʔə̀lò+tùnù
YornoSo	WALL (OF HOUSE)	ɡɛ̀r.∼ɛ̀+bénɛ́
BankanTey	CORNER	zɔ̀m.bɔ́
BenTey	CORNER	tʃɛ́sí.í
DogulDomBendiely	CORNER	pɛ́lɛ̀
DogulDomKundialang	CORNER	pɛ́lɛ̀+ŋ
DonnoSo	CORNER	jɔ́ŋ.ɡɛ̀rɛ̀
JamsayDouentza	CORNER	sìwɛ́
Mombo	CORNER	kélè
BonduSoNajamba	CORNER	dùrà.á
Penange	CORNER	sɔ́ɡɔ́
PergeTegu	CORNER	ìrè+sìwɛ́
TebulUre	CORNER	tʃérɡó
Tiranige	CORNER	tʃɛ̀.ɛ̀lɛ̀
TogoKan	CORNER	sìwɛ́
TommoSoTongoTongo	CORNER	ɡì+nɛ̀#sìbɛ́
ToroTegu	CORNER	síwá
YandaDom	CORNER	ʔə̀lò+sìbà
YornoSo	CORNER	sìbɛ́
BankanTey	CORNER	bóŋ.ɡúrú
BenTey	CORNER	ɡì+ɡàlí
DogulDomBendiely	CORNER	bòm.bó
DogulDomKundialang	CORNER	pɛ́lɛ̀+ŋ
DonnoSo	CORNER	jɔ́ŋ.ɡɛ̀rɛ̀
JamsayDouentza	CORNER	sìwɛ́
Mombo	CORNER	bɔ́n.dʒɔ́
BonduSoNajamba	CORNER	jó.óbùn.dù
PergeTegu	CORNER	dùmdɔ́
TebulUre	CORNER	tóɡú
Tiranige	CORNER	ɛ́.ɛ́lɛ́
TogoKan	CORNER	bɔ̀ŋú
TommoSoTongoTongo	CORNER	ɡì+nɛ̀#sìbɛ́
ToroTegu	CORNER	pɛ̀tí
YornoSo	CORNER	lòɡòdʒò+j
BankanTey	DOORPOST	òrò+m.bù.ú
BenTey	DOORPOST	ùrò+mò.ó
DogulDomBendiely	DOORPOST	dòló
DogulDomKundialang	DOORPOST	dòló
DonnoSo	DOORPOST	mòlùɡúlù
JamsayDouentza	DOORPOST	mà.à+ká.á
JamsayMondoro	DOORPOST	mà.à+ká.á
Mombo	DOORPOST	ón.dólí
BonduSoNajamba	DOORPOST	òlè#ɡírì
Penange	DOORPOST	íɡódón
PergeTegu	DOORPOST	òsù+ká.á
TebulUre	DOORPOST	ùlò+m.bùɡó
Tiranige	DOORPOST	ɔ̀mɔ̀
TogoKan	DOORPOST	ɡìr.∼ì+ká~
TommoSoTongoTongo	DOORPOST	mòlìɡìè#áŋá
ToroTegu	DOORPOST	íló+kà
YandaDom	DOORPOST	ḿbòl
YornoSo	DOORPOST	mɔ̀n.ɡìlè+áŋá
BankanTey	WINDOW	pólmí.ídʒè
BenTey	WINDOW	ùrò+dì+dɔ̌w
DogulDomBendiely	WINDOW	fìnɛ̀tɛ́r
JamsayGourou	WINDOW	tò.òbùsú
JamsayDouentza	WINDOW	tòɡù+ká.á
Mombo	WINDOW	ɡɔ̀lɛ́
PergeTegu	WINDOW	pɛ̀nɛ́.ɛ́tr
Tiranige	WINDOW	pénétírí
TogoKan	WINDOW	kɛ̀.∼+bùdʒú
TommoSoTongoTongo	WINDOW	fɛ̀nɛ̀n.dɛ́.ɛ́rù
ToroTegu	WINDOW	tòɡùrò+ùrěj
YandaDom	WINDOW	wín.dù
YornoSo	WINDOW	dɔ̀lì+j
BankanTey	BEAM	pálâl
BenTey	BEAM	jàrà+béré
Bunoge	BEAM	nàŋ.ɡàlá+bè
DogulDomKundialang	BEAM	mbúkòl
DonnoSo	BEAM	lálù
JamsayGourou	BEAM	nɛ́n
JamsayDouentza	BEAM	bèrè+àr.∼á
Mombo	BEAM	sàlàmà.à~#tóŋ.ɡè
BonduSoNajamba	BEAM	ɡòŋ+ú.ù
Penange	BEAM	tùmà#wálá
PergeTegu	BEAM	jàŋà+dír.∼è
TebulUre	BEAM	wárɡɔ́
Tiranige	BEAM	bàn.dò
TogoKan	BEAM	táná
TommoSoTongoTongo	BEAM	nálú
ToroTegu	BEAM	íló#bèrè
YandaDom	BEAM	lǎl
YornoSo	BEAM	lól
BankanTey	ROOF	tèm.bè+kú.ù
BenTey	ROOF	tèm.bè+kú.ù
Bunoge	ROOF	ɡá.áŋ.ɡù
DogulDomBendiely	ROOF	dálà
DogulDomKundialang	ROOF	dálà
DonnoSo	ROOF	tém.bù
JamsayGourou	ROOF	tɛ̀mɛ̀#kú.ú~
JamsayDouentza	ROOF	tɛ̀mɛ̀+kú.ú~
Mombo	ROOF	sà.àsúɡú
BonduSoNajamba	ROOF	dèbí
Penange	ROOF	dóɡó
PergeTegu	ROOF	tèm.bè+kú.ú
TebulUre	ROOF	ládúɡɔ́
Tiranige	ROOF	tèm.bè
TogoKan	ROOF	kù~+mɔ̀rú
ToroTegu	ROOF	dómó+kù
YandaDom	ROOF	dɛ̀bù
YornoSo	ROOF	dà.á
BankanTey	BUILD	má
BenTey	BUILD	tʃɛ́w.∼ɛ́
Bunoge	BUILD	símì
DogulDomKundialang	BUILD	úsɛ̀
DonnoSo	BUILD	úd+ɛ̀
JamsayGourou	BUILD	mà.á
JamsayDouentza	BUILD	mà.á
BonduSoNajamba	BUILD	ɔ́n.dʒɛ́
Penange	BUILD	símɛ́
PergeTegu	BUILD	mà.á
TebulUre	BUILD	ɔ́n.dú
TiranigeBoui	BUILD	májó
TogoKan	BUILD	údʒɔ́
TommoSoTongoTongo	BUILD	údɔ́
ToroTegu	BUILD	màj.∼á
YandaDom	BUILD	ɔ́nzɔ́
YornoSo	BUILD	údʒɔ́
BankanTey	TABLE	tá.ábàl
BenTey	TABLE	tà.àbǎl
DonnoSo	TABLE	tà.àbàlú
JamsayDouentza	TABLE	tà.àbǎl
Mombo	TABLE	tábálì
BonduSoNajamba	TABLE	tà.àbǎl
PergeTegu	TABLE	tà.àbǎl
TebulUre	TABLE	tà.àbàlú
Tiranige	TABLE	tàwàlí
TogoKan	TABLE	tà.àbàlú
TommoSoTongoTongo	TABLE	tààbàlú
ToroTegu	TABLE	tá.ábâl
YandaDom	TABLE	tà.àbàl
YornoSo	TABLE	tà.àbǎl
BankanTey	MAT	kàrá
BenTey	MAT	kàrá
Bunoge	MAT	bí.íŋ.ɡè
DogulDomBendiely	MAT	nìí
DogulDomKundialang	MAT	nì.í#jà.à
DonnoSo	MAT	jɛ̀ŋɛ́
JamsayGourou	MAT	ɡùɡó
JamsayDouentza	MAT	kàrá
JamsayMondoro	MAT	kàrá
Mombo	MAT	káɡà
BonduSoNajamba	MAT	ká.ábú
Penange	MAT	bí.íŋ.ɡò
PergeTegu	MAT	sùɡɔ́
TebulUre	MAT	nìŋ.ɡé
TiranigeNingo	MAT	bí.í+ŋ.ɡó
TogoKan	MAT	sùɡɔ́
TommoSoTongoTongo	MAT	ndʒó
ToroTegu	MAT	kàrá
YandaDom	MAT	nìŋ
YornoSo	MAT	sùɡɔ́
BankanTey	COUNTRY	òzǒj
BenTey	COUNTRY	òn.dʒǒj
Bunoge	COUNTRY	ɡàn.dà
DogulDomBendiely	COUNTRY	dʒàmáná
DogulDomKundialang	COUNTRY	dʒàmàná
DonnoSo	COUNTRY	ɡán.dà
JamsayGourou	COUNTRY	ɡáná
JamsayDouentza	COUNTRY	ùdʒùbǎj
Mombo	COUNTRY	ɡán.dá
BonduSoNajamba	COUNTRY	ɡwà.á
Penange	COUNTRY	ɡán.dà
PergeTegu	COUNTRY	ùsùbǎj
TebulUre	COUNTRY	ɡán.dá
Tiranige	COUNTRY	ɡàn.dá
TogoKan	COUNTRY	ɡáná
TommoSoTongoTongo	COUNTRY	jà+lú
ToroTegu	COUNTRY	ìsó
YandaDom	COUNTRY	ɡàná
YornoSo	COUNTRY	ɡánà
BonduSoNajamba	PATH	údʒù.ù
Tiranige	PATH	òdʒì
TommoSoTongoTongo	PATH	bú+lɔ́
YornoSo	PATH	ódʒú
BankanTey	ROAD	mbɛ́ddà
BenTey	ROAD	bɛ́dɛ̀
DogulDomKundialang	ROAD	bɛ́ddɛ̀
DonnoSo	ROAD	bɛ́ddɛ̀
JamsayDouentza	ROAD	bɛ́dɛ̀
Mombo	ROAD	bédè
BonduSoNajamba	ROAD	mbɛ́ddà
PergeTegu	ROAD	bɛ́dɛ̀
TebulUre	ROAD	bɛ́dɛ̀
TogoKan	ROAD	òdʒù#wá.á
TommoSoTongoTongo	ROAD	òdù+nàà#wán+nú
TommoSoTongoTongo	ROAD	bɛ́+dɛ́
ToroTegu	ROAD	bɛ́ddà
YandaDom	ROAD	bɛ́dɛ̀
YornoSo	ROAD	bɛ́dɛ̀
BenTey	PLAIN	bàr.∼á
JamsayDouentza	PLAIN	ùdʒùbǎj
Mombo	PLAIN	pɛ̀ɡɔ̀#bíláŋ.ɡà
BonduSoNajamba	PLAIN	bɔ̀rɔ̀.ɔ́
PergeTegu	PLAIN	sɛ́.ɛ́nɛ̀
TogoKan	PLAIN	ɡù~sá~
TommoSoTongoTongo	PLAIN	sɛ́.ɛ́+nɛ́
ToroTegu	PLAIN	dú
YornoSo	PLAIN	párà
BankanTey	WAVE	bɛ́mpɛ̀
BenTey	WAVE	nì.ì+tùmɔ̂j.∼
Mombo	WAVE	mì.ì#kún.dè
PergeTegu	WAVE	òn.dòn+ɡírè
TogoKan	WAVE	dì.ì+wàɲùr.∼ú
TommoSoTongoTongo	WAVE	dìì#tó+m+bó+dɛ̀
ToroTegu	WAVE	bɛ́mpɛ́.ɛ́ɡɛ̀
YornoSo	WAVE	dì.ì+mɛ̀.ɛ́
BankanTey	DIVE	dʒâj#síjé
DogulDomKundialang	DIVE	mùj+jé
DonnoSo	DIVE	tóm.b+è
BonduSoNajamba	DIVE	tɛ̀.ɛ̀
PergeTegu	DIVE	dʒâj#kár.∼á
TogoKan	DIVE	pùlɔ̀+bòɡó#tá.á
TommoSoTongoTongo	DIVE	kúú+kúú+ɡó#jóó
BenTey	SWIM	bàlá
DogulDomBendiely	SWIM	bɛ̀ɲɲɛ́
DogulDomKundialang	SWIM	bɛ́ɲɲɛ̀
DonnoSo	SWIM	wɛ̀nnɛ́
JamsayDouentza	SWIM	bùɡó
Mombo	SWIM	mì.ì#wán.dé
BonduSoNajamba	SWIM	bàn.dè
PergeTegu	SWIM	bɛ̀nɛ́
TogoKan	SWIM	bɛ̀nɛ́
TommoSoTongoTongo	SWIM	bònníjó#táá
YandaDom	SWIM	bùɡó
YornoSo	SWIM	bàn+ɛ́.ɛ́
Ampari	SUN	ɡɛ̀w.∼ɛ́
BankanTey	SUN	ùsú
BenTey	SUN	ùsú
Bunoge	SUN	ɲɛ́ŋɛ̀
DogulDomBendiely	SUN	ísíɡú
DogulDomKundialang	SUN	ísɡù
DonnoSo	SUN	nǎŋ
JamsayGourou	SUN	nì+nì.í
JamsayDouentza	SUN	nì+nì.í
JamsayMondoro	SUN	nì+nì.í
Mombo	SUN	ɡé.éw.∼è
BonduSoNajamba	SUN	ùdʒú+ŋ.ɡó
Penange	SUN	ɡɛ̀.ɛ̀.∼
PergeTegu	SUN	nì+nì.í
TebulUre	SUN	ùdù+ɡó
TiranigeBoui	SUN	jè+tʃín.dò
TogoKan	SUN	nù+nùŋú
TommoSoTongoTongo	SUN	nǎm
ToroTegu	SUN	nǒŋ
YandaDom	SUN	ìzùɡè
YornoSo	SUN	nǎm
Ampari	MOON	wɛ́.ɛ̀
BankanTey	MOON	wà.á
BenTey	MOON	ù+wɔ́
Bunoge	MOON	já.á+sìmà
DogulDomBendiely	MOON	wɔ́.ɔ́+ɡù
DogulDomKundialang	MOON	wɔ̀.ɔ́+ɡ
DonnoSo	MOON	ù+ɡɔ́
JamsayGourou	MOON	ɛ̀.ɛ́
JamsayDouentza	MOON	ɛ̀.ɛ́
JamsayMondoro	MOON	ɛ̀.ɛ́
Mombo	MOON	wɛ́.ɛ̀
BonduSoNajamba	MOON	sà.àɡé
Penange	MOON	wɛ̀.ɛ̀
PergeTegu	MOON	ɛ̀.ɛ́
TebulUre	MOON	swà.á
Tiranige	MOON	éŋání
TogoKan	MOON	ɔ̀.ɔ́
TommoSoTongoTongo	MOON	ìì+jɛ́
ToroTegu	MOON	ì+wá
YandaDom	MOON	swà.à
YornoSo	MOON	jè.è#píl
YornoSo	MOON	jè.é
Ampari	STAR	wɛ́.ɛ́#kɛ̀rɛ̀.∼+kɛ́rɛ̀
BankanTey	STAR	bàn.dà#kɔ̀.ɔ̀rɔ̌j
BenTey	STAR	tó+ró
Bunoge	STAR	dʒɔ́ŋ.ɡúlɛ̀
DogulDomBendiely	STAR	tó+lò
DogulDomKundialang	STAR	tó+lò
DonnoSo	STAR	tò+lí.ì
JamsayGourou	STAR	tó+ró
JamsayDouentza	STAR	tó+ró
Mombo	STAR	áŋkɔ́lɛ̀
BonduSoNajamba	STAR	àn.dʒì+kɔ̀lɛ́+ŋ.ɡó
Penange	STAR	ɔ̀dʒɔ̀ɡɔ̀lɔ̀
PergeTegu	STAR	tó+ró
TebulUre	STAR	tó+n+dó.ó
TiranigeBoui	STAR	kɔ̀lɔ̀ŋ+kɔ́lɔ̀w.∼
TogoKan	STAR	tó+ró
TommoSoTongoTongo	STAR	tò+n+dò+lò+j
ToroTegu	STAR	sémrěj
YandaDom	STAR	tó+n+dó+ló
YornoSo	STAR	tò+nò+lò+j
BankanTey	RISE (MOVE UPWARDS)	ùsú#túm.bó
BenTey	RISE (MOVE UPWARDS)	ùsú#túm.bó
Bunoge	RISE (MOVE UPWARDS)	ʔírò#púdʒè
DogulDomBendiely	RISE (MOVE UPWARDS)	tùmmé
DogulDomKundialang	RISE (MOVE UPWARDS)	túmmɛ̀
DonnoSo	RISE (MOVE UPWARDS)	túmm+è
JamsayDouentza	RISE (MOVE UPWARDS)	tɔ́ɣɔ́
BonduSoNajamba	RISE (MOVE UPWARDS)	tùm.bè
Penange	RISE (MOVE UPWARDS)	ɡwé.é
PergeTegu	RISE (MOVE UPWARDS)	tɔ́ɡɔ́
Tiranige	RISE (MOVE UPWARDS)	élúɡó
TogoKan	RISE (MOVE UPWARDS)	túmó
TommoSoTongoTongo	RISE (MOVE UPWARDS)	túmmó
ToroTegu	RISE (MOVE UPWARDS)	púsó
YandaDom	RISE (MOVE UPWARDS)	túmó
YornoSo	RISE (MOVE UPWARDS)	nǎm#túmɔ́
BankanTey	DAWN	ùsù+tùm.b+í.ì
BenTey	DAWN	ùsù+túm.bó
DogulDomBendiely	DAWN	túmmùɡ
DogulDomKundialang	DAWN	ìsìɡ+túmmù+ɡ
DonnoSo	DAWN	nàn+túm.bò+lò
Mombo	DAWN	ɡè.èwè#tóm.bó
PergeTegu	DAWN	nì.ì+sɛ̀.ɛ̀r.∼ú
TommoSoTongoTongo	DAWN	nàm#túm+mí+lé
ToroTegu	DAWN	nòŋ+púsú
YandaDom	DAWN	ìzìɡè+túmó+ŋ
YornoSo	DAWN	bà.à+já.à+rà
Ampari	RAIN (PRECIPITATION)	bìrâw.∼
BankanTey	RAIN (PRECIPITATION)	bòn.dú
BenTey	RAIN (PRECIPITATION)	bòlú
Bunoge	RAIN (PRECIPITATION)	ʔájà
DogulDomBendiely	RAIN (PRECIPITATION)	áláà
DogulDomKundialang	RAIN (PRECIPITATION)	àlá.á
DonnoSo	RAIN (PRECIPITATION)	àná
JamsayGourou	RAIN (PRECIPITATION)	àr.∼á
JamsayDouentza	RAIN (PRECIPITATION)	àr.∼á
Mombo	RAIN (PRECIPITATION)	kúmáŋ.ɡà
BonduSoNajamba	RAIN (PRECIPITATION)	à.ál+ŋ.ɡé
Penange	RAIN (PRECIPITATION)	kùmà.àŋ.ɡà
PergeTegu	RAIN (PRECIPITATION)	àr.∼á
TebulUre	RAIN (PRECIPITATION)	àr.∼á
Tiranige	RAIN (PRECIPITATION)	á.ámì
TogoKan	RAIN (PRECIPITATION)	àr.∼ú
TommoSoTongoTongo	RAIN (PRECIPITATION)	àn+á
ToroTegu	RAIN (PRECIPITATION)	àr.∼á
YandaDom	RAIN (PRECIPITATION)	àr.∼ùŋ
YornoSo	RAIN (PRECIPITATION)	àr.∼á
BankanTey	LIGHTNING	bòn.dù+kɛ̀r.∼í.ì
BenTey	LIGHTNING	bòl#kɛ̀r.∼ì+jí.ì
DogulDomBendiely	LIGHTNING	jɛ́n.dɛ̀
DogulDomKundialang	LIGHTNING	àlà.à+jɛ́n.dù
DonnoSo	LIGHTNING	àná#ɡìrù+ɡɛ̀n.dù
JamsayDouentza	LIGHTNING	àr.∼à+wǎj.∼
BonduSoNajamba	LIGHTNING	mɛ̀nɛ̀+mɛ̀nɔ̀.ɔ́
Penange	LIGHTNING	kùmà.àŋ.ɡà+wé.è
PergeTegu	LIGHTNING	àr.∼à+wǎj.∼
TebulUre	LIGHTNING	tʃɛ́ní.í
Tiranige	LIGHTNING	kìjà+kíjà
TogoKan	LIGHTNING	ɲà+sáŋúr.∼ú
TommoSoTongoTongo	LIGHTNING	àn+à#ɡì+rè#jɛ̀+n+dú
ToroTegu	LIGHTNING	kùrɔ̀+wálú
YandaDom	LIGHTNING	àr.∼ùŋ+tʃɛ̀r.∼+í.í
YornoSo	LIGHTNING	àr.∼à+ɡìrì+jénú
BankanTey	THUNDER	bòn.dú#kɔ́mùr.∼ɔ̀
BenTey	THUNDER	bòl+àrwí.ì
DogulDomBendiely	THUNDER	dùlé
DogulDomKundialang	THUNDER	àlà.à+dúl+ɡù
DonnoSo	THUNDER	ànà+dɔ́dù
JamsayGourou	THUNDER	àr.∼à#dúrù
JamsayDouentza	THUNDER	árúwù
BonduSoNajamba	THUNDER	ɡálú
Penange	THUNDER	dùlɡù
PergeTegu	THUNDER	àr.∼à+dúrù
TebulUre	THUNDER	àr.∼à+dúl+lé
Tiranige	THUNDER	ɡúl+jó+wà
TogoKan	THUNDER	àr.∼ù+dúrú
TommoSoTongoTongo	THUNDER	àn+à#ɡà+mí+jé
TommoSoTongoTongo	THUNDER	à+báá
ToroTegu	THUNDER	díɡúrú
YandaDom	THUNDER	ɡàm+í.í
YornoSo	THUNDER	àr.∼à+ɡàw.∼+é.è
BankanTey	RAINBOW	nùmú+m
BenTey	RAINBOW	nùm.bú+m
Bunoge	RAINBOW	nɔ́.ɔ́m.bɛ̀
DogulDomBendiely	RAINBOW	ɔ̀rɔ̀ɲdʒáníì
DonnoSo	RAINBOW	ànà+dʒìɲɲé
JamsayDouentza	RAINBOW	nɔ̀.ɔ̀mɔ́
Mombo	RAINBOW	kùmàŋ.ɡà#ném.bó
BonduSoNajamba	RAINBOW	nɔ̀m.bɛ́
Penange	RAINBOW	ném.bò
PergeTegu	RAINBOW	nɔ̀.ɔ̀m.bɔ́
TebulUre	RAINBOW	nɔ̀m.bɔ́
Tiranige	RAINBOW	àntá
TogoKan	RAINBOW	nɔ̀.ɔ̀mɔ̀+sìdʒé
TommoSoTongoTongo	RAINBOW	nɔ̀m+mɔ́
ToroTegu	RAINBOW	nàmá
YandaDom	RAINBOW	nɔ̀mɔ̀
YornoSo	RAINBOW	nɔ̀mɔ́
Ampari	WIND	ɛ̀rɛ̀rì
BankanTey	WIND	ósósó.ò
BenTey	WIND	ó.ósò
Bunoge	WIND	jàlè
DogulDomBendiely	WIND	ɛ́nnɛ̀
DogulDomKundialang	WIND	ɛ́nnɛ̀
DonnoSo	WIND	ɡɛ́.ɛ́dɛ̀
JamsayGourou	WIND	ó.ósó
JamsayDouentza	WIND	ó.óɲó
JamsayMondoro	WIND	ó.óɲó
Mombo	WIND	jálé
BonduSoNajamba	WIND	énáná+ŋ.ɡó
Penange	WIND	jàlè
PergeTegu	WIND	ó.ón.dʒó
TebulUre	WIND	ídá
Tiranige	WIND	ìɲìnɛ̀
TogoKan	WIND	ó.óɲó
TommoSoTongoTongo	WIND	ódó+ró
ToroTegu	WIND	zámà
YandaDom	WIND	ɛ́nɛ́n
YornoSo	WIND	óɲɔ́
BankanTey	AIR	sùmó
BenTey	AIR	sù.ú~
Bunoge	AIR	jàlè
DogulDomBendiely	AIR	ɛ́nnɛ̀
DogulDomKundialang	AIR	ɛ́nnɛ̀
DonnoSo	AIR	ɡɛ́.ɛ́dɛ̀
JamsayDouentza	AIR	dʒì+dʒàmá
Mombo	AIR	jálé
BonduSoNajamba	AIR	sùn.dʒú
Penange	AIR	jàlè
PergeTegu	AIR	sùw.∼ɔ́
TebulUre	AIR	údú
TogoKan	AIR	ɲɛ́ɲɛ́r.∼ɛ́
TommoSoTongoTongo	AIR	údú
YandaDom	AIR	úzú
YornoSo	AIR	údʒù
BankanTey	AIR	tàm.bìrá
BenTey	AIR	sù.ú~
DogulDomBendiely	AIR	ɛ́nnɛ̀
JamsayDouentza	AIR	dʒì+dʒàmá
Mombo	AIR	jálé
BonduSoNajamba	AIR	sùn.dʒú
PergeTegu	AIR	sùw.∼ɔ́
TogoKan	AIR	ɲɛ́ɲɛ́r.∼ɛ́
TommoSoTongoTongo	AIR	báá
ToroTegu	AIR	úsò
YornoSo	AIR	wí+wɛ́j
BankanTey	STORM	bàŋ.ɡɔ́.ɔ́rɔ̀
BenTey	STORM	bòl#ó.ósò
JamsayDouentza	STORM	àr.∼à+ó.óɲó
BonduSoNajamba	STORM	à.àlé#ènà+ŋ.ɡò
PergeTegu	STORM	àr.∼à+ó.ón.dʒó
TogoKan	STORM	àr.∼ù+ó.óɲó
TommoSoTongoTongo	STORM	ànà#ódó+ró
ToroTegu	STORM	àr.∼à+kúsó
YornoSo	STORM	àr.∼à+óɲɔ́
BankanTey	SKY	jàrí.í
BenTey	SKY	jàrì.í
Bunoge	SKY	ʔáŋkóŋ.ɡò
DogulDomBendiely	SKY	álàɡùl
DogulDomKundialang	SKY	álɡùl
DonnoSo	SKY	álùɡùnù
JamsayGourou	SKY	jèrmáná
JamsayDouentza	SKY	jàrù+máná
JamsayMondoro	SKY	jɛ̀rù+máná
Mombo	SKY	àmànà#kó.óló
BonduSoNajamba	SKY	àdʒǎn
Penange	SKY	àmànà#kó.ó+lò
PergeTegu	SKY	jàr+kú.ú
TebulUre	SKY	ón.ɡó
Tiranige	SKY	á.á#dàná
TogoKan	SKY	àràkárá
TommoSoTongoTongo	SKY	àlà+kàlá
ToroTegu	SKY	àlkǔmnɔ̀
YandaDom	SKY	àzàɡàlà
YornoSo	SKY	àlɡálá
Ampari	CLOUD	ɔ̀rɔ̀
BankanTey	CLOUD	nànà.àr.∼ǎj.∼
BenTey	CLOUD	jàr+kùrɔ́
Bunoge	CLOUD	pón.dù
DogulDomBendiely	CLOUD	dàɡúŋ
DogulDomKundialang	CLOUD	dàɡú+ŋ
DonnoSo	CLOUD	ànàɡùlùmmɔ́
JamsayGourou	CLOUD	kùrùwɔ́
JamsayDouentza	CLOUD	kùrùwɔ́
JamsayMondoro	CLOUD	kùrùwɔ́
Mombo	CLOUD	álè
BonduSoNajamba	CLOUD	kùn.dà+kùn.dà.á
Penange	CLOUD	àlè
PergeTegu	CLOUD	jàr+kù.ù+kúrɔ́
Tiranige	CLOUD	á.ání
TogoKan	CLOUD	kùrùɡɔ́
TommoSoTongoTongo	CLOUD	kùlùm+mɔ́
ToroTegu	CLOUD	kùrɔ́
YandaDom	CLOUD	kùrùbàrà
YornoSo	CLOUD	kùlmɔ́
BankanTey	FOG	kùkùn.dú
BenTey	FOG	ɲáŋá
Bunoge	FOG	kùnà+kùnà
DogulDomKundialang	FOG	bà.àpúrè.èɡ
DonnoSo	FOG	símnè
JamsayDouentza	FOG	dʒìr.∼e+bɔ̀nɔ́
Mombo	FOG	ùɡùlù#kúm.bé
BonduSoNajamba	FOG	tà.à+kùm.bó.ó
PergeTegu	FOG	bùɡùrù+kùm.bó
TebulUre	FOG	tà.à+kùm.bó
Tiranige	FOG	sùdí
TogoKan	FOG	ɲà+púrúɡú
TommoSoTongoTongo	FOG	bàà#úɡ+ɡún+nɔ́
ToroTegu	FOG	àrú+mòmó
YandaDom	FOG	bà+úr.∼á
BankanTey	DEW	èrèrěj
BenTey	DEW	ìrè+ní.ì
Bunoge	DEW	ʔíwól+ɡɔ̀
DogulDomBendiely	DEW	òlò+ólò
DogulDomKundialang	DEW	òlò+òló
DonnoSo	DEW	wò.òbú
JamsayGourou	DEW	òmnò#ní.í
JamsayDouentza	DEW	òmnò+ní.í
Mombo	DEW	élélè
BonduSoNajamba	DEW	èlà.á
Penange	DEW	èlèlè+mí.ì
PergeTegu	DEW	òmdò+ní.í
TebulUre	DEW	è.èlé.é
Tiranige	DEW	élélé
TogoKan	DEW	òrùmò+dí.í
TommoSoTongoTongo	DEW	wòò+bú
ToroTegu	DEW	àrán.dáŋ
YandaDom	DEW	è+èl
YornoSo	DEW	wòbú
BankanTey	EAST	dú.ù+dʒìrò.ò
BenTey	EAST	dú.ù
Bunoge	EAST	ʔìró+pùdʒà
DogulDomBendiely	EAST	dʒàm.ból
DogulDomKundialang	EAST	dʒɔ̀m.bɔ̌l
DonnoSo	EAST	dú.ù
JamsayGourou	EAST	dù.ù+dáɣá
JamsayDouentza	EAST	dú.ù
JamsayMondoro	EAST	dú.ù
Mombo	EAST	á.ásúɡù
BonduSoNajamba	EAST	dûn
Penange	EAST	dúl
PergeTegu	EAST	dú.ù
TebulUre	EAST	tèŋè+dáɡá
Tiranige	EAST	à.à+dúŋó
TogoKan	EAST	dù+dáɡá
TommoSoTongoTongo	EAST	túm+mú+ɡó
TommoSoTongoTongo	EAST	dúú
ToroTegu	EAST	dú
YandaDom	EAST	túmó+ŋ
YornoSo	EAST	dú.ù
BankanTey	WEST	ùsú#tàŋ.ɡà#jà.à+m
BenTey	WEST	tèŋì+dá.à
Bunoge	WEST	ʔìró+dìmà
DogulDomBendiely	WEST	pɛ̀ɡɛ́l
DogulDomKundialang	WEST	pɛ̀ɡɛ́l
DonnoSo	WEST	kɔ̀lú
JamsayGourou	WEST	tèŋù+dáɣá
JamsayDouentza	WEST	tɛ̀n+dáɣá
JamsayMondoro	WEST	tɛ̌ŋ
Mombo	WEST	á.átéɡè
BonduSoNajamba	WEST	jɛ́n.dɛ̀
Penange	WEST	ɡɛ̀.ɛ̀.∼+tíbí+l
PergeTegu	WEST	nì+nì.ì+númɔ́ɡú
TebulUre	WEST	ùdù+pílé+ŋ.ɡó
Tiranige	WEST	à.à+sélé
TogoKan	WEST	tɛ̀ŋ+dáɡá
TommoSoTongoTongo	WEST	nú+m+bú+ɡó
TommoSoTongoTongo	WEST	dáá
ToroTegu	WEST	lúwò
YandaDom	WEST	píló+ŋ
YornoSo	WEST	nàm+númɔ́+ŋ
BankanTey	NORTH	háwsá
BenTey	NORTH	bòsòn#dá.à
DogulDomBendiely	NORTH	dúúɡ
DogulDomKundialang	NORTH	dú.ùɡ
DonnoSo	NORTH	tɔ̀mmɔ̀+ɡìnɛ́
JamsayGourou	NORTH	tɔ̀rɔ̀+dáɣá
JamsayDouentza	NORTH	tɔ̀rɔ̀+dáɣá
JamsayMondoro	NORTH	tɔ́rɔ̀
Mombo	NORTH	ɲòm.bòlì#kó.óló
BonduSoNajamba	NORTH	kólál
PergeTegu	NORTH	ílàm
TebulUre	NORTH	tɔ̀m.bɔ̀+dá.á
Tiranige	NORTH	kɔ̀rɔ̀m+báná
TogoKan	NORTH	tɔ̀rɔ̀+dìɡí
TommoSoTongoTongo	NORTH	kɔ́lɔ́+lú
ToroTegu	NORTH	háwsá
YandaDom	NORTH	dú
YornoSo	NORTH	dònó.ò
BankanTey	SOUTH	ɡùrŋ.ɡá
BenTey	SOUTH	mùn.dʒùrò#dá.à
DogulDomBendiely	SOUTH	páɡálá
DogulDomKundialang	SOUTH	pàɡlá
DonnoSo	SOUTH	wádùbà
JamsayGourou	SOUTH	nɔ̀ŋɔ̀+dáɣá
JamsayDouentza	SOUTH	mùɲúr.∼ò
JamsayMondoro	SOUTH	mùɲúr.∼ò
Mombo	SOUTH	ɲòm.bòlì#sí#ɡóló
BonduSoNajamba	SOUTH	tóm.bál
PergeTegu	SOUTH	tèŋ+dáɡà
TebulUre	SOUTH	dù+dáɡá
Tiranige	SOUTH	bàlèrí
TogoKan	SOUTH	nɔ̀ŋɔ̀+dìɡí
TommoSoTongoTongo	SOUTH	tú+m.bá+lú
ToroTegu	SOUTH	dɛ̌wrì
YandaDom	SOUTH	tèŋ+dáɡá
YornoSo	SOUTH	tɛ̀ŋîl
BankanTey	RETREAT	tùn+tùn.dú#ndó
BenTey	RETREAT	dɔ̀rɔ́#ɡǒ
Bunoge	RETREAT	pù.ù#m.bà#tídʒdʒɛ̀
DogulDomKundialang	RETREAT	ndɔ̀+ŋ#dá.á#dɔ̀rɛ́
DonnoSo	RETREAT	ùnnú#rà.à#bòló
JamsayGourou	RETREAT	dòró#ɡó.ó
JamsayDouentza	RETREAT	dòró#ɡò.ó
Mombo	RETREAT	tún.dún.dà#kón.dé
BonduSoNajamba	RETREAT	bàn.dè+bán.dè#mà#ín
Penange	RETREAT	kón.dé
PergeTegu	RETREAT	dɔ̀rɔ́#ɡò.ó
Tiranige	RETREAT	dɛ̀mɛ̀#ɡó.ó
TogoKan	RETREAT	dòɡó#dɔ̀rɔ́
TommoSoTongoTongo	RETREAT	dɔ̀rɔ́#ɡòó
ToroTegu	RETREAT	bìrìjó
YandaDom	RETREAT	túnú#bà#ún
YornoSo	RETREAT	dɔ̀rɔ́#jà.á
BankanTey	GO UP (ASCEND)	ùrá
BenTey	GO UP (ASCEND)	ùrɔ́
Bunoge	GO UP (ASCEND)	ʔɔ́llɛ̀
DogulDomBendiely	GO UP (ASCEND)	dàm.bɛ́
DogulDomKundialang	GO UP (ASCEND)	dàm.bé
DonnoSo	GO UP (ASCEND)	dàm.bá
JamsayGourou	GO UP (ASCEND)	ùrɔ́
JamsayDouentza	GO UP (ASCEND)	ùrɔ́
JamsayMondoro	GO UP (ASCEND)	ùrɔ́
Mombo	GO UP (ASCEND)	díɡɛ́
BonduSoNajamba	GO UP (ASCEND)	ìlɛ́
Penange	GO UP (ASCEND)	díɡɛ́
PergeTegu	GO UP (ASCEND)	ùlɔ́
TebulUre	GO UP (ASCEND)	ìlɛ́
Tiranige	GO UP (ASCEND)	éléɡó
TogoKan	GO UP (ASCEND)	dɔ̀wɔ́
TommoSoTongoTongo	GO UP (ASCEND)	úló
ToroTegu	GO UP (ASCEND)	ùnɔ́
YandaDom	GO UP (ASCEND)	ʔə́lɛ́
YornoSo	GO UP (ASCEND)	úló
BankanTey	LIFT	zɛ́
BenTey	LIFT	àjí
Bunoge	LIFT	dúɡɛ̀
DogulDomBendiely	LIFT	jɛ̀ŋɛ́
DogulDomKundialang	LIFT	jɛ̀ŋɛ́
DonnoSo	LIFT	jɛ̀ŋɛ́
JamsayDouentza	LIFT	dʒɛ̀ɲɛ́
JamsayMondoro	LIFT	dʒɛ̀ɲɛ́
Mombo	LIFT	ɡɛ́ŋ.ɡjɛ́
BonduSoNajamba	LIFT	dʒɛ̀n.dʒɛ́
Penange	LIFT	nɛ́mɛ́
PergeTegu	LIFT	jɛ̀ŋ.ɡɛ́
TebulUre	LIFT	ɲà.á
Tiranige	LIFT	tɔ́ɡɔ́
TogoKan	LIFT	ɲàŋá
TommoSoTongoTongo	LIFT	dʒèɲɲé
ToroTegu	LIFT	só
YandaDom	LIFT	tóɡó
YornoSo	LIFT	ɡèɲɛ́
BenTey	CLIMB	ùrɔ́
DogulDomBendiely	CLIMB	kòlì+jé
DonnoSo	CLIMB	dàm.bá
TogoKan	CLIMB	ɡɔ̀ɡɔ́
TommoSoTongoTongo	CLIMB	úló
BankanTey	GO DOWN (DESCEND)	síjé
BenTey	GO DOWN (DESCEND)	sí+jé
Bunoge	GO DOWN (DESCEND)	síɡè
DogulDomBendiely	GO DOWN (DESCEND)	sìɡé
DogulDomKundialang	GO DOWN (DESCEND)	síɡè
DonnoSo	GO DOWN (DESCEND)	súɡ+è
JamsayGourou	GO DOWN (DESCEND)	síɡé
JamsayDouentza	GO DOWN (DESCEND)	súɡó
JamsayMondoro	GO DOWN (DESCEND)	súɡó
Mombo	GO DOWN (DESCEND)	síɡé
BonduSoNajamba	GO DOWN (DESCEND)	sùɡè
Penange	GO DOWN (DESCEND)	síɡé
PergeTegu	GO DOWN (DESCEND)	síɡé
TebulUre	GO DOWN (DESCEND)	súɡó
Tiranige	GO DOWN (DESCEND)	síɡó
TogoKan	GO DOWN (DESCEND)	súɡó
TommoSoTongoTongo	GO DOWN (DESCEND)	súɡó
ToroTegu	GO DOWN (DESCEND)	síɡó
YandaDom	GO DOWN (DESCEND)	súwó
YornoSo	GO DOWN (DESCEND)	súɡó
BenTey	FORK	òsù+kìrɡêj
DogulDomBendiely	FORK	wàŋú
DogulDomKundialang	FORK	òsù#káb+ì.ì+ɡ
DonnoSo	FORK	òdù#kàbù+ŋ
JamsayDouentza	FORK	òdʒù+dʒáŋáw.∼á
Mombo	FORK	òdʒì#kábálámà
BonduSoNajamba	FORK	ùsfɔ̀.ɔ̀+kàbìlìjá.à
PergeTegu	FORK	òsù+wáŋ.ɡárá
TebulUre	FORK	òdùbà.à+záɡíl+ɛ́.ɛ́+ŋ.ɡó
Tiranige	FORK	jáŋ.ɡú
TogoKan	FORK	òdʒù+kàwɡá
TommoSoTongoTongo	FORK	ò+dù#dʒáw
ToroTegu	FORK	òsù#sàjŋ.ɡó
YornoSo	FORK	òdʒù+nà.à+dʒǎw
BankanTey	FENCE	zà.á
BenTey	FENCE	ɡɔ́ŋ.ɡí.í
Bunoge	FENCE	jâj
DogulDomKundialang	FENCE	hɔ́kkɔ̀
DonnoSo	FENCE	kòró
JamsayDouentza	FENCE	ɡɔ̌ŋ
Mombo	FENCE	ɡón.dó
BonduSoNajamba	FENCE	kìlò.ó
Penange	FENCE	ɡòɡù
TebulUre	FENCE	ɡɔ̀ŋ.ɡɔ́
Tiranige	FENCE	sàŋà
TogoKan	FENCE	ɡònó
TommoSoTongoTongo	FENCE	kílɛ́
TommoSoTongoTongo	FENCE	só+ŋ+ɡó
ToroTegu	FENCE	ɡólú
YandaDom	FENCE	kòrò
BankanTey	CHANGE	tílɛ́
BenTey	CHANGE	bìlìwé
Bunoge	CHANGE	dílálè
DogulDomBendiely	CHANGE	bìlì+jé
DogulDomKundialang	CHANGE	nèl+jé
DonnoSo	CHANGE	lél+è.è
JamsayDouentza	CHANGE	bìlìwɛ́
JamsayMondoro	CHANGE	bìlìwɛ́
Mombo	CHANGE	néljé.è
BonduSoNajamba	CHANGE	bìlí+jɛ́
Penange	CHANGE	dílá+lè
PergeTegu	CHANGE	sáŋ.ɡɛ́
TogoKan	CHANGE	léré
TommoSoTongoTongo	CHANGE	dìlí+jɛ́
ToroTegu	CHANGE	tírá
YandaDom	CHANGE	dìlí+jɛ́
YornoSo	CHANGE	dìl+ɛ́.ɛ́
BenTey	MOVE	táŋ.ɡí
Bunoge	MOVE	kɛ́#táŋà#m.bà#táŋ.ɡè
DogulDomBendiely	MOVE	tàŋɛ́
DogulDomKundialang	MOVE	táŋè
DonnoSo	MOVE	táŋà
JamsayDouentza	MOVE	táŋá#ɡàrá
BonduSoNajamba	MOVE	bɛ̀lì+jɛ́
Penange	MOVE	táŋ.ɡún.dè
TebulUre	MOVE	dám.bá#dìlɛ́
TommoSoTongoTongo	MOVE	táŋá
YandaDom	MOVE	tíŋɛ́
YornoSo	MOVE	táŋá
BankanTey	REMAIN	bé
BenTey	REMAIN	bě
Bunoge	REMAIN	déŋ.ɡè
DogulDomBendiely	REMAIN	bìjɛ́
DogulDomKundialang	REMAIN	wàsé
DonnoSo	REMAIN	wàdá
JamsayDouentza	REMAIN	bè.é
JamsayMondoro	REMAIN	bè.é
Mombo	REMAIN	íbjé.è
BonduSoNajamba	REMAIN	wàdʒè
Penange	REMAIN	wán.dʒé
PergeTegu	REMAIN	bò.ó
TebulUre	REMAIN	bě
Tiranige	REMAIN	án.dʒó
TogoKan	REMAIN	síɡɛ́
TommoSoTongoTongo	REMAIN	bìjɛ́
ToroTegu	REMAIN	wàsá
YandaDom	REMAIN	bìjɛ́
YornoSo	REMAIN	bɛ̀.ɛ́
Ampari	THING	jɛ́
BankanTey	THING	kɔ́n
BenTey	THING	kɔ́.ɔ́.∼
Bunoge	THING	wɛ̀.ɛ̀
DogulDomBendiely	THING	ɡóòŋ
DogulDomKundialang	THING	ɡǒ+ŋ
DonnoSo	THING	kìdɛ́
JamsayGourou	THING	kìsɛ́
JamsayDouentza	THING	tʃɛ̀.ɛ́
JamsayMondoro	THING	tʃɛ̀.ɛ́
Mombo	THING	jɛ́.ɛ́
BonduSoNajamba	THING	kóŋ.ɡò
Penange	THING	jɛ̀.ɛ̀
PergeTegu	THING	kí.í
TebulUre	THING	tʃɛ́
Tiranige	THING	wɛ̀.ɛ̀
TogoKan	THING	ɔ̀dʒɔ́
TommoSoTongoTongo	THING	kí+dɛ́
ToroTegu	THING	ɛ́sú
YandaDom	THING	kí
YornoSo	THING	kídʒɛ́
BankanTey	APPROACH	wɔ́#dɔ́
BenTey	APPROACH	jɛ̌#dɔ̌
DonnoSo	APPROACH	jɛ̀lɛ́#dɔ̀.ɔ́
JamsayGourou	APPROACH	jɛ̀rɛ́#dɔ́.ɔ́
JamsayDouentza	APPROACH	jɛ̀rɛ́#dɔ̀.ɔ́
Mombo	APPROACH	dínjɛ́.ɛ̀
BonduSoNajamba	APPROACH	wé#n#dwɛ́.ɛ̀
PergeTegu	APPROACH	jɛ̀rɛ́#dɔ̀.ɔ́
Tiranige	APPROACH	dɛ̀mɛ̀#ájó
TogoKan	APPROACH	tɔ́rɔ́#dɔ̀.ɔ́
ToroTegu	APPROACH	bɛ́lá
YandaDom	APPROACH	wó#dɔ́
YornoSo	APPROACH	n#dɔ̀.ɔ́
BankanTey	APPROACH	bàsí#dɔ́
BenTey	APPROACH	dɔ̀rɔ́#dɔ̌
Bunoge	APPROACH	kɛ́ɡɛ̀
DogulDomKundialang	APPROACH	bɛ̀rù+n.d+jɛ́
DonnoSo	APPROACH	dɔ̀rɔ́#dɔ̀.ɔ́
JamsayDouentza	APPROACH	dɔ̀rɔ́#dɔ̀.ɔ́
Mombo	APPROACH	dínjɛ́.ɛ̀
BonduSoNajamba	APPROACH	dʒà.án.dʒí+j#dwɛ́.ɛ̀
Penange	APPROACH	dʒámmì
PergeTegu	APPROACH	dɔ̀.ɔ́
TebulUre	APPROACH	dèn.d+í.í+jà
Tiranige	APPROACH	bérá+n.díjó
TogoKan	APPROACH	ɛ́ŋ+nɛ́
TommoSoTongoTongo	APPROACH	dɔ̀.ɔ́
ToroTegu	APPROACH	bɛ́lá
YandaDom	APPROACH	dɔ́
YornoSo	APPROACH	dɔ̀rɔ́#dɔ̀.ɔ́
BankanTey	MEASURE	dà.árí
BenTey	MEASURE	túw.∼ó
Bunoge	MEASURE	túm.bɛ̀
DogulDomBendiely	MEASURE	tùmɛ́
DogulDomKundialang	MEASURE	túmɛ̀
DonnoSo	MEASURE	túm+ɛ̀
JamsayDouentza	MEASURE	pɔ́n.dɛ́
Mombo	MEASURE	túw.∼ɛ́
BonduSoNajamba	MEASURE	túmɛ́
Penange	MEASURE	túmɛ́
PergeTegu	MEASURE	túw.∼ó
TebulUre	MEASURE	túmó
Tiranige	MEASURE	túmɔ́
TogoKan	MEASURE	tú.ú~
TommoSoTongoTongo	MEASURE	túmɔ́
YandaDom	MEASURE	túmɔ́
YornoSo	MEASURE	tɔ́.ɔ́.∼
BankanTey	SPREAD OUT	tá.ábàn.dè#sɔ́
BenTey	SPREAD OUT	sɛ́.ɛ́lí
Bunoge	SPREAD OUT	kúmú+lɛ̀
DogulDomKundialang	SPREAD OUT	wàn.dé
DonnoSo	SPREAD OUT	sá.árà
JamsayDouentza	SPREAD OUT	sá.árá
Mombo	SPREAD OUT	kábáɡè
BonduSoNajamba	SPREAD OUT	tá.ábɛ́
Penange	SPREAD OUT	sáj+n.dè
PergeTegu	SPREAD OUT	sájɡɛ́
Tiranige	SPREAD OUT	jáŋ.ɡáj.∼#ɡúnú
TogoKan	SPREAD OUT	sá.áŋì
TommoSoTongoTongo	SPREAD OUT	wànáná
ToroTegu	SPREAD OUT	táŋá
YornoSo	SPREAD OUT	wàdʒárá
BankanTey	SPREAD OUT	ɡɔ̀m.bí
BenTey	SPREAD OUT	wà.àr.∼í
Bunoge	SPREAD OUT	mádʒírè
DogulDomKundialang	SPREAD OUT	wàn.dé
DonnoSo	SPREAD OUT	ɡɔ́m.b+ɛ̀
JamsayDouentza	SPREAD OUT	ɡɔ̀mɔ́
Mombo	SPREAD OUT	kábáɡè
BonduSoNajamba	SPREAD OUT	tàŋè
Penange	SPREAD OUT	tájn.dè
PergeTegu	SPREAD OUT	ɡɔ̀m.bɔ́
TebulUre	SPREAD OUT	ɡɔ̀m.bú
TogoKan	SPREAD OUT	sá.áŋì
TommoSoTongoTongo	SPREAD OUT	wànáná
ToroTegu	SPREAD OUT	táŋá
YandaDom	SPREAD OUT	tá.á~
YornoSo	SPREAD OUT	wàdʒárá
BenTey	SPREAD OUT	ɡɔ̀m.bí#í.í+jí
DonnoSo	SPREAD OUT	ɡɔ̀.ɔ́m.bɔ̀
Mombo	SPREAD OUT	ɡɔ́m.bɛ́
TommoSoTongoTongo	SPREAD OUT	wànná
Ampari	PLACE (POSITION)	tùrɛ̀
BankanTey	PLACE (POSITION)	ɔ́r.∼ɔ̀
BenTey	PLACE (POSITION)	ɔ́r.∼ɔ̀
Bunoge	PLACE (POSITION)	kɛ́
DogulDomBendiely	PLACE (POSITION)	jàlúɡ
DogulDomKundialang	PLACE (POSITION)	jǎl
DonnoSo	PLACE (POSITION)	jàlú
JamsayGourou	PLACE (POSITION)	děj.∼
JamsayDouentza	PLACE (POSITION)	dì.í~
JamsayMondoro	PLACE (POSITION)	dì.í~
Mombo	PLACE (POSITION)	ɡé.è
BonduSoNajamba	PLACE (POSITION)	kéŋ.ɡè
Penange	PLACE (POSITION)	ɡéŋ
PergeTegu	PLACE (POSITION)	dɛ̀.ɛ́.∼
TebulUre	PLACE (POSITION)	ɡán.dá
TiranigeBoui	PLACE (POSITION)	dʒɛ́lɛ́
TogoKan	PLACE (POSITION)	dèŋú
TommoSoTongoTongo	PLACE (POSITION)	jà+lú
TommoSoTongoTongo	PLACE (POSITION)	ɡá+n+dá
ToroTegu	PLACE (POSITION)	děŋ
YandaDom	PLACE (POSITION)	ɔ̀mɔ́
YornoSo	PLACE (POSITION)	dɛ̌j.∼
BankanTey	BACK	tùn.dú
BenTey	BACK	tùlú
Bunoge	BACK	pùm.bù
DogulDomKundialang	BACK	ndɔ́+ŋ
DonnoSo	BACK	ùnnú
JamsayDouentza	BACK	ɡùn+dùró
Mombo	BACK	tún.dú
BonduSoNajamba	BACK	bàn.dí
Penange	BACK	tùn.dù
PergeTegu	BACK	tùlú
Tiranige	BACK	tú.ú~
TogoKan	BACK	dòɡó
TommoSoTongoTongo	BACK	ònnú#nɛ
TommoSoTongoTongo	BACK	dù+mɔ́#nɛ
ToroTegu	BACK	pɛ́rá
YandaDom	BACK	tùnù
BankanTey	OPEN	pí.ír.∼+í#ɡò+n.dó
BenTey	OPEN	pí.í+r.∼í
Bunoge	OPEN	dɛ́ŋ+ú+lɛ̀
DogulDomBendiely	OPEN	ìl+lé
DogulDomKundialang	OPEN	í.íl+lè
DonnoSo	OPEN	píɲ+è+lè
JamsayGourou	OPEN	pín+í+r.∼é
JamsayDouentza	OPEN	pín+í+r.∼é
JamsayMondoro	OPEN	pín+í+r.∼é
Mombo	OPEN	bá.á~w+ú+lè
BonduSoNajamba	OPEN	níŋ.ɡ+í+lɛ́
Penange	OPEN	báŋ.ɡ+ú+lè
PergeTegu	OPEN	lé.é+ré
TebulUre	OPEN	píŋ.ɡ+í+lá
TiranigeBoui	OPEN	ím.b+í+lɔ́
TogoKan	OPEN	pín+ɛ́+r.∼ɛ́
TommoSoTongoTongo	OPEN	píl+lé
ToroTegu	OPEN	tín+ná
YandaDom	OPEN	píl+lé
YornoSo	OPEN	pínɛ́+lɛ́
BankanTey	SHUT	pí.í~
BenTey	SHUT	pí.íj.∼í
Bunoge	SHUT	dɛ́ŋɛ̀
DogulDomBendiely	SHUT	ìré
DogulDomKundialang	SHUT	í.í+rè
DonnoSo	SHUT	pí.í+n.dè
JamsayGourou	SHUT	píné
JamsayDouentza	SHUT	píné
JamsayMondoro	SHUT	pí+né
Mombo	SHUT	bá.á+n.dè
BonduSoNajamba	SHUT	níŋ.ɡɛ́
Penange	SHUT	bá.á+n.dè
PergeTegu	SHUT	lé.é
TebulUre	SHUT	píŋí
TiranigeBoui	SHUT	ím.bɔ́
TogoKan	SHUT	pínɛ́
TommoSoTongoTongo	SHUT	píí+n.dé
ToroTegu	SHUT	tílá
YandaDom	SHUT	pí+dó
YornoSo	SHUT	pínɛ́
BenTey	LOCK	dóɡúrú
DogulDomBendiely	LOCK	tém.bùrùɡ
DogulDomKundialang	LOCK	dàɡù+dàɡú+ŋ
DonnoSo	LOCK	tàŋà+dáɡà
JamsayDouentza	LOCK	tʃɛ̀wɛ̀+sɔ́ɣɔ́
Mombo	LOCK	bò.ò~#dáɡá
BonduSoNajamba	LOCK	kúfárù
PergeTegu	LOCK	tʃìŋ.ɡɛ̀+sɔ́ɡú
TebulUre	LOCK	kàŋ.ɡà+dàɡú+ŋ.ɡò
Tiranige	LOCK	bów.∼#pɔ̀wɔ́
TogoKan	LOCK	kà~+tímí
TommoSoTongoTongo	LOCK	tàà#dàɡá
ToroTegu	LOCK	kà+tìlú
YandaDom	LOCK	sáŋ
YornoSo	LOCK	tà.à~+dáɡá
BankanTey	KEY	tà.à~+jí.ì
BenTey	KEY	tà.à~+jí.ì
Bunoge	KEY	tá.á+bè
DogulDomKundialang	KEY	kájɡè.èɡ
DonnoSo	KEY	tàŋ+í.ì
JamsayGourou	KEY	kɛ̀w.∼í.ì~
JamsayDouentza	KEY	tʃɛ̀w.∼í.ì~
Mombo	KEY	bǒj
BonduSoNajamba	KEY	tàn.dàmɛ́.ɛ̀
Penange	KEY	bòw.∼+wé.è
PergeTegu	KEY	kɛ̀w+í.ì~
TebulUre	KEY	kàn.dʒ+íjɛ́
Tiranige	KEY	bów.∼+bè
TogoKan	KEY	kɛ̀wí~
TommoSoTongoTongo	KEY	tàà#íí
ToroTegu	KEY	sɔ̀ɡù+ì+r.∼ú
YandaDom	KEY	sàɲ+íjè
YornoSo	KEY	tà.à+j~
BonduSoNajamba	SWELLING	àmì+jɛ́+ŋ.ɡò
TogoKan	SWELLING	pìdé
TommoSoTongoTongo	SWELLING	pììrí+jé
YornoSo	SWELLING	pì.ìrè.é
BankanTey	FAT (ORGANIC SUBSTANCE)	dóm.búró+m
BenTey	FAT (ORGANIC SUBSTANCE)	dùɡú
Bunoge	FAT (ORGANIC SUBSTANCE)	bìɡì
DogulDomKundialang	FAT (ORGANIC SUBSTANCE)	bìnú+ŋ
DonnoSo	FAT (ORGANIC SUBSTANCE)	pó.ò
JamsayGourou	FAT (ORGANIC SUBSTANCE)	déméré
JamsayDouentza	FAT (ORGANIC SUBSTANCE)	déméré
JamsayMondoro	FAT (ORGANIC SUBSTANCE)	démér.∼é
Mombo	FAT (ORGANIC SUBSTANCE)	bállà
BonduSoNajamba	FAT (ORGANIC SUBSTANCE)	bìní.í
Penange	FAT (ORGANIC SUBSTANCE)	bàɡàlà
PergeTegu	FAT (ORGANIC SUBSTANCE)	dém.béré
TebulUre	FAT (ORGANIC SUBSTANCE)	bìnɛ́.ɛ́
Tiranige	FAT (ORGANIC SUBSTANCE)	bíní
TogoKan	FAT (ORGANIC SUBSTANCE)	déméré
TommoSoTongoTongo	FAT (ORGANIC SUBSTANCE)	póó
ToroTegu	FAT (ORGANIC SUBSTANCE)	sɛ́w
YandaDom	FAT (ORGANIC SUBSTANCE)	bǐn
YornoSo	FAT (ORGANIC SUBSTANCE)	dùɡú
BankanTey	CAVE	kòm.bí.í
BenTey	CAVE	kòm.bì.í
Bunoge	CAVE	téŋ.ɡà
DogulDomKundialang	CAVE	kɔ̀mmɔ́
DonnoSo	CAVE	kɔ̀mmɔ́
JamsayDouentza	CAVE	kóm
JamsayMondoro	CAVE	kóm
Mombo	CAVE	pɛ̀ɡɔ̀#kíbá
BonduSoNajamba	CAVE	kò+m.bì.í+ŋ.ɡé
Penange	CAVE	sɔ́ŋ.ɡɔ́
PergeTegu	CAVE	kó.óm
TebulUre	CAVE	kòm.bùɡó
Tiranige	CAVE	ków.∼
TogoKan	CAVE	kɔ̀.ɔ̀mɔ́
TommoSoTongoTongo	CAVE	kɔ̀m+mɔ́
ToroTegu	CAVE	ɡó.ò
YandaDom	CAVE	kòm
YornoSo	CAVE	kɔ̀mɔ́
BankanTey	DITCH	ŋìr.∼ɛ́
BenTey	DITCH	ìr.∼í
Bunoge	DITCH	kóm.bù
DogulDomKundialang	DITCH	è.ènú+ŋ
DonnoSo	DITCH	bòn.dó
JamsayDouentza	DITCH	ɡòrú
BonduSoNajamba	DITCH	ɡóló.ó
PergeTegu	DITCH	bólôl
TebulUre	DITCH	tʃɛ̀lɡɔ́
Tiranige	DITCH	bón.dó
TogoKan	DITCH	ùr.∼ú
TommoSoTongoTongo	DITCH	tò+tò+ló
TommoSoTongoTongo	DITCH	nòmmòló
TommoSoTongoTongo	DITCH	pɔ̀.∼sé
TommoSoTongoTongo	DITCH	ɡɔ́.ɔ̀+dɔ̀
ToroTegu	DITCH	póló
YandaDom	DITCH	ɡònòlò
YornoSo	DITCH	bònɔ́
BankanTey	HOLE	mbòlú
BenTey	HOLE	m.bòlú
Bunoge	HOLE	ɡɔ́lɛ̀
DogulDomKundialang	HOLE	è.ènú+ŋ
DonnoSo	HOLE	bòn.dó
JamsayGourou	HOLE	ùr.∼ó
JamsayDouentza	HOLE	bùdʒú
Mombo	HOLE	kóm.bó
BonduSoNajamba	HOLE	dǒl+ŋ.ɡé
Penange	HOLE	mùrè
PergeTegu	HOLE	mòlú
TebulUre	HOLE	bùdù+ɡó
Tiranige	HOLE	múró
TogoKan	HOLE	lòrú
TommoSoTongoTongo	HOLE	bò+n+dó
ToroTegu	HOLE	kómó
YandaDom	HOLE	bùzù
YornoSo	HOLE	lǒl
BonduSoNajamba	HOLLOW OUT	dòɡìlè
TogoKan	HOLLOW OUT	tɔ́ɡɔ́rɔ́
TommoSoTongoTongo	HOLLOW OUT	tɔ́ɡɔ́
YornoSo	HOLLOW OUT	tɔ́ɡɔ́lɔ́
BankanTey	MONTH	wà.á
BenTey	MONTH	ùwɔ́
DogulDomBendiely	MONTH	wɔ́.ɔ́ɡù
DogulDomKundialang	MONTH	wɔ̀.ɔ́ɡ
DonnoSo	MONTH	ùɡɔ́
JamsayGourou	MONTH	ɛ̀.ɛ́
JamsayDouentza	MONTH	ɛ̀.ɛ́
Mombo	MONTH	wɛ́.ɛ̀
BonduSoNajamba	MONTH	sà.àɡé
Penange	MONTH	wɛ̀.ɛ̀
PergeTegu	MONTH	ɛ̀.ɛ́
TebulUre	MONTH	swà.á
Tiranige	MONTH	éŋání
TogoKan	MONTH	ɔ̀.ɔ́
TommoSoTongoTongo	MONTH	ìì+jɛ́
ToroTegu	MONTH	ìwá
YandaDom	MONTH	swà.à
YornoSo	MONTH	jè.é
Ampari	YEAR	wàjá
BankanTey	YEAR	àr.∼á
BenTey	YEAR	àr.∼à+kúsú
Bunoge	YEAR	wájà
DogulDomBendiely	YEAR	wɛ̀.ɛ́
DogulDomKundialang	YEAR	wě+ŋ
DonnoSo	YEAR	ànà+kúdù
JamsayGourou	YEAR	àr.∼à#kúsú
JamsayDouentza	YEAR	àr.∼à+kúdʒú
JamsayMondoro	YEAR	àr.∼à+kúdʒú
Mombo	YEAR	wájà
BonduSoNajamba	YEAR	kèn.dʒú.ù
Penange	YEAR	wàjà
PergeTegu	YEAR	àr.∼à+kúsú
TebulUre	YEAR	àr.∼à+ɡúdú
Tiranige	YEAR	wòj
TogoKan	YEAR	àn.dí.í
TommoSoTongoTongo	YEAR	ànà+ɡúdú
YandaDom	YEAR	àr.∼à+ɡùzù
YornoSo	YEAR	àr.∼à+ɡúdʒú
Mombo	BE LATE	ɲɔ́mɛ́
BonduSoNajamba	BE LATE	pédʒá+n.dí
TogoKan	BE LATE	dòɡó#wɛ́.ɛ́
TommoSoTongoTongo	BE LATE	dɔ̀rɔ́
YornoSo	BE LATE	táw.∼á
Ampari	TIME	wàɡàtì
BankanTey	TIME	wáwtù
BenTey	TIME	wáɡátù
Bunoge	TIME	wàɡàr
DogulDomBendiely	TIME	wàɡátù
DogulDomKundialang	TIME	wá.àr
DonnoSo	TIME	wáɡùrù
JamsayGourou	TIME	dóɡúrú
JamsayDouentza	TIME	wákátì
Mombo	TIME	wáɡárù
BonduSoNajamba	TIME	wáɡàtì
Penange	TIME	wàɡàr
PergeTegu	TIME	wáɡátù
TebulUre	TIME	wáɡádú
Tiranige	TIME	wákátí
TogoKan	TIME	tèŋé
TommoSoTongoTongo	TIME	wáɡá+dú
TommoSoTongoTongo	TIME	wáá+rú
ToroTegu	TIME	tùw.∼ɔ́
YandaDom	TIME	wáɡàtù
YornoSo	TIME	wá.árú
Ampari	NIGHT	dó.ón.dó
BankanTey	NIGHT	ɲân
BenTey	NIGHT	ɲár.∼ù
Bunoge	NIGHT	jà
DogulDomBendiely	NIGHT	jááɡà
DogulDomKundialang	NIGHT	já.áɡà
DonnoSo	NIGHT	jáŋà
JamsayGourou	NIGHT	dà.àɣá
JamsayDouentza	NIGHT	dà.àɣá
JamsayMondoro	NIGHT	dà.àɡá
Mombo	NIGHT	dó.ó
BonduSoNajamba	NIGHT	ɲám
Penange	NIGHT	dóɡó
PergeTegu	NIGHT	dɛ̀.ɛ̀ɡɛ́
TebulUre	NIGHT	dɛ̀n.dɛ́
Tiranige	NIGHT	jà.àɡù
TogoKan	NIGHT	dà.àɡá
TommoSoTongoTongo	NIGHT	jáŋá
TommoSoTongoTongo	NIGHT	dì+ɡɛ́
TommoSoTongoTongo	NIGHT	bàà#dɛ̀+nɛ́
TomoKanSegue	NIGHT	dáʔà
ToroTegu	NIGHT	j.∼à.àŋá
YandaDom	NIGHT	dèn.dà.à
YornoSo	NIGHT	dìɡɛ́
TommoSoTongoTongo	EVENING	èl+mé
ToroTegu	EVENING	èlkó
YornoSo	EVENING	dìɡɛ̀+tóɡù#wà.àrù
BankanTey	DAY (NOT NIGHT)	ùsì.í~
BenTey	DAY (NOT NIGHT)	ùsù+dér.∼í.í
Bunoge	DAY (NOT NIGHT)	dènì
DogulDomBendiely	DAY (NOT NIGHT)	ísìɡà
DogulDomKundialang	DAY (NOT NIGHT)	ísɡà.à
DonnoSo	DAY (NOT NIGHT)	nàn+dènú
JamsayGourou	DAY (NOT NIGHT)	nì+núw.∼ò
JamsayDouentza	DAY (NOT NIGHT)	nì+núw.∼ó
JamsayMondoro	DAY (NOT NIGHT)	nì+núw.∼ò
Mombo	DAY (NOT NIGHT)	ɡé.éw.∼è
BonduSoNajamba	DAY (NOT NIGHT)	ùdʒú
Penange	DAY (NOT NIGHT)	ɡɛ̀.ɛ̀.∼
PergeTegu	DAY (NOT NIGHT)	dɛ́ɡú
TebulUre	DAY (NOT NIGHT)	ùdú
TiranigeBoui	DAY (NOT NIGHT)	dè.èŋ.ɡú
TogoKan	DAY (NOT NIGHT)	ìsìɡɛ́
TommoSoTongoTongo	DAY (NOT NIGHT)	àɡá
TommoSoTongoTongo	DAY (NOT NIGHT)	nǎm
ToroTegu	DAY (NOT NIGHT)	nùŋùlɔ́
YandaDom	DAY (NOT NIGHT)	dèr.∼ìŋ
YornoSo	DAY (NOT NIGHT)	dɛ̌n
BenTey	MIDDAY	ùsù#ɔ̂w
Bunoge	MIDDAY	dèŋ
DogulDomBendiely	MIDDAY	ìsìɡì#téɡé
JamsayDouentza	MIDDAY	nì+nì.ì#ɔ́ɡù
Penange	MIDDAY	ɡɛ̀.ɛ̀nì
PergeTegu	MIDDAY	nì+nì.ì#ôw
TommoSoTongoTongo	MIDDAY	nàm#té+ɡé
ToroTegu	MIDDAY	nùŋùlɔ́
YandaDom	MIDDAY	ìzùɡè+téɡè
BankanTey	MIDDAY	ùsù#ɔ̂w.∼
BenTey	MIDDAY	ùsú#kù#tʃɛ́là
DogulDomBendiely	MIDDAY	ìsìɡì#téɡé
DogulDomKundialang	MIDDAY	ìsìɡ#téɡè+ŋ
JamsayDouentza	MIDDAY	nì+nì.í#dàrà+tʃɛ́nɛ̀
BonduSoNajamba	MIDDAY	kèn+tě+ŋ.ɡò#wàkàtì
TommoSoTongoTongo	MIDDAY	nàm#té+ɡé
ToroTegu	MIDDAY	nǒŋ#kù#bɛ̀l+tʃɛ́lá
YornoSo	MIDDAY	nàm+lè+kìnè+ɡú#wà.àrù
BankanTey	AFTERNOON	dèn.déj
BenTey	AFTERNOON	dènè+ùsú
Bunoge	AFTERNOON	dén.dà#kánì
DogulDomBendiely	AFTERNOON	dén.dúɡáà
DonnoSo	AFTERNOON	dì.ìɡà.á
JamsayGourou	AFTERNOON	dà.àɣà#ní.ì
JamsayDouentza	AFTERNOON	dà.àɣà+ní.ì
JamsayMondoro	AFTERNOON	dà.àɣà+ní.ì
BonduSoNajamba	AFTERNOON	dèn.dà.àdʒú
Penange	AFTERNOON	dè.èn.dà
TommoSoTongoTongo	AFTERNOON	dìɡɛ̀#nǎm
ToroTegu	AFTERNOON	dɛ̀.ɛ̀ɡá
YornoSo	AFTERNOON	dìɡɛ̀+nǎm
BankanTey	WEEK	zú.ú#já.à#zú.ú#já.à
BenTey	WEEK	dʒú.ú
Bunoge	WEEK	júɡù
DogulDomBendiely	WEEK	dʒúúɡù
DogulDomKundialang	WEEK	dʒú.ùɡ
DonnoSo	WEEK	dʒúɡù
JamsayDouentza	WEEK	dʒúɡú
Mombo	WEEK	dʒúɡù
BonduSoNajamba	WEEK	dʒùɡîn
Penange	WEEK	èbà#jùɡú
PergeTegu	WEEK	dʒúɡú
TebulUre	WEEK	zúɡó
TiranigeBoui	WEEK	jùɡù
TogoKan	WEEK	dʒúɡú
TommoSoTongoTongo	WEEK	bàj#sɔ̌j
ToroTegu	WEEK	ìwà#dʒíró
YandaDom	WEEK	zùwó
YornoSo	WEEK	dʒúɡú
BankanTey	MONDAY	àltínɛ̀
BenTey	MONDAY	áltínɛ́.ɛ́rɛ̀
Bunoge	MONDAY	ʔà.àtɛ̀nɛ̀
DogulDomBendiely	MONDAY	tìnɛ́.ɛ́rɛ̀
DogulDomKundialang	MONDAY	àltìnɛ́.ɛ́rɛ̀
DonnoSo	MONDAY	àtínɛ̀rɛ̀
JamsayGourou	MONDAY	átínɛ̀
JamsayDouentza	MONDAY	áltínɛ́.ɛ́rɛ̀
Mombo	MONDAY	átínɛ́rɛ̀
BonduSoNajamba	MONDAY	àltìnɛ́.ɛ́rɛ̀
Penange	MONDAY	àtɛ̀nɛ́.ɛ̀
PergeTegu	MONDAY	áltínɛ́.ɛ́rɛ̀
Tiranige	MONDAY	búrí#éwà
TogoKan	MONDAY	àltìnɛ́.ɛ́rɛ́
TommoSoTongoTongo	MONDAY	tììbǎj
TommoSoTongoTongo	MONDAY	àtínɛ́.ɛ́+rɛ́
ToroTegu	MONDAY	áltínì
BankanTey	TUESDAY	tàlá.átà
BenTey	TUESDAY	tàlá.átà
Bunoge	TUESDAY	tá.árà
DogulDomBendiely	TUESDAY	tìnɛ́.ɛ́rɛ̀#bánááɡù
DogulDomKundialang	TUESDAY	tàlàtá.árɛ̀
DonnoSo	TUESDAY	tàràtá.à
JamsayGourou	TUESDAY	tálá.átà
JamsayDouentza	TUESDAY	tàlá.átà
Mombo	TUESDAY	tálátárɛ̀
BonduSoNajamba	TUESDAY	tàlá.átà
Penange	TUESDAY	ɡònà+ébà
PergeTegu	TUESDAY	tálá.átà
Tiranige	TUESDAY	bùrì+èwà#àŋìnɛ́
TogoKan	TUESDAY	tàlá.átá
TommoSoTongoTongo	TUESDAY	tàláátà
ToroTegu	TUESDAY	tálá.átà
BankanTey	WEDNESDAY	àlá.árúbà
BenTey	WEDNESDAY	álárbà
Bunoge	WEDNESDAY	álábà
DogulDomBendiely	WEDNESDAY	tìnɛ́.ɛ́rɛ̀#dèntáán.dù
DogulDomKundialang	WEDNESDAY	àlàlbá.árɛ̀
DonnoSo	WEDNESDAY	àrábà
JamsayGourou	WEDNESDAY	álárbà
JamsayDouentza	WEDNESDAY	álárbá.árɛ̀
Mombo	WEDNESDAY	álálbá.árà
BonduSoNajamba	WEDNESDAY	àlárbà
Penange	WEDNESDAY	pɛ́lm.bɛ́
PergeTegu	WEDNESDAY	álárbà
Tiranige	WEDNESDAY	sá.ámá
TogoKan	WEDNESDAY	àlàrúbá
TommoSoTongoTongo	WEDNESDAY	álárbà
TommoSoTongoTongo	WEDNESDAY	lárbà
ToroTegu	WEDNESDAY	álárbà
BankanTey	THURSDAY	àlkàmí.ísà
BenTey	THURSDAY	àlkàmí.ísà
Bunoge	THURSDAY	ʔálámín.dʒà
DogulDomBendiely	THURSDAY	tìnɛ́.ɛ́rɛ̀#dènèkéésò
DogulDomKundialang	THURSDAY	àlkámsá.árɛ̀
DonnoSo	THURSDAY	àlmìsá.à
JamsayGourou	THURSDAY	álkámí.ísà
JamsayDouentza	THURSDAY	álkámí.ísà
Mombo	THURSDAY	álkámsá.árè
BonduSoNajamba	THURSDAY	kɔ̀lɔ̀#ébán
Penange	THURSDAY	álámdʒà
PergeTegu	THURSDAY	álkámí.ísà
Tiranige	THURSDAY	póɡómì
TogoKan	THURSDAY	àlkàmí.ísá
TommoSoTongoTongo	THURSDAY	àlàmésá
ToroTegu	THURSDAY	àlkàmí.ísà
BankanTey	FRIDAY	àldʒúmà
BenTey	FRIDAY	áldʒúmá.árɛ̀
Bunoge	FRIDAY	ʔàldʒùmà.àrɛ́
DogulDomBendiely	FRIDAY	dʒúúmmɔ̀
DogulDomKundialang	FRIDAY	àldʒúmá.árɛ̀
DonnoSo	FRIDAY	dʒúmmɔ̀
JamsayGourou	FRIDAY	àlzúw.∼ò
JamsayDouentza	FRIDAY	áldʒúmá.árɛ̀
Mombo	FRIDAY	dʒúmmà
BonduSoNajamba	FRIDAY	àldʒúmà
Penange	FRIDAY	ájmà
PergeTegu	FRIDAY	dʒúmà
Tiranige	FRIDAY	àdʒùmà.àrɛ́
TogoKan	FRIDAY	àldʒúmá.árɛ́
TommoSoTongoTongo	FRIDAY	dʒúmmɔ́
ToroTegu	FRIDAY	àldʒúmà
BankanTey	SATURDAY	ásè
BenTey	SATURDAY	ásɛ́wɛ́.ɛ́rɛ̀
Bunoge	SATURDAY	ʔàsìlí
DogulDomBendiely	SATURDAY	dʒúúmmɔ̀#bánááɡù
DogulDomKundialang	SATURDAY	àsɛ́wɛ́.ɛ́rɛ̀
JamsayGourou	SATURDAY	àsé.è
JamsayDouentza	SATURDAY	ásé.è
Mombo	SATURDAY	álséwérè
BonduSoNajamba	SATURDAY	ásè
Penange	SATURDAY	àssí.ìl
PergeTegu	SATURDAY	ásɛ́wɛ́.ɛ́rɛ̀
Tiranige	SATURDAY	ásérì
TogoKan	SATURDAY	àséwéré
TommoSoTongoTongo	SATURDAY	ásè
ToroTegu	SATURDAY	ásé.è
BankanTey	SUNDAY	álàl
BenTey	SUNDAY	álâl
Bunoge	SUNDAY	ʔákárì
DogulDomBendiely	SUNDAY	dʒúúmmɔ̀#dèntáán.dù
DogulDomKundialang	SUNDAY	álàŋ
DonnoSo	SUNDAY	dʒùmá.ásì
JamsayGourou	SUNDAY	álâl
JamsayDouentza	SUNDAY	álâl
Mombo	SUNDAY	álàm
BonduSoNajamba	SUNDAY	ébán
Penange	SUNDAY	àkárì
PergeTegu	SUNDAY	álâl
Tiranige	SUNDAY	úŋ.ɡúlù
TogoKan	SUNDAY	àlálú
TommoSoTongoTongo	SUNDAY	álàn
ToroTegu	SUNDAY	álàl
JamsayGourou	AUTUMN	pàrà+sé.ér.∼ɛ́
JamsayDouentza	AUTUMN	pàrà+sɛ́.ɛ́.∼
BonduSoNajamba	AUTUMN	ùlù+ŋú+lé
PergeTegu	AUTUMN	jàr+kólò
YandaDom	AUTUMN	bà+ɡòló
YornoSo	AUTUMN	nà.à+sàŋà+dámá+ŋ
BankanTey	WINTER	ɡɔ̀jɔ̀#m.bà.á
BenTey	WINTER	ɡɔ̀jɔ́
Bunoge	WINTER	wá.à#wá.árì
DogulDomKundialang	WINTER	jɔ̀mún
DonnoSo	WINTER	jèmmé#wàɡùrù
JamsayGourou	WINTER	ɲùɲùw.∼ò+děj.∼
JamsayDouentza	WINTER	ɲìɲùw.∼ò+děj.∼
Mombo	WINTER	ɲímálì
BonduSoNajamba	WINTER	ɡɔ̀ɡù+m.bà.á
Penange	WINTER	màlè+kó.ò
PergeTegu	WINTER	ɲù+ɲùw.∼ò+dɛ̌j.∼
TebulUre	WINTER	tàm+ɡɔ̀+wáɡádú
Tiranige	WINTER	témómú+ɡé#wàɡàtí
TogoKan	WINTER	ɲùɲù+dòɡùrú
TommoSoTongoTongo	WINTER	kàlà+lù#kùm+mɔ́
ToroTegu	WINTER	ɲɔ̀.ɔ́.∼
YandaDom	WINTER	ɡɔ̀w
YornoSo	WINTER	kà.àlí.ì#wà.àrù
BankanTey	FINISH	dùm.bì+rí
BenTey	FINISH	dùmdí
Bunoge	FINISH	púllè
DogulDomBendiely	FINISH	èɡùn.dé
DogulDomKundialang	FINISH	tîl#kánè
DonnoSo	FINISH	dóɡ+è
JamsayDouentza	FINISH	dòɡó
Mombo	FINISH	ɡɔ́.ɔ́lɛ̀
BonduSoNajamba	FINISH	ìɡó+n.dí
Penange	FINISH	dɛ́ŋ.ɡɛ́
PergeTegu	FINISH	dùmdɔ́
TebulUre	FINISH	dùm+dí
Tiranige	FINISH	póró
TogoKan	FINISH	dòɡó
TommoSoTongoTongo	FINISH	dùmɔ́+n.dɔ́
TomoKanSegue	FINISH	dùmɛ̀
ToroTegu	FINISH	dùm+kɔ́
YandaDom	FINISH	ídé
YornoSo	FINISH	kílɛ́
BankanTey	END (OF SPACE)	dùmǒj.∼
BenTey	END (OF SPACE)	dùmdɔ́.ɔ́
DogulDomBendiely	END (OF SPACE)	sáktè
DogulDomKundialang	END (OF SPACE)	sáktè
DonnoSo	END (OF SPACE)	dòɡò+n.dó
JamsayDouentza	END (OF SPACE)	dùmnó
JamsayMondoro	END (OF SPACE)	dùmnó
Mombo	END (OF SPACE)	píŋ.ɡì
BonduSoNajamba	END (OF SPACE)	kàló.ó
PergeTegu	END (OF SPACE)	dùmdɔ́
TebulUre	END (OF SPACE)	dùmó
TogoKan	END (OF SPACE)	dùnɔ́
TommoSoTongoTongo	END (OF SPACE)	kál+é
TommoSoTongoTongo	END (OF SPACE)	dù+mɔ̀+n+dɔ́
ToroTegu	END (OF SPACE)	dúm+lɛ́
YandaDom	END (OF SPACE)	ìdà
YornoSo	END (OF SPACE)	dɔ̀.ɔ́.∼
JamsayDouentza	CEASE	ɡò.ó
Mombo	CEASE	dɛ́.ɛ́n.dɛ̀
BonduSoNajamba	CEASE	íŋ.ɡí+jɛ́
Penange	CEASE	íŋ.ɡí+rɛ̀
TogoKan	CEASE	dàɡá
TommoSoTongoTongo	CEASE	pádá
ToroTegu	CEASE	dɛ̀lá
BankanTey	FATHER	bá.à
BenTey	FATHER	bì+bà.á
Bunoge	FATHER	bá.á
DogulDomBendiely	FATHER	ndé
DogulDomKundialang	FATHER	ndé.é
DonnoSo	FATHER	bà.á
JamsayDouentza	FATHER	bà.á
Mombo	FATHER	bá.á
BonduSoNajamba	FATHER	bá.à
Penange	FATHER	ŋ#bɔ̀bɔ́
TebulUre	FATHER	bá
TogoKan	FATHER	dè+dé.è
TommoSoTongoTongo	FATHER	bà+báá
TommoSoTongoTongo	FATHER	à+báá
TommoSoTongoTongo	FATHER	báá
YandaDom	FATHER	dè+dé
YornoSo	FATHER	dé.è
BankanTey	MOTHER	nàr.∼á
BenTey	MOTHER	nàr.∼á
Bunoge	MOTHER	nì+nì
DogulDomBendiely	MOTHER	dààrá
DogulDomKundialang	MOTHER	dà.àrá.á
DonnoSo	MOTHER	nà.á
JamsayGourou	MOTHER	nà.á
JamsayDouentza	MOTHER	nà.á
JamsayMondoro	MOTHER	nà.á
Mombo	MOTHER	ní.í
BonduSoNajamba	MOTHER	nì.í
Penange	MOTHER	ní.í
PergeTegu	MOTHER	nà.á
TebulUre	MOTHER	nàr.∼á
Tiranige	MOTHER	nɛ̀nɛ̀
TogoKan	MOTHER	ìnà.á
TommoSoTongoTongo	MOTHER	n+náá
ToroTegu	MOTHER	ná
YandaDom	MOTHER	nì.ì
YornoSo	MOTHER	ná.á
BenTey	PATERNAL UNCLE (FATHER'S BROTHER)	bɔ̀.ɔ́
DogulDomBendiely	PATERNAL UNCLE (FATHER'S BROTHER)	súɲdʒò
JamsayDouentza	PATERNAL UNCLE (FATHER'S BROTHER)	bòró
Mombo	PATERNAL UNCLE (FATHER'S BROTHER)	bɔ́bɔ́
Penange	PATERNAL UNCLE (FATHER'S BROTHER)	nèdʒì
TommoSoTongoTongo	PATERNAL UNCLE (FATHER'S BROTHER)	bàbé
BankanTey	MATERNAL UNCLE (MOTHER'S BROTHER)	ndòsǐ+m
BenTey	MATERNAL UNCLE (MOTHER'S BROTHER)	lèsú
Bunoge	MATERNAL UNCLE (MOTHER'S BROTHER)	bɔ̀+bɔ̀
DogulDomBendiely	MATERNAL UNCLE (MOTHER'S BROTHER)	lɛ́sù
DogulDomKundialang	MATERNAL UNCLE (MOTHER'S BROTHER)	nês
DonnoSo	MATERNAL UNCLE (MOTHER'S BROTHER)	lédù
JamsayGourou	MATERNAL UNCLE (MOTHER'S BROTHER)	lèsé
JamsayDouentza	MATERNAL UNCLE (MOTHER'S BROTHER)	lèdʒé
JamsayMondoro	MATERNAL UNCLE (MOTHER'S BROTHER)	lèdʒé
Mombo	MATERNAL UNCLE (MOTHER'S BROTHER)	nɛ́dʒí
BonduSoNajamba	MATERNAL UNCLE (MOTHER'S BROTHER)	nèdʒì.í
Penange	MATERNAL UNCLE (MOTHER'S BROTHER)	nèdʒì
PergeTegu	MATERNAL UNCLE (MOTHER'S BROTHER)	lèsú
TebulUre	MATERNAL UNCLE (MOTHER'S BROTHER)	lèdú
Tiranige	MATERNAL UNCLE (MOTHER'S BROTHER)	nèdʒì
TogoKan	MATERNAL UNCLE (MOTHER'S BROTHER)	níɲí
TommoSoTongoTongo	MATERNAL UNCLE (MOTHER'S BROTHER)	nín.dʒú
ToroTegu	MATERNAL UNCLE (MOTHER'S BROTHER)	lìsí
YandaDom	MATERNAL UNCLE (MOTHER'S BROTHER)	lèzù
YornoSo	MATERNAL UNCLE (MOTHER'S BROTHER)	níɲù
BankanTey	AUNT	nàr.∼à#sàn.dâ+m
BenTey	AUNT	nà#tɛ̀.ɛ̀+m
Bunoge	AUNT	nì+ní#dɛ̀bɔ̀
DogulDomBendiely	AUNT	mbáj
DogulDomKundialang	AUNT	ɔ̀bí.í
DonnoSo	AUNT	nà.á
JamsayDouentza	AUNT	nà.à#těj.∼
Mombo	AUNT	bɔ́.ɔ́
BonduSoNajamba	AUNT	ɲɔ̌n.dʒɔ̀
PergeTegu	AUNT	nà.à#tɛ̌j.∼
TebulUre	AUNT	nà#sɛ̀.ɛ́
Tiranige	AUNT	nɛ̀.ɛ̀#wéní+wè
TogoKan	AUNT	lɔ́.ɔ́
TommoSoTongoTongo	AUNT	nàà#dàɡú
ToroTegu	AUNT	nà#lɔ̀.ɔ́
YandaDom	AUNT	ìjà+nɛ̀
YornoSo	AUNT	nà.à#dáɡù
BankanTey	PATERNAL AUNT (FATHER'S SISTER)	sɛ̀sɛ̌+m
BenTey	PATERNAL AUNT (FATHER'S SISTER)	sìsɛ́
Bunoge	PATERNAL AUNT (FATHER'S SISTER)	tɔ̀lɔ̀
DogulDomBendiely	PATERNAL AUNT (FATHER'S SISTER)	nɛ́nɛ̀
DogulDomKundialang	PATERNAL AUNT (FATHER'S SISTER)	nɛ́nɛ̀
DonnoSo	PATERNAL AUNT (FATHER'S SISTER)	nìnɛ́
JamsayGourou	PATERNAL AUNT (FATHER'S SISTER)	nɛ̀r.∼ɛ́
JamsayDouentza	PATERNAL AUNT (FATHER'S SISTER)	nɛ̀r.∼ɛ́
Mombo	PATERNAL AUNT (FATHER'S SISTER)	bɔ́.ɔ́
BonduSoNajamba	PATERNAL AUNT (FATHER'S SISTER)	sèdʒí.í
Penange	PATERNAL AUNT (FATHER'S SISTER)	bɔ̀.ɔ̀
PergeTegu	PATERNAL AUNT (FATHER'S SISTER)	nɛ̀r.∼ɛ́
TebulUre	PATERNAL AUNT (FATHER'S SISTER)	bà#sá
Tiranige	PATERNAL AUNT (FATHER'S SISTER)	nɛ̀n.dʒɛ̀
TogoKan	PATERNAL AUNT (FATHER'S SISTER)	nìr.∼í
TommoSoTongoTongo	PATERNAL AUNT (FATHER'S SISTER)	nì+nɛ́
ToroTegu	PATERNAL AUNT (FATHER'S SISTER)	nɛ̀r.∼ɛ́
YandaDom	PATERNAL AUNT (FATHER'S SISTER)	nèr.∼á
YornoSo	PATERNAL AUNT (FATHER'S SISTER)	nɛ̀r.∼ɛ́
BankanTey	GRANDFATHER	pà.á+m
BenTey	GRANDFATHER	pà.á
Bunoge	GRANDFATHER	tòrì
DogulDomBendiely	GRANDFATHER	bààbá
DogulDomKundialang	GRANDFATHER	bà.àbá.á
DonnoSo	GRANDFATHER	bà.à+bá.à
JamsayDouentza	GRANDFATHER	tìrɛ̀+ǎ+n
JamsayMondoro	GRANDFATHER	tìrɛ̀+ǎ+n
Mombo	GRANDFATHER	bábá
Penange	GRANDFATHER	tòrì
PergeTegu	GRANDFATHER	tírɛ́+á+n
TebulUre	GRANDFATHER	pàpá
Tiranige	GRANDFATHER	m.bɔ̀.ɔ̀
TogoKan	GRANDFATHER	bà+bá.á
TommoSoTongoTongo	GRANDFATHER	tì+rɛ̀#àn+ná
ToroTegu	GRANDFATHER	bàbá
YandaDom	GRANDFATHER	bà+bà
YornoSo	GRANDFATHER	tìrɛ̀+áj+nɛ́
BankanTey	GRANDMOTHER	sèsǐ+m
BenTey	GRANDMOTHER	sèsú
Bunoge	GRANDMOTHER	sèdʒì
DogulDomBendiely	GRANDMOTHER	ɔ̀bɛ́.ɛ́jí
DogulDomKundialang	GRANDMOTHER	ɔ̀bɛ̌j
DonnoSo	GRANDMOTHER	ndà.à+pǎj
JamsayDouentza	GRANDMOTHER	tì+rɛ̀+ɲɛ̌+n
Mombo	GRANDMOTHER	sézí
Penange	GRANDMOTHER	sèdʒì
PergeTegu	GRANDMOTHER	tí+rɛ́+ɲá+n
Tiranige	GRANDMOTHER	màmà
TogoKan	GRANDMOTHER	nà+ná.á
TommoSoTongoTongo	GRANDMOTHER	tì+rɛ̀#jàà+ná
ToroTegu	GRANDMOTHER	nàná
YandaDom	GRANDMOTHER	sèzù
YornoSo	GRANDMOTHER	tì+rɛ̀+jà.á+r.∼á
BenTey	ANCESTORS	kùm.bó
Mombo	ANCESTORS	ndá#kún.dʒúɡè
TogoKan	ANCESTORS	tìrɛ́
TommoSoTongoTongo	ANCESTORS	ɡàlém
TommoSoTongoTongo	ANCESTORS	ndɛ̀#díɛ́
YornoSo	ANCESTORS	tí+rɛ́+àr.∼ù+m
BankanTey	CHILD (DESCENDANT)	jí+m
BenTey	CHILD (DESCENDANT)	jí+m
DogulDomBendiely	CHILD (DESCENDANT)	é+ɡù
DonnoSo	CHILD (DESCENDANT)	ì.ì
JamsayDouentza	CHILD (DESCENDANT)	î+n
JamsayMondoro	CHILD (DESCENDANT)	î+n
Mombo	CHILD (DESCENDANT)	wé.è
BonduSoNajamba	CHILD (DESCENDANT)	è+n.d+ê
Penange	CHILD (DESCENDANT)	wè.è
PergeTegu	CHILD (DESCENDANT)	í.ì~
TommoSoTongoTongo	CHILD (DESCENDANT)	íí
ToroTegu	CHILD (DESCENDANT)	ì+r.∼+ú
YandaDom	CHILD (DESCENDANT)	è+nè
BankanTey	SON	àr.∼à+jî+m
BenTey	SON	àsùw.∼ɔ̀+jí+m
Bunoge	SON	bé.é#nòlò
DogulDomBendiely	SON	èɡù#ánà
DonnoSo	SON	àn+nà#í.ì
JamsayDouentza	SON	à+î+n
Mombo	SON	wè.è#wáláj
BonduSoNajamba	SON	èn.dè+ánè
Penange	SON	wè.è#wálá
PergeTegu	SON	ànì.í+nù
TebulUre	SON	ár.∼á+jɛ̀
TogoKan	SON	àr~á+j~
TommoSoTongoTongo	SON	àn+nà+j
ToroTegu	SON	ì+r.∼ú
YandaDom	SON	ènè+àn+íjè
YornoSo	SON	í.ì
BankanTey	DAUGHTER	jà.à+jî+m
BenTey	DAUGHTER	jà.à+jí+m
Bunoge	DAUGHTER	bé.é#jɔ̀.ɔ̀
DogulDomBendiely	DAUGHTER	èɡù#jáá
DonnoSo	DAUGHTER	jà.à+nà#í.ì
JamsayDouentza	DAUGHTER	ɲɛ̀+în
Mombo	DAUGHTER	wè.èjà.áj
BonduSoNajamba	DAUGHTER	èn.dè+jɛ̀.ɛ́
Penange	DAUGHTER	wè.è#jɔ̀.ɔ̀
PergeTegu	DAUGHTER	ɲǎj+nù
TebulUre	DAUGHTER	ɛ̀dá+jɛ́
TogoKan	DAUGHTER	ɲɛ̌+j~
TommoSoTongoTongo	DAUGHTER	ì+jǎj
YandaDom	DAUGHTER	èn+íjè
YornoSo	DAUGHTER	já.á
BenTey	OLDER BROTHER	dèré
DogulDomBendiely	OLDER BROTHER	dèlé
JamsayDouentza	OLDER BROTHER	dèré
JamsayMondoro	OLDER BROTHER	dèré
Mombo	OLDER BROTHER	dɛ́.ɛ́
TogoKan	OLDER BROTHER	dɛ̀.ɛ́.∼
YornoSo	OLDER BROTHER	délé
DogulDomBendiely	YOUNGER BROTHER	dèlé
YornoSo	YOUNGER BROTHER	súɡɔ́+nɛ́
BankanTey	SISTER	pò+jâ+m
BenTey	SISTER	pò+jà.á
DogulDomBendiely	SISTER	sáà
DogulDomKundialang	SISTER	sà.á+ŋ
DonnoSo	SISTER	sà.à
JamsayDouentza	SISTER	jɛ̀sà.á
JamsayMondoro	SISTER	jɛ̀sà.á
TebulUre	SISTER	sá
Tiranige	SISTER	bà.à
TommoSoTongoTongo	SISTER	sáá
ToroTegu	SISTER	ísú#j.∼á+r.∼ú
YandaDom	SISTER	sà.à
YornoSo	SISTER	jà+sà.á
BenTey	OLDER SISTER	pò+jǎ+m
DogulDomBendiely	OLDER SISTER	sàà
Mombo	OLDER SISTER	dárá
TogoKan	OLDER SISTER	làrà#ɡàrá
YornoSo	OLDER SISTER	dì+dà.á
DogulDomBendiely	YOUNGER SISTER	sàà
YornoSo	YOUNGER SISTER	súɡɔ́+nɛ́
JamsayGourou	BROTHER	làrá
BonduSoNajamba	BROTHER	ùbùlŋ.ɡɛ́.ɛ́
PergeTegu	BROTHER	àw.∼àsà.á
TogoKan	BROTHER	làrá
JamsayDouentza	SIBLING	dʒú.ù
PergeTegu	SIBLING	dʒú.ú
BankanTey	TWINS	zè.è+jî+m
BenTey	TWINS	dʒìjè+jí+m
Bunoge	TWINS	tàn.dàŋ.ɡè
DogulDomBendiely	TWINS	dʒìɲɛ́
DogulDomKundialang	TWINS	dʒìŋɛ́
DonnoSo	TWINS	dʒìŋɛ́
JamsayGourou	TWINS	zɛ̀ŋɛ́
JamsayDouentza	TWINS	dʒɛ̀ŋí+n
JamsayMondoro	TWINS	dʒɛ̀ŋí+n
BonduSoNajamba	TWINS	nìmɛ́.ɛ̀
Penange	TWINS	tàn.dà.àŋ.ɡè
PergeTegu	TWINS	dʒɛ̀ŋ.ɡɛ́
TebulUre	TWINS	zɛ̀ɡá
Tiranige	TWINS	númáŋ.ɡé+bè
TogoKan	TWINS	dʒɛ̀ŋɛ̀+í.í~
TommoSoTongoTongo	TWINS	dʒìŋɛ́
ToroTegu	TWINS	zɛ̀ŋá
YandaDom	TWINS	nìmɛ̀m
YornoSo	TWINS	dʒìŋɛ́
BankanTey	HUSBAND	ɔ̀ŋ.ɡɔ̀rɔ̌+m
BenTey	HUSBAND	ɔ̀ŋ.ɡɔ̀rɔ́
Bunoge	HUSBAND	bàlà
DogulDomBendiely	HUSBAND	ánà
DogulDomKundialang	HUSBAND	ánà
DonnoSo	HUSBAND	íɡɛ̀
JamsayGourou	HUSBAND	àɣá
JamsayDouentza	HUSBAND	àɣá
JamsayMondoro	HUSBAND	àɣá
Mombo	HUSBAND	wálá
BonduSoNajamba	HUSBAND	nɔ̀ɡɔ̀.ɔ́
Penange	HUSBAND	wàlà
PergeTegu	HUSBAND	ɛ̀ɡɛ́
TebulUre	HUSBAND	ɔ̀n.ɡɔ́
Tiranige	HUSBAND	bànà
TogoKan	HUSBAND	ɛ̀ɡɛ́
TommoSoTongoTongo	HUSBAND	íɡɛ́
ToroTegu	HUSBAND	ɛ̀ɡá
YandaDom	HUSBAND	nùŋɔ̀+n
YornoSo	HUSBAND	íɡɛ́
BankanTey	WIFE	jǎ+m
BenTey	WIFE	jǎ+m
Bunoge	WIFE	jɔ́
DogulDomBendiely	WIFE	jááɡù
DogulDomKundialang	WIFE	jà.á+ɡ
DonnoSo	WIFE	jà.à+ná
JamsayGourou	WIFE	ɲɛ̌+m
JamsayDouentza	WIFE	ɲɛ̌+n
Mombo	WIFE	jɔ́.ɔ̀
BonduSoNajamba	WIFE	jɛ̀.ɛ́
Penange	WIFE	jɔ̀.ɔ̀
PergeTegu	WIFE	ɲà+r.∼ú
TebulUre	WIFE	jǎ
Tiranige	WIFE	jé.é
TogoKan	WIFE	ɲɛ̌
TommoSoTongoTongo	WIFE	jàà+ná
ToroTegu	WIFE	j.∼à+r.∼ú
YandaDom	WIFE	jɛ̀
YornoSo	WIFE	jà.á+r.∼á
BankanTey	STEPFATHER	ndòsǐ+m
BenTey	STEPFATHER	bɔ̀.ɔ̀#tɛ̀.ɛ̀+m
DogulDomBendiely	STEPFATHER	súɲdʒò
DonnoSo	STEPFATHER	dè.é
JamsayDouentza	STEPFATHER	bòró
Mombo	STEPFATHER	bá.á
BonduSoNajamba	STEPFATHER	nèdʒì.í
PergeTegu	STEPFATHER	bà#tɛ̌j.∼
TogoKan	STEPFATHER	dèdé.é
TommoSoTongoTongo	STEPFATHER	bàbé
ToroTegu	STEPFATHER	bèrè+bílú
YornoSo	STEPFATHER	bá.á
BankanTey	STEPMOTHER	nàr.∼à#jàn.dòrûjàn.dòrú.ù+m
DogulDomBendiely	STEPMOTHER	ɔ́bɔ́.ɔ̀
DogulDomKundialang	STEPMOTHER	ɔ́bɔ̀
DonnoSo	STEPMOTHER	ɔ̀bí.ì
JamsayDouentza	STEPMOTHER	nà.à+lɔ̀wɔ́
Mombo	STEPMOTHER	bɔ́.ɔ́
BonduSoNajamba	STEPMOTHER	mòdʒì.í
PergeTegu	STEPMOTHER	ɛ̀ɡɛ̀+jà.à+nà.á
TebulUre	STEPMOTHER	nà#sɛ̀.ɛ́
Tiranige	STEPMOTHER	nɛ̀n.dʒɛ̀
TogoKan	STEPMOTHER	lɔ́.ɔ́
TommoSoTongoTongo	STEPMOTHER	ɔ́bɔ́
ToroTegu	STEPMOTHER	nɛ̀r.∼ɛ́
BankanTey	RELATIVES	nû+m
BenTey	RELATIVES	tɔ̌w
DonnoSo	RELATIVES	mànǎŋ
JamsayDouentza	RELATIVES	mɛ̀r.∼ɛ́
Mombo	RELATIVES	ndá
BonduSoNajamba	RELATIVES	sá.árà.à
PergeTegu	RELATIVES	tɔ̀ɡú
TebulUre	RELATIVES	bà+íjɛ́
TogoKan	RELATIVES	màr~á
TommoSoTongoTongo	RELATIVES	tɔ̀ɡú
YandaDom	RELATIVES	tɔ̀ɡù
YornoSo	RELATIVES	tɔ̀ɡú
BenTey	PARENTS	sá.árá+m
DogulDomBendiely	PARENTS	báàwɛ̀
JamsayDouentza	PARENTS	sá.árá.à
Mombo	PARENTS	sárà
TommoSoTongoTongo	PARENTS	báále#náále
ToroTegu	PARENTS	pàj+mú
BankanTey	FAMILY	úrò
BenTey	FAMILY	ùrò+dú.ú
JamsayDouentza	FAMILY	ùrò+dú.ú
BonduSoNajamba	FAMILY	nùŋ.ɡɔ́.ɔ̀
PergeTegu	FAMILY	ìrè+dú.ú
TogoKan	FAMILY	ɡìr.∼ì+dú
TommoSoTongoTongo	FAMILY	ɡì+nɛ̀#mɔ̀#dúm
TommoSoTongoTongo	FAMILY	ɡú+dɔ́
ToroTegu	FAMILY	íló
YandaDom	FAMILY	ʔə̀lò+dǒj
YornoSo	FAMILY	ɡɛ̀r.∼ɛ̀+dú.ù
DogulDomKundialang	FAMILY	ḿbù+ŋ
Mombo	FAMILY	débù
TogoKan	FAMILY	ɡìr.∼í+dú#ùr.∼ì.ì
TommoSoTongoTongo	FAMILY	bàn.dʒà#mílé
TommoSoTongoTongo	FAMILY	mò+lù+ɡí+jé
BankanTey	CLAN	bɔ̀.ɔ̀+jìtɛ̀.ɛ̀
BenTey	CLAN	bɔ̀.ɔ̀+jì+tɛ̀.ɛ̀
JamsayDouentza	CLAN	tìrɛ̀+àr.∼á
Mombo	CLAN	dèbù#ɡón.dó
PergeTegu	CLAN	bà.à+ím.bè+n
TogoKan	CLAN	tìrɛ̀#àr~á
TommoSoTongoTongo	CLAN	mòlu+ɡìjè#túmɔ́#ùlùm
ToroTegu	CLAN	bà+ìló
YornoSo	CLAN	wàɡém
DogulDomBendiely	AGE	wɛ̀.ɛ́
PergeTegu	AGE	àr.∼à+kúsú
TogoKan	AGE	àn.dí.í
TommoSoTongoTongo	AGE	ànà+ɡúdú
ToroTegu	AGE	bɔ́rúm
YandaDom	AGE	àr.∼à+ɡùzù
YornoSo	AGE	àr.∼à+ɡúdʒú
BenTey	CLUB	tù.ù+bùnùŋ.ɡòj#mɔ́.ɔ́lí.í
Bunoge	CLUB	kàbù+ŋ.ɡè
DogulDomKundialang	CLUB	mɔ́m.b+ì.ì+ɡ
DonnoSo	CLUB	mɔ́.ɔ́n.dù
JamsayDouentza	CLUB	kà+dàɣá
BonduSoNajamba	CLUB	tò.ò+búlùm
Penange	CLUB	ká.á+ɡé
PergeTegu	CLUB	kàdùɡà#mɔ́.ɔ́lú
TebulUre	CLUB	mɔ́.ɔ́n.dú+ɡɔ́
TommoSoTongoTongo	CLUB	tò+rú
ToroTegu	CLUB	bɔ́rú+m
YandaDom	CLUB	móm.bú
YornoSo	CLUB	kàdàɡà+mɔ́.ɔ́+nú
BankanTey	FRIEND	sìj.∼ɛ̌+m
BenTey	FRIEND	tìjǎ+m
DogulDomBendiely	FRIEND	nàlé
DogulDomKundialang	FRIEND	nàlé+ŋ
JamsayDouentza	FRIEND	tɛ̀.ɛ́.∼
JamsayMondoro	FRIEND	tɛ̀.ɛ́.∼
Mombo	FRIEND	nóló
BonduSoNajamba	FRIEND	nàlè+dʒú.ù
PergeTegu	FRIEND	tɛ̀.ɛ́
Tiranige	FRIEND	wàjè
TommoSoTongoTongo	FRIEND	ḿbɔ́
ToroTegu	FRIEND	árkú
YandaDom	FRIEND	làlù+ŋ
YornoSo	FRIEND	tɔ́.ɔ́.∼+r.∼ɔ́
BankanTey	NEIGHBOUR	ùrò+zéŋ.ɡú+m
BenTey	NEIGHBOUR	táw.∼j.∼á+m
Bunoge	NEIGHBOUR	tà.àɡàlɛ̀mmɛ̀
DogulDomKundialang	NEIGHBOUR	bɔ̀.ɔ́
DonnoSo	NEIGHBOUR	bɔ̀.ɔ́nɔ̀
JamsayGourou	NEIGHBOUR	tɔ́w.∼ɔ́+n
JamsayDouentza	NEIGHBOUR	tɔ́.ɔ́w.∼ɔ́+n
Mombo	NEIGHBOUR	dèbù#péŋ.ɡú
BonduSoNajamba	NEIGHBOUR	tá.ákàlɛ́mmɛ̀
Penange	NEIGHBOUR	tá.ákálɛ́mmɛ̀
PergeTegu	NEIGHBOUR	táw.∼w.∼á
TebulUre	NEIGHBOUR	zú
Tiranige	NEIGHBOUR	mì#n.dà.á
TogoKan	NEIGHBOUR	táɡádʒúŋú
TommoSoTongoTongo	NEIGHBOUR	ɡì+nɛ̀#béŋú
ToroTegu	NEIGHBOUR	bɛ́lkú+n
YandaDom	NEIGHBOUR	zú.ú
YornoSo	NEIGHBOUR	ɡɛ̀r.∼ɛ̀+bɛ́ŋ
BankanTey	JOIN	mɔ̀.ɔ̀ní
BenTey	JOIN	mɔ̀.ɔ̀lí
JamsayDouentza	JOIN	mɔ̀r.∼ɔ́
Mombo	JOIN	tɛ́m.bɛ́
TommoSoTongoTongo	JOIN	tɛ́m.bɛ́
ToroTegu	JOIN	tʃérú
BankanTey	HELP	bàrí
BenTey	HELP	bàrí
Bunoge	HELP	bánnè
DogulDomBendiely	HELP	bàrɛ́
DogulDomKundialang	HELP	bàré
DonnoSo	HELP	bàrá
JamsayGourou	HELP	bàrá
JamsayDouentza	HELP	bàrá
BonduSoNajamba	HELP	bàrè
Penange	HELP	bárɡè
PergeTegu	HELP	bàrá
TebulUre	HELP	bàrá
Tiranige	HELP	báró
TogoKan	HELP	bàrá
TommoSoTongoTongo	HELP	bàrá
ToroTegu	HELP	bàrá
YornoSo	HELP	bàrá
BankanTey	SEPARATE	páj#káŋ
BenTey	SEPARATE	káw+ɡú
Bunoge	SEPARATE	pállá+mì
DogulDomKundialang	SEPARATE	kábè
DonnoSo	SEPARATE	kábà+ɡàlà
JamsayDouentza	SEPARATE	káw+ɡá
Mombo	SEPARATE	kábáɡè
BonduSoNajamba	SEPARATE	kábí+lɛ́
Penange	SEPARATE	kábú+ɡè
PergeTegu	SEPARATE	káw+ɡá
TebulUre	SEPARATE	kábí+l+tì
TiranigeBoui	SEPARATE	káwló
TogoKan	SEPARATE	káw+ɡá
TommoSoTongoTongo	SEPARATE	kábí+lɛ́
ToroTegu	SEPARATE	sáj+ká
YandaDom	SEPARATE	kábú+lɛ́
YornoSo	SEPARATE	káwá
BankanTey	BLACKSMITH	zɛ́m.bɛ̀+m
BenTey	BLACKSMITH	dʒɛ́m.bɛ̌+m
Bunoge	BLACKSMITH	kɔ́.ɔ́nɔ̀
DogulDomBendiely	BLACKSMITH	í+rɛ̀
DogulDomKundialang	BLACKSMITH	í+rè
DonnoSo	BLACKSMITH	í+rì+nɛ̀
JamsayGourou	BLACKSMITH	zɛ́mɛ̀+n
JamsayDouentza	BLACKSMITH	dʒɛ́mɛ̀+n
JamsayMondoro	BLACKSMITH	dʒɛ́mɛ̀+n
Mombo	BLACKSMITH	dɛ́m.bɛ́
BonduSoNajamba	BLACKSMITH	dùbé
Penange	BLACKSMITH	dɛ́m.bɛ́
PergeTegu	BLACKSMITH	ɡɛ́m.bɛ̀+n
TebulUre	BLACKSMITH	zɛ́m.bɛ́
Tiranige	BLACKSMITH	dú.ú
TogoKan	BLACKSMITH	dʒɛ́mɛ́
TommoSoTongoTongo	BLACKSMITH	dʒɛ́m+mɛ̀+nɛ̀
TommoSoTongoTongo	BLACKSMITH	í+rí+nɛ́
ToroTegu	BLACKSMITH	zɛ́mà+n
YandaDom	BLACKSMITH	zèmɛ́
YornoSo	BLACKSMITH	í+rù+nɛ̀
BankanTey	SHOEMAKER	zòm.bú+m
BenTey	SHOEMAKER	dʒòm.bú+m
Bunoge	SHOEMAKER	dʒám.bù
DogulDomKundialang	SHOEMAKER	ɡɔ̀.ɔ́
DonnoSo	SHOEMAKER	dʒǎŋ
JamsayGourou	SHOEMAKER	ɡó.ò+n
JamsayDouentza	SHOEMAKER	dʒǎm
JamsayMondoro	SHOEMAKER	dʒǎm
Mombo	SHOEMAKER	ká.álò
BonduSoNajamba	SHOEMAKER	dʒàm.bé
Penange	SHOEMAKER	kà.àlò
PergeTegu	SHOEMAKER	dʒàm+nú
TebulUre	SHOEMAKER	zòmè.é
Tiranige	SHOEMAKER	jâw.∼
TogoKan	SHOEMAKER	ɡɔ́.ɔ́.∼
TommoSoTongoTongo	SHOEMAKER	dʒàm+ná
YandaDom	SHOEMAKER	zàmɛ̀
YornoSo	SHOEMAKER	dʒǎm
BankanTey	DWELL (LIVE, RESIDE)	síjé
BenTey	DWELL (LIVE, RESIDE)	sí+jé
Bunoge	DWELL (LIVE, RESIDE)	túlè
DogulDomKundialang	DWELL (LIVE, RESIDE)	tì+tíjà
JamsayDouentza	DWELL (LIVE, RESIDE)	súɡó
Mombo	DWELL (LIVE, RESIDE)	dú.úlɛ̀
BonduSoNajamba	DWELL (LIVE, RESIDE)	sùɡè
TogoKan	DWELL (LIVE, RESIDE)	súɡó
TommoSoTongoTongo	DWELL (LIVE, RESIDE)	ɡìnɛ̀#tíjɛ́
ToroTegu	DWELL (LIVE, RESIDE)	síɡó
YornoSo	DWELL (LIVE, RESIDE)	súɡó
BankanTey	HOST	ù+rò#sìjî+m
BenTey	HOST	ù+rò#sìjí.ì
Bunoge	HOST	ʔòbó+n+tà.àlù
DogulDomBendiely	HOST	tíjɛ̂
DogulDomKundialang	HOST	mbùn+tìjɛ́
DonnoSo	HOST	ɡìnɛ̀+sùɡó
JamsayGourou	HOST	ùrò#sìɡé#báŋà
JamsayDouentza	HOST	ùrò+sùɡó#bá.à~
Mombo	HOST	dú.úlú
BonduSoNajamba	HOST	òlè+súɡí+n
Penange	HOST	n.dʒà.àtíɡì
PergeTegu	HOST	ìrè+sìɡé
TebulUre	HOST	ùlù+sùɡó
Tiranige	HOST	dʒìwà+nú.ú
TommoSoTongoTongo	HOST	ɡì+nɛ̀#tí+jɛ́
ToroTegu	HOST	lòsú
YandaDom	HOST	lò.òtìjà
YornoSo	HOST	ɡɛ̀r.∼ɛ̀+sùɡó
BankanTey	LEAD (GUIDE)	dàbí
BenTey	LEAD (GUIDE)	dìm+dí
DogulDomBendiely	LEAD (GUIDE)	pɔ̀lɛ́
JamsayDouentza	LEAD (GUIDE)	dìmné
BonduSoNajamba	LEAD (GUIDE)	tɛ́rí+jɛ́
PergeTegu	LEAD (GUIDE)	dìmdɛ́
TommoSoTongoTongo	LEAD (GUIDE)	téérí+jé
ToroTegu	LEAD (GUIDE)	bàrá
YornoSo	LEAD (GUIDE)	dìmɛ́+rɛ́
BankanTey	CHIEFTAIN	ɔ̀.ɔ́
BenTey	CHIEFTAIN	ɔ̀.ɔ́
JamsayDouentza	CHIEFTAIN	ɔ̀ɣɔ́
Mombo	CHIEFTAIN	pìré.é#nkálúmá
BonduSoNajamba	CHIEFTAIN	kí.ì
PergeTegu	CHIEFTAIN	ɔ̀ɡɔ́
TogoKan	CHIEFTAIN	ɔ̀ɡɔ́
TommoSoTongoTongo	CHIEFTAIN	ɔ́ɡɔ́
ToroTegu	CHIEFTAIN	ɔ̀ɡɔ́
YornoSo	CHIEFTAIN	ɔ̀ɡɔ́
BankanTey	NOBLE	dímò+m
BenTey	NOBLE	bà.àmà+jí+m
Bunoge	NOBLE	hɔ́.ɔ́lɔ̀
DogulDomBendiely	NOBLE	dímò
DonnoSo	NOBLE	n.dè+sálà
JamsayGourou	NOBLE	ɔ̀ɣɔ̀#în
JamsayDouentza	NOBLE	ɔ̀ɣɔ̀#în
Mombo	NOBLE	dímò
BonduSoNajamba	NOBLE	nò.ò#nálà
Penange	NOBLE	hɔ́.ɔ́lɔ́
PergeTegu	NOBLE	ɔ̀ɡɔ̀+í.ì~
TebulUre	NOBLE	ɲì#dímɛ̀
Tiranige	NOBLE	ɔ̀.ɔ̀lá
TogoKan	NOBLE	hɔ́.ɔ́rɔ́.∼
TommoSoTongoTongo	NOBLE	ɔ́lɔ́+nɔ́
ToroTegu	NOBLE	bɔ̀rtʃì+ní
YandaDom	NOBLE	dímɛ̀
BankanTey	MASTER	bɔ̀ŋ.ɡɔ̌+m
BenTey	MASTER	bɔ̀ŋ.ɡɔ́
DogulDomBendiely	MASTER	nàbáŋ
DogulDomKundialang	MASTER	nàbáŋà
DonnoSo	MASTER	kú.ù#bàŋá
JamsayDouentza	MASTER	báŋà
Mombo	MASTER	bá.áŋ.ɡà
BonduSoNajamba	MASTER	dòm.bà.á
PergeTegu	MASTER	mó.ódù
TebulUre	MASTER	báŋ.ɡà
Tiranige	MASTER	ɡùnàrì
TogoKan	MASTER	bàŋá
TommoSoTongoTongo	MASTER	bàŋáá
ToroTegu	MASTER	bà.à~sá
YandaDom	MASTER	kó#bádù
YornoSo	MASTER	bàŋá.à
BankanTey	SLAVE	ɡùn.dǎ+m
BenTey	SLAVE	ɡùlɔ̌+m
Bunoge	SLAVE	kɔ́m.bɛ̀
DogulDomBendiely	SLAVE	ɡùnnó
DogulDomKundialang	SLAVE	ɡùnnɔ́
DonnoSo	SLAVE	ɡùnnɔ̀+nɔ́
JamsayGourou	SLAVE	ɡùnó+n
JamsayDouentza	SLAVE	ɡùnó+n
JamsayMondoro	SLAVE	ɡùnó+n
Mombo	SLAVE	ɡún.dà
BonduSoNajamba	SLAVE	ɡùn.dɛ́
Penange	SLAVE	ɡùn.dà
PergeTegu	SLAVE	ɡùlɔ̌+n
TebulUre	SLAVE	ɡùn.dɔ́
Tiranige	SLAVE	kɔ́mɛ́
TogoKan	SLAVE	ɡùnɔ́
TommoSoTongoTongo	SLAVE	ɡùn+nɔ̀+nɔ́
ToroTegu	SLAVE	ɡùnɔ́
YandaDom	SLAVE	ɡùnò
YornoSo	SLAVE	ɡùnɔ̀+nɛ́
BankanTey	DEFEAT	màmí
Bunoge	DEFEAT	ʔímmɛ̀
DogulDomBendiely	DEFEAT	mmìjɛ́
DogulDomKundialang	DEFEAT	míjɛ̀
DonnoSo	DEFEAT	nùm.bù+ɡùló
JamsayDouentza	DEFEAT	dʒá.álɛ́
Mombo	DEFEAT	ímjɛ́.ɛ̀
BonduSoNajamba	DEFEAT	mà.àmè
Penange	DEFEAT	úm+jɛ̀
PergeTegu	DEFEAT	dádɛ́
TebulUre	DEFEAT	zàrá
Tiranige	DEFEAT	ímí+jɔ́
TogoKan	DEFEAT	ɡɔ̀r.∼ɔ́
TommoSoTongoTongo	DEFEAT	ɛ́mmɛ́
YandaDom	DEFEAT	nàŋá+lì
YornoSo	DEFEAT	ɡɔ̀r.∼ɔ́
BenTey	COMMAND	lá.ámɛ́
Bunoge	COMMAND	là.àmú#kánì
DogulDomKundialang	COMMAND	mâr#kánè
DonnoSo	COMMAND	lá.ámù#kánà
Mombo	COMMAND	màrà#kání
BonduSoNajamba	COMMAND	lá.ámɛ́
Penange	COMMAND	lá.àm#kán
PergeTegu	COMMAND	lá.ámɛ́
TogoKan	COMMAND	lá.ámì
TommoSoTongoTongo	COMMAND	láámá
ToroTegu	COMMAND	ɔ́ɡɔ́
YandaDom	COMMAND	lá.ámɛ́
BankanTey	RELIGION	dí.ínà
BenTey	RELIGION	dí.ínà
Bunoge	RELIGION	dí.ínà
DogulDomBendiely	RELIGION	díínɛ̀
DogulDomKundialang	RELIGION	dí.ínɛ̀+ŋ
DonnoSo	RELIGION	dí.ínɛ̀
JamsayDouentza	RELIGION	dí.ínè
Mombo	RELIGION	dí.ínà
BonduSoNajamba	RELIGION	dí.ínà
Penange	RELIGION	dí.ínà
PergeTegu	RELIGION	dí.ínà
TebulUre	RELIGION	dí.ínè
Tiranige	RELIGION	dì.ìná
TogoKan	RELIGION	sá~
TommoSoTongoTongo	RELIGION	dí+nɛ̀
TommoSoTongoTongo	RELIGION	sɛ́+nú#dì+nɛ̀
ToroTegu	RELIGION	dí.ínà
YandaDom	RELIGION	dí.ínɛ̀
YornoSo	RELIGION	dí.ínɛ̀
BankanTey	PRAY	dʒíŋ.ɡárú#káŋ
BenTey	PRAY	sálù#sálá
Bunoge	PRAY	sɛ̀nì#kánì
DogulDomBendiely	PRAY	sɛ́.ɛ̀n#sɛ̀nɛ́
DogulDomKundialang	PRAY	sɛ́nɛ̀
DonnoSo	PRAY	sɛ́nù#sɛ́nɛ̀
JamsayGourou	PRAY	sálù#sálá
JamsayDouentza	PRAY	sâl#sálá
Mombo	PRAY	sàn.dì#sán.dé
BonduSoNajamba	PRAY	sân#sán
Penange	PRAY	sɛ́n.dí#kán
PergeTegu	PRAY	sâl#sálá
TebulUre	PRAY	sán#sár.∼á
Tiranige	PRAY	sà.àní#kánú
TogoKan	PRAY	sá~#sár.∼á
TommoSoTongoTongo	PRAY	sɛ́nú#sɛ́nɛ́
ToroTegu	PRAY	kár.∼á
YandaDom	PRAY	sán#sán
YornoSo	PRAY	sɛ̂n#sɛ́r.∼ɛ́
BenTey	PRAY	sálá
DogulDomBendiely	PRAY	sɛ̀nɛ́
DogulDomKundialang	PRAY	sɛ́nɛ̀
DonnoSo	PRAY	sɛ́nɛ̀
JamsayGourou	PRAY	sálá
JamsayDouentza	PRAY	sálá
Mombo	PRAY	sán.dé
BonduSoNajamba	PRAY	sán
PergeTegu	PRAY	sálá
TebulUre	PRAY	sár.∼á
TogoKan	PRAY	sár.∼á
TommoSoTongoTongo	PRAY	sɛ́nɛ́
YandaDom	PRAY	sán
YornoSo	PRAY	sɛ́r.∼ɛ́
BankanTey	WORSHIP	dìm.bí.í
BenTey	WORSHIP	dìm.bì+jí
DogulDomBendiely	WORSHIP	dìm.bì+jɛ́
DonnoSo	WORSHIP	dìm.b+ɛ́.ɛ́
JamsayDouentza	WORSHIP	dìɡɛ́
Mombo	WORSHIP	díŋ.ɡjɛ́.ɛ̀
BonduSoNajamba	WORSHIP	dìm.bí+jɛ́
PergeTegu	WORSHIP	dìm.bì+jé
TogoKan	WORSHIP	àmá#dìm+í.ì
TommoSoTongoTongo	WORSHIP	ám.bá#dìm.bí+jɛ́
ToroTegu	WORSHIP	dìɡá
YornoSo	WORSHIP	ámà#dìm+ɛ́.ɛ́
BankanTey	PREACH	wá.ádʒò#káŋ
BenTey	PREACH	wá.ádʒɛ̀#wá.ádʒɛ́
Bunoge	PREACH	wà.àdʒù#kánì
DogulDomBendiely	PREACH	wádʒè#kànɛ́
DogulDomKundialang	PREACH	wá.àdʒ#kánè
DonnoSo	PREACH	wá.ádʒù#kánà
JamsayGourou	PREACH	tír.∼íw.∼ɛ́
JamsayDouentza	PREACH	wá.ádʒù#wá.ádʒɛ́
BonduSoNajamba	PREACH	wá.ádʒù#wá.ádʒɛ́
Penange	PREACH	wá.ádʒí#kán
PergeTegu	PREACH	wá.ádʒɛ̀#wá.ádʒɛ́
TebulUre	PREACH	wá.ádʒɛ́#wá.ádʒɛ́
Tiranige	PREACH	wà.àdʒí#kánú
TogoKan	PREACH	wá.ádʒú#wá.ádʒù
TommoSoTongoTongo	PREACH	wáàdʒù#káná
ToroTegu	PREACH	kár.∼á
YornoSo	PREACH	wá.ádʒù#kúnɔ́
BankanTey	GOD	zɛ́zɛ̂
BenTey	GOD	dʒǐŋdʒɛ̀
Bunoge	GOD	ʔàmànàŋ.ɡà
DogulDomBendiely	GOD	ám.bá
DogulDomKundialang	GOD	ám.bà
DonnoSo	GOD	àm.bá
JamsayGourou	GOD	ámà
JamsayDouentza	GOD	ámà
JamsayMondoro	GOD	ámà
Mombo	GOD	ámánà
BonduSoNajamba	GOD	dʒěn.dʒà
Penange	GOD	àmànà
PergeTegu	GOD	ámà
TebulUre	GOD	ám.bá
Tiranige	GOD	á.á
TogoKan	GOD	àmá
TommoSoTongoTongo	GOD	ám.bá
ToroTegu	GOD	dìsì+ná.á
YandaDom	GOD	àm.bà
YornoSo	GOD	ámà
BankanTey	DEMON	sèjtá.ánì+m
BenTey	DEMON	sèjtá.ánù+m
DogulDomBendiely	DEMON	séétàn
DonnoSo	DEMON	sè.èdá.ánɛ̀
JamsayDouentza	DEMON	séjdá.àn
Mombo	DEMON	sétánè
BonduSoNajamba	DEMON	sèjɗá.ánì
PergeTegu	DEMON	séjtá.àn
TebulUre	DEMON	séttá.à
TogoKan	DEMON	sítá.ánú
TommoSoTongoTongo	DEMON	dʒínú
ToroTegu	DEMON	sèjtá.ánì
YandaDom	DEMON	sètá.ánù
YornoSo	DEMON	sètá.àn
BankanTey	HEAVEN	àldʒɛ́nnà
BenTey	HEAVEN	àrdʒɛ́nnɛ̀
Bunoge	HEAVEN	ʔàldʒɛ̀nnɛ́
DogulDomBendiely	HEAVEN	àlàdʒénné
DogulDomKundialang	HEAVEN	àldʒɛ́nnɛ̀
DonnoSo	HEAVEN	àrùkɛ́nnɛ̀
JamsayDouentza	HEAVEN	àrdʒɛ́nɛ̀
Mombo	HEAVEN	àlìɡènné
BonduSoNajamba	HEAVEN	àlɡénnà
Penange	HEAVEN	àldʒɛ́nnɛ̀
PergeTegu	HEAVEN	àrɡínɛ̀
TebulUre	HEAVEN	àldʒɛ́nɛ̀
Tiranige	HEAVEN	àldʒɛ́nɛ̀
TogoKan	HEAVEN	àrùdʒɛ́nɛ́
TommoSoTongoTongo	HEAVEN	àlìdʒɛ́n+nɛ́
ToroTegu	HEAVEN	àldʒɛ̌mnà
YandaDom	HEAVEN	àlɡɛ́nɛ̀
YornoSo	HEAVEN	àrùdʒɛ́nɛ̀
BankanTey	HELL	ɡò.ò
BenTey	HELL	ɡò.ò
Bunoge	HELL	ɡénì
DogulDomBendiely	HELL	ɡóɡó
DogulDomKundialang	HELL	ɡòɡó
DonnoSo	HELL	ɲǎŋ
JamsayDouentza	HELL	núw.∼ó
Mombo	HELL	ɡénì
BonduSoNajamba	HELL	ɡólò
Penange	HELL	ɡènì
PergeTegu	HELL	núw.∼ó
TebulUre	HELL	ɡò.ó
Tiranige	HELL	dʒé.é
TogoKan	HELL	ɲɛ̀.ɛ̀+ɡìr.∼í
TommoSoTongoTongo	HELL	ɲǎm
ToroTegu	HELL	dʒà.ánnámà
YandaDom	HELL	ɡòlò
YornoSo	HELL	dʒà~hánnàmà
BankanTey	WORLD	ádúná
BenTey	WORLD	ádúnɔ́
Bunoge	WORLD	ʔàrnà
DogulDomBendiely	WORLD	dúnìjà
DogulDomKundialang	WORLD	dúnìjà
DonnoSo	WORLD	àdúnɔ̀
JamsayDouentza	WORLD	ɛ́.ɛ́rú
JamsayMondoro	WORLD	ɛ́.ɛ́rú
Mombo	WORLD	àrùná
BonduSoNajamba	WORLD	ádúná
Penange	WORLD	àrnà
PergeTegu	WORLD	ɛ́.ɛ́rú
TebulUre	WORLD	àdúnó
Tiranige	WORLD	àdùná
TogoKan	WORLD	àdúr.∼ú
TommoSoTongoTongo	WORLD	à+dúníjáá
TommoSoTongoTongo	WORLD	dúníjáá#ɡì+nɛ̀
ToroTegu	WORLD	àdùná.ár.∼ù
YandaDom	WORLD	àdúɲá
YornoSo	WORLD	àn+dúr.∼ɔ́
BankanTey	MAGIC	bídá.àw
BenTey	MAGIC	sírdì
DogulDomBendiely	MAGIC	dùɡó
DogulDomKundialang	MAGIC	dɔ̂b
DonnoSo	MAGIC	án.dàl
JamsayDouentza	MAGIC	bídíɡà
Mombo	MAGIC	ɡìnèmòrì#kání
BonduSoNajamba	MAGIC	àlbítɛ̀
PergeTegu	MAGIC	bídíɡɛ̀
TebulUre	MAGIC	bídíɡá
TogoKan	MAGIC	bílíɡá
TommoSoTongoTongo	MAGIC	dábí+lé
ToroTegu	MAGIC	mílà
YandaDom	MAGIC	bírɡà
YornoSo	MAGIC	sírìdì
BenTey	MAGICIAN	sìrdì+kǎ~+m
DogulDomBendiely	MAGICIAN	dùɡódùɡ
DogulDomKundialang	MAGICIAN	dɔ̀b+dɔ̌b
DonnoSo	MAGICIAN	bìrìɡà+kán+nɛ̀
JamsayDouentza	MAGICIAN	bìdìɡà+bídíɡɛ́+n
Mombo	MAGICIAN	ɡínémórí
BonduSoNajamba	MAGICIAN	sìrrì+kàné
PergeTegu	MAGICIAN	bìdìɡɛ̀+kár.∼á+n
TebulUre	MAGICIAN	bìdìɡà+bìdìɡé
TogoKan	MAGICIAN	bìlìɡà+bílíɡɛ́
TommoSoTongoTongo	MAGICIAN	bìdɛ̀#kání+nɛ́
ToroTegu	MAGICIAN	mìlà+ká+nú
YandaDom	MAGICIAN	bìrɡà+bìrɡù+ɡɛ́
YornoSo	MAGICIAN	ɡìnà.àmórù
BankanTey	CAST	kúwó
BenTey	CAST	dùwó
Bunoge	CAST	kònù#kánì
DonnoSo	CAST	dúɡ+è
JamsayDouentza	CAST	dùɡó
Mombo	CAST	kólómì
BonduSoNajamba	CAST	dùɡè
Penange	CAST	kólómì
PergeTegu	CAST	dùɡó
TebulUre	CAST	dùɡó
Tiranige	CAST	kó.óní#ɡó.óɡó+mú
TogoKan	CAST	dùɡó
TommoSoTongoTongo	CAST	tújó
ToroTegu	CAST	dùɡó
YandaDom	CAST	dùɡó
YornoSo	CAST	dùɡó
BankanTey	IDOL	tówrù
BenTey	IDOL	tó.órù
Bunoge	IDOL	tó.órù
DogulDomKundialang	IDOL	tó.òr
DonnoSo	IDOL	bìnú
JamsayGourou	IDOL	tó.órò
JamsayDouentza	IDOL	tó.órù
BonduSoNajamba	IDOL	mɔ̀mɛ́
Penange	IDOL	tówrù
PergeTegu	IDOL	tó.órù
TebulUre	IDOL	zòn.dʒé
TiranigeBoui	IDOL	tò.òrí
TogoKan	IDOL	tó.óró
TommoSoTongoTongo	IDOL	tóó+rù
TommoSoTongoTongo	IDOL	bí+nú
ToroTegu	IDOL	tó.órù
YandaDom	IDOL	ɔ̀m.bɔ̀lɔ̀
YornoSo	IDOL	ɔ̀mɔ̀lɔ́
BankanTey	STATUE	dè.è+dé.è+m
BenTey	STATUE	dì+dé.è
Bunoge	STATUE	dèɡé+dèɡè
DogulDomKundialang	STATUE	dèɡdéɡò.ò
DonnoSo	STATUE	déɡè
JamsayGourou	STATUE	dì+déɡè
JamsayDouentza	STATUE	dì+déɡè
JamsayMondoro	STATUE	dì+déɡè
Mombo	STATUE	dèɡè+déɡé
BonduSoNajamba	STATUE	dè.érè
Penange	STATUE	dèɡè+dèɡè
PergeTegu	STATUE	dè+déɡè
TebulUre	STATUE	déɡé
Tiranige	STATUE	dé.érè
TogoKan	STATUE	tó.óró
TommoSoTongoTongo	STATUE	dèdé+ɡé
ToroTegu	STATUE	là.àwá
YandaDom	STATUE	dèɡé
YornoSo	STATUE	déɡè
BenTey	SACRIFICE	sádíɡà
DogulDomBendiely	SACRIFICE	sàráɡá
DogulDomKundialang	SACRIFICE	sàlàm.bɔ́
JamsayDouentza	SACRIFICE	sádákà
Mombo	SACRIFICE	sáráɡà
Tiranige	SACRIFICE	sálámpɔ́
TogoKan	SACRIFICE	sàrúɡá
TommoSoTongoTongo	SACRIFICE	sàlà+m+bɔ́
ToroTegu	SACRIFICE	sádákà
YandaDom	SACRIFICE	sàlàm.bɔ́
BankanTey	MARRY	séré
BenTey	MARRY	dʒɛ̌
Bunoge	MARRY	kéldè
DogulDomKundialang	MARRY	ɛ́jjɛ̀
DonnoSo	MARRY	dʒɛ́+ɛ̀
JamsayGourou	MARRY	zɛ́.ɛ́
JamsayDouentza	MARRY	dʒɛ̀.ɛ́
JamsayMondoro	MARRY	dʒɛ̀.ɛ́
Mombo	MARRY	jɔ́.ɔ̀#kéddè
BonduSoNajamba	MARRY	dʒɛ́
Penange	MARRY	kéldè
PergeTegu	MARRY	dʒɛ́.ɛ́
TebulUre	MARRY	zɛ̌
Tiranige	MARRY	tálá+mú
TogoKan	MARRY	ɲàŋá
TommoSoTongoTongo	MARRY	jàà+ná#dʒɛ̀
ToroTegu	MARRY	dàɡá
YandaDom	MARRY	zìjɛ́
YornoSo	MARRY	dʒɛ̀.ɛ́
BankanTey	PLAY	tʃɛ̀mìr.∼ɛ́#tʃɛ́mír.∼í
BenTey	PLAY	tʃɛ̀mnɛ́#tʃɛ́mnɛ́
Bunoge	PLAY	mɛ̀rɛ̀ɡè#mérálè
DogulDomBendiely	PLAY	kɛ́l#kɛ̀n.dɛ́
DogulDomKundialang	PLAY	kɛ̌l#kɛ́.ɛ́n.dɛ̀
DonnoSo	PLAY	kèdè+kédè#kédè
JamsayGourou	PLAY	kɛ̀r.∼ìw.∼ɛ́#kɛ́r.∼íw.∼ɛ́
JamsayDouentza	PLAY	tʃɛ̀r.∼ɛ̀w.∼ɛ́#tʃɛ́r.∼ɛ́w.∼ɛ́
JamsayMondoro	PLAY	tʃɛ̀r.∼ɛ̀w.∼ɛ́#tʃɛ́r.∼ɛ́w.∼ɛ́
BonduSoNajamba	PLAY	kèlà+m.bó#kélá+m
Penange	PLAY	mɛ̀rɔ̀#mɛ́rɛ́
PergeTegu	PLAY	kɛ̀mnɛ́#kɛ́mnɛ́
TebulUre	PLAY	tʃɛ̀mnɛ́#tʃɛ́mn+é.é
Tiranige	PLAY	nàdʒì#nádʒó
TogoKan	PLAY	kɛ̀rɛ́#kɛ́n+ì.ì
TommoSoTongoTongo	PLAY	kílɛ́mɔ́
YandaDom	PLAY	tʃɛ̀mnà#tʃɛ́mnɛ́
YornoSo	PLAY	jɔ́ɡɔ̀rɔ̀#jɔ̀ɡɔ́rɔ́
Mombo	SLING	mànà#ìnì#tàjí
TommoSoTongoTongo	SLING	mànà#sàdàà#tǎj
ToroTegu	SLING	tùwò#dá.á~sɛ̌j
BankanTey	DANCE	dʒé
BenTey	DANCE	dʒìjé
Bunoge	DANCE	jɔ́bɛ̀
DogulDomBendiely	DANCE	ɡìjé
DogulDomKundialang	DANCE	ɡìjé
DonnoSo	DANCE	ɡɔ́+ɛ̀
JamsayGourou	DANCE	ɡɔ̀.ɔ́
JamsayDouentza	DANCE	ɡɔ̀.ɔ́
JamsayMondoro	DANCE	ɡɔ̀.ɔ́
Mombo	DANCE	jɛ́bɛ́
BonduSoNajamba	DANCE	ɡìjè
Penange	DANCE	jɛ́bɛ́
PergeTegu	DANCE	ɡɔ̀.ɔ́
TebulUre	DANCE	dʒě
Tiranige	DANCE	jɛ́wɔ́
TogoKan	DANCE	ɡɔ̀.ɔ́
TommoSoTongoTongo	DANCE	ɡɔ́.ɔ́#ɡɔ̀.ɔ́
ToroTegu	DANCE	dʒɛ́
YandaDom	DANCE	dʒé
YornoSo	DANCE	ɡɔ̀.ɔ́
BankanTey	SING	nùmá
BenTey	SING	nùw.∼ɔ́
Bunoge	SING	núŋɛ̀
DogulDomBendiely	SING	nùŋɛ́
DogulDomKundialang	SING	nùŋɛ́
DonnoSo	SING	núŋ+è
JamsayGourou	SING	núŋó
JamsayDouentza	SING	nùŋó
JamsayMondoro	SING	nùŋó
Mombo	SING	nwɛ́.ɛ́
BonduSoNajamba	SING	ŋwànè
Penange	SING	nwɛ́.ɛ́
PergeTegu	SING	núŋ.ɡɔ́
TebulUre	SING	nùŋú
Tiranige	SING	nɔ́.ɔ́
TogoKan	SING	núŋɔ́
TommoSoTongoTongo	SING	nújɔ́
ToroTegu	SING	nùŋɔ́
YandaDom	SING	nùŋɔ́
YornoSo	SING	nɛ̀.ɛ́
BankanTey	STRIKE OR BEAT	bàr.∼á
BenTey	STRIKE OR BEAT	bàr.∼á
Bunoge	STRIKE OR BEAT	bálè
DogulDomKundialang	STRIKE OR BEAT	bàné
DonnoSo	STRIKE OR BEAT	bà.á
JamsayGourou	STRIKE OR BEAT	bàr.∼á
JamsayDouentza	STRIKE OR BEAT	bàr.∼á
Mombo	STRIKE OR BEAT	bálé
BonduSoNajamba	STRIKE OR BEAT	bànè
Penange	STRIKE OR BEAT	bálé
PergeTegu	STRIKE OR BEAT	bàr.∼á
TebulUre	STRIKE OR BEAT	bàr.∼á
Tiranige	STRIKE OR BEAT	bámú
TogoKan	STRIKE OR BEAT	bàr.∼á
TommoSoTongoTongo	STRIKE OR BEAT	bàá
ToroTegu	STRIKE OR BEAT	bàrá
YornoSo	STRIKE OR BEAT	bà.á
BankanTey	FIGHT	zàjá
BenTey	FIGHT	dʒàjá
Bunoge	FIGHT	ɲɔ́ŋɛ̀
DogulDomKundialang	FIGHT	dʒà.àl+jé
DonnoSo	FIGHT	dʒàɡùl+ɛ́.ɛ́
JamsayGourou	FIGHT	zàjá
JamsayDouentza	FIGHT	dʒɛ̀jɛ́
JamsayMondoro	FIGHT	dʒɛ̀jɛ́
Mombo	FIGHT	dʒáw.∼j.∼è
BonduSoNajamba	FIGHT	dʒà.àŋì+jè
Penange	FIGHT	dʒáj.∼
PergeTegu	FIGHT	dʒàjá
TebulUre	FIGHT	zèdʒí
Tiranige	FIGHT	jáŋí+jó
TogoKan	FIGHT	dʒàj+í.ì
TommoSoTongoTongo	FIGHT	dʒàwí+jɛ́
ToroTegu	FIGHT	zɔ̀ŋɔ́
YandaDom	FIGHT	zá.áníj.∼ɛ́
YornoSo	FIGHT	dʒàj+ɛ́.ɛ́
JamsayDouentza	ATTACK	nùmó
PergeTegu	ATTACK	nùm.bɔ́
TogoKan	ATTACK	kóró
TommoSoTongoTongo	ATTACK	kúú#nɛ#súɡó
YandaDom	ATTACK	pílé
YornoSo	ATTACK	nùmɔ́
BankanTey	SOLDIER	sòldá.ásì+m
BenTey	SOLDIER	kɔ̀m.bɔ̀+tǎ+m
DogulDomBendiely	SOLDIER	ɡùsùɡù#kɔ́mmɔ̀
JamsayDouentza	SOLDIER	sóddá.ásì
Mombo	SOLDIER	sɔ́dádʒɛ̀
BonduSoNajamba	SOLDIER	sòldá.ásì
PergeTegu	SOLDIER	sódá.ásù
TogoKan	SOLDIER	sɔ́dá.ádʒú
TommoSoTongoTongo	SOLDIER	sódàdù
ToroTegu	SOLDIER	ɡòbù+ì+r.∼ú
YandaDom	SOLDIER	sɔ́dʒà
YornoSo	SOLDIER	sɔ́dà.àdʒù
BankanTey	ARMY	lármɛ̀
BenTey	ARMY	sèdà.àsú
DogulDomBendiely	ARMY	sórààs
JamsayDouentza	ARMY	lármɛ́
Mombo	ARMY	ármé.è
PergeTegu	ARMY	sódá.ásù
TogoKan	ARMY	sɔ́dá.ádʒú
TommoSoTongoTongo	ARMY	àn+sáárá#kɔ̀m.bɔ̀#à+nà+m
ToroTegu	ARMY	sárú.úsù
YornoSo	ARMY	lármè
BankanTey	ENEMY	íbéré+m
BenTey	ENEMY	ɡáɲɛ̀+m
Bunoge	ENEMY	kɔ́n.dɛ̀
DogulDomBendiely	ENEMY	ɡááɲò
DonnoSo	ENEMY	èlé
JamsayDouentza	ENEMY	bà.à+í.ì~
Mombo	ENEMY	ɛ́là
BonduSoNajamba	ENEMY	àn.dàmɛ́.ɛ̀
Penange	ENEMY	kɔ̀n.dɛ̀
PergeTegu	ENEMY	ɡáɲɛ̀
TogoKan	ENEMY	tɛ̀ɡɛ̀+ɡí~
TommoSoTongoTongo	ENEMY	kɔ́nní+nɛ́
ToroTegu	ENEMY	ɡáɲà
YandaDom	ENEMY	mbò+sùwà
YornoSo	ENEMY	kɔ́nú+nɛ́
BankanTey	THREATEN	ú.úrí
BenTey	THREATEN	ú.ú+rú
JamsayDouentza	THREATEN	lírí+wɛ́
Mombo	THREATEN	níwán.dè
BonduSoNajamba	THREATEN	ìbì+rà+n.dè
PergeTegu	THREATEN	líwrɛ́
TogoKan	THREATEN	lí.írɛ́+m
TommoSoTongoTongo	THREATEN	ɡùbó
ToroTegu	THREATEN	lém+ká
YandaDom	THREATEN	íb+dɛ́
YornoSo	THREATEN	lí.í+rɛ́+mɔ́
Mombo	SPEAR	sábí
TogoKan	SPEAR	sárú
TommoSoTongoTongo	SPEAR	wàrà#sǎj
ToroTegu	SPEAR	sàrù#dàmɡálá
BenTey	SWORD	ká.áfâj
Bunoge	SWORD	pá.álò
DogulDomBendiely	SWORD	pòlòɡò#káábà
DonnoSo	SWORD	pòlù#ká.ábà
JamsayGourou	SWORD	sìrù+kápâj
JamsayDouentza	SWORD	ká.ápâj
Mombo	SWORD	tàlà.àm.bàdʒá
BonduSoNajamba	SWORD	ká.áfà.à
Penange	SWORD	ká.áfà
PergeTegu	SWORD	ká.ápâj
TebulUre	SWORD	pòl+ká.ábá
Tiranige	SWORD	tànàpá.álè
TommoSoTongoTongo	SWORD	pò+lù#ɡàŋ+ɡú
TommoSoTongoTongo	SWORD	pò+lù#pálá
ToroTegu	SWORD	pèrù+àrá
YornoSo	SWORD	sìlàm+mùrú
BankanTey	BOW	tów
BenTey	BOW	mùn.dʒù+tó.ò
Bunoge	BOW	tâw
JamsayGourou	BOW	tɔ́j.∼
JamsayDouentza	BOW	tɔ́j.∼
JamsayMondoro	BOW	tɔ́j.∼
Penange	BOW	tɔ́.ɔ́
PergeTegu	BOW	kúsú
TogoKan	BOW	kɔ̀mɔ̀+kɛ̌.∼
TommoSoTongoTongo	BOW	tóó
ToroTegu	BOW	téj.∼
YandaDom	BOW	kɔ̀m.bɔ̀+tʃɛ̀m
YornoSo	BOW	tó.ò
BankanTey	ARROW	tòw+tʃɛ̌m
BenTey	ARROW	mùn.dʒù+tʃɛ̀m+jí.ì
Bunoge	ARROW	táw+sè
DonnoSo	ARROW	kè.è~+í.ì
JamsayGourou	ARROW	kɛ̌m
JamsayDouentza	ARROW	tʃɛ̌m
JamsayMondoro	ARROW	tɔ̀j.∼+tʃɛ̌m
Mombo	ARROW	tɔ́.ɔ́.∼#wé.é
BonduSoNajamba	ARROW	kɛ̀mɛ́
Penange	ARROW	tɔ́.ɔ́+sé.è
PergeTegu	ARROW	kɛ̌m
TebulUre	ARROW	tó.ó
TogoKan	ARROW	kɔ̀mɔ̀+kɛ̀.∼+í.í~
TommoSoTongoTongo	ARROW	tòò#kɛ̌m
TommoSoTongoTongo	ARROW	tòò#tà+n+nàà+j
ToroTegu	ARROW	tèj.∼+ì+r.∼ú
YandaDom	ARROW	tɛ́ŋ
YornoSo	ARROW	kɛ́m
Mombo	LATCH	nè.èn.dé
BonduSoNajamba	LATCH	áfà.àrù
BankanTey	SHOOT	tá
BenTey	SHOOT	ín.dʒírí
DogulDomKundialang	SHOOT	táj+jè
DonnoSo	SHOOT	tájj+ɛ̀.ɛ̀
JamsayDouentza	SHOOT	ú.úr.∼ó
Mombo	SHOOT	ló.ón.dè#ɡwé.é
BonduSoNajamba	SHOOT	bɛ̀lí+jɛ́
PergeTegu	SHOOT	táŋ.ɡá
TebulUre	SHOOT	pé.é
TogoKan	SHOOT	sálá
TogoKan	SHOOT	kɔ́.ɔ́.∼
TommoSoTongoTongo	SHOOT	úŋ.ɡúló
ToroTegu	SHOOT	ɛ́rá
YandaDom	SHOOT	tóŋɔ́
YornoSo	SHOOT	táŋá
JamsayDouentza	WEAPONS	lárvêl
Mombo	WEAPONS	kɔ̀m.bɔ̀#ɡóléɡè
TogoKan	WEAPONS	kɔ̀mɔ̀+ɡɛ́r.∼í.í
TommoSoTongoTongo	WEAPONS	màlfà#kɔ̀m.bɔ̀#tǎ+j
YornoSo	WEAPONS	kɔ̀mɔ̀+ɡɛ́n
BankanTey	FINE (PENALTY)	dʒúkkɔ́.ɔ́rɛ̀
BenTey	FINE (PENALTY)	dʒúkká.árɛ̀
Bunoge	FINE (PENALTY)	dʒùkkí
DogulDomKundialang	FINE (PENALTY)	dʒûk
DonnoSo	FINE (PENALTY)	dʒúɡù
JamsayDouentza	FINE (PENALTY)	dʒúkká.árɛ̀
Mombo	FINE (PENALTY)	dʒúɡú
BonduSoNajamba	FINE (PENALTY)	dʒúkkù+ŋ.ɡò
Penange	FINE (PENALTY)	dʒúkkì
PergeTegu	FINE (PENALTY)	dʒúkká.árɛ̀
TebulUre	FINE (PENALTY)	pùrà.á
TogoKan	FINE (PENALTY)	ɲì.ìr.∼í
TommoSoTongoTongo	FINE (PENALTY)	dʒúkɔ́
TommoSoTongoTongo	FINE (PENALTY)	dʒàŋ+ɡú
ToroTegu	FINE (PENALTY)	dʒúkkɔ́.ɔ́rɛ̀
YandaDom	FINE (PENALTY)	ʔə̀ɲìn
YornoSo	FINE (PENALTY)	dʒúɡú
BankanTey	STEAL	ɡùró
BenTey	STEAL	ɡùró
Bunoge	STEAL	kámɡà#kánì
DogulDomBendiely	STEAL	ɡùɲé
DogulDomKundialang	STEAL	ɡùɲɲé
DonnoSo	STEAL	ɡé~+è~
JamsayDouentza	STEAL	ɡùj.∼ó
Mombo	STEAL	ɡjé.é
BonduSoNajamba	STEAL	dʒàmílɛ́
Penange	STEAL	ɡújé
PergeTegu	STEAL	ɡùj.∼ó
TebulUre	STEAL	ɡùɲó
Tiranige	STEAL	kámú
TogoKan	STEAL	ɡì.í~
TommoSoTongoTongo	STEAL	ɡùj.∼ɔ́
ToroTegu	STEAL	ɡùj.∼ó
YandaDom	STEAL	zámnɛ́
YornoSo	STEAL	ɡǔj.∼
BankanTey	THIEF	ɡùrǔ+m
BenTey	THIEF	ɡùrú+m
Bunoge	THIEF	kámɡá+n.dè
DogulDomBendiely	THIEF	ɡúɲù
DogulDomKundialang	THIEF	ɡùɲɲò+ɡùɲɲú
DonnoSo	THIEF	ɡè.è~+ɡé.é+nɛ̀
JamsayGourou	THIEF	ɡù+ɡùj.∼ú+n
JamsayDouentza	THIEF	ɡù+ɡùj.∼í+n
JamsayMondoro	THIEF	ɡù+ɡùj.∼í+n
Mombo	THIEF	ɡí.íŋ.ɡà
BonduSoNajamba	THIEF	dʒàmálà
Penange	THIEF	ɡùj.∼
TebulUre	THIEF	ɡùɲé
Tiranige	THIEF	ká.áŋ.ɡá
TogoKan	THIEF	ɡì.ì~+ɡí.í~
TommoSoTongoTongo	THIEF	nù+mɔ̀#tábí+nɛ́
TommoSoTongoTongo	THIEF	ɡùj.∼ɔ̀#ɡuj.∼í+nɛ́
TommoSoTongoTongo	THIEF	wò#mɔ̀+lɛ̀#dʒéɲɲí+nɛ́
TommoSoTongoTongo	THIEF	kɛ́bɛ́dɛ́+dɛ̀
ToroTegu	THIEF	ɡùj.∼+nú
YandaDom	THIEF	zàmnà+zàmnù
YornoSo	THIEF	ɡù+ɡǔj.∼+nɛ́
BenTey	PROSTITUTE	bìná.á+m
Mombo	PROSTITUTE	dò.ò#jɔ́.ɔ̀
TommoSoTongoTongo	PROSTITUTE	ndɛ̀#déɲdʒí#kà+nà
ToroTegu	PROSTITUTE	kɛ̀nɛ̀+kɛ́nú+r.∼ú
YandaDom	PROSTITUTE	dɛ̀mè+ná.á
BankanTey	BETRAY	zàm.bá#káŋ
BenTey	BETRAY	dʒàm.bá#dʒàm.bí
Bunoge	BETRAY	dʒám.bà#kánì
DogulDomKundialang	BETRAY	dʒàm.bá#dʒàm.bé
DonnoSo	BETRAY	dʒàm.bá#kánà
JamsayGourou	BETRAY	àzàmá#zàmá
JamsayDouentza	BETRAY	dʒàmá#dʒàmá
JamsayMondoro	BETRAY	dʒàmá#dʒàmá
BonduSoNajamba	BETRAY	dʒám.bɛ́
Penange	BETRAY	dʒàm.bà#kání
PergeTegu	BETRAY	dʒàm.bá#dʒàm.bá
Tiranige	BETRAY	jám.bá#kánú
TogoKan	BETRAY	dʒàmú#dʒàmá
TommoSoTongoTongo	BETRAY	dʒàm.bá#káná
YandaDom	BETRAY	zàmà#zàmú
YornoSo	BETRAY	dʒàmá#dʒàmá
BankanTey	BETRAY	hí.ílà#káŋ
BenTey	BETRAY	hí.ílɛ́
DonnoSo	BETRAY	dɔ́b+ɛ̀
JamsayDouentza	BETRAY	hí.ílɛ́
Mombo	BETRAY	nám.bárà#kání
BonduSoNajamba	BETRAY	hí.ílɛ́
PergeTegu	BETRAY	hí.ílɛ́
TebulUre	BETRAY	hí.ílɛ́
TogoKan	BETRAY	hí.ílɛ́+m
TommoSoTongoTongo	BETRAY	dʒàm.bá#káná
ToroTegu	BETRAY	kár.∼á
YandaDom	BETRAY	hí.ílɛ́
YornoSo	BETRAY	dʒàmá
BankanTey	LAW	sàríjà
BenTey	LAW	sàríjà
JamsayGourou	LAW	sàríjà
Mombo	LAW	hákè
TommoSoTongoTongo	LAW	dùrùwá
ToroTegu	LAW	ósú
YornoSo	LAW	ódʒú
BankanTey	JUDGE	sàrìjà+kɛ̀sǔ+m
BenTey	JUDGE	sàrìjà#kǎ+m
DonnoSo	JUDGE	sú.úsù
JamsayDouentza	JUDGE	sàrìjɛ̀+sáríjɛ́+n
Mombo	JUDGE	sàlìjà#púrúɡí
BonduSoNajamba	JUDGE	sàrìjà+kàné
PergeTegu	JUDGE	zú.ùz
TogoKan	JUDGE	dʒúdʒú
TommoSoTongoTongo	JUDGE	dʒúùdʒù
ToroTegu	JUDGE	sàrà+ká+n
YandaDom	JUDGE	zí.ízù
YornoSo	JUDGE	sú.úsù
BankanTey	JUDGMENT	sàríjà
BenTey	JUDGMENT	sàríjà
Bunoge	JUDGMENT	sárjà
DonnoSo	JUDGMENT	sàrɛ́.ɛ̀
JamsayDouentza	JUDGMENT	sàríjɛ̀
Mombo	JUDGMENT	sàlìjá#púrúɡù
BonduSoNajamba	JUDGMENT	sàríjà
Penange	JUDGMENT	sàljà
PergeTegu	JUDGMENT	sàríjɛ̀
Tiranige	JUDGMENT	sáríjá
TogoKan	JUDGMENT	sàrɛ́.ɛ́
TommoSoTongoTongo	JUDGMENT	sàlì+jɛ́
ToroTegu	JUDGMENT	sárà
YandaDom	JUDGMENT	sàlíjà
YornoSo	JUDGMENT	sàlɛ́.ɛ̀
BankanTey	JUDGE	zɔ́
JamsayDouentza	JUDGE	ɲɛ̀mɛ́
Mombo	JUDGE	ká.áw.∼à#púrúɡè
BonduSoNajamba	JUDGE	nùɡúl
PergeTegu	JUDGE	tɔ̀j.∼ɔ́#káw+ɡá
TogoKan	JUDGE	kɛ́dʒɛ́
TommoSoTongoTongo	JUDGE	sàlìjɛ́#káná
TommoSoTongoTongo	JUDGE	náná#ɡòò+n.dó
ToroTegu	JUDGE	dʒɛ̀sú
YornoSo	JUDGE	nár.∼á#ɡò.ó+nɔ́
Mombo	FAULT	táɡù
TebulUre	FAULT	kà+kǎl
TommoSoTongoTongo	FAULT	kɔ̀+lú
YandaDom	FAULT	kɔ̀lɔ̀
YornoSo	FAULT	lěl
BankanTey	FORBID	ɡà.àn.dí
BenTey	FORBID	hádɛ́
JamsayDouentza	FORBID	hádɛ́
Mombo	FORBID	dámà#kánámì
BonduSoNajamba	FORBID	ɡámdɛ́
PergeTegu	FORBID	tʃíwwɛ́
TebulUre	FORBID	hátɛ́
TommoSoTongoTongo	FORBID	pádámɔ́
YandaDom	FORBID	hádú
YornoSo	FORBID	hádá
BankanTey	ACCUSE	pɛ́wɛ́
Bunoge	ACCUSE	ɲìŋì#kánì
DogulDomKundialang	ACCUSE	pɛ́bɛ̀
DonnoSo	ACCUSE	táɡà
JamsayDouentza	ACCUSE	pɛ́wɛ́
Mombo	ACCUSE	pébé
Penange	ACCUSE	pɛ́bɛ́
TebulUre	ACCUSE	pɛ́bɛ́
Tiranige	ACCUSE	hàppí#kánú
TogoKan	ACCUSE	pɔ̀pɔ́.ɔ́#pɔ́.ɔ́
TommoSoTongoTongo	ACCUSE	táɡí+lɛ́
YandaDom	ACCUSE	pɛ́bɛ́
BankanTey	WITNESS	sɛ̀.ɛ́tɛ̀+m
BenTey	WITNESS	sɛ́.ɛ́rɛ̀
Bunoge	WITNESS	sè.èré
DonnoSo	WITNESS	sé.érè
JamsayGourou	WITNESS	sɛ́.ɛ́rɛ̀
JamsayDouentza	WITNESS	sɛ́.ɛ́rɛ̀
Mombo	WITNESS	séré
BonduSoNajamba	WITNESS	sérè
Penange	WITNESS	kàm.bjà
PergeTegu	WITNESS	sɛ́.ɛ́rɛ̀
TebulUre	WITNESS	zú
Tiranige	WITNESS	sè.èdé
TogoKan	WITNESS	sɛ́.ɛ́rɛ́
TommoSoTongoTongo	WITNESS	séé+ré
ToroTegu	WITNESS	sɛ̀.ɛ́dɛ̀
YandaDom	WITNESS	séré
YornoSo	WITNESS	sé.èrè
BankanTey	PRISON	kásù
BenTey	PRISON	kásù
Bunoge	PRISON	kàsú
DogulDomBendiely	PRISON	kásù
DogulDomKundialang	PRISON	kâs
DonnoSo	PRISON	kàdù+ɡìnɛ́
JamsayGourou	PRISON	kásù
JamsayDouentza	PRISON	kásù
Mombo	PRISON	kásì
BonduSoNajamba	PRISON	kàsù+ólé
Penange	PRISON	kásù
PergeTegu	PRISON	kásù
TebulUre	PRISON	kàdù+úló
Tiranige	PRISON	kàsów.∼
TogoKan	PRISON	kádʒú
TommoSoTongoTongo	PRISON	kà+dù#ɡì+nɛ́
TommoSoTongoTongo	PRISON	kádú
ToroTegu	PRISON	kásù
YandaDom	PRISON	kázù
YornoSo	PRISON	kádʒù
BankanTey	PAIN	wùrìjǐm
BenTey	PAIN	ùrùjí.ì
Bunoge	PAIN	wá.áɡè
DonnoSo	PAIN	dʒǐm
JamsayDouentza	PAIN	nùr.∼ɔ́
JamsayMondoro	PAIN	nùr.∼ó
Mombo	PAIN	ɡímì
BonduSoNajamba	PAIN	dʒèm.bó
PergeTegu	PAIN	ŋɛ́.ɛ́r.∼ɛ́
TebulUre	PAIN	zìm+ɡó
TogoKan	PAIN	tɛ́
TommoSoTongoTongo	PAIN	dʒím
TommoSoTongoTongo	PAIN	bànú
ToroTegu	PAIN	lùrɔ́
YandaDom	PAIN	tʃì+ŋ
YornoSo	PAIN	dʒîm
BankanTey	FLOW	jɔ̀wɔ́
BenTey	FLOW	tó.ó#tí
JamsayDouentza	FLOW	jùwɔ́
Mombo	FLOW	ɡwé.é
BonduSoNajamba	FLOW	sí+jɛ́
TommoSoTongoTongo	FLOW	ɡòó
ToroTegu	FLOW	zɔ̀.ɔ́
YornoSo	FLOW	tóɡ+ɛ́.ɛ́
BankanTey	WOUND	bármɛ̀r.∼ɛ̀
BenTey	WOUND	bármɛ̀
Bunoge	WOUND	bàrmɛ̀n.dɛ́
DogulDomBendiely	WOUND	míínà
DogulDomKundialang	WOUND	bármɛ̀
DonnoSo	WOUND	bánù
JamsayDouentza	WOUND	bármɛ́r.∼ɛ̀
Mombo	WOUND	bárímì
BonduSoNajamba	WOUND	bármɛ̀rɛ̀
Penange	WOUND	bármɛ́.ɛ́rɛ̀
PergeTegu	WOUND	bármɛ̀
Tiranige	WOUND	bàrmɛ̀n.dɛ́
TogoKan	WOUND	bár.∼úw.∼á
TommoSoTongoTongo	WOUND	bà+nú
TommoSoTongoTongo	WOUND	mì+nú
ToroTegu	WOUND	márèj
YandaDom	WOUND	bármɛ̀
YornoSo	WOUND	bármù
BankanTey	GOITER	kɔ̀rɔ̀+wùrìjěm
BenTey	GOITER	ɔ̀sɔ̀+ɡɔ́rɔ̀
DogulDomKundialang	GOITER	qqq
DonnoSo	GOITER	ɔ̀dɔ̀+dʒîm
JamsayDouentza	GOITER	jɔ̀ɣɔ́
JamsayMondoro	GOITER	jɔ̀ɡɔ́
Mombo	GOITER	púnè
BonduSoNajamba	GOITER	jɔ̀ɡɔ́.ɔ̀
PergeTegu	GOITER	ɔ́sɔ́ɡɔ́rɔ́
TebulUre	GOITER	ɔ̀tɔ̀kà.à+pìrɡó
TogoKan	GOITER	dʒɔ́ɡú
TommoSoTongoTongo	GOITER	ɔ̀+dɔ́#kɔ̀lɔ̀
TomoKanSegue	GOITER	dʒɔ́ɡú
ToroTegu	GOITER	háwdáɡɡɛ̀
YandaDom	GOITER	ɔ́zɔ́ɡɔ́lɔ̀
YornoSo	GOITER	ɔ́dʒú+ɡɔ́lɔ́
BankanTey	FEVER	kɛ́.ɛ́pàm
BenTey	FEVER	tʃé.éfàm
DogulDomKundialang	FEVER	qqq
DonnoSo	FEVER	ɡɔ̀dù+númɔ̀
JamsayDouentza	FEVER	tʃɛ́.ɛ́pâm
Mombo	FEVER	nímálíɡè
BonduSoNajamba	FEVER	wàbé
PergeTegu	FEVER	kɛ́.ɛ́pâm
TebulUre	FEVER	zɔ́ntɛ̀
Tiranige	FEVER	àdʒàn.dà
TogoKan	FEVER	ɡè.ènú
TommoSoTongoTongo	FEVER	wɔ̀+bú
TommoSoTongoTongo	FEVER	ɡò+dù#ɔ̀ɡí+jé
ToroTegu	FEVER	kù+dèɡú
YandaDom	FEVER	dʒɔ́n.dɔ̀
YornoSo	FEVER	kɛ́bà.àm
BankanTey	COMMON COLD (DISEASE)	dúrùmà
BenTey	COMMON COLD (DISEASE)	kìr.∼ì+bɔ̀mɔ̌j.∼
DogulDomKundialang	COMMON COLD (DISEASE)	qqq
JamsayDouentza	COMMON COLD (DISEASE)	tʃìr.∼è+bɔ̀.ɔ̀mɔ́
Mombo	COMMON COLD (DISEASE)	álán.dá
BonduSoNajamba	COMMON COLD (DISEASE)	bɔ̀m.bɔ̀+ŋ.ɡó
PergeTegu	COMMON COLD (DISEASE)	kìr.∼è+bɔ̀.ɔ̀m.bɔ́
TebulUre	COMMON COLD (DISEASE)	tʃìnè+bɔ̀m.bɔ́
TogoKan	COMMON COLD (DISEASE)	kìr.∼ì+bò.òmó
TommoSoTongoTongo	COMMON COLD (DISEASE)	kì+nù#bɔ̀mmɔ́
ToroTegu	COMMON COLD (DISEASE)	bɔ̀mɔ́
YandaDom	COMMON COLD (DISEASE)	tʃìnzà+bɔ̀mɔ̀
YornoSo	COMMON COLD (DISEASE)	kìn+bɔ̀mɔ́
BankanTey	BLISTER	ìrɛ̌j
BenTey	BLISTER	dʒòrí.ì
DogulDomBendiely	BLISTER	nùmɔ̀#kérú
DogulDomKundialang	BLISTER	qqq
DonnoSo	BLISTER	dʒòr+ú
JamsayDouentza	BLISTER	dʒòrú
JamsayMondoro	BLISTER	dʒòrú
Mombo	BLISTER	bɔ́nɔ́nɔ̀
BonduSoNajamba	BLISTER	tɔ̀dʒɔ̀.ɔ́
PergeTegu	BLISTER	dʒórò
TebulUre	BLISTER	zòrú
TogoKan	BLISTER	dʒòrú
TommoSoTongoTongo	BLISTER	ùm+mù+ɡò#dʒó+ɡó
ToroTegu	BLISTER	zòrú
YandaDom	BLISTER	zòrù
YornoSo	BLISTER	dʒòrú
BankanTey	ITCH	jà.àrǎ+m
BenTey	ITCH	jàɣárà
Bunoge	ITCH	kábà
DogulDomKundialang	ITCH	qqq
DonnoSo	ITCH	kùn.dʒú
JamsayGourou	ITCH	jàɡúrù
JamsayDouentza	ITCH	jàɡúrù
Mombo	ITCH	jáɡárà
BonduSoNajamba	ITCH	jàɡàrà+ŋ.ɡó
PergeTegu	ITCH	jáɡárà
TebulUre	ITCH	jáɡúr+ɡɔ́
Tiranige	ITCH	jáɡáré
TogoKan	ITCH	jàɡúrú
TommoSoTongoTongo	ITCH	kɔ́n+dʒú
ToroTegu	ITCH	dʒèsì+tʃɛ́rà
YandaDom	ITCH	jà.àdì.ì
YornoSo	ITCH	jáɡùrù
BankanTey	PUS	ɡòŋ.ɡòrò#pín.dɛ́
BenTey	PUS	ɡòŋ.ɡòrò#pílɛ́
Bunoge	PUS	bàɡá#bìlɛ̀
JamsayDouentza	PUS	nɛ̀j.∼#pírú
Mombo	PUS	ɡè.èŋ.ɡè#wúlé
BonduSoNajamba	PUS	ɡèn#ɔ́.ɔ́là+ŋ.ɡè
Penange	PUS	bàɡà#úlɡɛ̀
PergeTegu	PUS	nɛ̀m#pírí
TogoKan	PUS	ɔ̀mú
TommoSoTongoTongo	PUS	ìlì+jè#pí+lú
ToroTegu	PUS	nèŋ#pírú
YandaDom	PUS	kózò
YornoSo	PUS	ìllì.ì#píl
BankanTey	SCAR	mìj.∼ɛ̀#zá.árá.à
BenTey	SCAR	mì.ì+náw.∼r.∼á
Bunoge	SCAR	tòŋònì#pá.álè
DogulDomBendiely	SCAR	jɛ́lɔ̀
DogulDomKundialang	SCAR	qqq
DonnoSo	SCAR	mɛ̀nù#ɛ̀lɛ́
JamsayDouentza	SCAR	nár.∼áw.∼á
Mombo	SCAR	pɔ́n.dɛ́
BonduSoNajamba	SCAR	nìnà+ɛ̀lɔ̀.ɔ́
Penange	SCAR	nì.ìnà+pɔ́n.dɛ̀
PergeTegu	SCAR	mɛ̀n+náw.∼r.∼á
TebulUre	SCAR	mù.ù~+námá
TogoKan	SCAR	nɔ́+nɔ́.ɔ́r.∼ɔ́
TommoSoTongoTongo	SCAR	mì+nù#jɔ̀ù+lɔ́
ToroTegu	SCAR	mìnù+zélè
YandaDom	SCAR	làdù+ɔ́lɔ́
YornoSo	SCAR	náwár.∼á
BankanTey	BRUISE	púŋkà
BenTey	BRUISE	pùŋ.ɡù+jí.ì
DogulDomKundialang	BRUISE	qqq
DonnoSo	BRUISE	òm.bòɡò+dʒórù
JamsayDouentza	BRUISE	pǔŋ
JamsayMondoro	BRUISE	pǔŋ
Mombo	BRUISE	ámán.dʒè
BonduSoNajamba	BRUISE	ɡúɡùlù.ù
PergeTegu	BRUISE	pùŋ.ɡ+ú
TommoSoTongoTongo	BRUISE	dʒáŋ+ɡí+jí+lé
ToroTegu	BRUISE	kúŋkà
YandaDom	BRUISE	sìnzù#pɔ́dʒú
YornoSo	BRUISE	dʒàr.∼ì+j~
Bunoge	CURE	sédʒílè
DonnoSo	CURE	bàdá
Penange	CURE	írjè
PergeTegu	CURE	bàjá
TebulUre	CURE	bàdá
Tiranige	CURE	érén.dí+jó
TogoKan	CURE	bà.á
TommoSoTongoTongo	CURE	bàdá
ToroTegu	CURE	tóló
YandaDom	CURE	úzó
YornoSo	CURE	bàdʒá
BankanTey	MEDICINE	àjá.à
BenTey	MEDICINE	àjá.à
Bunoge	MEDICINE	tílíŋ.ɡè
DogulDomKundialang	MEDICINE	ó.ò+ŋ
DonnoSo	MEDICINE	nò.ó
JamsayGourou	MEDICINE	lǒj
JamsayDouentza	MEDICINE	lǒj
JamsayMondoro	MEDICINE	lǒj
Mombo	MEDICINE	dʒóŋ.ɡù
BonduSoNajamba	MEDICINE	dáɡù.ù
Penange	MEDICINE	ílé.éŋ.ɡé
PergeTegu	MEDICINE	lǒj
TebulUre	MEDICINE	óé
Tiranige	MEDICINE	sàppà.àrɛ́
TogoKan	MEDICINE	lǒ
TommoSoTongoTongo	MEDICINE	nǒw
ToroTegu	MEDICINE	àj.∼á
YandaDom	MEDICINE	ɔ́j.∼
YornoSo	MEDICINE	lò.ó
BankanTey	PHYSICIAN	dɔ̀ɡɔ̀tɔ́rɔ̀+m
BenTey	PHYSICIAN	dɔ̀ɣɔ̀tɔ́rɔ̀+m
Bunoge	PHYSICIAN	dɔ̀ɡɔ̀tɔ́rɔ̀
DogulDomKundialang	PHYSICIAN	dɔ̀ɡtɔ́rɔ̀
DonnoSo	PHYSICIAN	dɔ̀ɡɔ̀tɔ́rɔ̀
JamsayDouentza	PHYSICIAN	dɔ̀ɣɔ̀tɔ́rɔ̀
Mombo	PHYSICIAN	dɔ̀kùtɔ́rɔ̀
BonduSoNajamba	PHYSICIAN	dɔ̀ɡɔ́tɔ́rɔ̀
Penange	PHYSICIAN	dɔ̀ɡɔ̀tɔ́rɔ̀
PergeTegu	PHYSICIAN	dɔ̀ɡɔ̀tɔ́rɔ̀
TebulUre	PHYSICIAN	dɔ̀ɡɔ̀tɔ́rɔ̀
Tiranige	PHYSICIAN	dɔ̀ɡɔ̀tɔ́rɔ́
TogoKan	PHYSICIAN	dɔ̀ɡɔ̀tɔ́rɔ́
TommoSoTongoTongo	PHYSICIAN	dɔ̀ɡɔ̀tɔ́rɔ́
ToroTegu	PHYSICIAN	dɔ̀kɔ̀tɔ́rɔ̀
YandaDom	PHYSICIAN	dɔ̀ɡɔ̀tɔ́rɔ̀
YornoSo	PHYSICIAN	dɔ̀ɡɔ̀tɔ́rɔ̀
Ampari	GIVE	tàjè
BankanTey	GIVE	ní
BenTey	GIVE	ní
Bunoge	GIVE	tábè
DogulDomBendiely	GIVE	ndɛ́
DogulDomKundialang	GIVE	ndɛ̀
DonnoSo	GIVE	óbò
JamsayGourou	GIVE	ó.ó
JamsayDouentza	GIVE	ó.ó
JamsayMondoro	GIVE	ó.ó
Mombo	GIVE	ndɛ́
BonduSoNajamba	GIVE	ndɛ́
Penange	GIVE	tábé
PergeTegu	GIVE	ó.ó
TebulUre	GIVE	ndá
Tiranige	GIVE	n.dó
TogoKan	GIVE	ó
TommoSoTongoTongo	GIVE	óbó
ToroTegu	GIVE	ów
YandaDom	GIVE	ndɛ́
YornoSo	GIVE	óbó
BankanTey	DIVIDE	kéríjé
BenTey	DIVIDE	kéríjé
Bunoge	DIVIDE	ɡám.báɡè
DogulDomKundialang	DIVIDE	kú.úlɛ̀
DonnoSo	DIVIDE	ɡàm.bìl+ɛ́.ɛ́
JamsayGourou	DIVIDE	ɡàmàr.∼á
JamsayDouentza	DIVIDE	ɡàmàr.∼á
JamsayMondoro	DIVIDE	ɡàmàr.∼á
Mombo	DIVIDE	púrúɡè
BonduSoNajamba	DIVIDE	kà.àŋ.ɡì+jè
Penange	DIVIDE	wéláɡè
PergeTegu	DIVIDE	ɡàmdá
TebulUre	DIVIDE	ɡèr+í.í
Tiranige	DIVIDE	ún.dújó
TogoKan	DIVIDE	ɡàmár.∼á
TommoSoTongoTongo	DIVIDE	kábí+lɛ́
TomoKanSegue	DIVIDE	kwɛ́.ɛ́
ToroTegu	DIVIDE	héló
YandaDom	DIVIDE	ɡàm.búlɛ́
YornoSo	DIVIDE	ɡàmálá
BankanTey	GIVE BACK	bìríjé#ní
DonnoSo	GIVE BACK	óbò
JamsayDouentza	GIVE BACK	pílíwé#ó.ó
Mombo	GIVE BACK	kón.dómì
BonduSoNajamba	GIVE BACK	màmílí+jɛ́#ndɛ́
PergeTegu	GIVE BACK	pílíwé
TogoKan	GIVE BACK	ó
TommoSoTongoTongo	GIVE BACK	óbó
ToroTegu	GIVE BACK	bìtó
YornoSo	GIVE BACK	óbó
BankanTey	GATHER	bàrá
BenTey	GATHER	bàrá
Bunoge	GATHER	bállè
DonnoSo	GATHER	bàlá
JamsayGourou	GATHER	bàrá
JamsayDouentza	GATHER	bàrá
Mombo	GATHER	kjá.áɡè
BonduSoNajamba	GATHER	bàlè
Penange	GATHER	bálɡè
PergeTegu	GATHER	bàrá
TebulUre	GATHER	bà.á
Tiranige	GATHER	báló
TogoKan	GATHER	túró
TommoSoTongoTongo	GATHER	bàlá
ToroTegu	GATHER	bàrá
YandaDom	GATHER	bǎl
YornoSo	GATHER	bàlá
BankanTey	GET	bɛ̀rɛ́
BenTey	GET	bɛ̀rɛ́
Bunoge	GET	bɛ́.ɛ́lɛ̀
DogulDomBendiely	GET	bɛ̀lɛ́
DogulDomKundialang	GET	bɛ̀lɛ́
DonnoSo	GET	bɛ̀lɛ́
JamsayGourou	GET	bɛ̀rɛ́
JamsayDouentza	GET	bɛ̀rɛ́
Mombo	GET	síjè
BonduSoNajamba	GET	dùmɛ́
Penange	GET	dínɛ́
PergeTegu	GET	bɛ̀rɛ́
TebulUre	GET	bɛ̀.ɛ́+dɛ̀
Tiranige	GET	írɛ́
TogoKan	GET	bɛ̀rɛ́
TommoSoTongoTongo	GET	bɛ̀lɛ́
ToroTegu	GET	bɛ̀rá
YandaDom	GET	bɛ̀lɛ́
YornoSo	GET	bɛ̀lɛ́
BankanTey	PICK UP	zɛ́
BenTey	PICK UP	àjí
Bunoge	PICK UP	dúɡɛ̀
DogulDomKundialang	PICK UP	jɛ̀ŋɛ́
DonnoSo	PICK UP	jɛ̀ŋɛ́
JamsayDouentza	PICK UP	jàŋá
Mombo	PICK UP	dín.djé.è
BonduSoNajamba	PICK UP	dʒɛ̀n.dʒɛ́
Penange	PICK UP	nɛ́mɛ́
PergeTegu	PICK UP	jɛ̀ŋ.ɡɛ́
TebulUre	PICK UP	ɲà.á+dɛ̀
Tiranige	PICK UP	jɔ́.ɔ́
TogoKan	PICK UP	ɲàŋá
TommoSoTongoTongo	PICK UP	kɛ́bɛ́
ToroTegu	PICK UP	só
YandaDom	PICK UP	tóɡó
YornoSo	PICK UP	ɡèɲɛ́
BankanTey	TAKE	zɛ́
BenTey	TAKE	àjí
Bunoge	TAKE	dúɡɛ̀
DogulDomBendiely	TAKE	dʒɛ̀.ɛ́
DogulDomKundialang	TAKE	jɛ̀ŋɛ́
DonnoSo	TAKE	jɛ̀ŋɛ́
JamsayDouentza	TAKE	jàŋá
JamsayMondoro	TAKE	jàŋá
BonduSoNajamba	TAKE	dʒɛ̀
Penange	TAKE	nɛ́mɛ́
PergeTegu	TAKE	jɛ̀ŋ.ɡɛ́
TebulUre	TAKE	ɲà.á+dɛ̀
TommoSoTongoTongo	TAKE	dʒèɲɲé
ToroTegu	TAKE	só
YandaDom	TAKE	zɛ̀nɛ́
YornoSo	TAKE	ɡèɲɛ́
BankanTey	CATCH	wó
BenTey	CATCH	wǒ
Bunoge	CATCH	dɛ́bɛ̀
DogulDomKundialang	CATCH	úwè
DonnoSo	CATCH	áɡà
JamsayGourou	CATCH	á.á
JamsayDouentza	CATCH	á.á
JamsayMondoro	CATCH	á.á
Mombo	CATCH	ím.bé
BonduSoNajamba	CATCH	ìbè
Penange	CATCH	ím.bé
PergeTegu	CATCH	á.á
TebulUre	CATCH	ìbé
TiranigeBoui	CATCH	íwó
TogoKan	CATCH	á.á
TommoSoTongoTongo	CATCH	áwá
ToroTegu	CATCH	áwá
YandaDom	CATCH	íbó
YornoSo	CATCH	á.á
BankanTey	GET	ǎw
BenTey	GET	àwú
Bunoge	GET	ʔábè
DogulDomKundialang	GET	ábè
DonnoSo	GET	jàbá
JamsayGourou	GET	jɔ̀wɔ́
JamsayDouentza	GET	jɔ̀wɔ́
JamsayMondoro	GET	jɔ̀wɔ́
Mombo	GET	ábé
BonduSoNajamba	GET	àbè
Penange	GET	ábé
PergeTegu	GET	àwá
TebulUre	GET	bɛ̀.ɛ́+dɛ̀
Tiranige	GET	áwó
TogoKan	GET	jɔ̀wɔ́
TommoSoTongoTongo	GET	jàbá
ToroTegu	GET	bá
YandaDom	GET	ábé
YornoSo	GET	jàbá
BankanTey	HAVE	já#só
BenTey	HAVE	já#só
DogulDomKundialang	HAVE	jè#dʒó
DonnoSo	HAVE	jí#sɛ̀
JamsayGourou	HAVE	jɛ́#sá
JamsayDouentza	HAVE	sà
Mombo	HAVE	sá.á
BonduSoNajamba	HAVE	dʒóɡò
PergeTegu	HAVE	já#sà
TebulUre	HAVE	jé#sɔ̀
Tiranige	HAVE	sá
TogoKan	HAVE	sà
TommoSoTongoTongo	HAVE	sɛ́
ToroTegu	HAVE	sá
YandaDom	HAVE	zò
BankanTey	KETTLE	átèj#ɡɔ̀n
BenTey	KETTLE	àtè.è+nì.ìn.dʒɛ́
Bunoge	KETTLE	ʔàtè#ɡóllè+ɡè
DogulDomKundialang	KETTLE	té.è#ɡèlɡè
DonnoSo	KETTLE	té.è#ɡèlù
JamsayDouentza	KETTLE	tè.è+nì.ìɲé
Mombo	KETTLE	tɛ́.ɛ́#ɡùlèɡè
BonduSoNajamba	KETTLE	tè.è+ɡòné
Penange	KETTLE	átté.è#ɡólɡè
PergeTegu	KETTLE	tè.è+nì.ìŋ.ɡɛ́
Tiranige	KETTLE	té.é#ɡòw.∼+ɡé
TogoKan	KETTLE	tè#ɡɛ́r.∼í.í
TommoSoTongoTongo	KETTLE	tèè#ɡé+nú
ToroTegu	KETTLE	àté.è#lìsà
YandaDom	KETTLE	tè.è+ɡòn
YornoSo	KETTLE	tè.è+ɡɛ́n
BankanTey	SPEAK	té.é
BenTey	SPEAK	téɡé
Bunoge	SPEAK	táɡè
DogulDomBendiely	SPEAK	dàmɛ́
DogulDomKundialang	SPEAK	dàmé
DonnoSo	SPEAK	sɔ́jj+ɛ̀.ɛ̀
JamsayGourou	SPEAK	téɡé
JamsayDouentza	SPEAK	téɡé
Mombo	SPEAK	dámí
BonduSoNajamba	SPEAK	dàmè
Penange	SPEAK	dám
PergeTegu	SPEAK	téɡé
TebulUre	SPEAK	ɔ́r
Tiranige	SPEAK	dámú
TogoKan	SPEAK	tíŋɛ́
TommoSoTongoTongo	SPEAK	sɔ́.ɔ́
ToroTegu	SPEAK	téɡó
YandaDom	SPEAK	dǎm
YornoSo	SPEAK	téɡé
BankanTey	SPEECH	tě+j
BenTey	SPEECH	těj
Bunoge	SPEECH	táɡù
DogulDomKundialang	SPEECH	dǒm
DonnoSo	SPEECH	sɔ̀.ɔ́
JamsayDouentza	SPEECH	tèɡú
JamsayMondoro	SPEECH	tèɡú
Mombo	SPEECH	dó.ò~
BonduSoNajamba	SPEECH	dôm
Penange	SPEECH	dìɡàm
PergeTegu	SPEECH	tèɡú
TebulUre	SPEECH	órú+ɡó
Tiranige	SPEECH	tònì
TogoKan	SPEECH	tìŋɛ́
TommoSoTongoTongo	SPEECH	sɔ̀.ɔ́
ToroTegu	SPEECH	tèɡú
YandaDom	SPEECH	dòm
YornoSo	SPEECH	sɔ̀.ɔ́
BenTey	LANGUAGE	těj
Bunoge	LANGUAGE	táɡù
DogulDomBendiely	LANGUAGE	dóòm
DogulDomKundialang	LANGUAGE	dǒm
DonnoSo	LANGUAGE	sɔ̀.ɔ́
JamsayDouentza	LANGUAGE	tèɡù+tɔ̀ɡú
Penange	LANGUAGE	díɡám
TebulUre	LANGUAGE	órú+ɡó
Tiranige	LANGUAGE	tònì
TogoKan	LANGUAGE	ká~
TommoSoTongoTongo	LANGUAGE	sɔ̀.ɔ́
ToroTegu	LANGUAGE	tèɡú
Ampari	SAY	nɛ́
BenTey	SAY	ɡǔj.∼
Bunoge	SAY	ʔúnɛ̀
DogulDomBendiely	SAY	ɡìnɛ́
DogulDomKundialang	SAY	ɡìnɛ́
DonnoSo	SAY	ɡɛ̀.ɛ́
JamsayGourou	SAY	ɡɛ̀
JamsayDouentza	SAY	ɡá.á
JamsayMondoro	SAY	ɡá.á
BonduSoNajamba	SAY	ɡìnɛ́
Penange	SAY	dám
PergeTegu	SAY	ɡá.á
TebulUre	SAY	táɡá
TogoKan	SAY	pɔ́+nɔ́
TommoSoTongoTongo	SAY	ɡɛ̀
ToroTegu	SAY	ɡá
YandaDom	SAY	dǎm
YornoSo	SAY	ɡɛ̌
BankanTey	WORD	ŋìnní.ì
BenTey	WORD	ìnìr.∼í.ì
DogulDomBendiely	WORD	ínó
DogulDomKundialang	WORD	qqq
DonnoSo	WORD	bôj
JamsayDouentza	WORD	bón
Mombo	WORD	íní
BonduSoNajamba	WORD	ínèn
PergeTegu	WORD	sór.∼ú
TebulUre	WORD	bón+ɡó
TogoKan	WORD	bɔ́.∼
TommoSoTongoTongo	WORD	bój
ToroTegu	WORD	ìsǒŋ
YandaDom	WORD	dòm
YornoSo	WORD	bôj
BankanTey	ASK (INQUIRE)	úsí
BenTey	ASK (INQUIRE)	úsúrú
Bunoge	ASK (INQUIRE)	ʔédʒárù#ʔédʒárè
DogulDomBendiely	ASK (INQUIRE)	tùbɛ́
DogulDomKundialang	ASK (INQUIRE)	túbɛ̀
DonnoSo	ASK (INQUIRE)	tùbɔ́#kún.dò
JamsayGourou	ASK (INQUIRE)	úsúrú
JamsayDouentza	ASK (INQUIRE)	údʒúró
Mombo	ASK (INQUIRE)	sàrù#sáré
BonduSoNajamba	ASK (INQUIRE)	sàrè
Penange	ASK (INQUIRE)	sàrù#sáré
PergeTegu	ASK (INQUIRE)	úsúró
TebulUre	ASK (INQUIRE)	órú+ɡó#ɔ́dír
Tiranige	ASK (INQUIRE)	údʒárí#údʒáró
TogoKan	ASK (INQUIRE)	úɲɔ́r.∼ɔ́
TommoSoTongoTongo	ASK (INQUIRE)	sèlù+mú#sélé+mɔ́
ToroTegu	ASK (INQUIRE)	úsó
YandaDom	ASK (INQUIRE)	sàdù#sádú
YornoSo	ASK (INQUIRE)	údʒóró
BankanTey	ASK (REQUEST)	lém.bíré
BenTey	ASK (REQUEST)	lémdé
DogulDomKundialang	ASK (REQUEST)	ɡɛ̀ŋɛ́
Mombo	ASK (REQUEST)	sáré
BonduSoNajamba	ASK (REQUEST)	sàrè
PergeTegu	ASK (REQUEST)	úsúró
TebulUre	ASK (REQUEST)	ném.bíl
TogoKan	ASK (REQUEST)	ɡɛ̀ŋɛ́
TommoSoTongoTongo	ASK (REQUEST)	ɡìj.∼ɛ́
ToroTegu	ASK (REQUEST)	úsó
YandaDom	ASK (REQUEST)	nèmílé
YornoSo	ASK (REQUEST)	ɡɛ̀.ɛ́.∼
BankanTey	ANSWER	kísɛ́
BenTey	ANSWER	sá
Bunoge	ANSWER	kídʒɛ̀
DogulDomKundialang	ANSWER	kísɛ̀
DonnoSo	ANSWER	jàbìl+ɛ́.ɛ́
JamsayGourou	ANSWER	ká.á#sá.á
JamsayDouentza	ANSWER	sá.á
JamsayMondoro	ANSWER	sá.á
Mombo	ANSWER	ábúlè
BonduSoNajamba	ANSWER	dʒá.ábɛ́
Penange	ANSWER	kídʒɛ́
PergeTegu	ANSWER	sá.á
TebulUre	ANSWER	sá.ám
Tiranige	ANSWER	tʃíɡírɔ́
TogoKan	ANSWER	sá.á
TommoSoTongoTongo	ANSWER	sáwá
ToroTegu	ANSWER	tʃísó
YandaDom	ANSWER	mbò#sá.á
YornoSo	ANSWER	sá.á
BankanTey	REFUSE	sálà#káŋ
BenTey	REFUSE	sálɛ́
JamsayDouentza	REFUSE	sálá
PergeTegu	REFUSE	sálɛ́
TommoSoTongoTongo	REFUSE	wa
YornoSo	REFUSE	sálá+
BankanTey	ADMIT	ǎw
BenTey	ADMIT	dà.àjì+wú
Mombo	ADMIT	dáɡé
TommoSoTongoTongo	ADMIT	jàbá
BenTey	SWEAR	wá.átɛ́
DogulDomBendiely	SWEAR	kɛ̀n.dá
DogulDomKundialang	SWEAR	dʒɛ̀b+jɛ́
DonnoSo	SWEAR	dʒɛ̀b+ɛ́.ɛ́
JamsayDouentza	SWEAR	wá.átɛ́
Mombo	SWEAR	tɛ́mɔ́#njɛ́.ɛ́
BonduSoNajamba	SWEAR	wá.átɛ́
PergeTegu	SWEAR	wá.átɛ́
TebulUre	SWEAR	wá.átɛ́
TogoKan	SWEAR	dʒɛ̀wɛ́
TommoSoTongoTongo	SWEAR	dʒɛ̀bí+jɛ́
YandaDom	SWEAR	zɛ̀bíjɛ́
YornoSo	SWEAR	dʒɛ̀b+ɛ́.ɛ́
BankanTey	OATH	wá.átà
BenTey	OATH	wá.átɛ̀
Bunoge	OATH	kúnà#kánì
DogulDomKundialang	OATH	qqq
JamsayGourou	OATH	àmà+ɲě+j.∼
JamsayDouentza	OATH	wá.átɛ̀
Mombo	OATH	tɛ́mɔ́
BonduSoNajamba	OATH	wá.átɛ̀
Penange	OATH	kùnà#kán
PergeTegu	OATH	wá.átɛ̀
TebulUre	OATH	wá.átɛ́
Tiranige	OATH	kàlè
TogoKan	OATH	dʒɛ́w
TommoSoTongoTongo	OATH	dʒɛ́bí+jí+lé
ToroTegu	OATH	wá.átà
YandaDom	OATH	zɛ̀bì.ì
YornoSo	OATH	dʒébú
BankanTey	PROMISE	ámá.ánà#zɛ́
BenTey	PROMISE	á.ádù#wǒ
Bunoge	PROMISE	kúnà
DonnoSo	PROMISE	á.ádù#dʒà.á
JamsayDouentza	PROMISE	ámá.ánà#á.á
Mombo	PROMISE	á.ádù#ím.bé
BonduSoNajamba	PROMISE	ámà.ànà#dʒɛ́
Penange	PROMISE	kùnà
PergeTegu	PROMISE	ámá.ánà#á.á
TebulUre	PROMISE	ámá.áné#íbɛ́
TogoKan	PROMISE	sǎ~#ká~#ó
TommoSoTongoTongo	PROMISE	àmànú#áwá
ToroTegu	PROMISE	ámá.ánà#sá
YandaDom	PROMISE	àmá.àn#íbó
YornoSo	PROMISE	à+má.àn#á.á
BankanTey	BLESS	dúwà#káŋ
BenTey	BLESS	dúwá.àw#káj.∼
Bunoge	BLESS	dùwì#kánì
DonnoSo	BLESS	dúwà.àw#kún.dò
JamsayDouentza	BLESS	dúwá.àw#kúnó
Mombo	BLESS	sáláɡà#ndɛ́
BonduSoNajamba	BLESS	dúwà#kán
Penange	BLESS	dùwá.àw#kání
PergeTegu	BLESS	dúwá.àw#kúló
TebulUre	BLESS	dúwà.àɡù#tún
TogoKan	BLESS	dúwá.áɡú#kún
TommoSoTongoTongo	BLESS	ám.bá#bòó
ToroTegu	BLESS	dúwà#kár.∼á
YandaDom	BLESS	dúwà.àw#kún+dó
YornoSo	BLESS	dúwà.à#kúnɔ́
BankanTey	CURSE	zɛ̀wɛ́
BenTey	CURSE	dʒɛ̀wɛ́
Bunoge	CURSE	jɛ́bɛ̀
DogulDomKundialang	CURSE	dʒɛ̀bɛ́
DonnoSo	CURSE	dʒɛ̀bɛ́
JamsayDouentza	CURSE	dʒɛ̀wɛ́
JamsayMondoro	CURSE	dʒɛ̀wɛ́
Mombo	CURSE	ɡébé
BonduSoNajamba	CURSE	sɔ́ŋ.ɡɛ́
Penange	CURSE	jɛ́bɛ́
PergeTegu	CURSE	ɡɛ̀wɛ́
TebulUre	CURSE	zɛ̀bɛ́
TogoKan	CURSE	dʒɛ̀wɛ́
TommoSoTongoTongo	CURSE	dʒɛ̀bɛ́
ToroTegu	CURSE	zɛ̀wá
YandaDom	CURSE	zɛ̀bɛ́
YornoSo	CURSE	dʒɛ̀bɛ́
BankanTey	CALL	ɲàr.∼â
BenTey	CALL	ɲàr.∼í
Bunoge	CALL	ɲá.áŋì
DogulDomBendiely	CALL	bòn.dé
DogulDomKundialang	CALL	bò.òn.dé
JamsayGourou	CALL	bɔ̀r.∼ɔ́
JamsayDouentza	CALL	bɔ̀r.∼ɔ́
JamsayMondoro	CALL	bɔ̀r.∼ɔ́
Mombo	CALL	jálé
BonduSoNajamba	CALL	jàn.dè
Penange	CALL	jálé
PergeTegu	CALL	sɔ́r.∼ɔ́
TebulUre	CALL	bón+ɡó#bǒn
Tiranige	CALL	já.án.dó
TogoKan	CALL	bɔ̀r.∼ɔ́
TommoSoTongoTongo	CALL	bòó
ToroTegu	CALL	sór.∼ó
YandaDom	CALL	jàn.dà+lí
YornoSo	CALL	bò.ónɔ́
BankanTey	ANNOUNCE	bòr.∼ó
BenTey	ANNOUNCE	bɔ̀r.∼ɔ́
DonnoSo	ANNOUNCE	sáɡàn.dà
JamsayDouentza	ANNOUNCE	bò.ònó
Mombo	ANNOUNCE	bá.áwè
BonduSoNajamba	ANNOUNCE	nɔ́.ɔ́sɛ́
PergeTegu	ANNOUNCE	bò.òló
TogoKan	ANNOUNCE	tóɡó+ró
TommoSoTongoTongo	ANNOUNCE	bɔ̀lɔ́#ɡòò+n.dó
ToroTegu	ANNOUNCE	bòró
YandaDom	ANNOUNCE	bàŋà+lí
YornoSo	ANNOUNCE	bó.ònù#kúnɔ́
BankanTey	EXPLAIN	pámìnà#káŋ
BenTey	EXPLAIN	pá.ámínɛ́
JamsayDouentza	EXPLAIN	pá.ámíné
Mombo	EXPLAIN	tá.árè
BonduSoNajamba	EXPLAIN	bàjà+mè
PergeTegu	EXPLAIN	pá.ámínɛ́
TogoKan	EXPLAIN	kɔ́rɔ́#tíŋɛ́
TommoSoTongoTongo	EXPLAIN	dʒùɡɔ́+mɔ́
ToroTegu	EXPLAIN	tótó
YandaDom	EXPLAIN	pá.ámɛ́
YornoSo	EXPLAIN	pá.ámá+mɔ́
BankanTey	FORGIVE	kǎwrì#káŋ
BenTey	FORGIVE	já.ápɛ̀#já.ápɛ́
Bunoge	FORGIVE	jà.àfí#kánì
DonnoSo	FORGIVE	já.ábù#kánà
JamsayGourou	FORGIVE	já.áfɛ́
JamsayDouentza	FORGIVE	já.áfɛ́
Mombo	FORGIVE	jà.àfì#kání
BonduSoNajamba	FORGIVE	já.áfɛ́
Penange	FORGIVE	já.áfì#kání
PergeTegu	FORGIVE	já.ápɛ́
TebulUre	FORGIVE	já.ábí#já.ábí+tì+
Tiranige	FORGIVE	jà.àpí#kánú
TogoKan	FORGIVE	já.ápì
TommoSoTongoTongo	FORGIVE	jáàbà#káná
ToroTegu	FORGIVE	já.áfà#kár.∼ú#kár.∼á
YandaDom	FORGIVE	já.ábɛ́
YornoSo	FORGIVE	já.ábú#kár.∼á
BankanTey	STUTTER	bèm.bé
BenTey	STUTTER	bèm.bé
Bunoge	STUTTER	tíŋè
DogulDomKundialang	STUTTER	kíjè
DonnoSo	STUTTER	kí.íɡ+è.è+
JamsayGourou	STUTTER	ímɛ́
JamsayDouentza	STUTTER	ímɛ́
JamsayMondoro	STUTTER	ímɛ́
Penange	STUTTER	súdʒé
PergeTegu	STUTTER	bèm.bé
TebulUre	STUTTER	ímɛ́
Tiranige	STUTTER	túɡúdʒó
TogoKan	STUTTER	íré
TommoSoTongoTongo	STUTTER	ílmɛ́
ToroTegu	STUTTER	bèmó
YandaDom	STUTTER	ímíló
YornoSo	STUTTER	ímɛ́+
BankanTey	LIE (MISLEAD)	kɔ̀rú.ù#kɔ́rɔ́
BenTey	LIE (MISLEAD)	kɔ̀rú#kɔ́rɔ́
Bunoge	LIE (MISLEAD)	síjà#wálè
DonnoSo	LIE (MISLEAD)	kàlù+kàlú#làlá
JamsayGourou	LIE (MISLEAD)	kɔ̀rú#kɔ́rɔ́
JamsayDouentza	LIE (MISLEAD)	kɔ̀rú#kɔ́rɔ́
Mombo	LIE (MISLEAD)	tàɡù#táɡé
BonduSoNajamba	LIE (MISLEAD)	pàbè
Penange	LIE (MISLEAD)	jùbùɡɔ̀#dám
PergeTegu	LIE (MISLEAD)	kɔ̀rú#kɔ́rɔ́
TebulUre	LIE (MISLEAD)	kà+kǎl#ká.á
Tiranige	LIE (MISLEAD)	twɛ́.ɛ́#tɔ́.ɔ́
TogoKan	LIE (MISLEAD)	bìn+kɛ́dʒɛ́#kɛ́dʒɛ́
TommoSoTongoTongo	LIE (MISLEAD)	kà+kàlú#kálá
ToroTegu	LIE (MISLEAD)	kɔ́rú+mɔ́
YandaDom	LIE (MISLEAD)	kàkàl#kál
YornoSo	LIE (MISLEAD)	kì+kǎl#kálá
BankanTey	MISTAKE	lérè
BenTey	MISTAKE	lèrú
DogulDomKundialang	MISTAKE	qqq
DonnoSo	MISTAKE	jámà
JamsayDouentza	MISTAKE	lèrú
BonduSoNajamba	MISTAKE	sádʒí+lé
Penange	MISTAKE	tèlù
PergeTegu	MISTAKE	lèrú
TommoSoTongoTongo	MISTAKE	sààní+jé
TommoSoTongoTongo	MISTAKE	sàdí+jé
ToroTegu	MISTAKE	mɔ́r.∼ɔ̀
YandaDom	MISTAKE	lèl
YornoSo	MISTAKE	lěl
BenTey	TELL	píllɛ́
Bunoge	TELL	dábúlè
DogulDomBendiely	TELL	tùŋɛ́
DonnoSo	TELL	sɛ́ɡɛ̀lɛ̀
JamsayDouentza	TELL	ɛ́r.∼ɛ́w.∼ɛ́
Mombo	TELL	tí.ílè
PergeTegu	TELL	píllɛ́
Tiranige	TELL	nárá+mú
TogoKan	TELL	ɛ́nɛ́
TommoSoTongoTongo	TELL	élmé
ToroTegu	TELL	énó
YornoSo	TELL	élm+é.é
BankanTey	SCOLD	hí.ítà#káŋ
BenTey	SCOLD	àr.∼à+tɔ̀.ɔ́#tɔ́
JamsayGourou	SCOLD	bɔ̀ɡúrù#kúnó
JamsayDouentza	SCOLD	àr.∼à+tɔ̀.ɔ́#tɔ́.ɔ́
Mombo	SCOLD	kàdʒì#kádʒé
BonduSoNajamba	SCOLD	ɡàlí+jɛ́
PergeTegu	SCOLD	àr.∼à+tɔ̀.ɔ́#tɔ́.ɔ́
TogoKan	SCOLD	bɔ̀dʒɔ́
TommoSoTongoTongo	SCOLD	ɡàmá
ToroTegu	SCOLD	hítà#kár.∼á
YandaDom	SCOLD	ɡàmà+lí
YornoSo	SCOLD	ɡàw.∼á
BankanTey	COUNT	lùwó.ò#lúwó
Bunoge	COUNT	díɡórù#díɡórè
DogulDomKundialang	COUNT	nùɡé
DonnoSo	COUNT	jùɡ+é.è#jùɡó
JamsayGourou	COUNT	lùɡó#lúɡó
JamsayDouentza	COUNT	lùɡó#lúɡó
Mombo	COUNT	nóɡé
BonduSoNajamba	COUNT	nìɡìl+ŋ.ɡán#nìɡíl
Penange	COUNT	nùɡù#núɡé
PergeTegu	COUNT	lùɡó#lúɡó
Tiranige	COUNT	núɡó
TogoKan	COUNT	lùɡó#lúɡó
TommoSoTongoTongo	COUNT	nìɡí+jé#níɡé
ToroTegu	COUNT	lúɡó
YandaDom	COUNT	lùɡò#lùɡó
YornoSo	COUNT	lùɡ+é.è#lúɡó
BankanTey	HALF	táŋ.ɡá
BenTey	HALF	pɛ́tʃɛ́rɛ̀
Bunoge	HALF	fɛ̀tʃtʃɛ̀rɛ́
DogulDomBendiely	HALF	bɛ̀nná
DogulDomKundialang	HALF	pɛ́tʃɛ̀rɛ̀
DonnoSo	HALF	pɛ́dʒɛ̀rɛ̀
JamsayGourou	HALF	pɛ́#kɛ́rɛ̀
JamsayDouentza	HALF	tʃì+tʃɛ́nɛ́
JamsayMondoro	HALF	dʒɛ́rɛ̀
Mombo	HALF	pékérè
BonduSoNajamba	HALF	bénán
Penange	HALF	fɛ́tʃtʃɛ́rɛ̀
PergeTegu	HALF	pɛ́kɛ́rɛ̀
TebulUre	HALF	pɛ́ɡɛ̀rɛ̀
Tiranige	HALF	pɛ̀tʃtʃɛ̀rɛ́
TogoKan	HALF	pɛ́dʒɛ́rɛ́
TommoSoTongoTongo	HALF	pɛ́dʒɛ̀
ToroTegu	HALF	kà+kàrúkà
YandaDom	HALF	pɛ́dʒɛ̀rɛ̀
YornoSo	HALF	pɛ́dʒɛ̀rɛ̀
BankanTey	SHARE	tʃèrìjé.è
BenTey	SHARE	tʃèrìjé.è
Bunoge	SHARE	ɡàm.bàɡù
DonnoSo	SHARE	kùlɔ́
JamsayGourou	SHARE	kùrú
JamsayDouentza	SHARE	kùrú
Mombo	SHARE	kúlù
BonduSoNajamba	SHARE	bám
Penange	SHARE	pɔ́.ɔ́
PergeTegu	SHARE	kùrú
Tiranige	SHARE	bàmù
TogoKan	SHARE	kùrɔ́
TommoSoTongoTongo	SHARE	ɡóm.bú+lú
ToroTegu	SHARE	hɔ̀lɛ́
YandaDom	SHARE	kùl
YornoSo	SHARE	kǔl
BankanTey	REMAINS	wásà
BenTey	REMAINS	wásà
Bunoge	REMAINS	jɛ́.ɛ̀#déŋ.ɡè
DonnoSo	REMAINS	wàd+ú
JamsayDouentza	REMAINS	wádʒà
JamsayMondoro	REMAINS	wádʒà
Mombo	REMAINS	wán.dʒí
BonduSoNajamba	REMAINS	wàdʒò.ó
Penange	REMAINS	wán.dʒé+nà
PergeTegu	REMAINS	wásà
TebulUre	REMAINS	wádá
Tiranige	REMAINS	àɲì+nɛ́
TogoKan	REMAINS	síɡɛ́
TommoSoTongoTongo	REMAINS	wà+dé
ToroTegu	REMAINS	wásá
YandaDom	REMAINS	wàzè
YornoSo	REMAINS	wàdʒú
BankanTey	BUNCH	sárà
BenTey	BUNCH	sá.árá
Bunoge	BUNCH	tɔ́.ɔ́lɛ̀
DonnoSo	BUNCH	tì.ìr+ú
JamsayGourou	BUNCH	kù.ù~+sá.árá
JamsayDouentza	BUNCH	sá.árá
Mombo	BUNCH	tírì
BonduSoNajamba	BUNCH	tùm.bó
Penange	BUNCH	twɛ̀.ɛ̀
PergeTegu	BUNCH	kùrɔ́
Tiranige	BUNCH	tújɛ́
TogoKan	BUNCH	tì.ìrɛ́
TommoSoTongoTongo	BUNCH	tìì+rú
ToroTegu	BUNCH	sárà
YandaDom	BUNCH	tì.ìdù
YornoSo	BUNCH	tì.ìrú
BankanTey	CROWD	zàmá.à
BenTey	CROWD	dʒàw.∼á.à
Bunoge	CROWD	dʒá.ám.bà
JamsayDouentza	CROWD	dʒámá.à
Mombo	CROWD	búlúŋ.ɡù
BonduSoNajamba	CROWD	dʒàmá.à
Penange	CROWD	dʒà.àm.bà
PergeTegu	CROWD	dʒámá.à
TogoKan	CROWD	dʒà.àmá
TommoSoTongoTongo	CROWD	dʒàmáá
ToroTegu	CROWD	zàw.∼á
YandaDom	CROWD	zàm.bá
YornoSo	CROWD	dʒàw.∼á.à
BankanTey	MARKET	ɛ́wá.á
BenTey	MARKET	ɛ́wá.á
Bunoge	MARKET	ʔìbà
DogulDomBendiely	MARKET	ébà
DonnoSo	MARKET	íbɛ̀
JamsayGourou	MARKET	ɛ́wɛ́
JamsayDouentza	MARKET	ɛ́wɛ́
JamsayMondoro	MARKET	ɛ́wɛ́
Mombo	MARKET	íbá
BonduSoNajamba	MARKET	ébán
Penange	MARKET	ébá
PergeTegu	MARKET	ɛ́wɛ́
TebulUre	MARKET	ɛ́bɛ́
Tiranige	MARKET	èwà
TogoKan	MARKET	ɛ́wɛ́
TommoSoTongoTongo	MARKET	í+bɛ́
ToroTegu	MARKET	lú.úmà
YandaDom	MARKET	ɛ́bà
YornoSo	MARKET	íbɛ́
BankanTey	MERCHANT	dʒà.àɡù+kàr.∼ú+m
BenTey	MERCHANT	sòn.dʒù+sàn.dʒí+m
Bunoge	MERCHANT	ʔìbà+sán.dʒó+bò
DonnoSo	MERCHANT	ìbɛ̀+sán.dʒì+nɛ̀
JamsayGourou	MERCHANT	sèsù+sásá+n
JamsayMondoro	MERCHANT	dɔ̀n+dɔ́r.∼ɔ́+n
Mombo	MERCHANT	ìbà#sàn.dʒí
BonduSoNajamba	MERCHANT	èbà+kálé
Penange	MERCHANT	sàbàl+kán
PergeTegu	MERCHANT	sèn.dʒù+sán.dʒá+n
Tiranige	MERCHANT	èwà+túlí
TogoKan	MERCHANT	dʒà.àɡù+dʒá.áɡá
TommoSoTongoTongo	MERCHANT	ìbɛ̀#són.dʒí+nɛ́
TommoSoTongoTongo	MERCHANT	ìbɛ̀#kání+nɛ́
ToroTegu	MERCHANT	dʒà.àɡù+ká+nú
YandaDom	MERCHANT	ɛ̀bà+kàn
YornoSo	MERCHANT	tɔ̀ŋ+tɔ́ŋɔ́+nɛ́
BenTey	STORE	bìdíɡì
Bunoge	STORE	bítíɡì
DonnoSo	STORE	bùdíɡù
JamsayDouentza	STORE	bìdíɡù
Mombo	STORE	bíríɡì
Penange	STORE	bìrɡì
Tiranige	STORE	bídíɡí
TogoKan	STORE	bìtíɡí
TommoSoTongoTongo	STORE	bídík
ToroTegu	STORE	bìtíkì
YandaDom	STORE	bìdíɡù
BankanTey	SELL	tíjɛ́
BenTey	SELL	tíjɛ́
Bunoge	SELL	só.ó+lè
DogulDomKundialang	SELL	dɔ̀nɛ́
DonnoSo	SELL	dɔ́n+ɛ̀
JamsayGourou	SELL	dɔ̀r.∼ɔ́
JamsayDouentza	SELL	dɔ̀r.∼ɔ́
Mombo	SELL	só.ólè
BonduSoNajamba	SELL	túlɛ́
Penange	SELL	sóɡú+lè
PergeTegu	SELL	dɔ̀r.∼ɔ́
TebulUre	SELL	dòr.∼ɔ́
Tiranige	SELL	túlɔ́
TogoKan	SELL	dɔ̀r.∼ɔ́
TommoSoTongoTongo	SELL	dónú#dɔ̀nɔ́
ToroTegu	SELL	dɔ̀rɔ́
YandaDom	SELL	dòr.∼ɔ́
YornoSo	SELL	dɔ̀r.∼ɔ́+
BankanTey	BUY	ɛ́wɛ́
BenTey	BUY	ɛ́wɛ́
Bunoge	BUY	sɔ́.ɔ́wɛ̀
DogulDomBendiely	BUY	ɛ̀bɛ́
DogulDomKundialang	BUY	ɛ́bɛ̀
DonnoSo	BUY	ɛ́b+ɛ̀
JamsayGourou	BUY	ɛ́wɛ́
JamsayDouentza	BUY	ɛ́wɛ́
Mombo	BUY	swɛ́.ɛ́
BonduSoNajamba	BUY	dɔ̀nɛ́
Penange	BUY	sɔ́ɡɛ́
PergeTegu	BUY	ɛ́wɛ́
TebulUre	BUY	ɛ́bɛ́
Tiranige	BUY	dɔ́nɔ́
TogoKan	BUY	ɛ́wɛ́
TommoSoTongoTongo	BUY	ɛ́bɛ́
ToroTegu	BUY	ɛ́wá
YandaDom	BUY	ɛ́bɛ́
YornoSo	BUY	ɛ́bɛ́
BankanTey	PRICE	sàzá
BenTey	PRICE	sàn.dʒá
Bunoge	PRICE	kó.óɡé
DonnoSo	PRICE	dónù
JamsayGourou	PRICE	dɔ́n
JamsayDouentza	PRICE	dɔ́n
JamsayMondoro	PRICE	dɔ́n
Mombo	PRICE	kó.óɡé
BonduSoNajamba	PRICE	kàlà.á
Penange	PRICE	kó.óɡé
PergeTegu	PRICE	dɔ́r.∼ú
Tiranige	PRICE	kà.àr+kà.àrí
TogoKan	PRICE	dɔ́.∼
TommoSoTongoTongo	PRICE	sàn+dʒá
ToroTegu	PRICE	dɔ́rú
YandaDom	PRICE	dɔ̌n
YornoSo	PRICE	dɔ̂n
BankanTey	EARN	tínò#bɛ̀rɛ́
BenTey	EARN	tíné
DonnoSo	EARN	tínɛ̀#bɛ̀lɛ́
JamsayDouentza	EARN	tínè#tíné
Mombo	EARN	tínò#kání
BonduSoNajamba	EARN	dùmɛ̌+n#dùmɛ́
PergeTegu	EARN	tínɛ̀#bɛ̀rɛ́
Tiranige	EARN	tínó#írɔ́
TogoKan	EARN	sèɡú#bɛ̀rɛ́
TommoSoTongoTongo	EARN	tínɛ́#bɛ̀lɛ́
ToroTegu	EARN	tínò#bɛ̀rá
YandaDom	EARN	tínɛ́
YornoSo	EARN	tínɛ̀#bɛ̀lɛ́
BankanTey	HIRE OR RENT	hásà#káŋ
BenTey	HIRE OR RENT	há.ásɛ́
JamsayDouentza	HIRE OR RENT	hásá
Mombo	HIRE OR RENT	sòdʒú.ú~#túlé
BonduSoNajamba	HIRE OR RENT	sàrá#má#ndɛ́
PergeTegu	HIRE OR RENT	sám.bá
ToroTegu	HIRE OR RENT	hásà#kár.∼á
YandaDom	HIRE OR RENT	há.á
BankanTey	BORROW	lúbà#káŋ
BenTey	BORROW	jèrì+jé
JamsayDouentza	BORROW	lúbɔ́
JamsayMondoro	BORROW	lúbɔ́
BonduSoNajamba	BORROW	lúɓɛ́
PergeTegu	BORROW	jèn.ɡé
TogoKan	BORROW	ɡɛ̀ŋɛ́
TommoSoTongoTongo	BORROW	jóórí#jàrí+jɛ́
ToroTegu	BORROW	lúbà#kár.∼ú
YandaDom	BORROW	jòdí+jó
YornoSo	BORROW	jèrúɡ+ɛ́.ɛ́+
BankanTey	LEND	lúbà#káŋ
BenTey	LEND	jèrì+jé
JamsayDouentza	LEND	lúbɔ́
Mombo	LEND	já.ádjè
BonduSoNajamba	LEND	lùɓà+mè
PergeTegu	LEND	jèn.ɡé
TogoKan	LEND	ɡɛ̀ŋɛ́
TommoSoTongoTongo	LEND	jòòrú#kún.dó
ToroTegu	LEND	lúbà#kár.∼á
YandaDom	LEND	jòdú+ró
YornoSo	LEND	jèrúɡ+ɛ́.ɛ́+mú
BankanTey	MONEY	kɛ̀rɛ̂j
BenTey	MONEY	tʃɛ̀rɛ̂j
Bunoge	MONEY	tɔ̀n.dí+ɡè
DogulDomBendiely	MONEY	búú
DonnoSo	MONEY	kɛ̀.ɛ̀lɛ́
JamsayGourou	MONEY	kɛ́.ɛ́rù
JamsayDouentza	MONEY	bú.údù
JamsayMondoro	MONEY	tʃɛ̀.ɛ́rù
Mombo	MONEY	bú.úrù
BonduSoNajamba	MONEY	kèlú.ù
Penange	MONEY	wálé
PergeTegu	MONEY	bú.údù
TebulUre	MONEY	bú.údù
Tiranige	MONEY	tʃɛ́lɛ́ŋ.ɡɛ́
TogoKan	MONEY	bú.údú
TommoSoTongoTongo	MONEY	búù+dù
ToroTegu	MONEY	tʃárdì
YandaDom	MONEY	bú.údù
YornoSo	MONEY	bú.údù
BenTey	PAY	sɛ́jà
Bunoge	PAY	sɛ́ɡɛ̀
DonnoSo	PAY	sárà
JamsayGourou	PAY	sɛ̀ɡú
JamsayDouentza	PAY	sɛ́ɡɛ́
JamsayMondoro	PAY	sɛ́ɡɛ́
Mombo	PAY	sɛ́ɡɛ́
BonduSoNajamba	PAY	mɔ̀m.bɛ́
Penange	PAY	sɛ́ɡɛ́
PergeTegu	PAY	sɛ́ɡɛ́
TebulUre	PAY	mɔ̀.ɔ̀n.dí
TogoKan	PAY	sɛ́ɡɛ́
TommoSoTongoTongo	PAY	sɛ́ɡɛ́
ToroTegu	PAY	sɛ́ɡá
YandaDom	PAY	sɛ́ɡɛ́
YornoSo	PAY	sɛ́ɡɛ́
BankanTey	TAX	lámpò
BenTey	TAX	lámpôj
DonnoSo	TAX	lám.bù
JamsayGourou	TAX	sɛ́ɡú
JamsayDouentza	TAX	sɛ́ɡú
Mombo	TAX	lámpù
BonduSoNajamba	TAX	lámpù.ù
PergeTegu	TAX	lámpò
TebulUre	TAX	sèɡìné
Tiranige	TAX	làmpó
TogoKan	TAX	lápɔ́.∼
TommoSoTongoTongo	TAX	sè+ɡú
ToroTegu	TAX	sɛ́ɡú
YandaDom	TAX	sèɡì+n
YornoSo	TAX	sèɡú
BankanTey	PAY	tɔ́sí
BenTey	PAY	tɔ́sà
Bunoge	PAY	sɔ́dʒɛ̀
DogulDomBendiely	PAY	sàrɛ́
DonnoSo	PAY	sárà
JamsayGourou	PAY	tɔ́sɔ́
JamsayDouentza	PAY	tɔ́dʒɔ́
JamsayMondoro	PAY	tɔ́dʒɔ́
Mombo	PAY	sɔ́dʒɛ́
BonduSoNajamba	PAY	sɔ́dʒɛ́
Penange	PAY	sɔ́dʒɛ́
PergeTegu	PAY	tɔ́sɔ́
TebulUre	PAY	tɔ́dɔ́
Tiranige	PAY	sɔ́dʒɔ́
TogoKan	PAY	tɔ́dʒɔ́
TommoSoTongoTongo	PAY	sárá
ToroTegu	PAY	tɔ́sɔ́
YandaDom	PAY	sárá+lì
YornoSo	PAY	túdʒɔ́
BankanTey	COIN	kɛ̀rɛ̀j+bɛ̀bɛ̀.ɛ̀rú
BenTey	COIN	wɛ́tʃtʃɛ̀
Bunoge	COIN	tɔ́n.dìɡé#ɲɔ̀ŋ.ɡɔ̀
DonnoSo	COIN	bù.ùdù+sà+j
JamsayDouentza	COIN	bù.ùdù+ùɲ+í.ì~
Mombo	COIN	bù.ùrù#sâj
BonduSoNajamba	COIN	dʒ
Penange	COIN	wàlè#ɲɔ̀ŋ.ɡɔ̀
PergeTegu	COIN	bù.ùdù+sɛ̌j.∼
Tiranige	COIN	mɛ́n.dʒí
TogoKan	COIN	bù.ùdù#ùdʒú
TommoSoTongoTongo	COIN	bùù+dù#ì+nɛ̀+j
TommoSoTongoTongo	COIN	búù+dù
ToroTegu	COIN	tʃɛ̀rù+ɔ̀r+í
YandaDom	COIN	bù.ùdù#sà.à
YornoSo	COIN	bù.ùdù+sǎj
BankanTey	KNOW (SOMETHING)	zùwá
BenTey	KNOW (SOMETHING)	dʒùwɔ́
DogulDomBendiely	KNOW (SOMETHING)	tìɡá
JamsayDouentza	KNOW (SOMETHING)	dʒùɡɔ́
JamsayMondoro	KNOW (SOMETHING)	dʒùɡɔ́
Mombo	KNOW (SOMETHING)	íɲám.bó
Penange	KNOW (SOMETHING)	járé
PergeTegu	KNOW (SOMETHING)	dʒùɡɔ́
TebulUre	KNOW (SOMETHING)	zùɡɔ́
YandaDom	KNOW (SOMETHING)	zùwɔ́
YornoSo	KNOW (SOMETHING)	dʒùɡɔ́
Ampari	KNOW (SOMETHING)	ɛ́j.∼
Bunoge	KNOW (SOMETHING)	ʔɛ̀j.∼
DogulDomKundialang	KNOW (SOMETHING)	tíɡà
DonnoSo	KNOW (SOMETHING)	ìɡù#wɔ́
BonduSoNajamba	KNOW (SOMETHING)	tíɡà
Penange	KNOW (SOMETHING)	ɛ́ɲɔ̀#bò
Tiranige	KNOW (SOMETHING)	jèj
TogoKan	KNOW (SOMETHING)	í.í~#wɔ̂
TommoSoTongoTongo	KNOW (SOMETHING)	íɡɡo#wɔ
ToroTegu	KNOW (SOMETHING)	ùkú
YornoSo	KNOW (SOMETHING)	íɡ+ɔ́.ɔ́
BenTey	STUDY	dʒáŋ.ɡɛ́
DogulDomBendiely	STUDY	dʒàŋ.ɡɛ́
DonnoSo	STUDY	dʒàŋ.ɡá
JamsayDouentza	STUDY	dʒáŋ.ɡɛ́
Mombo	STUDY	nú.ún.dɛ̀
BonduSoNajamba	STUDY	dʒáŋ.ɡí
PergeTegu	STUDY	dʒáŋ.ɡɛ́
TebulUre	STUDY	zàŋ.ɡí
TogoKan	STUDY	dʒàŋá
TommoSoTongoTongo	STUDY	dʒàŋ.ɡá
YandaDom	STUDY	zàŋà+lí
YornoSo	STUDY	dʒàŋá+
BankanTey	LEARN	dá
BenTey	LEARN	bǎ
Bunoge	LEARN	wɛ́lɛ̀
DogulDomBendiely	LEARN	wɛ̀.ɛ̀rì+jɛ́
DonnoSo	LEARN	bà.àɡ+ɛ́.ɛ́
JamsayDouentza	LEARN	bà.á
Mombo	LEARN	nú.ún.dɛ̀
BonduSoNajamba	LEARN	bàjè
Penange	LEARN	númdɛ̀
PergeTegu	LEARN	bà.á
TebulUre	LEARN	ɲà.á
Tiranige	LEARN	nú.ún.dɔ́
TogoKan	LEARN	bà.á
TommoSoTongoTongo	LEARN	dèé
ToroTegu	LEARN	lɔ́w
YandaDom	LEARN	wɛ́.ɛ́dí+jɛ́
YornoSo	LEARN	dè.é
BenTey	TEACH	bà.à+lí
DonnoSo	TEACH	bà.àɡà+rá
JamsayDouentza	TEACH	bà.à+ná
JamsayMondoro	TEACH	bà.à+ná
Mombo	TEACH	dʒáŋ.ɡì#kánámì
BonduSoNajamba	TEACH	bà.árɛ́
PergeTegu	TEACH	bà.à+lá
TebulUre	TEACH	ɲà.à+mí.í
Tiranige	TEACH	dʒàŋ#káná+mú
TogoKan	TEACH	bà.á+n
TommoSoTongoTongo	TEACH	dèè+n.dé
ToroTegu	TEACH	tótó
YandaDom	TEACH	wɛ́r+dɛ́
YornoSo	TEACH	dè.é+ré
BankanTey	FORGET	ìrɛ́#írɛ́
BenTey	FORGET	ìrɛ́
Bunoge	FORGET	ʔálè
DogulDomBendiely	FORGET	ìrɛ́
DogulDomKundialang	FORGET	írɛ̀
DonnoSo	FORGET	nà.á
JamsayDouentza	FORGET	náŋá
JamsayMondoro	FORGET	náŋá
Mombo	FORGET	íddɛ̀
BonduSoNajamba	FORGET	ìrɛ́
Penange	FORGET	íldɛ̀
PergeTegu	FORGET	náŋ.ɡá
TebulUre	FORGET	írɛ́
Tiranige	FORGET	ídí+jɔ́
TommoSoTongoTongo	FORGET	nàá
ToroTegu	FORGET	ná
YandaDom	FORGET	ídɛ́
YornoSo	FORGET	náŋá
BankanTey	REMEMBER	tɛ́r.∼ɛ́
BenTey	REMEMBER	ìlì+rí
Bunoge	REMEMBER	ʔɛ́ɲɲɛ̀
DogulDomBendiely	REMEMBER	ìl+lɛ́
DogulDomKundialang	REMEMBER	íl+l+jɛ̀
DonnoSo	REMEMBER	nà.à+l+ɛ́.ɛ́
JamsayDouentza	REMEMBER	náŋá+r.∼á
JamsayMondoro	REMEMBER	dʒùɡɔ́
Mombo	REMEMBER	ná.álámì
BonduSoNajamba	REMEMBER	íl+lí+jɛ́
Penange	REMEMBER	ná.álè
PergeTegu	REMEMBER	náŋ.ɡá+rá
TebulUre	REMEMBER	íll+í.í
Tiranige	REMEMBER	já.án.dó
TogoKan	REMEMBER	sǎ~#ná.á+r.∼ì
TommoSoTongoTongo	REMEMBER	nàí+lɛ́
ToroTegu	REMEMBER	nátú+rá
YandaDom	REMEMBER	ídí+lí+jɛ́
YornoSo	REMEMBER	náŋá+lá
BankanTey	BELIEVE	tɛ́r.∼ɛ́
BenTey	BELIEVE	mà.àní
DogulDomBendiely	BELIEVE	mààrɛ́
DogulDomKundialang	BELIEVE	mà.àré
JamsayDouentza	BELIEVE	mà.àná
Mombo	BELIEVE	tɔ̀.ɔ̀nɔ̀#ɡúná#sâj
BonduSoNajamba	BELIEVE	kàdʒàbè
PergeTegu	BELIEVE	mà.àlá
TogoKan	BELIEVE	hɔ́.ɔ́lì
TommoSoTongoTongo	BELIEVE	tààmá#káná
ToroTegu	BELIEVE	nɔ́ŋúsɔ́
YornoSo	BELIEVE	mà.áná
BankanTey	UNDERSTAND	pá.ámà#káŋ
BenTey	UNDERSTAND	pá.ámɛ́
Bunoge	UNDERSTAND	nún.dè
DogulDomBendiely	UNDERSTAND	nùŋɛ́
DonnoSo	UNDERSTAND	pá.ámà
JamsayDouentza	UNDERSTAND	fá.ámá
Mombo	UNDERSTAND	nún.dé
BonduSoNajamba	UNDERSTAND	fá.ámɛ́
Penange	UNDERSTAND	pɛ́dʒíɡɛ̀
PergeTegu	UNDERSTAND	pá.ámɛ́
TebulUre	UNDERSTAND	pá.ám
Tiranige	UNDERSTAND	pá.á~#kánú
TogoKan	UNDERSTAND	pá.ám
YandaDom	UNDERSTAND	pá.ámɛ́
YornoSo	UNDERSTAND	pá.ámá
BenTey	ANGER	tʃɛ̀lɛ̀#bàr.∼ǎj.∼
JamsayDouentza	ANGER	tʃɛ̀nɛ̀#bán
Mombo	ANGER	já.áljâ
BonduSoNajamba	ANGER	kèn.dà+sùɡɔ̀.ɔ́
TogoKan	ANGER	kɛ̀nɛ̀+párú
TommoSoTongoTongo	ANGER	kì+n+dɛ̀#bánú
ToroTegu	ANGER	tʃɛ̀là+bár.∼à
YandaDom	ANGER	lɔ̀ɡù
YornoSo	ANGER	kìnɛ̀#bǎn
BankanTey	HATE	tá
BenTey	HATE	wáɲɛ́
Bunoge	HATE	kà.à+là
JamsayDouentza	HATE	wáɲá
Mombo	HATE	wáɲì#kání
BonduSoNajamba	HATE	wáɲɛ́
Penange	HATE	ntɛ̀.ɛ̀#kání
PergeTegu	HATE	wáɲɛ́
TebulUre	HATE	wáɲá
TommoSoTongoTongo	HATE	wɛ̀dɛ́
ToroTegu	HATE	w.∼áŋá
YandaDom	HATE	wàɲà+lí
YornoSo	HATE	tú.ú+tú.ú#ìbɛ̀lá
BankanTey	DARE	màmí
BenTey	DARE	dà.àrí
Bunoge	DARE	ná.álè
JamsayDouentza	DARE	dà.àrá
JamsayMondoro	DARE	dà.àrá
Penange	DARE	ná.álè
PergeTegu	DARE	sú.úsɛ́
TebulUre	DARE	dàrá
Tiranige	DARE	jàrí#kánú
TogoKan	DARE	dà.árì
TommoSoTongoTongo	DARE	káná#bɛ̀lɛ́
ToroTegu	DARE	hír.∼í#kár.∼á
YandaDom	DARE	dàdú
YornoSo	DARE	dà.ár+ɛ́.ɛ́
BankanTey	FEAR (FRIGHT)	w.∼ǎn
BenTey	FEAR (FRIGHT)	ùwǎw
Bunoge	FEAR (FRIGHT)	dìwɔ̀
DogulDomBendiely	FEAR (FRIGHT)	úɡììɡ
DogulDomKundialang	FEAR (FRIGHT)	ú.úɡ+ì.ì+ɡ
DonnoSo	FEAR (FRIGHT)	níɲɲ+ɛ̀.ɛ̀+dù
JamsayGourou	FEAR (FRIGHT)	lì+lɛ̀.ɛ́
JamsayDouentza	FEAR (FRIGHT)	lì+lɛ̀.ɛ́
JamsayMondoro	FEAR (FRIGHT)	lì+lɛ̀.ɛ́
Mombo	FEAR (FRIGHT)	níwɔ́
BonduSoNajamba	FEAR (FRIGHT)	ìbìnà+ŋ.ɡó
Penange	FEAR (FRIGHT)	ní.íɡɔ́
PergeTegu	FEAR (FRIGHT)	lɛ̀+lɛ̀.ɛ́
TebulUre	FEAR (FRIGHT)	íríjá.á
Tiranige	FEAR (FRIGHT)	jó.óní+jó
TogoKan	FEAR (FRIGHT)	lìwɛ́
TommoSoTongoTongo	FEAR (FRIGHT)	ní+jɛ́
ToroTegu	FEAR (FRIGHT)	líwá
YandaDom	FEAR (FRIGHT)	íbɛ̀
YornoSo	FEAR (FRIGHT)	lì+lɛ̀.ɛ́
BankanTey	ANXIETY	kúmpàm
BenTey	ANXIETY	kúmpâm
Bunoge	ANXIETY	ná.álù
DonnoSo	ANXIETY	mà.àn.dìɡ+ú
JamsayDouentza	ANXIETY	kúmpâm
BonduSoNajamba	ANXIETY	kèn.dà+ɲàmǐ+n
Penange	ANXIETY	kà.àm
PergeTegu	ANXIETY	kúmpâm
TebulUre	ANXIETY	má.án.dú+ɡò
Tiranige	ANXIETY	nóɡórí
TogoKan	ANXIETY	kìnè+ɡò.ó
TommoSoTongoTongo	ANXIETY	kúm+bɔ̀
ToroTegu	ANXIETY	kúmpà
YandaDom	ANXIETY	kúm.bàm
YornoSo	ANXIETY	dɛ̀.ɛ̀pâj
BankanTey	PITY	júrùmɛ́.ɛ́n.dɛ̀
BenTey	PITY	jùrùmìní.ì
Bunoge	PITY	jùrmɛ̀n.dɛ́
DonnoSo	PITY	àm.bà+sɔ̀ɡɔ́
JamsayGourou	PITY	àmà+sɔ̀ɣɔ́
JamsayDouentza	PITY	jùrùmìnú
Mombo	PITY	júrúmɛ́rɛ̀
BonduSoNajamba	PITY	júrmɛ̀n.dɛ̀
Penange	PITY	júrmì
PergeTegu	PITY	júrúmá.ár.∼ɛ̀
Tiranige	PITY	jùrùmɛ̀.ɛ̀n.dɛ́
TogoKan	PITY	àmà+sɔ̀ɡɔ́
TommoSoTongoTongo	PITY	júrú+mɔ́
ToroTegu	PITY	jírímínà
YandaDom	PITY	júrùmɛ̀
YornoSo	PITY	àmsɔ̀ɡɔ́
YornoSo	BOAST	dónɔ́#ɡùɲɔ́
BenTey	ENVY	mìr.∼ɛ́
JamsayDouentza	ENVY	mìr.∼é
TogoKan	ENVY	mìr.∼í
YandaDom	ENVY	mìr.∼é
YornoSo	ENVY	mɛ̀r.∼ɛ́
BankanTey	REGRET	nímsìtà#káŋ
BenTey	REGRET	nímsítɛ́
Bunoge	REGRET	nímsì#kánì
DonnoSo	REGRET	nímìsɛ̀#kánà
JamsayDouentza	REGRET	nímísɛ́
Mombo	REGRET	nímínsá#kání
BonduSoNajamba	REGRET	jáŋ.ɡì#tírɛ́
Penange	REGRET	nímsà#kán
PergeTegu	REGRET	nímsɛ́
Tiranige	REGRET	mìsìtí#kánú
TommoSoTongoTongo	REGRET	nímísɛ́
ToroTegu	REGRET	j.∼áŋkìtà#kár.∼á
YandaDom	REGRET	nǐmsɛ́
BankanTey	SHAME	ɡìrè+zí
BenTey	SHAME	dʒìrè+èn.dʒú
Bunoge	SHAME	mɛ̀lɛ̀
DogulDomKundialang	SHAME	dɔ̀ɡɔ́
DonnoSo	SHAME	dɔ̀ɡɔ́
JamsayGourou	SHAME	dɔ̀ɣɔ̀bàɣá
JamsayDouentza	SHAME	é.éɲú
JamsayMondoro	SHAME	é.éɲú
Mombo	SHAME	dɔ́ɡɔ̀
BonduSoNajamba	SHAME	dʒɔ̀.ɔ̀ɡó
Penange	SHAME	jè.èrè
PergeTegu	SHAME	é.én.dʒú
Tiranige	SHAME	dóɡá
TogoKan	SHAME	dɔ̀ɡɔ́
TommoSoTongoTongo	SHAME	ɡìrè#àn.dʒú
TommoSoTongoTongo	SHAME	dɔ̀+ɡɔ́
TommoSoTongoTongo	SHAME	dɔ̀+ɡɔ̀#pàɡá
ToroTegu	SHAME	è~sú
YandaDom	SHAME	dɔ̀ɡɔ̀
YornoSo	SHAME	dɔ̀ɡɔ́
BankanTey	CHOOSE	zɔ́
BenTey	CHOOSE	jɛ̀m.bú
Bunoge	CHOOSE	súbúlè
DogulDomBendiely	CHOOSE	jɛ̀m.bɛ́
DonnoSo	CHOOSE	jɛ́m.b+ɛ̀
JamsayDouentza	CHOOSE	ɲɛ̀mɛ́
JamsayMondoro	CHOOSE	ɲɛ̀mɛ́
Mombo	CHOOSE	ɲɛ́m.bɛ́
BonduSoNajamba	CHOOSE	sàm.bè
Penange	CHOOSE	kíjɛ́
PergeTegu	CHOOSE	jɛ̀m.bɛ́
Tiranige	CHOOSE	núɡúló
TogoKan	CHOOSE	ɲɛ̀mɛ́
TommoSoTongoTongo	CHOOSE	jɛ̀m.bɛ́
ToroTegu	CHOOSE	dʒɛ̀sá
YandaDom	CHOOSE	jɛ̀m.bɛ́
YornoSo	CHOOSE	jɛ̀mɛ́
BankanTey	INTENTION	ánìjà
BenTey	INTENTION	áníj.∼ɛ̀
Bunoge	INTENTION	ʔáníjà
DonnoSo	INTENTION	má.árù
JamsayDouentza	INTENTION	ánɛ́.ɛ̀
Mombo	INTENTION	námí
BonduSoNajamba	INTENTION	ánnìjà
Penange	INTENTION	ánjà
PergeTegu	INTENTION	ár.∼íj.∼ɛ̀
Tiranige	INTENTION	ànìjá
TogoKan	INTENTION	ánɛ́
TommoSoTongoTongo	INTENTION	h+ánní+jɛ́
ToroTegu	INTENTION	áníjà
YandaDom	INTENTION	hàníj.∼ɛ̀
YornoSo	INTENTION	hánɛ̀.ɛ̀
BankanTey	WANT	mbà.á
BenTey	WANT	dʒɔ̀rɔ́
DogulDomKundialang	WANT	námà
JamsayGourou	WANT	dèné
JamsayDouentza	WANT	dèné
JamsayMondoro	WANT	dèné
Mombo	WANT	námmì
PergeTegu	WANT	sáwá
TogoKan	WANT	íwɛ́nɛ́
TommoSoTongoTongo	WANT	súnɔ́+mɔ́
YandaDom	WANT	ɛ́bí+ɡí+jɛ́
Mombo	LOVE	kàŋkâj.∼
TommoSoTongoTongo	LOVE	mbɛ̀#mbɛ́
ToroTegu	LOVE	hórsìnà
BankanTey	NEED (NOUN)	há.ádʒè
BenTey	NEED (NOUN)	há.ádʒɛ̀
JamsayDouentza	NEED (NOUN)	há.ádʒɛ̀
Mombo	NEED (NOUN)	há.ádʒɛ̀
BonduSoNajamba	NEED (NOUN)	há.ádʒè
PergeTegu	NEED (NOUN)	há.ádʒɛ̀
Tiranige	NEED (NOUN)	há.ádʒɛ̀
TogoKan	NEED (NOUN)	há.ádʒɛ́
TommoSoTongoTongo	NEED (NOUN)	sùnɔ̀+mú
TommoSoTongoTongo	NEED (NOUN)	háàdʒù
ToroTegu	NEED (NOUN)	há.ádʒɛ̀
YandaDom	NEED (NOUN)	há.ádʒɛ̀
YornoSo	NEED (NOUN)	há.àdʒù
Ampari	SEE	jó.ò
BankanTey	SEE	jí
BenTey	SEE	jǐ
Bunoge	SEE	téɡè
DogulDomBendiely	SEE	wɛ̀.ɛ́
DogulDomKundialang	SEE	wɛ̀.ɛ́
DonnoSo	SEE	wɛ́+ɛ̀
JamsayGourou	SEE	ɛ́.ɛ́
JamsayDouentza	SEE	ɛ̀.ɛ́
JamsayMondoro	SEE	ɛ̀.ɛ́
Mombo	SEE	máljé.è
BonduSoNajamba	SEE	jɛ́
Penange	SEE	málɡè
PergeTegu	SEE	jɛ̀.ɛ́
TebulUre	SEE	jí
Tiranige	SEE	bálí+jó
TogoKan	SEE	ɔ̀.ɔ́
TommoSoTongoTongo	SEE	jɛ̀
ToroTegu	SEE	wɔ́
YandaDom	SEE	wɔ́
YornoSo	SEE	jé.é+
BankanTey	LOOK	tíní
BenTey	LOOK	tíní
Bunoge	LOOK	té.édʒè
DogulDomBendiely	LOOK	wù+lɛ́
DogulDomKundialang	LOOK	wùlɛ́
DonnoSo	LOOK	ɡɛ̀n.dɛ́+
JamsayGourou	LOOK	ìŋá
JamsayDouentza	LOOK	jàŋá
JamsayMondoro	LOOK	jàŋá
Mombo	LOOK	máljé.è
BonduSoNajamba	LOOK	tàrè
Penange	LOOK	sé.émì
PergeTegu	LOOK	jɛ̀lɛ́
TebulUre	LOOK	dʒɛ̀rí+
Tiranige	LOOK	dʒá.áló
TogoKan	LOOK	ɡɛ̀rɛ́
TommoSoTongoTongo	LOOK	jɛ̀+n.dɛ́
ToroTegu	LOOK	ɛ̀lá
YandaDom	LOOK	tíɡɛ́
YornoSo	LOOK	jɛ̀nɛ́
Mombo	GUARD	nɔ́djà
TommoSoTongoTongo	GUARD	dóm+mú
BenTey	GUARD	ɔ̀r.∼ɔ̀+ɡɔ̀j.∼ú+m
DonnoSo	GUARD	jàlù+kádùbì+nɛ̀
JamsayDouentza	GUARD	dì.ì~+tíɡé+n
Mombo	GUARD	nɔ̀djà#nɔ́dí
Tiranige	GUARD	dó.óŋ.ɡé
TogoKan	GUARD	ɲà+kádʒúwá
TommoSoTongoTongo	GUARD	ndɛ̀#dòm+mù#dɔ́m+m+í+nɛ́
ToroTegu	GUARD	mètù+métú+nú
YandaDom	GUARD	dɔ̀mú
BankanTey	SHOW	kɛ́rí
BenTey	SHOW	tʃɛ́.ɛ́rí
Bunoge	SHOW	téɡó+mì
DonnoSo	SHOW	táɡà
JamsayGourou	SHOW	té.éré
JamsayDouentza	SHOW	té.éré
JamsayMondoro	SHOW	té.éré
Mombo	SHOW	tá.árè
BonduSoNajamba	SHOW	tɛ́.ɛ́rɛ́
Penange	SHOW	tá.árè
PergeTegu	SHOW	tó.óró
TebulUre	SHOW	táɡá
Tiranige	SHOW	tá.áró
TogoKan	SHOW	tó.órù
TommoSoTongoTongo	SHOW	táárá
ToroTegu	SHOW	tótó
YandaDom	SHOW	dámdɛ́
YornoSo	SHOW	tá.árá
BankanTey	OMEN	tàlêj
JamsayDouentza	OMEN	tàr.∼í.ì~
Mombo	OMEN	tá.árá
PergeTegu	OMEN	sɔ̌m
TogoKan	OMEN	sɛ́.ɛ́rɛ́
TommoSoTongoTongo	OMEN	tààlé
YandaDom	OMEN	tàlè
YornoSo	OMEN	sé.èrè
BankanTey	PRECIPICE	sím.bɛ́j
BenTey	PRECIPICE	sím.bɛ́j
JamsayDouentza	PRECIPICE	síméj.∼
BonduSoNajamba	PRECIPICE	sím.bɛ́j#nɛ̀
PergeTegu	PRECIPICE	sím.bɛ́j
TommoSoTongoTongo	PRECIPICE	dʒèlènéé+ni
BankanTey	DISAPPEAR	mbàrá
BenTey	DISAPPEAR	màrá
DogulDomKundialang	DISAPPEAR	tɛ̀ɡɛ́lɛ̀ŋ#màré
JamsayDouentza	DISAPPEAR	màr.∼á
Mombo	DISAPPEAR	kábé
BonduSoNajamba	DISAPPEAR	dìbè
PergeTegu	DISAPPEAR	màrá
TogoKan	DISAPPEAR	mòr+í.ì
TommoSoTongoTongo	DISAPPEAR	dìm.bé
ToroTegu	DISAPPEAR	màrá
YornoSo	DISAPPEAR	màná+
BankanTey	MIRROR	díɡí
BenTey	MIRROR	tʃìlè#tìn+í.ì
Bunoge	MIRROR	tìntòrɡá
DogulDomBendiely	MIRROR	kìn.dó#wùló
DonnoSo	MIRROR	dùwàlěŋ
JamsayDouentza	MIRROR	tʃìnè+jǎŋ
Mombo	MIRROR	dò.ò#dám.bálíŋ.ɡè
BonduSoNajamba	MIRROR	kìn.dò+tǎr+ŋ.ɡò
Penange	MIRROR	kìn.dò+sè.èmí
PergeTegu	MIRROR	kìlè+jɛ́l
Tiranige	MIRROR	tʃìn.dù+tʃìn.dú#dʒá.ál+jé
TogoKan	MIRROR	dùwɔ̀lɛ̌.∼
TommoSoTongoTongo	MIRROR	kì+kì+n.dè#jɛ̀+n.dú
ToroTegu	MIRROR	díɡì
YandaDom	MIRROR	kì+kìn.dì+tíɡù
BankanTey	HIDE (CONCEAL)	zɔ̀rí
BenTey	HIDE (CONCEAL)	bàŋ.ɡì+rí
Bunoge	HIDE (CONCEAL)	jɔ́ɡɛ̀
DogulDomBendiely	HIDE (CONCEAL)	dʒɔ̀jɛ́
DogulDomKundialang	HIDE (CONCEAL)	dʒɔ̀.ɔ̀+rɛ́
DonnoSo	HIDE (CONCEAL)	dʒɔ̀.ɔ̀+rɔ́
JamsayGourou	HIDE (CONCEAL)	bàŋà+r.∼á
JamsayDouentza	HIDE (CONCEAL)	bàŋà+r.∼á
Mombo	HIDE (CONCEAL)	dábúrè
BonduSoNajamba	HIDE (CONCEAL)	sìbì+rè
Penange	HIDE (CONCEAL)	kúj+rɛ̀
PergeTegu	HIDE (CONCEAL)	súɡú+ró
TebulUre	HIDE (CONCEAL)	bàŋ.ɡì+rí
Tiranige	HIDE (CONCEAL)	dʒíná+ŋ.ɡó
TogoKan	HIDE (CONCEAL)	bàŋá+r.∼á
TommoSoTongoTongo	HIDE (CONCEAL)	bàŋú+n.dá
ToroTegu	HIDE (CONCEAL)	sútó
YandaDom	HIDE (CONCEAL)	bá.á+n.dɛ́
YornoSo	HIDE (CONCEAL)	bàŋá+rá
BankanTey	LOOK FOR	zɔ̀rɔ́
BenTey	LOOK FOR	dʒɔ̀rɔ́
Bunoge	LOOK FOR	téɡólè
DogulDomBendiely	LOOK FOR	dɛ̀nnɛ́
DogulDomKundialang	LOOK FOR	dɛ̀nnɛ́
DonnoSo	LOOK FOR	dɛ́nn+ɛ̀
JamsayGourou	LOOK FOR	pówó
JamsayDouentza	LOOK FOR	lúɡúró
Mombo	LOOK FOR	jɔ́lɛ́
BonduSoNajamba	LOOK FOR	dùn.dɛ́
Penange	LOOK FOR	dún.dɛ́
PergeTegu	LOOK FOR	lúɡúró
TebulUre	LOOK FOR	zɔ̀.ɔ́
TiranigeBoui	LOOK FOR	jɔ́lɔ́
TogoKan	LOOK FOR	dɛ̀nɛ́
TommoSoTongoTongo	LOOK FOR	dɛ̀nnɛ́
ToroTegu	LOOK FOR	dùnó
YandaDom	LOOK FOR	dɛ̀nɛ́
YornoSo	LOOK FOR	jí
BankanTey	FIND	bɛ̀rɛ́
BenTey	FIND	bɛ̀lɛ́
DonnoSo	FIND	wɛ́+ɛ̀
JamsayGourou	FIND	ɛ́.ɛ́
JamsayDouentza	FIND	bɛ̀rɛ́#ɛ̀.ɛ́
Mombo	FIND	máljé.è
BonduSoNajamba	FIND	dùmɛ́
PergeTegu	FIND	jɛ̀.ɛ́
Tiranige	FIND	bálí+jó
TogoKan	FIND	ɔ̀.ɔ́
TommoSoTongoTongo	FIND	jɛ̀
ToroTegu	FIND	wɔ́
YandaDom	FIND	wɔ́
YornoSo	FIND	jé.é
BenTey	MEET	dà.àjí
DogulDomBendiely	MEET	dʒèmlìjé
DogulDomKundialang	MEET	dʒèmùl+jé
JamsayDouentza	MEET	tʃédʒé
PergeTegu	MEET	késé
TebulUre	MEET	sɛ́ɡír
TogoKan	MEET	kídʒ+ɛ́.ɛ́
TommoSoTongoTongo	MEET	sɛ́ɡírɛ́
ToroTegu	MEET	sɛ́ɡá
YandaDom	MEET	sɛ́.ɛ́dɛ́
YornoSo	MEET	dàɡ+ɛ́.ɛ́
BankanTey	FIND	séré
BenTey	FIND	dà.àjí
Bunoge	FIND	bélóŋ.ɡè
JamsayGourou	FIND	kézé
JamsayDouentza	FIND	tʃédʒé
Mombo	FIND	ɡám.bjé.è
BonduSoNajamba	FIND	dʒɛ̀.ɛ́rɛ́
Penange	FIND	tém.bé
PergeTegu	FIND	dàn.ɡá
TommoSoTongoTongo	FIND	sɛ́ɡírɛ́
ToroTegu	FIND	dìr.∼á
YandaDom	FIND	sɛ́.ɛ́dɛ́
YornoSo	FIND	kédʒé
Ampari	HEAR	mánù
BankanTey	HEAR	nú
BenTey	HEAR	nǔ
Bunoge	HEAR	nún.dè
DogulDomBendiely	HEAR	nùŋɛ́
DogulDomKundialang	HEAR	nùŋɛ́
DonnoSo	HEAR	ɛ́ɡɛ̀
JamsayDouentza	HEAR	áɣá
JamsayMondoro	HEAR	áɣá
Mombo	HEAR	nún.dé
BonduSoNajamba	HEAR	ŋwɛ̀
Penange	HEAR	nún.dé
PergeTegu	HEAR	ɛ́ɡɛ́
TebulUre	HEAR	nɔ́
Tiranige	HEAR	nú.ún.dó
TogoKan	HEAR	ɛ́ɡɛ́
TommoSoTongoTongo	HEAR	ɛ́ɡɛ́
ToroTegu	HEAR	ɛ́ɡá
YandaDom	HEAR	nɔ́
YornoSo	HEAR	ɛ́ɡɛ́
BankanTey	LISTEN	dìn.dé
BenTey	LISTEN	dìlé
Bunoge	LISTEN	nún.dè
DogulDomBendiely	LISTEN	nèn.dì+jé
DogulDomKundialang	LISTEN	nè.èn.d+jé
DonnoSo	LISTEN	kéɲɲ+è.è
JamsayGourou	LISTEN	kéɡéré
JamsayDouentza	LISTEN	tʃéɡéré
Mombo	LISTEN	nún.djé.è
BonduSoNajamba	LISTEN	ndìjè
Penange	LISTEN	nún.d+jè
PergeTegu	LISTEN	tʃéɡéré
TebulUre	LISTEN	nùn.dí.í
Tiranige	LISTEN	dá.árí+jó
TogoKan	LISTEN	kéŋéré
TommoSoTongoTongo	LISTEN	kééní+jé
ToroTegu	LISTEN	tʃéré
YandaDom	LISTEN	nìn.dí+jó
YornoSo	LISTEN	kíŋ+ɛ́.ɛ́
BankanTey	VOICE	kɔ́mùr.∼ɔ̀
BenTey	VOICE	kɔ́.ɔ́r.∼ɔ̀
Bunoge	VOICE	kólà
DonnoSo	VOICE	mɛ̀.ɛ́
JamsayDouentza	VOICE	mír.∼é
Mombo	VOICE	nɔ́lɔ́
BonduSoNajamba	VOICE	jɔ̀.ɔ̀.
PergeTegu	VOICE	mír.∼é
Tiranige	VOICE	míníjɛ́
TogoKan	VOICE	mír.∼í
TommoSoTongoTongo	VOICE	mì+jɛ́
ToroTegu	VOICE	mìrá
YandaDom	VOICE	mìr.∼à
YornoSo	VOICE	mɛ̀.ɛ́.∼
BankanTey	BE SILENT	dɛ̀rí
BenTey	BE SILENT	dɛ̀rí
Bunoge	BE SILENT	tóní+nà#ŋ.ɡù#dɛ́bɛ̀
DonnoSo	BE SILENT	dè.èl+é.é
JamsayDouentza	BE SILENT	dɛ̀.ɛ̀r.∼ɛ́
Penange	BE SILENT	dón+nà#ím.bé
PergeTegu	BE SILENT	dɛ̀.ɛ̀r.∼ɛ́
Tiranige	BE SILENT	tɛ̀.ɛ̀+tɛ̀.ɛ̀#kánú
TogoKan	BE SILENT	tímɛ́
TommoSoTongoTongo	BE SILENT	kún.dúm+ni#wɔ̀
ToroTegu	BE SILENT	dɛ̀lá
YandaDom	BE SILENT	ólíjé
YornoSo	BE SILENT	dɛ̀.ɛ́r.∼ɛ́
BankanTey	WHISPER	zɔ̂w.∼
BenTey	WHISPER	jò.òró
JamsayGourou	WHISPER	ɡɛ̀.ɛ̀rɛ́
JamsayDouentza	WHISPER	jò.òró
Mombo	WHISPER	témélì
PergeTegu	WHISPER	jò.òró
TogoKan	WHISPER	ɡɛ̀.ɛ́rì
TommoSoTongoTongo	WHISPER	mèlé
ToroTegu	WHISPER	síwúrá
YandaDom	WHISPER	dʒɛ̀lɛ́
YornoSo	WHISPER	jò.óló
BenTey	SHRIEK	píjé
DogulDomBendiely	SHRIEK	kɔ̀mɛ́
JamsayDouentza	SHRIEK	pé.é
JamsayMondoro	SHRIEK	pé.é
YornoSo	SHRIEK	pí.í
BenTey	SHOUT	bɔ̀r.∼ɔ́
DogulDomKundialang	SHOUT	témjè
JamsayDouentza	SHOUT	bò.ònó
TebulUre	SHOUT	tʃè+ɡé#tʃé
TogoKan	SHOUT	bòná.á#bɔ̀rɔ́
YandaDom	SHOUT	kèrè+kèrè+kérè#kódó
YornoSo	SHOUT	sómnɔ́
BankanTey	WHISTLE	pó
BenTey	WHISTLE	pó
DogulDomKundialang	WHISTLE	súsɛ̀
DonnoSo	WHISTLE	súd+ɛ̀.ɛ̀
JamsayGourou	WHISTLE	pó.óró
JamsayDouentza	WHISTLE	pórówó
Mombo	WHISTLE	wélé
BonduSoNajamba	WHISTLE	pébí
Penange	WHISTLE	púbúlè
PergeTegu	WHISTLE	tú.úsɔ́
Tiranige	WHISTLE	péwó
TogoKan	WHISTLE	wírɛ́
TommoSoTongoTongo	WHISTLE	póóbí+jó
ToroTegu	WHISTLE	jìró
YandaDom	WHISTLE	púbíjɛ́
YornoSo	WHISTLE	póbúl+ɛ́.ɛ́
BankanTey	CRY	jɔ́
BenTey	CRY	jɔ́
Bunoge	CRY	pé.è
DogulDomKundialang	CRY	jɛ́.ɛ̀
DonnoSo	CRY	jà.á
JamsayGourou	CRY	ɛ́.ɛ́.∼
JamsayDouentza	CRY	ɛ̀.ɛ́.∼
JamsayMondoro	CRY	ɛ̀.ɛ́.∼
Mombo	CRY	wɛ́.ɛ́
BonduSoNajamba	CRY	ɲɛ̀
Penange	CRY	wwɛ́.ɛ́
PergeTegu	CRY	kójó
Tiranige	CRY	kɔ́mɔ́
TogoKan	CRY	kɔ́.ɔ́.∼
TommoSoTongoTongo	CRY	píjé
ToroTegu	CRY	jɛ́
YandaDom	CRY	jɛ́
YornoSo	CRY	pí.í
BankanTey	TEAR (OF EYE)	dʒìrè+ní.ì
BenTey	TEAR (OF EYE)	dʒìrè+ní.ì
JamsayDouentza	TEAR (OF EYE)	dʒìrè+ní.ì
BonduSoNajamba	TEAR (OF EYE)	kìn.dʒàm.bílɛ̀+ŋ.ɡò
PergeTegu	TEAR (OF EYE)	ɡìrè+ní.í
TogoKan	TEAR (OF EYE)	ɡìrè+dí.í
TommoSoTongoTongo	TEAR (OF EYE)	ɡì+rè#sí+lú
ToroTegu	TEAR (OF EYE)	dʒìrò+ní
YandaDom	TEAR (OF EYE)	ɡìdé+n.dʒú
YornoSo	TEAR (OF EYE)	ɡìrì+dì.í
BankanTey	GROAN	dùró
BenTey	GROAN	dùró
Bunoge	GROAN	núdʒè
DonnoSo	GROAN	kɔ́m+ɛ̀
JamsayGourou	GROAN	dùró
JamsayDouentza	GROAN	dùró
Mombo	GROAN	núzé
BonduSoNajamba	GROAN	ɲɛ́
Penange	GROAN	núdʒé
PergeTegu	GROAN	dùró
Tiranige	GROAN	núdʒó
TogoKan	GROAN	dùró
TommoSoTongoTongo	GROAN	dʒím#píjé
ToroTegu	GROAN	íwró
YandaDom	GROAN	dǔl#dùló
YornoSo	GROAN	pí.í
BankanTey	HOWL	lò.òró
Mombo	HOWL	kɔ́mɛ́
BonduSoNajamba	HOWL	ìnì+jè
PergeTegu	HOWL	bò.òló
TommoSoTongoTongo	HOWL	kóódó
YandaDom	HOWL	kódó
YornoSo	HOWL	pí.í
BankanTey	SMELL (STINK)	ɡɔ̀mɔ́
BenTey	SMELL (STINK)	ɡɔ̀w.∼ɔ́
DogulDomBendiely	SMELL (STINK)	dʒìɲú#kùn.dé
JamsayDouentza	SMELL (STINK)	ɔ́jɔ́
Mombo	SMELL (STINK)	ɡɔ́mɛ́
BonduSoNajamba	SMELL (STINK)	ɡɔ̀mɛ́
PergeTegu	SMELL (STINK)	ɔ̀m.bú+kɔ̀
TommoSoTongoTongo	SMELL (STINK)	ɲɔ́m#níjɛ́
ToroTegu	SMELL (STINK)	séŋó
YandaDom	SMELL (STINK)	ɡìɲé
YornoSo	SMELL (STINK)	ɔ́mɔ́
BankanTey	SNIFF	tíní
BenTey	SNIFF	dʒì.í~
Bunoge	SNIFF	ɲíŋú+rè
DogulDomBendiely	SNIFF	dʒìɲé
JamsayGourou	SNIFF	ɡìsé
JamsayDouentza	SNIFF	sámá
JamsayMondoro	SNIFF	áɡá
Mombo	SNIFF	sún.dʒé
BonduSoNajamba	SNIFF	ɡìŋè
Penange	SNIFF	ɡí.í+n.dè
PergeTegu	SNIFF	sámá
Tiranige	SNIFF	kúdʒádʒí+jó
TogoKan	SNIFF	sámá
TommoSoTongoTongo	SNIFF	sám.bá
ToroTegu	SNIFF	sú~sɔ́
YandaDom	SNIFF	sínzíjó
YornoSo	SNIFF	dʒìɲ+ɛ́.ɛ́
BankanTey	TASTE (SOMETHING)	nɛ́mɛ́
BenTey	TASTE (SOMETHING)	nɛ́w.∼ɛ́
Bunoge	TASTE (SOMETHING)	dá.án.dè
DogulDomBendiely	TASTE (SOMETHING)	nààn.dɛ́
DogulDomKundialang	TASTE (SOMETHING)	nà.àn.dé
DonnoSo	TASTE (SOMETHING)	nà.àn.dá
JamsayGourou	TASTE (SOMETHING)	nɛ́w.∼ɛ́
JamsayDouentza	TASTE (SOMETHING)	nɛ́w.∼ɛ́
JamsayMondoro	TASTE (SOMETHING)	nɛ́w.∼ɛ́
Mombo	TASTE (SOMETHING)	ná.án.dè
Penange	TASTE (SOMETHING)	ná.án.dè
PergeTegu	TASTE (SOMETHING)	nɛ́w.∼ɛ́
TebulUre	TASTE (SOMETHING)	lǎj
Tiranige	TASTE (SOMETHING)	nɛ́lɔ́
TogoKan	TASTE (SOMETHING)	tá.á
TommoSoTongoTongo	TASTE (SOMETHING)	nɛ́mɛ́
ToroTegu	TASTE (SOMETHING)	ɛ̀lá
YandaDom	TASTE (SOMETHING)	nèmɛ́
YornoSo	TASTE (SOMETHING)	nɛ́w.∼ɛ́
DogulDomBendiely	TASTE (SOMETHING)	dɛ̀ɡɛ́
BonduSoNajamba	TASTE (SOMETHING)	nɛ́ɡɛ́
TommoSoTongoTongo	TASTE (SOMETHING)	dɛ̀ɡɛ́#jɛ̀+n.dɛ́
YornoSo	TASTE (SOMETHING)	dɛ̀ɡɛ́
BenTey	GLUE	mùr.∼ú
JamsayDouentza	GLUE	mǔn
Mombo	GLUE	áŋ.ɡù
Tiranige	GLUE	kɔ́.ɔ́lú
TogoKan	GLUE	mɔ̌
TommoSoTongoTongo	GLUE	kɔ́l
ToroTegu	GLUE	kɔ́.ɔ́l
YandaDom	GLUE	lòdʒù
BankanTey	KNOT	mɔ̀.ɔ́j~
BenTey	KNOT	mù.ùj.∼í.ì
Bunoge	KNOT	kúŋ.ɡù
DonnoSo	KNOT	mùŋ+ú
JamsayGourou	KNOT	mùŋú
JamsayDouentza	KNOT	mǔŋ
JamsayMondoro	KNOT	mǔŋ
Mombo	KNOT	dùɡɛ́
BonduSoNajamba	KNOT	kìn.dʒá.à
Penange	KNOT	dùɡɔ̀
PergeTegu	KNOT	mǔj.∼
TogoKan	KNOT	mùŋú
TommoSoTongoTongo	KNOT	díŋú
ToroTegu	KNOT	dìɡú
YandaDom	KNOT	dìŋ
YornoSo	KNOT	dìɡú
BankanTey	HANG UP	kɔ́lí
BenTey	HANG UP	kɔ́lí
Bunoge	HANG UP	dʒáŋ.ɡè
DogulDomKundialang	HANG UP	ɡɔ̀n.dù+rɛ́
DonnoSo	HANG UP	ɡɔ̀n.dɔ̀+rɔ́
JamsayGourou	HANG UP	kólló
JamsayDouentza	HANG UP	kɔ́rɔ́
JamsayMondoro	HANG UP	kɔ́l+lɔ́
Mombo	HANG UP	ɡɔ́ddɛ̀
BonduSoNajamba	HANG UP	ɡùbɛ́
Penange	HANG UP	ɡɔ́r+dɛ̀
PergeTegu	HANG UP	kɔ́lɔ́
TebulUre	HANG UP	ɡùbú
Tiranige	HANG UP	ɡúwɔ́
TogoKan	HANG UP	dʒèré
TommoSoTongoTongo	HANG UP	dʒèlé
ToroTegu	HANG UP	ɡùtɔ́
YandaDom	HANG UP	kɔ́r+dɔ́
YornoSo	HANG UP	dʒèlé
BankanTey	TIE	pá.á
BenTey	TIE	páɣá
Bunoge	TIE	sɔ́dʒɛ̀
DogulDomBendiely	TIE	kɔ̀mmɛ́
DogulDomKundialang	TIE	kɔ́mmɛ̀
DonnoSo	TIE	kɔ́mm+ɛ̀
JamsayGourou	TIE	páɣá
JamsayDouentza	TIE	páɡá
Mombo	TIE	páɡé
BonduSoNajamba	TIE	pàɡè
Penange	TIE	sɔ́dʒɛ́
PergeTegu	TIE	páɡá
TebulUre	TIE	kɔ́m.bú
Tiranige	TIE	páɡó
TogoKan	TIE	páɡá
TommoSoTongoTongo	TIE	kɔ́mmɔ́
ToroTegu	TIE	páɡá
YandaDom	TIE	kɔ́mɔ́
YornoSo	TIE	páɡá
BankanTey	UNTIE	mɔ̀.ɔ̀+r.∼í#ɡò+n.dó
BenTey	UNTIE	mù.ù+r.∼ú
DogulDomBendiely	UNTIE	kɔ̀mmɛ̀+lɛ́
DonnoSo	UNTIE	mùŋò+ló
JamsayDouentza	UNTIE	mùŋù+r.∼ó
JamsayMondoro	UNTIE	mùŋù+r.∼ó
Mombo	UNTIE	dúɡúlɛ̀
BonduSoNajamba	UNTIE	pùlè
PergeTegu	UNTIE	mùj.∼+r.∼ó
TebulUre	UNTIE	dìɡì+lí
TogoKan	UNTIE	mùŋó+ró
TommoSoTongoTongo	UNTIE	dìŋí+lɛ́
ToroTegu	UNTIE	dìɡù+rá
YandaDom	UNTIE	dìŋí+lɛ́
YornoSo	UNTIE	ɡò.ó+nɔ́+
BankanTey	ROPE	sòŋ.ɡú
BenTey	ROPE	sùŋ.ɡú
Bunoge	ROPE	síŋ.ɡì
DogulDomBendiely	ROPE	síjìŋ
DogulDomKundialang	ROPE	sì.íŋ
DonnoSo	ROPE	sǔŋ
JamsayGourou	ROPE	sùŋú
JamsayDouentza	ROPE	sǔŋ
JamsayMondoro	ROPE	sǔŋ
Mombo	ROPE	síŋ.ɡì
BonduSoNajamba	ROPE	sì.í+ŋ.ɡó
Penange	ROPE	síŋ.ɡì
PergeTegu	ROPE	sùŋ.ɡú
TebulUre	ROPE	sùŋ.ɡó
Tiranige	ROPE	síŋ.ɡí
TogoKan	ROPE	sùŋú
TommoSoTongoTongo	ROPE	súm
ToroTegu	ROPE	sǔŋ
YandaDom	ROPE	sùŋ
YornoSo	ROPE	sǔm
BankanTey	HINDER OR PREVENT	pálà#káŋ
BenTey	HINDER OR PREVENT	pálɛ́
DonnoSo	HINDER OR PREVENT	páŋ+ɛ̀.ɛ̀
JamsayDouentza	HINDER OR PREVENT	pálá
Mombo	HINDER OR PREVENT	párì#kání
BonduSoNajamba	HINDER OR PREVENT	pálɛ́
PergeTegu	HINDER OR PREVENT	pálɛ́
TogoKan	HINDER OR PREVENT	dùŋó
TommoSoTongoTongo	HINDER OR PREVENT	tín.dí+jé
ToroTegu	HINDER OR PREVENT	kár.∼á
YandaDom	HINDER OR PREVENT	íbé
YornoSo	HINDER OR PREVENT	tí.í~
BankanTey	HOLD	wó
BenTey	HOLD	wǒ
Bunoge	HOLD	dɛ́bɛ̀
DogulDomKundialang	HOLD	dìj+jé
DonnoSo	HOLD	ɡɛ̀l+ɛ́.ɛ́
JamsayGourou	HOLD	kúmó
JamsayDouentza	HOLD	dʒìné
JamsayMondoro	HOLD	dʒèré
Mombo	HOLD	dín.djé.è
BonduSoNajamba	HOLD	kùm.bì+jè
Penange	HOLD	dín.d+jè
PergeTegu	HOLD	dʒìjé
TebulUre	HOLD	dʒɛ̀l+í.í
Tiranige	HOLD	ɡélí+jó
TogoKan	HOLD	á.á#dìn+í.ì
TommoSoTongoTongo	HOLD	ɡɛ̀lí+jɛ́
ToroTegu	HOLD	áwá
YandaDom	HOLD	ìbè+lí
YornoSo	HOLD	ɡɛ̀l+ɛ́.ɛ́
BenTey	CARRY IN HAND	kɔ́lí
Bunoge	CARRY IN HAND	dɛ́bɛ̀
DonnoSo	CARRY IN HAND	ɡɛ̀l+ɛ́.ɛ́+
JamsayDouentza	CARRY IN HAND	kɔ́rɔ́#ɡìné
Penange	CARRY IN HAND	jélé+n.dè
TogoKan	CARRY IN HAND	kɔ́rɔ́
TommoSoTongoTongo	CARRY IN HAND	ɡèláá#sɛ̀
ToroTegu	CARRY IN HAND	zèzùró
YandaDom	CARRY IN HAND	zèlé
BankanTey	HOLD	kúm.bíjé
BenTey	HOLD	kúmɡó#wàjí
DonnoSo	HOLD	kúm.b+è.è
JamsayDouentza	HOLD	kúmó#dʒìné
Mombo	HOLD	kúmmì
BonduSoNajamba	HOLD	kúm.bí+j#ɡɛ̀lí+jɛ́
PergeTegu	HOLD	kúmdʒó
TogoKan	HOLD	dìn+í.ì
TommoSoTongoTongo	HOLD	kúm.bí+jó
ToroTegu	HOLD	kúmíj.∼ó
YandaDom	HOLD	kúm.bíjó
YornoSo	HOLD	kúm+ɛ́.ɛ́
BankanTey	EMBRACE	ɛ́m.bí
BenTey	EMBRACE	pɔ́rɔ́
DonnoSo	EMBRACE	pɔ́r+ɛ̀
JamsayDouentza	EMBRACE	kómó
Mombo	EMBRACE	ɡò.ò~#nwɛ́.ɛ́
BonduSoNajamba	EMBRACE	tìdʒì+jè
PergeTegu	EMBRACE	pɔ́rɔ́
TogoKan	EMBRACE	pɔ́rɔ́#dìn+í.ì
TommoSoTongoTongo	EMBRACE	kámá
ToroTegu	EMBRACE	tʃɛ́w.∼á
YandaDom	EMBRACE	kámá+lì
YornoSo	EMBRACE	káw.∼á+
BenTey	CARRY UNDER ARM	wàjí
DonnoSo	CARRY UNDER ARM	ámùɡ+ɛ̀
JamsayDouentza	CARRY UNDER ARM	ámáŋá#ɡìné
TommoSoTongoTongo	CARRY UNDER ARM	ámmú+ɡí+jɛ́
ToroTegu	CARRY UNDER ARM	súrɔ́
YandaDom	CARRY UNDER ARM	ɡòŋɔ̀+j#dʒèlà
BenTey	KEEP	dɛ̀jí
JamsayDouentza	KEEP	dè.èné
Mombo	KEEP	dín.djé.è
BonduSoNajamba	KEEP	kùm.bì+jè
PergeTegu	KEEP	dʒìjé
TogoKan	KEEP	á.á+ná
TommoSoTongoTongo	KEEP	ɡàwí+jɛ́
ToroTegu	KEEP	dèlé
YandaDom	KEEP	ɡɛ̀lí+jɛ́
YornoSo	KEEP	ɡɛ̀l+ɛ́.ɛ́
BankanTey	BLANKET	jóm.bí.í
BenTey	BLANKET	ɡórí.í
Bunoge	BLANKET	ɲám+ɡè
JamsayDouentza	BLANKET	jà.à+jìrú
Mombo	BLANKET	jɔ̀ɡù#sôj
BonduSoNajamba	BLANKET	jám.bú.ú
Penange	BLANKET	ám.bú
PergeTegu	BLANKET	jùrù+ɡórú
Tiranige	BLANKET	jòm.bù
TogoKan	BLANKET	jà.à+tǔ~
TommoSoTongoTongo	BLANKET	àbùrù#ndʒò+í
TommoSoTongoTongo	BLANKET	jó+m+bú
TommoSoTongoTongo	BLANKET	sɔ̀w#jàá
ToroTegu	BLANKET	jà+jɔ̀rú
YandaDom	BLANKET	jàm.bú
YornoSo	BLANKET	sɔ̀j+ɡórú
BankanTey	COVER	dɛ́wâ
BenTey	COVER	dɛ̌w
DogulDomBendiely	COVER	jàm.bù+rɛ́
DonnoSo	COVER	jɛ̀m.bɛ̀+rɛ́
JamsayDouentza	COVER	dɛ̀wɛ́#ɡòró
Mombo	COVER	dɛ́bɛ́
BonduSoNajamba	COVER	jàm.bè
PergeTegu	COVER	dɛ̀wɛ́
TogoKan	COVER	ɡòró
TommoSoTongoTongo	COVER	jàm.bá
ToroTegu	COVER	dàpá
YandaDom	COVER	dà.á
YornoSo	COVER	dɛ̀bɛ́+
BankanTey	MIX	ɡàmír.∼í
BenTey	MIX	ɡà.àr.∼í
Bunoge	MIX	níɡídʒè
DogulDomBendiely	MIX	nèɡìsé
DonnoSo	MIX	líɡùdù+mɔ̀
JamsayGourou	MIX	ɡà.àr.∼á
JamsayDouentza	MIX	ɡà.àr.∼á
JamsayMondoro	MIX	ɡà.àr.∼á
Mombo	MIX	níɡídʒè
BonduSoNajamba	MIX	nìɡìdʒè
Penange	MIX	níɡídʒè
PergeTegu	MIX	ɡà.àrá
TogoKan	MIX	líɡídʒé
TommoSoTongoTongo	MIX	níɡídé
ToroTegu	MIX	wàr+ká
YandaDom	MIX	bìlé
YornoSo	MIX	wà.ár.∼á
BankanTey	KNEAD	wò.òsó
BenTey	KNEAD	dʒèŋ.ɡé
Bunoge	KNEAD	náríjè
DonnoSo	KNEAD	wàɡàdá
JamsayGourou	KNEAD	zèŋé
JamsayDouentza	KNEAD	dʒèŋé
JamsayMondoro	KNEAD	dʒèŋé
Mombo	KNEAD	nádʒjé.è
BonduSoNajamba	KNEAD	ɡùɡùlè
Penange	KNEAD	nárɡè
PergeTegu	KNEAD	dʒèŋ.ɡé
Tiranige	KNEAD	náríjó
TogoKan	KNEAD	ɡà.áɲì
TommoSoTongoTongo	KNEAD	wààdá
ToroTegu	KNEAD	wàɡùsá
YandaDom	KNEAD	zèŋé
YornoSo	KNEAD	dʒìŋɛ́
BankanTey	SHAKE	ɲùmá
BenTey	SHAKE	jìɡé
Bunoge	SHAKE	ɲíŋó+mì
DonnoSo	SHAKE	dʒìɡù+mɔ́
JamsayDouentza	SHAKE	jìɡé
Mombo	SHAKE	jíɡírómì
BonduSoNajamba	SHAKE	bìŋ.ɡìdʒè
Penange	SHAKE	jíɡírè
PergeTegu	SHAKE	dʒìɡìré
Tiranige	SHAKE	jíɡídʒó
TogoKan	SHAKE	jìɡé+ré
TommoSoTongoTongo	SHAKE	jùmɔ́
ToroTegu	SHAKE	zìɡùtó
YandaDom	SHAKE	jìɡé
YornoSo	SHAKE	dʒìɡíbú
BankanTey	SHIVER	tʃímɛ́
BenTey	SHIVER	tʃíw.∼ɛ́
Bunoge	SHIVER	kíló+mì
DonnoSo	SHIVER	kímè
JamsayDouentza	SHIVER	tʃíw.∼é
Mombo	SHIVER	súlɔ́#súlɛ́
BonduSoNajamba	SHIVER	kìlbì+jè
Penange	SHIVER	súlɛ́
PergeTegu	SHIVER	kíw.∼ɛ́
Tiranige	SHIVER	jɛ́wɔ́
TogoKan	SHIVER	kíw.∼í
TommoSoTongoTongo	SHIVER	kímɛ́
ToroTegu	SHIVER	zìɡùtó
YandaDom	SHIVER	kímé
YornoSo	SHIVER	sɔ́.ɔ́.∼
BankanTey	SQUEEZE	kámá
BenTey	SQUEEZE	pɔ́rɔ́
DogulDomKundialang	SQUEEZE	pɔ́s+ɡùlɛ̀
DonnoSo	SQUEEZE	pɔ́dɔ̀+ɡɔ̀lɔ̀
JamsayDouentza	SQUEEZE	pɔ́rɔ́
Mombo	SQUEEZE	kámmì
BonduSoNajamba	SQUEEZE	kàmè
PergeTegu	SQUEEZE	káw.∼á
Tiranige	SQUEEZE	kámí+jó
TogoKan	SQUEEZE	púɡúdʒù
TommoSoTongoTongo	SQUEEZE	kámá
ToroTegu	SQUEEZE	kúmíj.∼ó
YandaDom	SQUEEZE	pɔ́dɔ́
YornoSo	SQUEEZE	káw.∼á
BankanTey	PUSH	dàm.bí
BenTey	PUSH	dàm.bí
Bunoge	PUSH	dún.dʒúrè
DogulDomBendiely	PUSH	dɔ̀ŋ.ɡɛ́
DonnoSo	PUSH	dɔ́ŋ.ɡ+ɛ̀
JamsayGourou	PUSH	dàmá
JamsayDouentza	PUSH	dàmá
JamsayMondoro	PUSH	dàmá
Mombo	PUSH	túm.bjé.è
BonduSoNajamba	PUSH	dàm.bè
Penange	PUSH	túm.bú+ɡè
PergeTegu	PUSH	dàm.bá
TebulUre	PUSH	dàm.bí
Tiranige	PUSH	dám.bó
TogoKan	PUSH	dèmé
TommoSoTongoTongo	PUSH	dàm.bá
ToroTegu	PUSH	dàw.∼á
YandaDom	PUSH	dàm.bà+lí
YornoSo	PUSH	dàmá
BankanTey	PULL	bàsá
BenTey	PULL	bàsá
Bunoge	PULL	ɡím.bɛ̀
DogulDomBendiely	PULL	dʒìm.bɛ́
DogulDomKundialang	PULL	dʒìm.bɛ́
DonnoSo	PULL	dʒìm.bɛ́
JamsayGourou	PULL	bàsá
JamsayDouentza	PULL	bàdʒá
JamsayMondoro	PULL	bàdʒá
Mombo	PULL	ɡɔ́bɛ́
BonduSoNajamba	PULL	dʒùm.bɛ́
Penange	PULL	ɡím.bɛ́
PergeTegu	PULL	bàsá
TebulUre	PULL	bàdá
Tiranige	PULL	ím.bɛ́
TogoKan	PULL	bàdʒá
TommoSoTongoTongo	PULL	bìn.dʒé
ToroTegu	PULL	ɡàɡá
YandaDom	PULL	dìlíjó
YornoSo	PULL	bìɲɛ́+
BankanTey	RIDE	nùmá
BenTey	RIDE	dʒɔ̀.ɔ̀m.bú
DonnoSo	RIDE	dʒɔ̀mmɔ́
JamsayDouentza	RIDE	dʒɔ̀.ɔ̀mɔ́
Mombo	RIDE	dúɡúrómì
BonduSoNajamba	RIDE	jòbá+m
PergeTegu	RIDE	dʒɔ̀mɔ́
TogoKan	RIDE	dìn+ɛ́.ɛ́
TommoSoTongoTongo	RIDE	dʒáá
ToroTegu	RIDE	zɔ̀mɔ́
YornoSo	RIDE	dʒɔ̌m+nɔ́
BankanTey	DRIVE	nùmá
BenTey	DRIVE	dʒɔ̀.ɔ̀m.bú
Bunoge	DRIVE	dú.únú+mì
DonnoSo	DRIVE	dʒɔ̀mmɔ́
JamsayDouentza	DRIVE	dʒɔ̀.ɔ̀mɔ́
Mombo	DRIVE	dúɡúrómì
BonduSoNajamba	DRIVE	jòbá+m
Penange	DRIVE	dúɡú+ró+mì
PergeTegu	DRIVE	dʒɔ̀mɔ́
Tiranige	DRIVE	dú.úrújó+mú
TogoKan	DRIVE	dʒómó
TommoSoTongoTongo	DRIVE	dʒáá
ToroTegu	DRIVE	zɔ̀mɔ́
YandaDom	DRIVE	zɔ̀bɔ́+mɔ́
YornoSo	DRIVE	dʒɔ̌m+nɔ́+
BankanTey	THROW	ɡìsé
BenTey	THROW	pɔ́tɔ́
Bunoge	THROW	dɔ́ŋ.ɡɛ̀
DonnoSo	THROW	kám.bà
JamsayDouentza	THROW	kámá
JamsayMondoro	THROW	kámá
Mombo	THROW	ɡúdʒé
BonduSoNajamba	THROW	ɡìdʒè
Penange	THROW	ɡúdʒé
PergeTegu	THROW	pɔ́tɔ́
TebulUre	THROW	ɡìdé
Tiranige	THROW	pɔ́rɔ́
TogoKan	THROW	kámá
TommoSoTongoTongo	THROW	dʒùm.bó
ToroTegu	THROW	dà.à~sá
YandaDom	THROW	ɡìzé
YornoSo	THROW	kámá+
BankanTey	TOUCH	táwá
BenTey	TOUCH	táwá
Bunoge	TOUCH	nárè
DogulDomBendiely	TOUCH	tàbɛ́
DonnoSo	TOUCH	tábà
JamsayGourou	TOUCH	tɔ́wɔ́
JamsayDouentza	TOUCH	tɔ́wɔ́
JamsayMondoro	TOUCH	tɔ́wɔ́
Mombo	TOUCH	tábjé.è
BonduSoNajamba	TOUCH	dòŋ.ɡí
Penange	TOUCH	náré
PergeTegu	TOUCH	táwá
TebulUre	TOUCH	tábá
TiranigeBoui	TOUCH	táwó
TogoKan	TOUCH	tɔ́wɔ́
TommoSoTongoTongo	TOUCH	dèŋé
ToroTegu	TOUCH	dòɡó
YandaDom	TOUCH	tábá+lì+
YornoSo	TOUCH	tábá+
BankanTey	RUB	pú.úrí
BenTey	RUB	pú.úrú
Bunoge	RUB	kó.órè
DonnoSo	RUB	póbòlò+mɔ̀
JamsayGourou	RUB	pórúwó
JamsayDouentza	RUB	pórówó
JamsayMondoro	RUB	pórówó
Mombo	RUB	póɡúlúmì
BonduSoNajamba	RUB	tábílɛ́
Penange	RUB	pábálè
PergeTegu	RUB	pú.úrɔ́
Tiranige	RUB	táwá+ló
TogoKan	RUB	pó.óró+m
TommoSoTongoTongo	RUB	tábí+lɛ́
ToroTegu	RUB	súmɔ́
YandaDom	RUB	púbúlɔ́
YornoSo	RUB	póbóló+mɔ́+
BankanTey	FOLD	mbùn.dó
BenTey	FOLD	mɛ̀lí
Bunoge	FOLD	pún.dè
DogulDomBendiely	FOLD	mùnné
DogulDomKundialang	FOLD	mùnné
DonnoSo	FOLD	múnn+è
JamsayDouentza	FOLD	mìné
Mombo	FOLD	pún.dé
BonduSoNajamba	FOLD	mɛ̀n.dɛ́
Penange	FOLD	pún.dé
PergeTegu	FOLD	mɛ̀lɛ́
TebulUre	FOLD	mɛ̀n.dí
Tiranige	FOLD	pɛ́lɔ́
TogoKan	FOLD	mìné
TommoSoTongoTongo	FOLD	mɛ̀nnɛ́
ToroTegu	FOLD	túkɔ́
YandaDom	FOLD	mɛ̀nɛ́
YornoSo	FOLD	mɛ̀nɛ́
BankanTey	SWEEP	ɛ̀sí
BenTey	SWEEP	sɛ́m.bí
Bunoge	SWEEP	ɲɛ́nnɛ̀
DogulDomBendiely	SWEEP	sɛ̀m.bɛ́
DonnoSo	SWEEP	sɛ́m.bɛ̀
JamsayGourou	SWEEP	sɛ́mɛ́
JamsayDouentza	SWEEP	sɛ́mɛ́
JamsayMondoro	SWEEP	sɛ́mɛ́
Mombo	SWEEP	ɡɛ́njɛ́.ɛ̀
BonduSoNajamba	SWEEP	ndʒùlè
Penange	SWEEP	ɡɛ́.ɛ́n+jɛ̀
PergeTegu	SWEEP	sɛ́m.bɛ́
TebulUre	SWEEP	sɛ́m.bí
Tiranige	SWEEP	ídʒíló
TogoKan	SWEEP	sɛ́mɛ́
TommoSoTongoTongo	SWEEP	sɛ́m.bɛ́
ToroTegu	SWEEP	zàtá
YandaDom	SWEEP	sɛ́m.bɛ́
YornoSo	SWEEP	sɛ́mɛ́
BenTey	RAKE	bèrù+jàwrí.ì
DogulDomBendiely	RAKE	wɔ̀rɔ̀+wɔ̀rɔ́
DonnoSo	RAKE	wɔ̀rɔ̀+wɔ̀rú
JamsayDouentza	RAKE	àn.dʒà.àrú
Tiranige	RAKE	sɔ̀ɡɔ̀+ɡè#bálì+jè
TogoKan	RAKE	dʒèrú
ToroTegu	RAKE	àràtó.ò
BankanTey	BROOM	ùsìr.∼í.ì
BenTey	BROOM	ùsùní.ì
Bunoge	BROOM	ɲéní+ŋ.ɡà
DogulDomBendiely	BROOM	sáŋàlà
DonnoSo	BROOM	sáŋànà
JamsayGourou	BROOM	sá.ámá
JamsayDouentza	BROOM	sá.ámá
JamsayMondoro	BROOM	sá.ámá
Mombo	BROOM	ɡèní
BonduSoNajamba	BROOM	ndʒùl+ú.ù
Penange	BROOM	ɡè.èní
PergeTegu	BROOM	ɡè.èrú
TebulUre	BROOM	ìdìlú+ŋ.ɡò
Tiranige	BROOM	ídʒílí
TogoKan	BROOM	sɔ́múr.∼ú
TommoSoTongoTongo	BROOM	dʒòò+lú
ToroTegu	BROOM	zètú
YandaDom	BROOM	èzìl
YornoSo	BROOM	dʒòbûl
BankanTey	WRITE	tɔ́w.∼
BenTey	WRITE	tɔ́ŋ.ɡú
Bunoge	WRITE	nɔ́nɛ̀
DogulDomBendiely	WRITE	tɔ̀ŋɛ́
DonnoSo	WRITE	tɔ́ŋ+ɛ̀
JamsayDouentza	WRITE	tɔ́ŋɔ́
JamsayMondoro	WRITE	tɔ́ŋɔ́
Mombo	WRITE	nɔ́nɛ́
BonduSoNajamba	WRITE	tɔ́ŋɛ́
Penange	WRITE	sábà#kán
PergeTegu	WRITE	tɔ́ŋ.ɡɔ́
Tiranige	WRITE	nɔ́nɔ́
TogoKan	WRITE	tɔ́ŋɔ́
TommoSoTongoTongo	WRITE	dɔ́.ɔ́.∼#tɔ́.ɔ́.∼
ToroTegu	WRITE	kɔ́rɔ́
YandaDom	WRITE	tóŋɔ́
YornoSo	WRITE	tɔ́ŋɔ́+
BankanTey	READ	dʒáŋ.ɡà#káŋ
BenTey	READ	dʒáŋ.ɡɛ́
Bunoge	READ	dʒàŋ.ɡí#kánì
DogulDomBendiely	READ	dʒàŋ.ɡɛ́
DonnoSo	READ	dʒàŋ.ɡá
JamsayDouentza	READ	dʒáŋ.ɡɛ́
Mombo	READ	dʒáŋ.ɡì#kání
BonduSoNajamba	READ	dʒáŋ.ɡɛ́
Penange	READ	kàlà#kání
PergeTegu	READ	dʒáŋ.ɡɛ́
Tiranige	READ	dʒàŋ.ɡí#kánú
TogoKan	READ	dʒàŋá
TommoSoTongoTongo	READ	dʒàŋ.ɡá
ToroTegu	READ	kár.∼á
YandaDom	READ	zàŋà+lí
YornoSo	READ	dʒàŋá+
BankanTey	PAPER	tílà
BenTey	PAPER	sɛ́wɛ̀
Bunoge	PAPER	dɔ́.ɔ́+kòbà
DogulDomBendiely	PAPER	dɔ́.ɔ̀
DogulDomKundialang	PAPER	dɔ́.ɔ̀
DonnoSo	PAPER	dɔ́.ɔ̀
JamsayGourou	PAPER	sɛ́wɛ̀
JamsayDouentza	PAPER	sɛ́wɛ̀
Mombo	PAPER	dɔ́.ɔ́
BonduSoNajamba	PAPER	sábè
Penange	PAPER	dɔ́.ɔ́+kɔ́bɛ̀
PergeTegu	PAPER	sɛ́wɛ̀
Tiranige	PAPER	pàpìjé
TogoKan	PAPER	sɛ́wɛ́
TommoSoTongoTongo	PAPER	dɔ́.ɔ́.∼
ToroTegu	PAPER	tílà
YandaDom	PAPER	dɔ̀.ɔ́.∼
YornoSo	PAPER	sɛ́bɛ̀
BenTey	LINE	sìwá.à
Bunoge	LINE	sídʒù
DogulDomBendiely	LINE	sìzíŋ
JamsayMondoro	LINE	sìdʒé
Mombo	LINE	ódʒí
BonduSoNajamba	LINE	sìdʒò.ó
Penange	LINE	dí.ídì
Tiranige	LINE	sídʒí
TogoKan	LINE	sìdʒé
TommoSoTongoTongo	LINE	sì+dú
YornoSo	LINE	sìdʒí
JamsayDouentza	PAINTING	sídʒé
Mombo	PAINTING	sídʒé
BonduSoNajamba	PAINTING	nátɛ́
PergeTegu	PAINTING	nátá
TogoKan	PAINTING	tɔ́ŋɔ́
TommoSoTongoTongo	PAINTING	dʒɔ̀.ɔ́.∼
YornoSo	PAINTING	jàlá
BankanTey	KICK	tám.bí
BenTey	KICK	tám.bà
Bunoge	KICK	tám.bè
DogulDomBendiely	KICK	tàm.bɛ́
DonnoSo	KICK	tám.bà
JamsayDouentza	KICK	támá
JamsayMondoro	KICK	támá
Mombo	KICK	tám.bé
BonduSoNajamba	KICK	bìrɛ́
Penange	KICK	tám.bé
PergeTegu	KICK	tám.bá
Tiranige	KICK	páló
TogoKan	KICK	támá
TommoSoTongoTongo	KICK	tám.bá
ToroTegu	KICK	táw.∼á##támá
YandaDom	KICK	tám.bá+lì
YornoSo	KICK	támá
BankanTey	CHOKE	pɔ́rɔ́
BenTey	CHOKE	pɔ́rɔ́
Bunoge	CHOKE	mɛ́ɡɛ̀
DogulDomBendiely	CHOKE	pɔ̀rɛ́
DogulDomKundialang	CHOKE	pɔ́rɛ̀
DonnoSo	CHOKE	pɔ́r+ɛ̀
JamsayGourou	CHOKE	pɔ́rɔ́
JamsayDouentza	CHOKE	pɔ́rɔ́
Mombo	CHOKE	óljé.è
BonduSoNajamba	CHOKE	pɔ́rɛ́
Penange	CHOKE	mɛ́ɡɛ́
PergeTegu	CHOKE	pɔ́rɔ́
Tiranige	CHOKE	ɔ́lɔ́
TogoKan	CHOKE	pɔ́rɔ́
TommoSoTongoTongo	CHOKE	pɔ́rɔ́
ToroTegu	CHOKE	bɔ̀ɡɔ́
YandaDom	CHOKE	pɔ́dɔ́
YornoSo	CHOKE	pɔ́rɔ́
BenTey	CARVE	dʒóŋ.ɡóró#dʒàrá
TommoSoTongoTongo	CARVE	nóbí+lé#nábá
YornoSo	CARVE	lóbó+ló#lábá
BankanTey	CARVE	zárá
BenTey	CARVE	dʒàrá
Bunoge	CARVE	jábè
DogulDomBendiely	CARVE	dʒàwɛ́
DogulDomKundialang	CARVE	dʒàwé
DonnoSo	CARVE	lábà
JamsayGourou	CARVE	láwá
JamsayDouentza	CARVE	lɔ́wɔ́
JamsayMondoro	CARVE	lɔ́wɔ́
Mombo	CARVE	sím.búlè
BonduSoNajamba	CARVE	sìjà+mè
Penange	CARVE	jájé
PergeTegu	CARVE	láwá
TebulUre	CARVE	lábá
Tiranige	CARVE	jájó
TogoKan	CARVE	lɔ́wɔ́
TommoSoTongoTongo	CARVE	nábá
ToroTegu	CARVE	wɔ̀ɡɔ̀rɔ́
YandaDom	CARVE	zà.á
YornoSo	CARVE	lábá
BankanTey	CUT DOWN	dìŋ.ɡírí
BenTey	CUT DOWN	tɛ́rɛ́
Bunoge	CUT DOWN	dúbjɛ̀
DogulDomBendiely	CUT DOWN	sàŋɛ́
DonnoSo	CUT DOWN	lnm.bò+ɡòló
JamsayGourou	CUT DOWN	tɛ́rɛ́
JamsayDouentza	CUT DOWN	tɛ́rɛ́
Mombo	CUT DOWN	kɛ́rɛ́
BonduSoNajamba	CUT DOWN	dʒɔ̀ɡɛ́
Penange	CUT DOWN	ɡún.dʒè
PergeTegu	CUT DOWN	tɛ́rɛ́
TebulUre	CUT DOWN	dèŋ.ɡé
Tiranige	CUT DOWN	dɛ́ŋɔ́
TogoKan	CUT DOWN	kɛ́dʒɛ́
TommoSoTongoTongo	CUT DOWN	dàá
ToroTegu	CUT DOWN	tɛ́rá
YandaDom	CUT DOWN	dʒɛ́
YornoSo	CUT DOWN	dʒàrá+
BenTey	CHOP	télé
Bunoge	CHOP	kɛ́rɛ̀
DonnoSo	CHOP	ɡùmmó
JamsayDouentza	CHOP	tɛ́rɛ́
Mombo	CHOP	sílébè
Penange	CHOP	kɛ́rɛ́
PergeTegu	CHOP	tɛ́rɛ́
TebulUre	CHOP	kédé
Tiranige	CHOP	tɛ́lɔ́
TogoKan	CHOP	kɛ́dʒɛ́
TommoSoTongoTongo	CHOP	tínú#tínɛ́
ToroTegu	CHOP	tɛ́rá
YandaDom	CHOP	dèŋé
YornoSo	CHOP	kɛ́dʒɛ́
BankanTey	CUT	bɛ̀.ɛ̀rí
BenTey	CUT	bɛ̀ɡɛ́wà
JamsayDouentza	CUT	bɛ̀rɡɛ́
Mombo	CUT	pídʒáɡè
BonduSoNajamba	CUT	dà.á#ɡwé
PergeTegu	CUT	pɛ́.ɛ́
TogoKan	CUT	tɛ́wɛ́
TommoSoTongoTongo	CUT	pɛ́lɛ́
ToroTegu	CUT	wɛ̀ská
YornoSo	CUT	dʒɔ̀ɡɔ́
BankanTey	SAW	tʃén.dì
BenTey	SAW	bìm.bí.ì
Bunoge	SAW	ká.án.dʒà
DonnoSo	SAW	ɡàbà+sěŋ
JamsayGourou	SAW	bǐm
JamsayDouentza	SAW	bǐm
JamsayMondoro	SAW	bǐm
Mombo	SAW	kà.àn.dʒá
BonduSoNajamba	SAW	sèm+í.ì
Penange	SAW	ká.án.dʒà
PergeTegu	SAW	bì.ìm.bú
Tiranige	SAW	ɡá.ádʒà
TogoKan	SAW	sí.í
TommoSoTongoTongo	SAW	bì+m+bú
ToroTegu	SAW	ɡì.ì~ɡà.á~
YandaDom	SAW	bì.ìm.bù
YornoSo	SAW	bìmú
BankanTey	SPLIT	ɡùm.bó
BenTey	SPLIT	ɡùm.bó
Bunoge	SPLIT	ká.áɡè
DogulDomBendiely	SPLIT	tùllé
DonnoSo	SPLIT	ɡùmmó
JamsayDouentza	SPLIT	ɡùmó
JamsayMondoro	SPLIT	ɡùmó
Mombo	SPLIT	ɡúm.bé
BonduSoNajamba	SPLIT	kòjè
Penange	SPLIT	ɡúm.bé
PergeTegu	SPLIT	ɡùm+bó
TebulUre	SPLIT	kábílí
Tiranige	SPLIT	káwá+ɡó
TogoKan	SPLIT	ɡùmó
TommoSoTongoTongo	SPLIT	bùló
ToroTegu	SPLIT	kó
YandaDom	SPLIT	ɡùmó
YornoSo	SPLIT	ɡùmɔ́
BankanTey	PEEL	kɔ́.ɔ́sí
BenTey	PEEL	sɛ́wrú
Bunoge	PEEL	kóm.bólè
DonnoSo	PEEL	kɔ́d+ɛ̀
JamsayDouentza	PEEL	sɛ́ltɛ́
JamsayMondoro	PEEL	kóɡóró
Mombo	PEEL	kɔ́dʒɛ́
BonduSoNajamba	PEEL	wɛ̀n.dʒɛ́
Penange	PEEL	kóm.bólè
PergeTegu	PEEL	sɛ́tɛ́
Tiranige	PEEL	ɡúɡɔ́
TogoKan	PEEL	kó.órù
TommoSoTongoTongo	PEEL	wɛ̀n.dʒɛ́
ToroTegu	PEEL	séló
YandaDom	PEEL	kɔ́zɔ́
YornoSo	PEEL	kɔ́dʒɔ́
BenTey	BREAK (DESTROY OR GET DESTROYED)	póɲóró
Bunoge	BREAK (DESTROY OR GET DESTROYED)	mèlá+ɡè
DonnoSo	BREAK (DESTROY OR GET DESTROYED)	póll+è
JamsayDouentza	BREAK (DESTROY OR GET DESTROYED)	pɛ́.ɛ́rɛ́
Penange	BREAK (DESTROY OR GET DESTROYED)	ɡílá+ɡè
Tiranige	BREAK (DESTROY OR GET DESTROYED)	dʒínáŋ.ɡó
TogoKan	BREAK (DESTROY OR GET DESTROYED)	pɛ́.ɛ́ɡɛ́
ToroTegu	BREAK (DESTROY OR GET DESTROYED)	dùŋ.ɡùrɔ́
YandaDom	BREAK (DESTROY OR GET DESTROYED)	pól+ló
YornoSo	BREAK (DESTROY OR GET DESTROYED)	púló
BankanTey	TEAR (SHRED)	káríjí
BenTey	TEAR (SHRED)	ká.árí
Bunoge	TEAR (SHRED)	pán.dʒá+ɡè
DonnoSo	TEAR (SHRED)	kí.ínè
JamsayGourou	TEAR (SHRED)	ká.árá
JamsayDouentza	TEAR (SHRED)	ká.árá
Mombo	TEAR (SHRED)	káŋ.ɡáɡè
BonduSoNajamba	TEAR (SHRED)	àríjɛ́
Penange	TEAR (SHRED)	pán.dʒá+ɡè
PergeTegu	TEAR (SHRED)	ká.árá
TebulUre	TEAR (SHRED)	káddí
Tiranige	TEAR (SHRED)	pádʒá+ɡó
TogoKan	TEAR (SHRED)	ká.árì
TommoSoTongoTongo	TEAR (SHRED)	káádí+jɛ́
ToroTegu	TEAR (SHRED)	kárká
YandaDom	TEAR (SHRED)	ká.ázíjɛ́
YornoSo	TEAR (SHRED)	ká.álá+
BankanTey	SCRAPE	ká.ásí
BenTey	SCRAPE	ká.ásí
DonnoSo	SCRAPE	kɔ́d+ɛ̀
JamsayDouentza	SCRAPE	kɔ́.ɔ́dʒɔ́
JamsayMondoro	SCRAPE	kɔ́.ɔ́dʒɔ́
Mombo	SCRAPE	kádʒálè
BonduSoNajamba	SCRAPE	kɔ́dʒɛ́
PergeTegu	SCRAPE	káɡúsá
Tiranige	SCRAPE	kɔ́dʒɔ́
TogoKan	SCRAPE	kádʒá
TommoSoTongoTongo	SCRAPE	kɔ́.ɔ́dɔ́
ToroTegu	SCRAPE	kɔ́sú
YornoSo	SCRAPE	kɔ́dʒɔ́
BankanTey	SCRAPE	kɔ́.ɔ́sí
BenTey	SCRAPE	kó.ósú
Bunoge	SCRAPE	kádʒè
DonnoSo	SCRAPE	kɔ́d+ɛ̀
JamsayGourou	SCRAPE	kó.ózó
JamsayDouentza	SCRAPE	kɔ́.ɔ́dʒɔ́
Mombo	SCRAPE	kɔ́dʒɛ́
BonduSoNajamba	SCRAPE	kɔ́dʒɛ́
Penange	SCRAPE	kɔ́dʒɛ́
PergeTegu	SCRAPE	kó.ósó
Tiranige	SCRAPE	kɔ́dʒɔ́
TogoKan	SCRAPE	kódʒó
TommoSoTongoTongo	SCRAPE	kɔ́.ɔ́dɔ́
ToroTegu	SCRAPE	kósúró
YandaDom	SCRAPE	kɔ́zɔ́
YornoSo	SCRAPE	kɔ́dʒɔ́
BankanTey	PINCH	pɔ́rɔ́
BenTey	PINCH	pɔ́rɔ́
DonnoSo	PINCH	pínè
JamsayDouentza	PINCH	só.óɡó
BonduSoNajamba	PINCH	pɛ́dʒɛ́
PergeTegu	PINCH	pír.∼ɛ́
Tiranige	PINCH	pín.dó
TogoKan	PINCH	pír.∼í
TommoSoTongoTongo	PINCH	pínɛ́
ToroTegu	PINCH	tʃɛ́w.∼á
YornoSo	PINCH	pɛ́r.∼ɛ́
BankanTey	DIG	ɡàzí
BenTey	DIG	ɡàn.dʒí
Bunoge	DIG	ɡɔ́dʒɛ̀
DogulDomKundialang	DIG	ɡàn.dʒé
DonnoSo	DIG	wàn.dʒá
JamsayGourou	DIG	zà.á~
JamsayDouentza	DIG	dʒà.á~
JamsayMondoro	DIG	dʒà.á~
Mombo	DIG	ɡán.dʒé
BonduSoNajamba	DIG	ɡùlè
Penange	DIG	ɡádʒé
PergeTegu	DIG	ɡàn.dʒá
TebulUre	DIG	ɡùló
Tiranige	DIG	kɔ́lɔ́
TogoKan	DIG	dʒà.á
TommoSoTongoTongo	DIG	ɡùló
ToroTegu	DIG	ɡàsá
YandaDom	DIG	ɡùló
YornoSo	DIG	ɡùló
Ampari	SLEEP	ɛ̀.ɛ̀n.dé
BankanTey	SLEEP	níj.∼ɛ́
BenTey	SLEEP	dʒìrè+ní.ì#ní.íj.∼í
Bunoge	SLEEP	dó.ójè
DogulDomKundialang	SLEEP	nòj+jé
DonnoSo	SLEEP	ɡìrí.ì#jéjj+è.è
JamsayGourou	SLEEP	ɡìní#ní.í
JamsayDouentza	SLEEP	dʒìní.ì#ní.í
JamsayMondoro	SLEEP	dʒìní.ì#ní.í
Mombo	SLEEP	nó.ójè
BonduSoNajamba	SLEEP	nòjè
Penange	SLEEP	nó.ójè
PergeTegu	SLEEP	ɡìní.ì#níj.∼é
TebulUre	SLEEP	dʒìrè+ní+ŋ.ɡí#ní.í
Tiranige	SLEEP	nójó
TogoKan	SLEEP	ɡìnɛ́#nɔ́w.∼+ì.ì
TommoSoTongoTongo	SLEEP	jéjí+jé
ToroTegu	SLEEP	léjó
YandaDom	SLEEP	nìj.∼é
YornoSo	SLEEP	ɡìrí.ì#jé.é
BankanTey	DREAM (SOMETHING)	dìré
BenTey	DREAM (SOMETHING)	dìré
Bunoge	DREAM (SOMETHING)	má.ájè
DogulDomBendiely	DREAM (SOMETHING)	jùlɛ́
DonnoSo	DREAM (SOMETHING)	jèré
JamsayGourou	DREAM (SOMETHING)	mòsó
JamsayDouentza	DREAM (SOMETHING)	mùɲó
JamsayMondoro	DREAM (SOMETHING)	mùɲó
Mombo	DREAM (SOMETHING)	ámán.dʒè
BonduSoNajamba	DREAM (SOMETHING)	màŋ.ɡírí+jɛ́
Penange	DREAM (SOMETHING)	ám.bájè
PergeTegu	DREAM (SOMETHING)	mɔ̀.ɔ̀ɲɔ́
Tiranige	DREAM (SOMETHING)	jámán.dʒó
TogoKan	DREAM (SOMETHING)	mùɲɔ́r.∼ɔ́
TommoSoTongoTongo	DREAM (SOMETHING)	jèlé
ToroTegu	DREAM (SOMETHING)	mò.òsó
YandaDom	DREAM (SOMETHING)	màzín.dí+jɛ́
YornoSo	DREAM (SOMETHING)	jèlé
BankanTey	WAKE UP	bìjó.ò#ndʒírí
BenTey	WAKE UP	jùrɔ́
Bunoge	WAKE UP	júlɛ̀
DogulDomBendiely	WAKE UP	jùlɛ́
DonnoSo	WAKE UP	jèmé
JamsayDouentza	WAKE UP	ɲùw.∼ó
JamsayMondoro	WAKE UP	ɲùw.∼ó
Mombo	WAKE UP	júlɛ́
BonduSoNajamba	WAKE UP	wùlí+jɛ́
Penange	WAKE UP	júlɛ́
PergeTegu	WAKE UP	ɲùw.∼ɔ̀
TebulUre	WAKE UP	jùlɛ́
TiranigeBoui	WAKE UP	júl+jɔ́
TogoKan	WAKE UP	ɡìnɛ́#ɲù.ú
TommoSoTongoTongo	WAKE UP	jèmé
ToroTegu	WAKE UP	j.∼ɔ̀w.∼ɔ́
YornoSo	WAKE UP	íŋé+lé
BankanTey	REST	súmír.∼í
BenTey	REST	sú.úr.∼ú
Bunoge	REST	ʔólán.dè
DogulDomBendiely	REST	nìnì+lì+jé
DonnoSo	REST	dè.èl+é.é
JamsayDouentza	REST	sú.úr.∼ó
Mombo	REST	nɛ́llɛ̀
BonduSoNajamba	REST	sìŋ.ɡìlì+jè
Penange	REST	néllú#nɛ́llɛ̀
PergeTegu	REST	súmnó
Tiranige	REST	álán.dí+jó
TogoKan	REST	sǎ~#dɛ̀.ɛ́r.∼ì
TommoSoTongoTongo	REST	nínní+lí+jé
YandaDom	REST	súmɔ́
YornoSo	REST	dɛ̀.ɛ́r.∼+ɛ́.ɛ́
BankanTey	BED	lí.ì
BenTey	BED	lí.ì
DonnoSo	BED	lí.ì
JamsayDouentza	BED	lì.í
Mombo	BED	dúlú
BonduSoNajamba	BED	dílán
PergeTegu	BED	té.élú
Tiranige	BED	lí.í
TogoKan	BED	lí.í
TommoSoTongoTongo	BED	líí
YandaDom	BED	bìjè
YornoSo	BED	lí.ì
BankanTey	PILLOW	kù.ù#túŋ.ɡúrú+m.bó.ò
BenTey	PILLOW	kù.ù+tùŋ.ɡùrí.ì
JamsayGourou	PILLOW	kù.ù~+túŋúr.∼ú
JamsayDouentza	PILLOW	kù.ù~+tùŋùr.∼ú
Mombo	PILLOW	kò.ò#tùn.dʒí
BonduSoNajamba	PILLOW	kì.ì+tǔŋ+ɡò
PergeTegu	PILLOW	kù.ù+tùŋ.ɡùrú
Tiranige	PILLOW	kòɡò#túŋ.ɡí+jé
TogoKan	PILLOW	kù~+tùŋùr.∼ú
TommoSoTongoTongo	PILLOW	kùù#tùŋú
ToroTegu	PILLOW	tállà
YandaDom	PILLOW	kò.ò+tù.ùn.dù
YornoSo	PILLOW	kù.ù+túŋúrú
BenTey	HOLLOW OUT	ɡɔ̀.ɔ̀.#ɡɔ̌
DonnoSo	HOLLOW OUT	sɔ́b+ɛ̀
Mombo	HOLLOW OUT	sɔ́bɛ́
BonduSoNajamba	HOLLOW OUT	sɔ́bɛ́
PergeTegu	HOLLOW OUT	sɔ́.ɔ́
TogoKan	HOLLOW OUT	sɔ́wɔ́
TommoSoTongoTongo	HOLLOW OUT	sɔ́bɔ́
YandaDom	HOLLOW OUT	kúzɔ́
YornoSo	HOLLOW OUT	sɔ́bɔ́+
Ampari	BITE	díɡɛ́
BankanTey	BITE	kúwó
BenTey	BITE	kúwó
Bunoge	BITE	nún.dʒè
DonnoSo	BITE	kɛ́rɛ̀
JamsayGourou	BITE	kɛ́rɛ́
JamsayDouentza	BITE	tʃɛ́rɛ́
JamsayMondoro	BITE	tʃɛ́rɛ́
Mombo	BITE	núŋ.ɡɛ́
BonduSoNajamba	BITE	kɛ́rɛ́
Penange	BITE	núŋ.ɡɛ́
PergeTegu	BITE	kɛ́rɛ́
TebulUre	BITE	tʃɛ́rɛ́
Tiranige	BITE	tʃɛ́rɔ́
TogoKan	BITE	kɛ́rɛ́
TommoSoTongoTongo	BITE	kɛ́rɛ́
ToroTegu	BITE	tʃɛ́rá
YandaDom	BITE	kɛ́dɛ́
YornoSo	BITE	kɛ́rɛ́
BankanTey	BITE	kúwó
BenTey	BITE	kúwó
DogulDomBendiely	BITE	kɛ̀rɛ́
DonnoSo	BITE	kɛ́rɛ̀
JamsayGourou	BITE	kɛ́rɛ́
JamsayDouentza	BITE	tʃɛ́rɛ́
Mombo	BITE	núŋ.ɡɛ́
BonduSoNajamba	BITE	kɛ́rɛ́
PergeTegu	BITE	kɛ́rɛ́
Tiranige	BITE	tʃɛ́rɔ́
TogoKan	BITE	kɛ́rɛ́
TommoSoTongoTongo	BITE	kɛ́rɛ́
ToroTegu	BITE	tʃɛ́rá
YandaDom	BITE	kɛ́dɛ́
YornoSo	BITE	kɛ́rɛ́
BankanTey	NEEDLE (FOR SEWING)	mísìn.dé.è
BenTey	NEEDLE (FOR SEWING)	mìsílè
Bunoge	NEEDLE (FOR SEWING)	mɛ́n.dʒɛ́lɛ̀
DogulDomBendiely	NEEDLE (FOR SEWING)	mɛ̀n.dʒɛ̀nɛ́
DonnoSo	NEEDLE (FOR SEWING)	mɛ̀ɲínɛ̀
JamsayDouentza	NEEDLE (FOR SEWING)	kállá
JamsayMondoro	NEEDLE (FOR SEWING)	kállá
Mombo	NEEDLE (FOR SEWING)	mènjèné
BonduSoNajamba	NEEDLE (FOR SEWING)	mɛ̀n.dʒɛ́nɛ̀
Penange	NEEDLE (FOR SEWING)	mɛ̀n.dʒɛ̀n.dɛ̀
PergeTegu	NEEDLE (FOR SEWING)	kálá
TebulUre	NEEDLE (FOR SEWING)	mɛ̀n.dɛ́r.∼ɛ́
Tiranige	NEEDLE (FOR SEWING)	mɛ́ɲínɛ́
TogoKan	NEEDLE (FOR SEWING)	mɛ̀ɲɛ́r.∼ɛ́
TommoSoTongoTongo	NEEDLE (FOR SEWING)	mɛ̀n.dʒɛ̀+nɛ́
ToroTegu	NEEDLE (FOR SEWING)	kálá
YandaDom	NEEDLE (FOR SEWING)	mɛ̀nzínà
YornoSo	NEEDLE (FOR SEWING)	kálá
BankanTey	AWL	tʃɛ̀m#kòkó+m.bó.ò
BenTey	AWL	tʃɛ̀m#ɡùsù+ɡɔ̌+j
JamsayDouentza	AWL	tʃɛ̀m+sò.òrú
Mombo	AWL	ɡùdʒì#kémé
BonduSoNajamba	AWL	kɛ̀mɛ́
TogoKan	AWL	ɡùdʒú#kɛ́.∼
TommoSoTongoTongo	AWL	kɛ́m
ToroTegu	AWL	ɡùsù+àtú#tʃɛ̀ŋ
YornoSo	AWL	kɛ̌m
BankanTey	NAIL (TOOL)	póntì
BenTey	NAIL (TOOL)	pɔ́ntù
DonnoSo	NAIL (TOOL)	pòn.dí.ì
JamsayDouentza	NAIL (TOOL)	póntì
Mombo	NAIL (TOOL)	pón.dì
BonduSoNajamba	NAIL (TOOL)	póntì
PergeTegu	NAIL (TOOL)	pɔ́ntù
Tiranige	NAIL (TOOL)	pòntí
TogoKan	NAIL (TOOL)	pɔ́.∼tí
TommoSoTongoTongo	NAIL (TOOL)	pwɛ́.ɛ́.∼ntù
ToroTegu	NAIL (TOOL)	póntì
YandaDom	NAIL (TOOL)	pɔ́ntì.ì
YornoSo	NAIL (TOOL)	pɔ̀ntí.ì
BankanTey	KNIFE	pò.ó
BenTey	KNIFE	pò.ó
Bunoge	KNIFE	dólì
DogulDomBendiely	KNIFE	pòlòɡó
DogulDomKundialang	KNIFE	pòlɡó
DonnoSo	KNIFE	pòlú
JamsayGourou	KNIFE	sìrú
JamsayDouentza	KNIFE	sìrú
JamsayMondoro	KNIFE	sìrú
Mombo	KNIFE	tálá
BonduSoNajamba	KNIFE	pòlé
Penange	KNIFE	tálá
PergeTegu	KNIFE	sìrú
TebulUre	KNIFE	pól+ɡó
Tiranige	KNIFE	tànà
TogoKan	KNIFE	sí.ínɛ́
TommoSoTongoTongo	KNIFE	pòlú
ToroTegu	KNIFE	pèrú
YandaDom	KNIFE	pòl
YornoSo	KNIFE	pǒl
BankanTey	RAZOR	là.àm+kálá
BenTey	RAZOR	là.àm+béré
DogulDomBendiely	RAZOR	láàm#kálá
DonnoSo	RAZOR	là.àmù+kàlá
JamsayDouentza	RAZOR	ráswá.àr
Mombo	RAZOR	lám#kárà
BonduSoNajamba	RAZOR	àràsɔ́.ɔ̀r
PergeTegu	RAZOR	là.àm+béré
TogoKan	RAZOR	àràsɔ́.ɔ́rú
TommoSoTongoTongo	RAZOR	ràswár
ToroTegu	RAZOR	kú#kàrà
YandaDom	RAZOR	là.àm+táná
YornoSo	RAZOR	là.àm+kálá
BankanTey	SHEARS	mɛ́sɛ̀+tʃɛ́.ɛ́dʒɛ̀
BenTey	SHEARS	sò.ò+sìrìwé
Bunoge	SHEARS	mɛ̀sɛ̀kɛ̀rɛ́
DogulDomBendiely	SHEARS	sìsóò
DonnoSo	SHEARS	sìsó.ò
JamsayGourou	SHEARS	sóm#sérúwè
JamsayDouentza	SHEARS	sǒm+séréwè
Mombo	SHEARS	sízó.ò
BonduSoNajamba	SHEARS	mɛ́sɛ̀kɛ̀
Penange	SHEARS	mɛ̀skɛ́tì
PergeTegu	SHEARS	sì.ìzó.ò
Tiranige	SHEARS	sìsó
TogoKan	SHEARS	sìsó
TommoSoTongoTongo	SHEARS	sììsóó
ToroTegu	SHEARS	mɛ́skí.ídʒè
YandaDom	SHEARS	sòm+sìrìbè
YornoSo	SHEARS	sì.ì+só.ò
BankanTey	AXE	sɔ́.ɔ́
DogulDomBendiely	AXE	séèŋ
DonnoSo	AXE	ɡùlɔ́
Mombo	AXE	dʒábú+dʒábú
TogoKan	AXE	ɡùrɔ́
TommoSoTongoTongo	AXE	séú
ToroTegu	AXE	sɔ́ɡɔ́
YornoSo	AXE	ɡùlɔ́
BankanTey	GO	ndó
BenTey	GO	ló
Bunoge	GO	ɡé.én.dè
DogulDomBendiely	GO	bɔ̀lɛ́
DonnoSo	GO	bòló
JamsayGourou	GO	jà.á
JamsayDouentza	GO	jà.á
Mombo	GO	án.dé
BonduSoNajamba	GO	ìnè
Penange	GO	án.dè
PergeTegu	GO	jà.á
TebulUre	GO	jǎj
Tiranige	GO	únú
TogoKan	GO	jě
TommoSoTongoTongo	GO	jàá
TomoKanDiangassagou	GO	jè.è
ToroTegu	GO	jàjá
YandaDom	GO	úr.∼é
YornoSo	GO	jà.á
Ampari	COME	éɡé
BankanTey	COME	wɔ́
BenTey	COME	jɛ̌
Bunoge	COME	ʔéɡè
DogulDomBendiely	COME	mɛ̀nɛ́
DonnoSo	COME	jɛ̀lɛ́
JamsayGourou	COME	jɛ̀rɛ́
JamsayDouentza	COME	jɛ̀rɛ́
JamsayMondoro	COME	jɛ̀rɛ́
Mombo	COME	éɡé
BonduSoNajamba	COME	wè
Penange	COME	éɡé
PergeTegu	COME	wà.á
TebulUre	COME	wɔ̀.ɔ́
Tiranige	COME	jóɡó
TogoKan	COME	jɛ̀rɛ́
TommoSoTongoTongo	COME	jɛ̀lɛ́
TomoKanDiangassagou	COME	jɛ̀lɛ̀
ToroTegu	COME	jèrí
YandaDom	COME	wó
YornoSo	COME	wɛ̀lɛ́
BankanTey	COME BACK	bìríjé
BenTey	COME BACK	píníw.∼à
Bunoge	COME BACK	bídʒílè
DogulDomBendiely	COME BACK	kìɡìlì+jé
DonnoSo	COME BACK	kíɡùl+è.è+
JamsayGourou	COME BACK	pílíwé
JamsayDouentza	COME BACK	pílíwé
JamsayMondoro	COME BACK	pílíwé
BonduSoNajamba	COME BACK	màmílí+jɛ́
Penange	COME BACK	údʒúlè
PergeTegu	COME BACK	pílíwé
TebulUre	COME BACK	mì.ìl+í.í+
Tiranige	COME BACK	báŋ.ɡílí+jó
TogoKan	COME BACK	kíɡéré
TommoSoTongoTongo	COME BACK	kíɡí+lí+jé
ToroTegu	COME BACK	bìrìjó
YandaDom	COME BACK	kɔ́nɔ́
YornoSo	COME BACK	kíɡílímɔ́
BankanTey	LEAVE	dùwá#tí
BenTey	LEAVE	dùwɔ́
Bunoge	LEAVE	mɛ́ŋɛ̀
DogulDomBendiely	LEAVE	dʒùm.bé
DonnoSo	LEAVE	pádà
JamsayGourou	LEAVE	dàɣá
JamsayDouentza	LEAVE	dàɣá
JamsayMondoro	LEAVE	dàɣá
Mombo	LEAVE	dɛ́.ɛ́n.dɛ̀
BonduSoNajamba	LEAVE	dɔ̀ɡɛ́
Penange	LEAVE	dɛ́.ɛ́n.dɛ̀
PergeTegu	LEAVE	tíwɛ́
TebulUre	LEAVE	dòɡɔ́
Tiranige	LEAVE	díjɔ́
TogoKan	LEAVE	dàɡá
TommoSoTongoTongo	LEAVE	pádá
ToroTegu	LEAVE	pásá
YandaDom	LEAVE	dɔ̀ɡɔ́
YornoSo	LEAVE	dàɡá+
BankanTey	LEAVE	ɡó
BenTey	LEAVE	ɡǒ
DogulDomBendiely	LEAVE	bɔ̀lɛ́
DonnoSo	LEAVE	ɡó+è
JamsayGourou	LEAVE	ɡó.ó
JamsayDouentza	LEAVE	ɡò.ó
Mombo	LEAVE	dɛ́.ɛ́n.dɛ̀
BonduSoNajamba	LEAVE	ɡwè
PergeTegu	LEAVE	ɡò.ó
Tiranige	LEAVE	ɡó.ó
TogoKan	LEAVE	ɡó.ó
TommoSoTongoTongo	LEAVE	ɡòó
ToroTegu	LEAVE	ɡó
YandaDom	LEAVE	ɡó
YornoSo	LEAVE	ɡò.ó
BankanTey	ARRIVE	dɔ́
BenTey	ARRIVE	dɔ̌
Bunoge	ARRIVE	dínnɛ̀
DogulDomBendiely	ARRIVE	dèé
DogulDomKundialang	ARRIVE	dɛ̀.ɛ́
DonnoSo	ARRIVE	dɔ́+ɛ̀
JamsayGourou	ARRIVE	dɔ́.ɔ́
JamsayDouentza	ARRIVE	dɔ̀.ɔ́
Mombo	ARRIVE	dínjɛ́.ɛ̀
BonduSoNajamba	ARRIVE	dwɛ̀.ɛ̀
Penange	ARRIVE	túbjɛ̀
PergeTegu	ARRIVE	dɔ̀.ɔ́
TebulUre	ARRIVE	dɔ̌
Tiranige	ARRIVE	ájó
TogoKan	ARRIVE	dɔ́.ɔ́
TommoSoTongoTongo	ARRIVE	dɔ̀.ɔ́
ToroTegu	ARRIVE	dɔ́
YandaDom	ARRIVE	dɔ́
YornoSo	ARRIVE	dɔ̀.ɔ́
BankanTey	ENTER	nú
BenTey	ENTER	nú
Bunoge	ENTER	dɛ́.ɛ̀
DogulDomBendiely	ENTER	nùŋɛ́
DogulDomKundialang	ENTER	nùŋɛ́
DonnoSo	ENTER	jó.ò
JamsayGourou	ENTER	nú.ú
JamsayDouentza	ENTER	nú.ú
JamsayMondoro	ENTER	nú.ú
Mombo	ENTER	nwɛ́.ɛ́
BonduSoNajamba	ENTER	ŋwɛ́
Penange	ENTER	nwɛ́.ɛ́
PergeTegu	ENTER	nɔ́.ɔ́
TebulUre	ENTER	nú
Tiranige	ENTER	nɔ́.ɔ́
TogoKan	ENTER	nú
TommoSoTongoTongo	ENTER	jóó
ToroTegu	ENTER	ló
YandaDom	ENTER	nɔ́
YornoSo	ENTER	jó.ó
BankanTey	GO OUT	ɡô
BenTey	GO OUT	ɡǒ
Bunoge	GO OUT	ɡé.è
DogulDomBendiely	GO OUT	ɡèé
DogulDomKundialang	GO OUT	ɡè.é
DonnoSo	GO OUT	ɡó+è
JamsayGourou	GO OUT	ɡó.ó
JamsayDouentza	GO OUT	ɡò.ó
Mombo	GO OUT	ɡwé.é
BonduSoNajamba	GO OUT	ɡwè
Penange	GO OUT	ɡú.ún.dè
PergeTegu	GO OUT	ɡò.ó
TebulUre	GO OUT	ɡw+á.à+j
Tiranige	GO OUT	ɡó.ó
TogoKan	GO OUT	ɡò.ó
TommoSoTongoTongo	GO OUT	ɡòó
ToroTegu	GO OUT	ɡó
YandaDom	GO OUT	ɡó
YornoSo	GO OUT	ɡò.ó
BankanTey	BRIDGE	pɔ̂m
BenTey	BRIDGE	pɔ̂m
JamsayDouentza	BRIDGE	pɔ́.ɔ̀.∼
Mombo	BRIDGE	pó.ò~
BonduSoNajamba	BRIDGE	pɔ̂m
PergeTegu	BRIDGE	pɔ̂m
TogoKan	BRIDGE	pɔ̌.∼
TommoSoTongoTongo	BRIDGE	pɔ́.ɔ́.∼
ToroTegu	BRIDGE	pɔ̂m
YornoSo	BRIDGE	pɔ́.ɔ̀.∼
BankanTey	ROLL	bìn.díré
BenTey	ROLL	bìlìré
Bunoge	ROLL	bín.dúló+mì
DonnoSo	ROLL	bìlé
JamsayDouentza	ROLL	bìnìr.∼é
Mombo	ROLL	bín.dé
BonduSoNajamba	ROLL	bìn.dè
Penange	ROLL	bín.dúló+mì
PergeTegu	ROLL	bìlìwé
Tiranige	ROLL	mén.dóló
TogoKan	ROLL	bìné
TommoSoTongoTongo	ROLL	bìlé
ToroTegu	ROLL	kúrúkɔ́
YandaDom	ROLL	bìné
YornoSo	ROLL	bìlé
BankanTey	SPIN	ɡòŋ.ɡírí
BenTey	SPIN	wìn.dʒìwú
Bunoge	SPIN	bín.dúló+mì
JamsayDouentza	SPIN	bìlìwé
Mombo	SPIN	wíljómì
BonduSoNajamba	SPIN	ɡìɡìlì+jè
Penange	SPIN	wí.ílè
PergeTegu	SPIN	dʒìɡìré
TebulUre	SPIN	dʒìɡìlí
Tiranige	SPIN	bíníló
TogoKan	SPIN	wìlé+m
TommoSoTongoTongo	SPIN	dʒìɡí+ré
ToroTegu	SPIN	píwró
YandaDom	SPIN	dʒìɡílé
YornoSo	SPIN	dʒìɡílí+m#ɡàlá
BankanTey	SPIN	wùŋ.ɡúró
BenTey	SPIN	wìn.dʒìwú
DonnoSo	SPIN	dʒìɡìl+é.é
JamsayDouentza	SPIN	bìlìwé
Mombo	SPIN	wíljé.è
BonduSoNajamba	SPIN	ɡìɡìlè
Penange	SPIN	wí.ílè
PergeTegu	SPIN	dʒìɡìré
TebulUre	SPIN	dʒìɡìl+í.í
Tiranige	SPIN	bínílí+jó
TogoKan	SPIN	wìlé+m
TommoSoTongoTongo	SPIN	dʒìɡí+lí+jé
ToroTegu	SPIN	píwró
YandaDom	SPIN	dʒìɡílé
YornoSo	SPIN	dʒìɡílí+m#ɡàlá
BankanTey	SHIVER	tʃímɛ́
BenTey	SHIVER	tʃíw.∼ɛ́
DonnoSo	SHIVER	dʒìɡé
JamsayDouentza	SHIVER	dʒìɡìré
Mombo	SHIVER	jíɡídjé.è
BonduSoNajamba	SHIVER	dʒùbè
PergeTegu	SHIVER	dʒìɡìré
Tiranige	SHIVER	bí~#ɡúnú
TogoKan	SHIVER	kíw.∼í
TommoSoTongoTongo	SHIVER	kímɛ́
ToroTegu	SHIVER	zìɡùtó
YandaDom	SHIVER	dʒɛ̀r+dʒɛ̀r#kán
YornoSo	SHIVER	sɔ́.ɔ́.∼
BankanTey	FOLLOW	dìm.bíjí
BenTey	FOLLOW	dìm.bì+jí
Bunoge	FOLLOW	tídʒ+dʒɛ̀
DonnoSo	FOLLOW	dìŋb+ɛ́.ɛ́
JamsayDouentza	FOLLOW	dìmé
Mombo	FOLLOW	díŋ.ɡjɛ́.ɛ̀
BonduSoNajamba	FOLLOW	dìm.bí+jɛ́
Penange	FOLLOW	dín.dʒɛ̀
PergeTegu	FOLLOW	dìm.bì+jé
TebulUre	FOLLOW	dìm.b+í.í
Tiranige	FOLLOW	táɡí+jó
TommoSoTongoTongo	FOLLOW	dìm.bí+jɛ́
ToroTegu	FOLLOW	dìɡá
YandaDom	FOLLOW	dìm.bí+jɛ́
YornoSo	FOLLOW	dìm+ɛ́.ɛ́
BankanTey	RUN	jɔ̀wɔ́
BenTey	RUN	jɔ̀ɣɔ́
Bunoge	RUN	dú.únì
DogulDomBendiely	RUN	dʒòbé
DonnoSo	RUN	dʒɔ̀bɔ́
JamsayGourou	RUN	zɔ̀wɔ́
JamsayDouentza	RUN	dʒɔ̀wɔ́
Mombo	RUN	dúɡúrè
BonduSoNajamba	RUN	jɔ̀bɛ́
Penange	RUN	dúɡú+rè
PergeTegu	RUN	dʒɔ̀wɔ́
TebulUre	RUN	zòbɔ́
TiranigeBoui	RUN	dú.úrú+jó
TogoKan	RUN	dʒɔ̀wɔ́
TommoSoTongoTongo	RUN	dʒɔ̀bɔ́
ToroTegu	RUN	zɔ̌w
YandaDom	RUN	zɔ̀bɔ́
YornoSo	RUN	dʒɔ̀bɔ́
BankanTey	FLEE	jɔ̀wɔ́
BenTey	FLEE	jɔ̀ɣɔ́
JamsayGourou	FLEE	zɔ̀wɔ́
JamsayDouentza	FLEE	dʒɔ̀wɔ́
BonduSoNajamba	FLEE	jɔ̀bɛ́
PergeTegu	FLEE	dʒɔ̀wɔ́
TogoKan	FLEE	dʒɔ̀wɔ́
TommoSoTongoTongo	FLEE	dʒɔ̀bɔ́#màn.dá
ToroTegu	FLEE	zɔ̌w
YornoSo	FLEE	dʒɔ̀bɔ́#jà.á
BankanTey	TAKE	jàríj
BenTey	TAKE	jàrìjí
Bunoge	TAKE	jí.ílè
DogulDomBendiely	TAKE	ìné
DonnoSo	TAKE	jèd+é.é
JamsayGourou	TAKE	jèlìwé
JamsayDouentza	TAKE	jìlìwé
JamsayMondoro	TAKE	jìlìwé
Mombo	TAKE	ɡíljé.è
BonduSoNajamba	TAKE	jàlí+jɛ́
Penange	TAKE	jíɡílè
PergeTegu	TAKE	jìlìwé
TogoKan	TAKE	ɡɔ̀ŋɔ́r.∼ɔ́
TommoSoTongoTongo	TAKE	jàlí+jɛ́
ToroTegu	TAKE	tɔ́ŋúnɔ́
YandaDom	TAKE	jàlíjɛ́
YornoSo	TAKE	jólú#jàl+ɛ́.ɛ́
BankanTey	WALK	jórú
BenTey	WALK	jórí.í
Bunoge	WALK	jí.ílà
DogulDomBendiely	WALK	dùmàn.dá
DogulDomKundialang	WALK	dúmm+ì.ì+ɡ
DonnoSo	WALK	jà.àlɛ̀.ɛ̀nú
JamsayDouentza	WALK	jílíwú
JamsayMondoro	WALK	jílíwú
Mombo	WALK	ɡí.ílì
BonduSoNajamba	WALK	jál
Penange	WALK	jìɡìlà
PergeTegu	WALK	jílú.ú
TogoKan	WALK	ɡɔ́ŋúr.∼ú
TommoSoTongoTongo	WALK	jólú
ToroTegu	WALK	tɔ́ŋúnɔ̀
YandaDom	WALK	jǎl
YornoSo	WALK	jólú
BankanTey	LIMP	tí.ír.∼í
BenTey	LIMP	téɡé
Bunoge	LIMP	tíŋódʒè
DogulDomKundialang	LIMP	téɡè
DonnoSo	LIMP	téɡè
JamsayGourou	LIMP	téɡé
JamsayDouentza	LIMP	kɔ́.ɔ́#téɡé
Mombo	LIMP	téɡé
BonduSoNajamba	LIMP	tèŋ.ɡè
Penange	LIMP	téŋ.ɡéŋ#kání
PergeTegu	LIMP	kúwɔ́#téɡé
TebulUre	LIMP	téɡé
Tiranige	LIMP	tíŋ.ɡó
TogoKan	LIMP	kúwɔ́#téɡé
TommoSoTongoTongo	LIMP	ánú#téɡé
ToroTegu	LIMP	tíŋúnó
YandaDom	LIMP	téɡé
YornoSo	LIMP	téɡé
BankanTey	JUMP	pótó
BenTey	JUMP	péré
Bunoge	JUMP	tóm.bè
DogulDomBendiely	JUMP	tòm.bé
DogulDomKundialang	JUMP	tóm.bè
DonnoSo	JUMP	tóm.b+è
JamsayGourou	JUMP	péré
JamsayDouentza	JUMP	péré
Mombo	JUMP	tóm.bé
BonduSoNajamba	JUMP	tóm.bí
Penange	JUMP	tóm.bé
PergeTegu	JUMP	pété
TebulUre	JUMP	tóm.bó
Tiranige	JUMP	tóm.bó
TogoKan	JUMP	kír+é.é
TommoSoTongoTongo	JUMP	tóm.bó
ToroTegu	JUMP	tóró
YandaDom	JUMP	tómɔ́
YornoSo	JUMP	tómɔ́
Ampari	FLY (MOVE THROUGH AIR)	kìrìjé
BankanTey	FLY (MOVE THROUGH AIR)	kísíjé
BenTey	FLY (MOVE THROUGH AIR)	kísíjé
Bunoge	FLY (MOVE THROUGH AIR)	píllè
DonnoSo	FLY (MOVE THROUGH AIR)	kíl+è.è
JamsayGourou	FLY (MOVE THROUGH AIR)	píré
JamsayDouentza	FLY (MOVE THROUGH AIR)	tʃíré
Mombo	FLY (MOVE THROUGH AIR)	píljé.è
BonduSoNajamba	FLY (MOVE THROUGH AIR)	pìrì+jè
Penange	FLY (MOVE THROUGH AIR)	píríɡè
PergeTegu	FLY (MOVE THROUGH AIR)	kíríjé
TebulUre	FLY (MOVE THROUGH AIR)	tʃíll+í.í
Tiranige	FLY (MOVE THROUGH AIR)	pílí+jó
TogoKan	FLY (MOVE THROUGH AIR)	kìrí#kírì.ì
TommoSoTongoTongo	FLY (MOVE THROUGH AIR)	kíílí+jé
ToroTegu	FLY (MOVE THROUGH AIR)	tʃíró
YandaDom	FLY (MOVE THROUGH AIR)	kílíjé
YornoSo	FLY (MOVE THROUGH AIR)	kíl+ɛ́.ɛ́
BankanTey	BRING	zò.ó
BenTey	BRING	dʒɛ̀.ɛ̀
Bunoge	BRING	só.óŋ.ɡè
DogulDomBendiely	BRING	dʒìnɛ́
DogulDomKundialang	BRING	dʒìnɛ́
DonnoSo	BRING	dʒá+jɛ̀lɛ́
JamsayGourou	BRING	zɛ̀.ɛ̀rɛ́
JamsayDouentza	BRING	dʒɛ̀.ɛ̀rɛ́
JamsayMondoro	BRING	dʒɛ̀.ɛ̀rɛ́
Mombo	BRING	dújɛ́.ɛ̀
BonduSoNajamba	BRING	dʒé.è
Penange	BRING	sóŋ.ɡè
PergeTegu	BRING	dʒúwɔ́#xxx
TebulUre	BRING	zɛ̀.ɛ́
Tiranige	BRING	sóɡó
TogoKan	BRING	dʒɛ́.ɛ́rɛ́
TommoSoTongoTongo	BRING	dʒɛ́.ɛ́lɛ́
ToroTegu	BRING	zé.èrú
YandaDom	BRING	zó
YornoSo	BRING	dʒɛ̀.ɛ́lɛ́+
BankanTey	SEND	tí
BenTey	SEND	tì+tírù#tí
Bunoge	SEND	tí.íwɛ̀
DonnoSo	SEND	té.è
JamsayDouentza	SEND	tí.í
Mombo	SEND	tí.í#tjé.é
BonduSoNajamba	SEND	bà.árɛ́
Penange	SEND	tíjɛ́
TogoKan	SEND	tí
TommoSoTongoTongo	SEND	tújó
ToroTegu	SEND	tíwó
YandaDom	SEND	tɔ́ŋ#tɔ́
YornoSo	SEND	túj
BankanTey	CARRY ON HEAD	dú
BenTey	CARRY ON HEAD	dǔ
Bunoge	CARRY ON HEAD	dú+jjɛ̀
DogulDomBendiely	CARRY ON HEAD	dùjjɛ́
DogulDomKundialang	CARRY ON HEAD	dùj+jɛ́
DonnoSo	CARRY ON HEAD	dùjj+ɛ́.ɛ́
JamsayGourou	CARRY ON HEAD	dé.é
JamsayDouentza	CARRY ON HEAD	dè.é
JamsayMondoro	CARRY ON HEAD	dè.é
Mombo	CARRY ON HEAD	dújɛ́.ɛ̀
BonduSoNajamba	CARRY ON HEAD	dìjɛ́
Penange	CARRY ON HEAD	dú+jɛ́
PergeTegu	CARRY ON HEAD	dìjé
TebulUre	CARRY ON HEAD	dì+sɔ́+
Tiranige	CARRY ON HEAD	dú+jɔ́
TogoKan	CARRY ON HEAD	dùw+ɛ́.ɛ́
TommoSoTongoTongo	CARRY ON HEAD	dùjí+jɔ́
ToroTegu	CARRY ON HEAD	dé
YandaDom	CARRY ON HEAD	dì+jɛ́
YornoSo	CARRY ON HEAD	dùj+ɛ́.ɛ́
BankanTey	CARRY	dú
BenTey	CARRY	dǔ
JamsayDouentza	CARRY	dè.é
Mombo	CARRY	dújɛ́.ɛ̀
BonduSoNajamba	CARRY	dì.í+rɛ́
PergeTegu	CARRY	dìjé
TogoKan	CARRY	dùw+ɛ́.ɛ́
TommoSoTongoTongo	CARRY	dùjí+jɔ́
YandaDom	CARRY	dì+jɛ́#zǐn
YornoSo	CARRY	dùj+ɛ́.ɛ́
BankanTey	CARRY ON SHOULDER	ɡɔ̀wíjí
BenTey	CARRY ON SHOULDER	wákkɛ́
DonnoSo	CARRY ON SHOULDER	dàl+ɛ́.ɛ́
JamsayDouentza	CARRY ON SHOULDER	dàrá
JamsayMondoro	CARRY ON SHOULDER	dàrá
Mombo	CARRY ON SHOULDER	pádjé.è
BonduSoNajamba	CARRY ON SHOULDER	ɡùbí+jɛ́
Penange	CARRY ON SHOULDER	pár+jè
PergeTegu	CARRY ON SHOULDER	dàrìjɛ́
TebulUre	CARRY ON SHOULDER	ɡɔ́ɡà
Tiranige	CARRY ON SHOULDER	ɡúwí+jɔ́
TogoKan	CARRY ON SHOULDER	dàr+í.ì
TommoSoTongoTongo	CARRY ON SHOULDER	ɡɔ̀.ɔ̀ɡí+jɛ́
ToroTegu	CARRY ON SHOULDER	ɡòɡìjó
YandaDom	CARRY ON SHOULDER	ɡɔ́dʒ+dʒɛ́
YornoSo	CARRY ON SHOULDER	dàl+ɛ́
DonnoSo	CARRY IN HAND	ámɡ+ɛ̀.ɛ̀
BonduSoNajamba	CARRY IN HAND	úbí+jɛ́
PergeTegu	CARRY IN HAND	ámɡá
TebulUre	CARRY IN HAND	ám.bà
TogoKan	CARRY IN HAND	dìwé+ré
TommoSoTongoTongo	CARRY IN HAND	ámmú+ɡí+jɛ́
YandaDom	CARRY IN HAND	ámíjɛ́
YornoSo	CARRY IN HAND	ámŋ+ɛ́.ɛ́
BankanTey	FALL	jà.á
BenTey	FALL	jàɣá
Bunoge	FALL	túbbɛ̀
DogulDomBendiely	FALL	jɛ̀ɡɛ́
DogulDomKundialang	FALL	bàɡé
DonnoSo	FALL	núm.b+è
JamsayGourou	FALL	nùmó
JamsayDouentza	FALL	nùmó
JamsayMondoro	FALL	nùmó
Mombo	FALL	jɛ́ɡɛ́
BonduSoNajamba	FALL	dɛ̀ŋɛ́
Penange	FALL	tíbɛ́
PergeTegu	FALL	nùm.bɔ́
Tiranige	FALL	dúm.bɔ́
TogoKan	FALL	bàɡá
TommoSoTongoTongo	FALL	nùm.bó
ToroTegu	FALL	lùwó
YandaDom	FALL	pílé
YornoSo	FALL	nùmɔ́
BankanTey	DROP (SOMETHING)	dɛ̀zí
BenTey	DROP (SOMETHING)	dɛ̀n.dʒí
JamsayDouentza	DROP (SOMETHING)	kámá#súnú+ŋó
JamsayMondoro	DROP (SOMETHING)	kámá#súnú+ŋó
Mombo	DROP (SOMETHING)	síɡémì
BonduSoNajamba	DROP (SOMETHING)	dìn.dʒè
PergeTegu	DROP (SOMETHING)	dɛ̀n.dʒɛ́
TogoKan	DROP (SOMETHING)	jùɡó
TommoSoTongoTongo	DROP (SOMETHING)	dɛ̀mmɛ́
ToroTegu	DROP (SOMETHING)	j.∼àŋá
YandaDom	DROP (SOMETHING)	dèmɛ́
YornoSo	DROP (SOMETHING)	dɛ̀ɲɛ́
BankanTey	DROP (SOMETHING)	jà.á#síjé
BenTey	DROP (SOMETHING)	jàɣá
JamsayDouentza	DROP (SOMETHING)	bàɣá
Mombo	DROP (SOMETHING)	dɔ́m.búlɛ̀
BonduSoNajamba	DROP (SOMETHING)	pór#dɛ̀ŋɛ́
PergeTegu	DROP (SOMETHING)	bàɡá
TommoSoTongoTongo	DROP (SOMETHING)	ɛ́llí+jɛ́
ToroTegu	DROP (SOMETHING)	lùwó
YornoSo	DROP (SOMETHING)	bàɡá
BankanTey	SLIP	sásíjí
BenTey	SLIP	sásírí
DogulDomBendiely	SLIP	tòn.dùlù+mé
DonnoSo	SLIP	sá.ád+ɛ̀.ɛ̀+
JamsayGourou	SLIP	sásárá
JamsayDouentza	SLIP	sá.ádʒá
Mombo	SLIP	sá.án.dʒè
BonduSoNajamba	SLIP	sàdʒè
Penange	SLIP	sán.dʒálè
PergeTegu	SLIP	sásárá
Tiranige	SLIP	sádʒó
TogoKan	SLIP	sádʒá
TommoSoTongoTongo	SLIP	sádá
ToroTegu	SLIP	táturá
YandaDom	SLIP	sá.ázíjɛ́
YornoSo	SLIP	sádʒ+ɛ́.ɛ́
BankanTey	POUR	tá.ání#ɡǎŋ
BenTey	POUR	bùsó
JamsayDouentza	POUR	bùdʒó
JamsayMondoro	POUR	tóŋó#kúnó
Mombo	POUR	táŋ.ɡámì
BonduSoNajamba	POUR	sím.bí+rɛ́#ɡǎn
PergeTegu	POUR	sú.úró
TogoKan	POUR	bùdʒó
TommoSoTongoTongo	POUR	táŋú+n.dá
ToroTegu	POUR	tóŋ.ɡúró
YandaDom	POUR	bùzó#kún+dó
YornoSo	POUR	bùdʒó
BankanTey	CART	wòtórò
BenTey	CART	wò.òtórò
Bunoge	CART	wòtòrò
DogulDomKundialang	CART	wòɡtórò
DonnoSo	CART	wòɡòtórò
JamsayGourou	CART	wòtórò.ò
JamsayDouentza	CART	wòɡòtórò
Mombo	CART	wòɡòtórò
BonduSoNajamba	CART	wòɡòtórò
Penange	CART	wòɡòtórò
PergeTegu	CART	wòɡòtórò
Tiranige	CART	wótóró
TogoKan	CART	wòɡòtóró
TommoSoTongoTongo	CART	wòòtóró
TomoKanSegue	CART	wòɡùtòrò
ToroTegu	CART	wótórò
YandaDom	CART	wòɡòtórò
YornoSo	CART	wòɡòtórò
BankanTey	BOAT	lá.ánà
BenTey	BOAT	sɔ̀rɡɔ̀+kóró
Bunoge	BOAT	kì.ì~
DogulDomBendiely	BOAT	kórò
DonnoSo	BOAT	kórò
JamsayDouentza	BOAT	ní.í+kórò
Mombo	BOAT	kí.í~
BonduSoNajamba	BOAT	àlɡùm.bà.á
Penange	BOAT	kí.í~
PergeTegu	BOAT	sɔ̀rɡɔ̀+ɡóló
Tiranige	BOAT	là.àná
TogoKan	BOAT	dí.í#kóró
TommoSoTongoTongo	BOAT	ɡùmmɔ̀#kòlòn.dò+j
ToroTegu	BOAT	lá.ánà
YandaDom	BOAT	sɔ̀rɔ̀ɡɔ̀+kórò
YornoSo	BOAT	sɔ̀rɔ̀ɡɔ̀+kóró
BankanTey	SHIP	bàtó.ò
BenTey	SHIP	bàtó.ò
Bunoge	SHIP	kì.ì~
DonnoSo	SHIP	bàtó.ò
JamsayDouentza	SHIP	bàtó.ò
Mombo	SHIP	bàtó.ò~
BonduSoNajamba	SHIP	bàtó.ò
Penange	SHIP	kí.í~
PergeTegu	SHIP	bàtò.ó
Tiranige	SHIP	bàtó.ó
TogoKan	SHIP	bàtó
TommoSoTongoTongo	SHIP	ɡùmmɔ́
ToroTegu	SHIP	bàtó.òŋ
YandaDom	SHIP	bàtó.ò
YornoSo	SHIP	bàtó.ò
BankanTey	PUT	ɡǎŋ
BenTey	PUT	ɡǎj.∼
Bunoge	PUT	dá.á+mì
DogulDomBendiely	PUT	bìsé
DogulDomKundialang	PUT	kún.dè
DonnoSo	PUT	kún.dò
JamsayDouentza	PUT	kúnó
JamsayMondoro	PUT	kúnó
Mombo	PUT	tj.∼ɛ́.ɛ́
BonduSoNajamba	PUT	tùnè
Penange	PUT	nwá.á+mì
PergeTegu	PUT	kúló
TebulUre	PUT	tún
Tiranige	PUT	jɛ̀.ɛ̀#nɔ́.ɔ́
TogoKan	PUT	kúnɔ́
TommoSoTongoTongo	PUT	bòdó
ToroTegu	PUT	kúló
YandaDom	PUT	kún+dó
YornoSo	PUT	kúnɔ́
BankanTey	PUT	ɡǎŋ
BenTey	PUT	ɡǎj.∼
Bunoge	PUT	ɡálè
DogulDomKundialang	PUT	kún.dè
DonnoSo	PUT	kún.dò
JamsayDouentza	PUT	kúnó
Mombo	PUT	túlé
BonduSoNajamba	PUT	tùnè
Penange	PUT	ɡálé
PergeTegu	PUT	kúló
TebulUre	PUT	ɡǎn
Tiranige	PUT	túnú
TogoKan	PUT	kúnɔ́
TommoSoTongoTongo	PUT	kún.dó
ToroTegu	PUT	kúló
YandaDom	PUT	kún+dó
YornoSo	PUT	kúnɔ́
BankanTey	DO OR MAKE	káŋ
BenTey	DO OR MAKE	káj.∼
Bunoge	DO OR MAKE	kánì
DogulDomBendiely	DO OR MAKE	kànɛ́
DogulDomKundialang	DO OR MAKE	kánè
DonnoSo	DO OR MAKE	kánà
JamsayGourou	DO OR MAKE	kár.∼á
JamsayDouentza	DO OR MAKE	kár.∼á
JamsayMondoro	DO OR MAKE	kár.∼á
Mombo	DO OR MAKE	kání
BonduSoNajamba	DO OR MAKE	kànè
Penange	DO OR MAKE	kání
PergeTegu	DO OR MAKE	kár.∼á
TebulUre	DO OR MAKE	kán
Tiranige	DO OR MAKE	kánú
TogoKan	DO OR MAKE	bìrɛ́
TommoSoTongoTongo	DO OR MAKE	káná
ToroTegu	DO OR MAKE	kár.∼á
YandaDom	DO OR MAKE	kár.∼á+lì
YornoSo	DO OR MAKE	kár.∼á
BankanTey	NAME	éw+ré
BenTey	NAME	éw+ré
DonnoSo	NAME	kún.dò
JamsayDouentza	NAME	táná+ŋá
BonduSoNajamba	NAME	óbí+r
PergeTegu	NAME	dà.àlá
TogoKan	NAME	dà.á+n
TommoSoTongoTongo	NAME	dàà+n.dá
ToroTegu	NAME	táŋ.ɡú+rú
YandaDom	NAME	ɡò+n.dó
YornoSo	NAME	dà.á+ná
BankanTey	WORK (LABOUR)	bírá.á
BenTey	WORK (LABOUR)	bírɛ́
Bunoge	WORK (LABOUR)	wàlè
DogulDomBendiely	WORK (LABOUR)	wáàl
DogulDomKundialang	WORK (LABOUR)	wǎl
DonnoSo	WORK (LABOUR)	wálù
JamsayGourou	WORK (LABOUR)	bírɛ́
JamsayDouentza	WORK (LABOUR)	bírɛ́
Mombo	WORK (LABOUR)	wálé
BonduSoNajamba	WORK (LABOUR)	bírɔ́.ɔ́
Penange	WORK (LABOUR)	káj.∼
PergeTegu	WORK (LABOUR)	bírɛ́
TebulUre	WORK (LABOUR)	bírá.á
Tiranige	WORK (LABOUR)	wàlè
TogoKan	WORK (LABOUR)	bírɛ́
TommoSoTongoTongo	WORK (LABOUR)	bírɛ́
ToroTegu	WORK (LABOUR)	bírá
YandaDom	WORK (LABOUR)	bìdɛ́
YornoSo	WORK (LABOUR)	bírɛ́
BankanTey	MANNER	ná.à
BenTey	MANNER	dǎj.∼
Bunoge	MANNER	bànà
DonnoSo	MANNER	sɔ́ɡɔ̀n.dʒì
JamsayDouentza	MANNER	dì.í~
JamsayMondoro	MANNER	dì.í~
Mombo	MANNER	máná+mánà
BonduSoNajamba	MANNER	bí+ŋ.ɡán
Penange	MANNER	bànà
PergeTegu	MANNER	dálérù
Tiranige	MANNER	bání
TogoKan	MANNER	bàŋú
TommoSoTongoTongo	MANNER	àŋǎj
TommoSoTongoTongo	MANNER	báánáá
TommoSoTongoTongo	MANNER	bíí+ɡé
YandaDom	MANNER	àŋǎj
YornoSo	MANNER	dàŋǎj.∼
BankanTey	MASON	bárê+m
BenTey	MASON	ùrò+tʃɛ̀w.∼ú+m
Bunoge	MASON	ʔòbò+sím+bò
DonnoSo	MASON	mɔ̀sɔ̂ŋ
JamsayDouentza	MASON	ùrò+má.á+n
JamsayMondoro	MASON	mà.àr.∼à+má.á+n
Mombo	MASON	dèbù#wúzí
BonduSoNajamba	MASON	òlè+òn.dʒé
Penange	MASON	dèm+sìm
PergeTegu	MASON	ìrè+má.á+nú
TebulUre	MASON	ùlò+ɔ̀n.dé.é
Tiranige	MASON	dʒìwà+máj
TogoKan	MASON	mà.àsɔ́.∼
TommoSoTongoTongo	MASON	ɡìnɛ̀#údí+nɛ́
ToroTegu	MASON	ìlò+máj.∼+nú
YandaDom	MASON	ʔə̀lò+ɔ̀nzù
YornoSo	MASON	ɡɛ̀r.∼ɛ̀+údʒɔ́+nɛ́
BankanTey	FORGE	dùwá
BenTey	FORGE	dùwɔ́#dùwɔ́
Bunoge	FORGE	dòdʒù#dɔ́dʒɛ̀
DonnoSo	FORGE	dúb+ɛ̀
JamsayGourou	FORGE	dùwɔ́
JamsayDouentza	FORGE	dùwɔ́#dùwɔ́
Mombo	FORGE	dɔ́zí#dɔ́zɛ́
BonduSoNajamba	FORGE	dùbì+ŋ.ɡán#dùbɛ́
Penange	FORGE	dòdʒù#dɔ́dʒɛ́
PergeTegu	FORGE	dùwɔ́#dùwɔ́
Tiranige	FORGE	dúwá#dúwɔ́
TogoKan	FORGE	dùwɔ́#dùwɔ́
TommoSoTongoTongo	FORGE	dùbɔ́
ToroTegu	FORGE	dùwɔ́
YandaDom	FORGE	dùbà#dùbɔ́
YornoSo	FORGE	dùbɔ́#dùbɔ́
BankanTey	ANVIL	tárà
BenTey	ANVIL	dɛ̀ŋ.ɡɛ́
DonnoSo	ANVIL	dànú
JamsayGourou	ANVIL	dɛ̀ŋɛ́
JamsayDouentza	ANVIL	dɛ̀ŋɛ́
JamsayMondoro	ANVIL	dèŋé
Mombo	ANVIL	dánà
BonduSoNajamba	ANVIL	tá.ánà.àrè
PergeTegu	ANVIL	dɛ̀.ɛ̀ŋ.ɡɛ́
Tiranige	ANVIL	tá.ánɛ̀
TogoKan	ANVIL	dàr.∼á
TommoSoTongoTongo	ANVIL	dɛ̀ŋɛ́
ToroTegu	ANVIL	dèŋé
YandaDom	ANVIL	dèŋè
YornoSo	ANVIL	dɛ̀ŋɛ́
BankanTey	HAMMER	àn.dǎrkà
BenTey	HAMMER	màrtó.ò
Bunoge	HAMMER	màrtó
DogulDomBendiely	HAMMER	màrtó
DonnoSo	HAMMER	màrtó.ò
JamsayDouentza	HAMMER	màrtó.ò
JamsayMondoro	HAMMER	dɔ̀.ɔ̀mɔ́
BonduSoNajamba	HAMMER	màrtó.ò
Penange	HAMMER	dàɡù+dàɡí+jè
PergeTegu	HAMMER	màtó.ò
Tiranige	HAMMER	màrtów.∼
TogoKan	HAMMER	màrùtó.ó
TommoSoTongoTongo	HAMMER	màrtó
ToroTegu	HAMMER	àn.dǎrkà
YandaDom	HAMMER	mà.àtó.ò
YornoSo	HAMMER	màtó.ò
BankanTey	TONGS	kám.bò
BenTey	TONGS	ɛ̌w
Bunoge	TONGS	kàbàlà
DogulDomBendiely	TONGS	ɛ́wɔ̀
DonnoSo	TONGS	ɛ̀.ɛ̀bɛ́
JamsayGourou	TONGS	ɛ̌w
JamsayDouentza	TONGS	ɛ̌w
JamsayMondoro	TONGS	ɛ̌w
Mombo	TONGS	kábálámá
BonduSoNajamba	TONGS	ɛ̀.ɛ́+ɡò
Penange	TONGS	kábálá
PergeTegu	TONGS	ɛ̂w
Tiranige	TONGS	ɛ̀.ɛ̀
TogoKan	TONGS	ɛ̌w
TommoSoTongoTongo	TONGS	ɛ̀+wɛ́
ToroTegu	TONGS	kâm
YandaDom	TONGS	ɛ̀w
YornoSo	TONGS	ɛ̌w
BankanTey	BATHE	ní.ì#dìjé
BenTey	BATHE	ní.ì#dì+jé
Bunoge	BATHE	ɡɔ́#dú+jjɛ̀
DogulDomBendiely	BATHE	dùjɛ́
DogulDomKundialang	BATHE	dùj+jɛ́
DonnoSo	BATHE	dí.ì#nd+ɛ́.ɛ́+
JamsayGourou	BATHE	ní.í#ìné
JamsayDouentza	BATHE	ní.í#ìné
JamsayMondoro	BATHE	ní.í#ìné
BonduSoNajamba	BATHE	ín.dʒé#dìjɛ́
Penange	BATHE	mì.ì#dú+jɛ́
PergeTegu	BATHE	ní.í#dò.ó
TebulUre	BATHE	ín.dʒé#dě
Tiranige	BATHE	mí.í#dú+jɔ́
TogoKan	BATHE	dí.í#ìn+í.ì
TommoSoTongoTongo	BATHE	díí#ndí+jɛ́
ToroTegu	BATHE	ní#dé
YandaDom	BATHE	ín.dʒú#dì+jɛ́
YornoSo	BATHE	dì.í#ín+ɛ́.ɛ́
BankanTey	WASH	mbɔ̀.ɔ́
BenTey	WASH	mɔ̀ɣɔ́
JamsayDouentza	WASH	súmó
Mombo	WASH	mɔ́ɡɛ́
PergeTegu	WASH	súm.bɔ́
Tiranige	WASH	mɔ́ɡɔ́
TogoKan	WASH	súmɔ́
TommoSoTongoTongo	WASH	nùmɔ́#mɔ̀ɡɔ́
ToroTegu	WASH	mɔ̀ɡɔ́
YandaDom	WASH	nùmà#mɔ̀ɡɔ́
YornoSo	WASH	nǒj.∼#súmɔ́
BankanTey	WASH	súkó
BenTey	WASH	mɔ̀ɣɔ́
Bunoge	WASH	mún.dɛ̀
DogulDomBendiely	WASH	mɔ̀ɡɛ́
DogulDomKundialang	WASH	mɔ̀ɡɛ́
DonnoSo	WASH	mɔ́ɡ+ɛ̀
JamsayGourou	WASH	súmó
JamsayDouentza	WASH	súmó
JamsayMondoro	WASH	súmó
Mombo	WASH	mɔ́ɡɛ́
BonduSoNajamba	WASH	mɔ̀ɡɛ́
Penange	WASH	mɔ́ɡɛ́
PergeTegu	WASH	súm.bɔ́
Tiranige	WASH	mɔ́ɡɔ́
TogoKan	WASH	súmɔ́
TommoSoTongoTongo	WASH	mɔ̀ɡɔ́
ToroTegu	WASH	mɔ̀ɡɔ́
YandaDom	WASH	mɔ̀ɡɔ́
YornoSo	WASH	súmɔ́
BankanTey	WASH	mbɔ̀.ɔ́
BenTey	WASH	mɔ̀ɣɔ́
Bunoge	WASH	mún.dɛ̀
DogulDomBendiely	WASH	mɔ̀ɡɛ́
DogulDomKundialang	WASH	mɔ̀ɡɛ́
JamsayDouentza	WASH	súmó
Mombo	WASH	mɔ́ɡɛ́
BonduSoNajamba	WASH	mɔ̀ɡɛ́
Penange	WASH	mɔ́ɡɛ́
PergeTegu	WASH	súm.bɔ́
Tiranige	WASH	mɔ́ɡɔ́
TogoKan	WASH	súmɔ́
TommoSoTongoTongo	WASH	mɔ̀ɡɔ́
ToroTegu	WASH	mɔ̀ɡɔ́
YandaDom	WASH	mɔ̀ɡɔ́
YornoSo	WASH	súmɔ́
BankanTey	RUB	túkúsú
BenTey	RUB	túɡúsó
Bunoge	RUB	ɡíɡɛ̀
DonnoSo	RUB	púɡòdò
JamsayDouentza	RUB	púɡúdʒɔ́
Mombo	RUB	ɡúɡɛ́
BonduSoNajamba	RUB	túɡúdʒɛ́
Penange	RUB	ɡúŋ.ɡɛ́
PergeTegu	RUB	púɡúsɔ́
TebulUre	RUB	túɡúdú
Tiranige	RUB	ɡíɡɔ́
TogoKan	RUB	bùwɔ́
TommoSoTongoTongo	RUB	túɡúdɔ́
ToroTegu	RUB	púɡúsɔ́
YandaDom	RUB	túɡúzɔ́
YornoSo	RUB	jǎmɲɛ́
BankanTey	SOAP	sàppínà
BenTey	SOAP	sǎmnà
Bunoge	SOAP	sǎmnà
DogulDomBendiely	SOAP	nèmèŋ+ɡóón.dú
DogulDomKundialang	SOAP	nɛ̀mɛ̀+ŋ+ɡò.ò+n.dú+ŋ
DonnoSo	SOAP	sàmmínɛ̀
JamsayGourou	SOAP	sǎmnà
JamsayDouentza	SOAP	sǎmnà
JamsayMondoro	SOAP	sǎmnà
Mombo	SOAP	sɔ́mɔ́ŋ.ɡè
BonduSoNajamba	SOAP	sàpûn
Penange	SOAP	sà.àmnò
PergeTegu	SOAP	sǎmnà
Tiranige	SOAP	sámúnù
TogoKan	SOAP	sáná
TommoSoTongoTongo	SOAP	ɛ̀sɛ̀+n+dú
ToroTegu	SOAP	ɛ́rá
YandaDom	SOAP	ɛ́r.∼ɛ́
YornoSo	SOAP	sǎmnɛ̀
BankanTey	PAINT (PIGMENTS)	pɛ́ntìrì
BenTey	PAINT (PIGMENTS)	pén.dírì
JamsayDouentza	PAINT (PIGMENTS)	péntírì
Mombo	PAINT (PIGMENTS)	pén.dírì
BonduSoNajamba	PAINT (PIGMENTS)	pìdʒá.à
PergeTegu	PAINT (PIGMENTS)	bɔ́r.∼íj.∼ɔ̀m
TogoKan	PAINT (PIGMENTS)	pɛ́.∼tírí
TommoSoTongoTongo	PAINT (PIGMENTS)	pɛ̀n+dú+rú
ToroTegu	PAINT (PIGMENTS)	péntúrù
YandaDom	PAINT (PIGMENTS)	pén.dù
YornoSo	PAINT (PIGMENTS)	làsó.ò
BenTey	DYE	ɡàrá.à#ɡǎj.∼
JamsayDouentza	DYE	ɡàrá#kúnó
BonduSoNajamba	DYE	ɡàlá#ɡǎn
PergeTegu	DYE	ɡàrá#kúló
TogoKan	DYE	ɡàrá#kún
ToroTegu	DYE	líɡó
YandaDom	DYE	ɡàlà#kún+dó
YornoSo	DYE	ɡàlá#kúnɔ́
BankanTey	COLOR	sí.ì
BenTey	COLOR	sí.ì
Bunoge	COLOR	sì
DogulDomBendiely	COLOR	kùlɛ́.ɛ̀r
DonnoSo	COLOR	tɔ̀ɡú
JamsayDouentza	COLOR	sí.ì
Mombo	COLOR	pén.dírì
BonduSoNajamba	COLOR	sí.ì
Penange	COLOR	sí.í
PergeTegu	COLOR	bɔ́r.∼íj.∼ɔ̀m
TogoKan	COLOR	kúlɛ́.ɛ́rú
TommoSoTongoTongo	COLOR	kúlɛ́.ɛ̀r
ToroTegu	COLOR	sí.ì
YandaDom	COLOR	tɔ̀ɡù
YornoSo	COLOR	sí.ì
Ampari	CIRCLE	téw
BankanTey	CIRCLE	dén.dèrè
BenTey	CIRCLE	déléré
DogulDomBendiely	CIRCLE	kórùŋ
DonnoSo	CIRCLE	kòró
JamsayDouentza	CIRCLE	ɡɔ́ŋɔ́r.∼ɔ́+lɔ́m
Mombo	CIRCLE	dén.délé
BonduSoNajamba	CIRCLE	dón.dèl+ŋ.ɡè
Penange	CIRCLE	bàɡùlàm
PergeTegu	CIRCLE	ɡɔ́ŋ.ɡú
Tiranige	CIRCLE	dólèlé
TogoKan	CIRCLE	kòrú
TommoSoTongoTongo	CIRCLE	dénnélé
ToroTegu	CIRCLE	dèlùrěj
YandaDom	CIRCLE	dènélè
YornoSo	CIRCLE	kòrú
BenTey	SQUARE	bélé+nìj.∼ì.í
BonduSoNajamba	SQUARE	dílán#bì.ì+n
PergeTegu	SQUARE	sìwɛ́+nàj.∼#dém+dém
TogoKan	SQUARE	pɛ́tɛ̀
TommoSoTongoTongo	SQUARE	tàŋá#nàj#kɛ́w+kɛ́w#ɡónnó
ToroTegu	SQUARE	síwá#bàsà
YornoSo	SQUARE	sìbɛ́#nǎj.∼#sɛ́.ɛ̀
BankanTey	BALL	dén.dèrè
BenTey	BALL	dólóró
Bunoge	BALL	kún.dè
DonnoSo	BALL	dúnùllò
JamsayDouentza	BALL	mɛ́ŋɛ́r.∼ɛ́m
Mombo	BALL	bálâw.∼
BonduSoNajamba	BALL	dón.dòlò+ŋ.ɡò
Penange	BALL	dóélé
PergeTegu	BALL	dólóró
TommoSoTongoTongo	BALL	kúnnú
TommoSoTongoTongo	BALL	dónnóló
ToroTegu	BALL	màŋ.ɡùrú
YandaDom	BALL	kúnú
BankanTey	STRETCH	bàsá#ɛ́.ɛ́+n.dí
BenTey	STRETCH	tí.ír.∼í
JamsayDouentza	STRETCH	tí.ír.∼ɛ́
JamsayMondoro	STRETCH	tí.ír.∼ɛ́
Mombo	STRETCH	sájén.dè
BonduSoNajamba	STRETCH	nánání+já+m
PergeTegu	STRETCH	tí.ínɛ́
TebulUre	STRETCH	bàdá
TogoKan	STRETCH	bàdʒá
TommoSoTongoTongo	STRETCH	bìn.dʒé
ToroTegu	STRETCH	lálúrá
YandaDom	STRETCH	wàr.∼ínɛ́
YornoSo	STRETCH	bìɲɛ́
BankanTey	ROW	pɔ̀rrɔ̌j+pɔ̀rrɔ̌j
Mombo	ROW	jɛ́ɡɛ́+ɡɛ́+ɡɛ́
TommoSoTongoTongo	ROW	dím.búmɛ́+dìm.bùmɛ̀
YornoSo	ROW	sɔ̀rɔ́dɔ́dɔ́
BankanTey	TURN AROUND	ɡì.ìré
BenTey	TURN AROUND	dʒì.ìré
Bunoge	TURN AROUND	bín.dílè
JamsayGourou	TURN AROUND	jɛ̀ɡɛ́
JamsayDouentza	TURN AROUND	dʒìɡìré
Penange	TURN AROUND	bín.dílè
PergeTegu	TURN AROUND	dʒìɡìré
TebulUre	TURN AROUND	dùll+í.í
TommoSoTongoTongo	TURN AROUND	ɡìɡílí+jé
ToroTegu	TURN AROUND	bìtù+kó
YandaDom	TURN AROUND	tʃíɡílíjé
BenTey	PEACE	dʒâm
Bunoge	PEACE	hè.èlà
DogulDomKundialang	PEACE	dʒâm
DonnoSo	PEACE	dʒâŋ
JamsayDouentza	PEACE	dʒâm
Mombo	PEACE	nɛ́llú
Penange	PEACE	hè.èlà
Tiranige	PEACE	tʃè.èlé
TogoKan	PEACE	dʒám
TommoSoTongoTongo	PEACE	ɔ́mmɔ́nú
ToroTegu	PEACE	bà.àní
BankanTey	BAD LUCK	kù.ù#pòn.dú
BenTey	BAD LUCK	kù+ɲáw.∼à
DonnoSo	BAD LUCK	kù.ù#pà.àdɛ́.ɛ̀
JamsayDouentza	BAD LUCK	dìmè#mɔ̀ɲú
Mombo	BAD LUCK	kònà#já.álá
BonduSoNajamba	BAD LUCK	kì.ì#ɛ̀n.d+ɛ̀.ɛ́
PergeTegu	BAD LUCK	kù.ù#ɲáw.∼à
TogoKan	BAD LUCK	kù~#mɔ̀ɲú
TommoSoTongoTongo	BAD LUCK	ɡìrè#sàɡù#pàdíɛ́
ToroTegu	BAD LUCK	kù#mɔ̀sú
YandaDom	BAD LUCK	kò.ò#ɛ̀l+lá
YornoSo	BAD LUCK	kù.ù#mɔ̀ɲú
BankanTey	GOOD LUCK	dìm.bèj#ɛ́rù+m
BenTey	GOOD LUCK	dìm.bè.è+ɛ̀rí+m
Bunoge	GOOD LUCK	ɡíré#sàɡù
DonnoSo	GOOD LUCK	kù.ù#ɛ́llù
JamsayGourou	GOOD LUCK	kù.ù~+érù
JamsayDouentza	GOOD LUCK	dìmè#érù
Mombo	GOOD LUCK	kònà#ɛ́llá
BonduSoNajamba	GOOD LUCK	kì.ì#ɛ̀l+ŋ.ɡó
Penange	GOOD LUCK	ɡíré#sáɡù
PergeTegu	GOOD LUCK	kù.ù#érù
TogoKan	GOOD LUCK	kù~#sɛ́.∼
TommoSoTongoTongo	GOOD LUCK	ɡìrè#sàɡù#síɛ́
ToroTegu	GOOD LUCK	dìmò#lìsí
YandaDom	GOOD LUCK	ɡìdè+sàɡù
YornoSo	GOOD LUCK	kù.ù#ɛ́lɛ̀l
BenTey	LET GO OR SET FREE	dùwɔ́
Bunoge	LET GO OR SET FREE	mɛ́ŋɛ̀
DonnoSo	LET GO OR SET FREE	jà.àrá
JamsayDouentza	LET GO OR SET FREE	dàɣá
Mombo	LET GO OR SET FREE	dúzé
BonduSoNajamba	LET GO OR SET FREE	dɔ̀ɡɛ́
Penange	LET GO OR SET FREE	dúdʒé
PergeTegu	LET GO OR SET FREE	kíjɛ́
TogoKan	LET GO OR SET FREE	dàɡá
TommoSoTongoTongo	LET GO OR SET FREE	pádá
ToroTegu	LET GO OR SET FREE	wùrɔ́
YandaDom	LET GO OR SET FREE	dɔ̀ɡɔ́
YornoSo	LET GO OR SET FREE	dàɡá+
BonduSoNajamba	DESTROY	hálkɛ́
TogoKan	DESTROY	tɛ́wɛ́
TommoSoTongoTongo	DESTROY	dʒɔ̀ɡɔ́
YandaDom	DESTROY	ɡùjó
YornoSo	DESTROY	dʒɔ̀ɡɔ́
Ampari	BURN (SOMETHING)	dʒà.àdé
BankanTey	BURN (SOMETHING)	dɔ́
BenTey	BURN (SOMETHING)	dɔ̌
Bunoge	BURN (SOMETHING)	súm.bɛ̀
DonnoSo	BURN (SOMETHING)	tɛ́ɡɛ̀+rɛ̀
JamsayDouentza	BURN (SOMETHING)	dɛ̀.ɛ́
JamsayMondoro	BURN (SOMETHING)	dɛ̀.ɛ́
Mombo	BURN (SOMETHING)	já.árè
BonduSoNajamba	BURN (SOMETHING)	tóɡá+n.dí
Penange	BURN (SOMETHING)	já.árè
PergeTegu	BURN (SOMETHING)	dɛ̀.ɛ́
TebulUre	BURN (SOMETHING)	tón
TiranigeBoui	BURN (SOMETHING)	súwó
TogoKan	BURN (SOMETHING)	tɛ́.ɛ́rì
TommoSoTongoTongo	BURN (SOMETHING)	dìj.∼ɛ́
ToroTegu	BURN (SOMETHING)	dɔ́
YandaDom	BURN (SOMETHING)	ɡòlò#kún+dó
YornoSo	BURN (SOMETHING)	dɛ̀.ɛ́
JamsayDouentza	FAN (OBJECT)	ò.òɡù+dʒǔw
Mombo	FAN (OBJECT)	ùbùɡùbé
TebulUre	FAN (OBJECT)	zɛ̀bù+ɡɔ́
Tiranige	FAN (OBJECT)	jém.bí+jé
TogoKan	FAN (OBJECT)	dɛ́dɛ́
TommoSoTongoTongo	FAN (OBJECT)	dʒùdʒùbí
YandaDom	FAN (OBJECT)	ùzù+zùbì
BenTey	FAN (ACTION)	dʒùwó
DonnoSo	FAN (ACTION)	dʒùbó
JamsayDouentza	FAN (ACTION)	dʒùwó
BonduSoNajamba	FAN (ACTION)	dʒìbè
PergeTegu	FAN (ACTION)	dʒùwó
TebulUre	FAN (ACTION)	zùbó
Tiranige	FAN (ACTION)	jɛ́m.bɔ́
TogoKan	FAN (ACTION)	dʒàmá
TommoSoTongoTongo	FAN (ACTION)	dʒùbó
ToroTegu	FAN (ACTION)	jìwó
YandaDom	FAN (ACTION)	zùbó
YornoSo	FAN (ACTION)	dʒɛ̀bɛ́rɛ́
BankanTey	SHINE	tálí
BenTey	SHINE	tʃɛ́r.∼í+j.∼í
DonnoSo	SHINE	dèlé
JamsayGourou	SHINE	dò.òró
JamsayDouentza	SHINE	á.ár.∼á
Mombo	SHINE	tájérè
BonduSoNajamba	SHINE	dʒá.árí+jɛ́
PergeTegu	SHINE	kár.∼íj.∼ɛ́
TogoKan	SHINE	dò.órì
TommoSoTongoTongo	SHINE	dʒàí+n.dɛ́
ToroTegu	SHINE	téló
YandaDom	SHINE	zájn.dɛ́
YornoSo	SHINE	dò.óró
BankanTey	DARKNESS	ɔ́rɔ̀
BenTey	DARKNESS	ɔ́rɔ̀
Bunoge	DARKNESS	ʔén.dúmù
DonnoSo	DARKNESS	ìnnǐŋ
JamsayGourou	DARKNESS	jɛ̀rù+ònó
JamsayDouentza	DARKNESS	jɔ̀rɔ̀+ɔ́nɔ́
Mombo	DARKNESS	én.dè
BonduSoNajamba	DARKNESS	ɡìm.bě+n
Penange	DARKNESS	èn.dèm
PergeTegu	DARKNESS	ɔ́.ɔ́lɔ́
TebulUre	DARKNESS	ɔ́à.à
Tiranige	DARKNESS	ínɔ́w
TogoKan	DARKNESS	ɲà#dú
TommoSoTongoTongo	DARKNESS	ɔ̀lɔ́
ToroTegu	DARKNESS	ɔ́rɔ́
YandaDom	DARKNESS	ɔ̀lɔ̀
YornoSo	DARKNESS	ɔ̀lɔ́
BankanTey	SHADE	kìn.dó.ò
BenTey	SHADE	kì+kìlé.è
Bunoge	SHADE	kìn.dò
DogulDomBendiely	SHADE	kìn.dóò
DonnoSo	SHADE	kìn.dé.è
JamsayGourou	SHADE	kìkìné
JamsayDouentza	SHADE	tʃì+tʃìné
JamsayMondoro	SHADE	tʃìn+dódʒú
Mombo	SHADE	kín.dó
BonduSoNajamba	SHADE	kìn.dó.ò
Penange	SHADE	kín.dó
PergeTegu	SHADE	kì+kìlé
TebulUre	SHADE	tʃìn.dé.é
Tiranige	SHADE	tʃíló
TogoKan	SHADE	kìné
TommoSoTongoTongo	SHADE	kìn.díjé
ToroTegu	SHADE	tʃìló
YandaDom	SHADE	kìn.dè
YornoSo	SHADE	kìní.ì
BankanTey	LIGHT (IGNITE)	ám.bírí
BenTey	LIGHT (IGNITE)	tálí
Bunoge	LIGHT (IGNITE)	débá+mì
DogulDomKundialang	LIGHT (IGNITE)	táŋù+n.dè
DonnoSo	LIGHT (IGNITE)	táŋà+n.dà
JamsayDouentza	LIGHT (IGNITE)	táná+ŋá
JamsayMondoro	LIGHT (IGNITE)	tánáŋá
Mombo	LIGHT (IGNITE)	tɔ́ŋ.ɡɛ́
BonduSoNajamba	LIGHT (IGNITE)	tóɡá+n.dí
Penange	LIGHT (IGNITE)	tɔ́ŋ.ɡá+mì
PergeTegu	LIGHT (IGNITE)	tán.ɡá
TebulUre	LIGHT (IGNITE)	tá.á+n.dú+
Tiranige	LIGHT (IGNITE)	táŋ.ɡá+mú
TogoKan	LIGHT (IGNITE)	tánú+ɡà
TommoSoTongoTongo	LIGHT (IGNITE)	tɛ́ŋí+n.dɛ́
ToroTegu	LIGHT (IGNITE)	lɔ́ɡúmɔ́
YandaDom	LIGHT (IGNITE)	tɔ́.ɔ́+n.dɛ́
YornoSo	LIGHT (IGNITE)	táŋá+rá
BankanTey	EXTINGUISH	dʒɛ́
BenTey	EXTINGUISH	dʒìjɛ́
DogulDomKundialang	EXTINGUISH	ɡɛ̀wɛ́
DonnoSo	EXTINGUISH	dà.á
JamsayDouentza	EXTINGUISH	úɡó
JamsayMondoro	EXTINGUISH	úɡó
Mombo	EXTINGUISH	ɡjɛ́.ɛ́
BonduSoNajamba	EXTINGUISH	ɡìjɛ́
PergeTegu	EXTINGUISH	úɡó
TebulUre	EXTINGUISH	dʒɛ̌
TogoKan	EXTINGUISH	dàr.∼á
TommoSoTongoTongo	EXTINGUISH	dàá
ToroTegu	EXTINGUISH	húm+kú
YandaDom	EXTINGUISH	dʒɛ́
YornoSo	EXTINGUISH	dà.á
Ampari	SIMILAR	pìní
BankanTey	SIMILAR	ɡâj.∼
BenTey	SIMILAR	ɡâj.∼
DogulDomBendiely	SIMILAR	jaaŋ
DonnoSo	SIMILAR	ɡìnɛ̀
JamsayGourou	SIMILAR	ɡín
JamsayDouentza	SIMILAR	dʒín
JamsayMondoro	SIMILAR	dʒín
Mombo	SIMILAR	pímá#kání
BonduSoNajamba	SIMILAR	dân
PergeTegu	SIMILAR	ɡà
TogoKan	SIMILAR	ɡí.í~
TommoSoTongoTongo	SIMILAR	ɡé+ní
YandaDom	SIMILAR	jɛ̀ŋ
YornoSo	SIMILAR	ɡín
BankanTey	IMITATE	túmó
BenTey	IMITATE	jàrá
Bunoge	IMITATE	súmárè
DogulDomBendiely	IMITATE	wɛ̀.ɛ̀+rì+jɛ́
JamsayGourou	IMITATE	jàrá
JamsayDouentza	IMITATE	jàrá
Mombo	IMITATE	pìmjè.è#pímjé.è
BonduSoNajamba	IMITATE	mùlíjó+m
Penange	IMITATE	já.ábè
PergeTegu	IMITATE	sánúw.∼á
TebulUre	IMITATE	zàjrí
Tiranige	IMITATE	jáwɔ́
TogoKan	IMITATE	ɲìné
ToroTegu	IMITATE	sɔ́ŋɔ́
YandaDom	IMITATE	jàrá
YornoSo	IMITATE	jàlá+
TommoSoTongoTongo	ROOF	dɛ̀m+bɛ́
Penange	COW	nà.à
