ID	LOCAL_ID	DOCULECT	VARIETY	CONCEPT	VALUE	FORM	TOKENS	PLURAL_TOKENS	NOTE	SWADESH
16251	BenTey-8_1plsubjectpronominal-1	BenTey		(1Pl subject pronominal)	ỳ∴	ỳ	j			1
16252	Bunoge-8_1plsubjectpronominal-1	Bunoge		(1Pl subject pronominal)	ŋ́	ŋ	ŋ			1
16253	DogulDomBendiely-8_1plsubjectpronominal-1	DogulDomBendiely		(1Pl subject pronominal)	ó	ó	ó			1
16254	DonnoSo-8_1plsubjectpronominal-1	DonnoSo		(1Pl subject pronominal)	ŋ, ʸŋ	ŋ	ŋ			1
16255	DonnoSo-8_1plsubjectpronominal-2	DonnoSo		(1Pl subject pronominal)	ŋ, ʸŋ	ʸŋ	j ŋ			1
16256	JamsayDouentza-8_1plsubjectpronominal-1	JamsayDouentza		(1Pl subject pronominal)	y	y	j			1
16257	Mombo-8_1plsubjectpronominal-1	Mombo		(1Pl subject pronominal)	Ǹ	ǹ	n			1
16258	Najamba-8_1plsubjectpronominal-1	Najamba		(1Pl subject pronominal)	y	y	j			1
16259	Nanga-8_1plsubjectpronominal-1	Nanga		(1Pl subject pronominal)	ỳ∴	ỳ	j			1
16260	Penange-8_1plsubjectpronominal-1	Penange		(1Pl subject pronominal)	ŋ̀ (perfective)	ŋ	ŋ			1
16261	PergeTegu-8_1plsubjectpronominal-1	PergeTegu		(1Pl subject pronominal)	y	y	j			1
16262	TebulUre-8_1plsubjectpronominal-1	TebulUre		(1Pl subject pronominal)	yⁿ	yⁿ	j~			1
16263	Tiranige-8_1plsubjectpronominal-1	Tiranige		(1Pl subject pronominal)	ní ~ nì V	ní	n í			1
16264	Tiranige-8_1plsubjectpronominal-2	Tiranige		(1Pl subject pronominal)	ní ~ nì V	nì_v	n ì + v			1
16265	TogoKan-8_1plsubjectpronominal-1	TogoKan		(1Pl subject pronominal)	ɛ́mɛ́ (optional, clauseinitial)	ɛ́mɛ́	ɛ́ m ɛ́			1
16266	TommoSoTongoTongo-8_1plsubjectpronominal-1	TommoSoTongoTongo		(1Pl subject pronominal)	ú	ú	ú			1
16268	ToroTegu-8_1plsubjectpronominal-1	ToroTegu		(1Pl subject pronominal)	í (clauseinitial)	í	í			1
16269	YandaDom-8_1plsubjectpronominal-1	YandaDom		(1Pl subject pronominal)	y	y	j			1
16224	BenTey-14_1sgindependentpronoun-1	BenTey		(1Sg independent pronoun)	í	í	í			1
16225	Bunoge-14_1sgindependentpronoun-1	Bunoge		(1Sg independent pronoun)	mì	mì	m ì			1
16226	DogulDomBendiely-14_1sgindependentpronoun-1	DogulDomBendiely		(1Sg independent pronoun)	mí	mí	m í			1
16227	DogulDomKundialang-14_1sgindependentpronoun-1	DogulDomKundialang		(1Sg independent pronoun)	mí	mí	m í			1
16228	DonnoSo-14_1sgindependentpronoun-1	DonnoSo		(1Sg independent pronoun)	mí	mí	m í			1
16229	JamsayDouentza-14_1sgindependentpronoun-1	JamsayDouentza		(1Sg independent pronoun)	mí	mí	m í			1
16230	Najamba-14_1sgindependentpronoun-1	Najamba		(1Sg independent pronoun)	mí	mí	m í			1
16231	Nanga-14_1sgindependentpronoun-1	Nanga		(1Sg independent pronoun)	ǐ:ⁿ	ì.íⁿ	ì í ∼			1
16232	Penange-14_1sgindependentpronoun-1	Penange		(1Sg independent pronoun)	mí	mí	m í			1
16233	PergeTegu-14_1sgindependentpronoun-1	PergeTegu		(1Sg independent pronoun)	mí	mí	m í			1
16234	TebulUre-14_1sgindependentpronoun-1	TebulUre		(1Sg independent pronoun)	mí	mí	m í			1
16235	Tiranige-14_1sgindependentpronoun-1	Tiranige		(1Sg independent pronoun)	míwⁿ, mì	mì	m ì			1
16236	Tiranige-14_1sgindependentpronoun-2	Tiranige		(1Sg independent pronoun)	míwⁿ, mì	mì	m ì			1
16237	TogoKan-14_1sgindependentpronoun-1	TogoKan		(1Sg independent pronoun)	íⁿ	íⁿ	í ∼			1
16238	TommoSoTongoTongo-14_1sgindependentpronoun-1	TommoSoTongoTongo		(1Sg independent pronoun)	mí	mí	m í			1
16240	ToroTegu-14_1sgindependentpronoun-1	ToroTegu		(1Sg independent pronoun)	mí ~ m̀ᵇí	mí	m í			1
16241	ToroTegu-14_1sgindependentpronoun-2	ToroTegu		(1Sg independent pronoun)	mí ~ m̀ᵇí	m̀ᵇí	m̀ᵇ í			1
16242	YandaDom-14_1sgindependentpronoun-1	YandaDom		(1Sg independent pronoun)	mí	mí	m í			1
16243	YornoSo-14_1sgindependentpronoun-1	YornoSo		(1Sg independent pronoun)	mú	mú	m ú			1
16244	JamsayDouentza-39_3plhumanpronoun-1	JamsayDouentza		(3Pl human pronoun)	bé	bé	b é			1
16245	PergeTegu-39_3plhumanpronoun-1	PergeTegu		(3Pl human pronoun)	bé	bé	b é			1
16246	TogoKan-39_3plhumanpronoun-1	TogoKan		(3Pl human pronoun)	bé	bé	b é			1
16248	ToroTegu-39_3plhumanpronoun-1	ToroTegu		(3Pl human pronoun)	bé	bé	b é			1
16249	YornoSo-39_3plhumanpronoun-1	YornoSo		(3Pl human pronoun)	bé	bé	b é			1
8939	BankanTey-89_muslimpraysayorperformonesprayer-1	BankanTey		(Muslim) pray, say or perform one's prayer	jíŋgárú káŋ	dʒíŋɡár-ú-káŋ	d ʒ í ŋ ɡ á r + ú + k á ŋ			0
8940	BenTey-89_muslimpraysayorperformonesprayer-1	BenTey		(Muslim) pray, say or perform one's prayer	sálù sálá, sâl sálá	sálù-sálá	s á l ù + s á l á			0
8941	BenTey-89_muslimpraysayorperformonesprayer-2	BenTey		(Muslim) pray, say or perform one's prayer	sálù sálá, sâl sálá	sâl-sálá	s â l + s á l á			0
8942	Bunoge-89_muslimpraysayorperformonesprayer-1	Bunoge		(Muslim) pray, say or perform one's prayer	sɛ̀nì kánì	sɛ̀nì-kánì	s ɛ̀ n ì + k á n ì			0
8943	DogulDomBendiely-89_muslimpraysayorperformonesprayer-1	DogulDomBendiely		(Muslim) pray, say or perform one's prayer	sɛ́ɛ̀n sɛ̀nɛ́	sɛ́.ɛ̀n-sɛ̀n-ɛ́	s ɛ́ ɛ̀ n + s ɛ̀ n + ɛ́			0
8944	DogulDomKundialang-89_muslimpraysayorperformonesprayer-1	DogulDomKundialang		(Muslim) pray, say or perform one's prayer	sɛ́nɛ̀	sɛ́n-ɛ̀	s ɛ́ n + ɛ̀			0
8945	DonnoSo-89_muslimpraysayorperformonesprayer-1	DonnoSo		(Muslim) pray, say or perform one's prayer	sɛ́nù sɛ́nɛ̀	sɛ́nù-sɛ́n-ɛ̀	s ɛ́ n ù + s ɛ́ n + ɛ̀			0
8946	Gourou-89_muslimpraysayorperformonesprayer-1	Gourou		(Muslim) pray, say or perform one's prayer	sálù sálá	sálù-sálá	s á l ù + s á l á			0
8947	JamsayDouentza-89_muslimpraysayorperformonesprayer-1	JamsayDouentza		(Muslim) pray, say or perform one's prayer	sâl sálá	sâl-sálá	s â l + s á l á			0
8948	Mombo-89_muslimpraysayorperformonesprayer-1	Mombo		(Muslim) pray, say or perform one's prayer	sàndì sándé	sànd-ì-sánd-é	s à n d + ì + s á n d + é			0
8949	Najamba-89_muslimpraysayorperformonesprayer-1	Najamba		(Muslim) pray, say or perform one's prayer	sân sán	sân-sán	s â n + s á n			0
8950	Nanga-89_muslimpraysayorperformonesprayer-1	Nanga		(Muslim) pray, say or perform one's prayer	sándì sándí	sánd-ì-sánd-í	s á n d + ì + s á n d + í			0
8951	Penange-89_muslimpraysayorperformonesprayer-1	Penange		(Muslim) pray, say or perform one's prayer	sɛ́ndí kán	sɛ́ndí-kán	s ɛ́ n d í + k á n			0
8952	PergeTegu-89_muslimpraysayorperformonesprayer-1	PergeTegu		(Muslim) pray, say or perform one's prayer	sâl sálá	sâl-sálá	s â l + s á l á			0
8953	TebulUre-89_muslimpraysayorperformonesprayer-1	TebulUre		(Muslim) pray, say or perform one's prayer	sán sárⁿá (sárⁿátì)	sán-sár.ná	s á n + s á r ∼ á			0
8954	Tiranige-89_muslimpraysayorperformonesprayer-1	Tiranige		(Muslim) pray, say or perform one's prayer	sà:ní kán(ú)	sà.àn-í-kán-ú	s à à n + í + k á n + ú			0
8955	TogoKan-89_muslimpraysayorperformonesprayer-1	TogoKan		(Muslim) pray, say or perform one's prayer	sáⁿ sárⁿá	sáⁿ-sár.ná	s á ∼ + s á r ∼ á			0
8956	TommoSoTongoTongo-89_muslimpraysayorperformonesprayer-1	TommoSoTongoTongo		(Muslim) pray, say or perform one's prayer	sɛ́nú sɛ́nɛ́	sɛ́n-ú-sɛ́n-ɛ́	s ɛ́ n + ú + s ɛ́ n + ɛ́			0
8957	ToroTegu-89_muslimpraysayorperformonesprayer-1	ToroTegu		(Muslim) pray, say or perform one's prayer	jíŋgá:rù kárⁿú\\kárⁿá	kár-.ná	k á r + n á			0
8958	YandaDom-89_muslimpraysayorperformonesprayer-1	YandaDom		(Muslim) pray, say or perform one's prayer	sán sán	sán-sán	s á n + s á n			0
8959	YornoSo-89_muslimpraysayorperformonesprayer-1	YornoSo		(Muslim) pray, say or perform one's prayer	sɛ̂n sɛ́rⁿɛ́	sɛ̂n-sɛ́r.nɛ́	s ɛ̂ n + s ɛ́ r ∼ ɛ́			0
9785	BankanTey-208_bloodfromaseriouswoundflowgushoutpourout-1	BankanTey		(blood from a serious wound) flow, gush out, pour out	yɔ̀wɔ́	yɔ̀w-ɔ́	j ɔ̀ w + ɔ́			1
9786	BenTey-208_bloodfromaseriouswoundflowgushoutpourout-1	BenTey		(blood from a serious wound) flow, gush out, pour out	tó: tí	tó.ót-í	t ó ó t + í			1
9787	JamsayDouentza-208_bloodfromaseriouswoundflowgushoutpourout-1	JamsayDouentza		(blood from a serious wound) flow, gush out, pour out	yùwɔ́	yùw-ɔ́	j ù w + ɔ́			1
9788	Mombo-208_bloodfromaseriouswoundflowgushoutpourout-1	Mombo		(blood from a serious wound) flow, gush out, pour out	gwé:	ɡw-éé	ɡ w + é é			1
9789	Najamba-208_bloodfromaseriouswoundflowgushoutpourout-1	Najamba		(blood from a serious wound) flow, gush out, pour out	síyɛ́	síy-ɛ́	s í j + ɛ́			1
9790	Nanga-208_bloodfromaseriouswoundflowgushoutpourout-1	Nanga		(blood from a serious wound) flow, gush out, pour out	tíyɛ́	tíy-ɛ́	t í j + ɛ́			1
9791	TommoSoTongoTongo-208_bloodfromaseriouswoundflowgushoutpourout-1	TommoSoTongoTongo		(blood from a serious wound) flow, gush out, pour out	gòó	ɡò-ó	ɡ ò + ó			1
9792	ToroTegu-208_bloodfromaseriouswoundflowgushoutpourout-1	ToroTegu		(blood from a serious wound) flow, gush out, pour out	zɔ̌w\\zɔ̌:	zɔ̀-ɔ́	z ɔ̀ + ɔ́			1
9793	YornoSo-208_bloodfromaseriouswoundflowgushoutpourout-1	YornoSo		(blood from a serious wound) flow, gush out, pour out	tógɛ́:	tóɡ-ɛ́.ɛ́	t ó ɡ + ɛ́ ɛ́			1
14365	BankanTey-322_egbirdfly-1	BankanTey		(e.g. bird) fly	kísíyé	kís-í-yé	k í s + í + j é			1
14366	BenTey-322_egbirdfly-1	BenTey		(e.g. bird) fly	kísíyé	kís-í-yé	k í s + í + j é			1
14367	Bunoge-322_egbirdfly-1	Bunoge		(e.g. bird) fly	píllè	píl-lè	p í l + l è			1
14368	DonnoSo-322_egbirdfly-1	DonnoSo		(e.g. bird) fly	kílè:\\kílìỳ	kíl-è.è	k í l + è è			1
14369	Gourou-322_egbirdfly-1	Gourou		(e.g. bird) fly	píré	pír-é	p í r + é			1
14370	JamsayDouentza-322_egbirdfly-1	JamsayDouentza		(e.g. bird) fly	círé	tʃír-é	t ʃ í r + é			1
14371	Mombo-322_egbirdfly-1	Mombo		(e.g. bird) fly	pílyê:	píl--yé.è	p í l + + j é è			1
14372	Najamba-322_egbirdfly-1	Najamba		(e.g. bird) fly	píríy\\pìrìyè, pílíy\\pìlìyè	pìl-ì-yè	p ì l + ì + j è			1
14373	Nanga-322_egbirdfly-1	Nanga		(e.g. bird) fly	kísíyé	kís-í-yé	k í s + í + j é			1
14374	Penange-322_egbirdfly-1	Penange		(e.g. bird) fly	pírígè	pír-í-ɡè	p í r + í + ɡ è			1
14375	PergeTegu-322_egbirdfly-1	PergeTegu		(e.g. bird) fly	kíríyé	kír-í-yé	k í r + í + j é			1
14376	TebulUre-322_egbirdfly-1	TebulUre		(e.g. bird) fly	cíllí: (cíllí:yà)	tʃí-l-lí.í	t ʃ í + l + l í í			1
14377	Tiranige-322_egbirdfly-1	Tiranige		(e.g. bird) fly	pílíyó	píl-í-yó	p í l + í + j ó			1
14378	TogoKan-322_egbirdfly-1	TogoKan		(e.g. bird) fly	kìrí kírì:	kìr-í-kír-ì.ì	k ì r + í + k í r + ì ì			1
14379	TommoSoTongoTongo-322_egbirdfly-1	TommoSoTongoTongo		(e.g. bird) fly	kíílíyé	kíí-líyé	k í í + l í j é			1
14380	ToroTegu-322_egbirdfly-1	ToroTegu		(e.g. bird) fly	círú\\círó	tʃír-ó	t ʃ í r + ó			1
14381	YandaDom-322_egbirdfly-1	YandaDom		(e.g. bird) fly	kílíyé\\kílíyélì	kíl-í-yé	k í l + í + j é			1
14382	YornoSo-322_egbirdfly-1	YornoSo		(e.g. bird) fly	kílɛ́:\\kílí:	kíl-ɛ́.ɛ́	k í l + ɛ́ ɛ́			1
5506	BankanTey-680_liquiddriponedropatatime-1	BankanTey		(liquid) drip (one drop at a time)	téké	ték-é	t é k + é			0
5507	BenTey-680_liquiddriponedropatatime-1	BenTey		(liquid) drip (one drop at a time)	tégé	téɡ-é	t é ɡ + é			0
5508	Bunoge-680_liquiddriponedropatatime-1	Bunoge		(liquid) drip (one drop at a time)	tɛ́gɛ̀	tɛ́ɡ-ɛ̀	t ɛ́ ɡ + ɛ̀			0
5509	DogulDomBendiely-680_liquiddriponedropatatime-1	DogulDomBendiely		(liquid) drip (one drop at a time)	tèné	tèn-é	t è n + é			0
5510	DogulDomKundialang-680_liquiddriponedropatatime-1	DogulDomKundialang		(liquid) drip (one drop at a time)	ténè	tén-è	t é n + è			0
5511	DonnoSo-680_liquiddriponedropatatime-1	DonnoSo		(liquid) drip (one drop at a time)	télè\\téle	tél-è	t é l + è			0
5512	Gourou-680_liquiddriponedropatatime-1	Gourou		(liquid) drip (one drop at a time)	sómó	sóm-ó	s ó m + ó			0
5513	JamsayDouentza-680_liquiddriponedropatatime-1	JamsayDouentza		(liquid) drip (one drop at a time)	lémlém bàɣá	lémlémb-àɣ-á	l é m l é m b + à ɣ + á			0
5514	Mombo-680_liquiddriponedropatatime-1	Mombo		(liquid) drip (one drop at a time)	sólé	sól-é	s ó l + é			0
5515	Najamba-680_liquiddriponedropatatime-1	Najamba		(liquid) drip (one drop at a time)	tégí	téɡ-í	t é ɡ + í			0
5516	Nanga-680_liquiddriponedropatatime-1	Nanga		(liquid) drip (one drop at a time)	tégé	téɡ-é	t é ɡ + é			0
5517	Penange-680_liquiddriponedropatatime-1	Penange		(liquid) drip (one drop at a time)	dégé	déɡ-é	d é ɡ + é			0
5518	PergeTegu-680_liquiddriponedropatatime-1	PergeTegu		(liquid) drip (one drop at a time)	tégé	téɡ-é	t é ɡ + é			0
5519	TebulUre-680_liquiddriponedropatatime-1	TebulUre		(liquid) drip (one drop at a time)	tégé (tégétì)	téɡ-é	t é ɡ + é			0
5520	Tiranige-680_liquiddriponedropatatime-1	Tiranige		(liquid) drip (one drop at a time)	dégó, dègúdègù kán(ú)	déɡ-ó	d é ɡ + ó			0
5521	Tiranige-680_liquiddriponedropatatime-2	Tiranige		(liquid) drip (one drop at a time)	dégó, dègúdègù kán(ú)	dèɡ-údèɡù-kán-ú	d è ɡ + ú d è ɡ ù + k á n + ú			0
5522	TogoKan-680_liquiddriponedropatatime-1	TogoKan		(liquid) drip (one drop at a time)	léwé, sóró	léw-é	l é w + é			0
5523	TogoKan-680_liquiddriponedropatatime-2	TogoKan		(liquid) drip (one drop at a time)	léwé, sóró	sór-ó	s ó r + ó			0
5524	TommoSoTongoTongo-680_liquiddriponedropatatime-1	TommoSoTongoTongo		(liquid) drip (one drop at a time)	tégé	téɡ-é	t é ɡ + é			0
5525	ToroTegu-680_liquiddriponedropatatime-1	ToroTegu		(liquid) drip (one drop at a time)	lékúrú\\lékúró	lék-ú-ró	l é k + ú + r ó			0
5526	YandaDom-680_liquiddriponedropatatime-1	YandaDom		(liquid) drip (one drop at a time)	tégé, sómbó	téɡ-é	t é ɡ + é			0
5527	YandaDom-680_liquiddriponedropatatime-2	YandaDom		(liquid) drip (one drop at a time)	tégé, sómbó	sómb-ó	s ó m b + ó			0
5528	YornoSo-680_liquiddriponedropatatime-1	YornoSo		(liquid) drip (one drop at a time)	tégé\\tégé xxx[chaining]	téɡ-é	t é ɡ + é			0
2830	BankanTey-1141_sbcamelkneel-1	BankanTey		(sb, camel) kneel	túŋgí:	túŋɡ-í.í	t ú ŋ ɡ + í í			0
2831	BenTey-1141_sbcamelkneel-1	BenTey		(sb, camel) kneel	túŋgúyú	túŋɡ-úy-ú	t ú ŋ ɡ + ú j + ú			0
2832	Bunoge-1141_sbcamelkneel-1	Bunoge		(sb, camel) kneel	[[kùnjùgá kò:] mbà ] kúndè	kùnjùɡ-á-kò.ò-mbà-kúnd-è	k ù n d ʒ ù ɡ + á + k ò ò + m b à + k ú n d + è			0
2833	DogulDomBendiely-1141_sbcamelkneel-1	DogulDomBendiely		(sb, camel) kneel	tùŋɛ́	tùŋ-ɛ́	t ù ŋ + ɛ́			0
2834	DogulDomKundialang-1141_sbcamelkneel-1	DogulDomKundialang		(sb, camel) kneel	túŋyɛ̀	túŋ-yɛ̀	t ú ŋ + j ɛ̀			0
2835	DonnoSo-1141_sbcamelkneel-1	DonnoSo		(sb, camel) kneel	tú:ŋè:\\tú:ŋìỳ	tú.úŋ-è.è	t ú ú ŋ + è è			0
2836	Gourou-1141_sbcamelkneel-1	Gourou		(sb, camel) kneel	túŋó	túŋ-ó	t ú ŋ + ó			0
2837	JamsayDouentza-1141_sbcamelkneel-1	JamsayDouentza		(sb, camel) kneel	túŋó	túŋ-ó	t ú ŋ + ó			0
2839	Mombo-1141_sbcamelkneel-1	Mombo		(sb, camel) kneel	sómbá	sómb-á	s ó m b + á			0
2840	Najamba-1141_sbcamelkneel-1	Najamba		(sb, camel) kneel	ɲàŋíyɛ́	ɲàŋ-í-yɛ́	ɲ à ŋ + í + j ɛ́			0
2841	Nanga-1141_sbcamelkneel-1	Nanga		(sb, camel) kneel	túŋíyí	túŋ-í-yí	t ú ŋ + í + j í			0
2842	PergeTegu-1141_sbcamelkneel-1	PergeTegu		(sb, camel) kneel	túŋgúyɔ́	túŋɡ-úy-ɔ́	t ú ŋ ɡ + ú j + ɔ́			0
2843	TebulUre-1141_sbcamelkneel-1	TebulUre		(sb, camel) kneel	túnjí: (túnjí:yà, stative túŋgà)	tún-jí.íyà	t ú n + d ʒ í í j à			0
2844	Tiranige-1141_sbcamelkneel-1	Tiranige		(sb, camel) kneel	yáŋ(í)yó	yáŋ-í-yó	j á ŋ + í + j ó			0
2845	TogoKan-1141_sbcamelkneel-1	TogoKan		(sb, camel) kneel	túŋì:\\túŋɛ́:	túŋ-ɛ́.ɛ́	t ú ŋ + ɛ́ ɛ́			0
2846	TommoSoTongoTongo-1141_sbcamelkneel-1	TommoSoTongoTongo		(sb, camel) kneel	túŋíyɛ́	túŋ-í-yɛ́	t ú ŋ + í + j ɛ́			0
2849	ToroTegu-1141_sbcamelkneel-1	ToroTegu		(sb, camel) kneel	gùrùkú\\gùrùkó	ɡùr-ùkó	ɡ ù r + ù k ó			0
2850	YandaDom-1141_sbcamelkneel-1	YandaDom		(sb, camel) kneel	túnjɔ́\\túnjálì	tún-jɔ́	t ú n + d ʒ ɔ́			0
2851	YornoSo-1141_sbcamelkneel-1	YornoSo		(sb, camel) kneel	túŋɛ́:\\túŋí:	túŋ-ɛ́.ɛ́	t ú ŋ + ɛ́ ɛ́			0
13843	BankanTey-1142_sbmammalbitesb-1	BankanTey		(sb, mammal) bite (sb)	kúwó	kúw-ó	k ú w + ó			1
13844	BenTey-1142_sbmammalbitesb-1	BenTey		(sb, mammal) bite (sb)	kúwó	kúw-ó	k ú w + ó			1
13845	Bunoge-1142_sbmammalbitesb-1	Bunoge		(sb, mammal) bite (sb)	núnjè	nún-jè	n ú n + d ʒ è			1
13846	DonnoSo-1142_sbmammalbitesb-1	DonnoSo		(sb, mammal) bite (sb)	kɛ́rɛ̀\\kɛ́rɛ̀	kɛ́r-ɛ̀	k ɛ́ r + ɛ̀			1
13847	Gourou-1142_sbmammalbitesb-1	Gourou		(sb, mammal) bite (sb)	kɛ́rɛ́	kɛ́r-ɛ́	k ɛ́ r + ɛ́			1
13848	JamsayDouentza-1142_sbmammalbitesb-1	JamsayDouentza		(sb, mammal) bite (sb)	cɛ́rɛ́	tʃɛ́r-ɛ́	t ʃ ɛ́ r + ɛ́			1
13850	Mombo-1142_sbmammalbitesb-1	Mombo		(sb, mammal) bite (sb)	núŋgɛ́	núŋɡ-ɛ́	n ú ŋ ɡ + ɛ́			1
13851	Najamba-1142_sbmammalbitesb-1	Najamba		(sb, mammal) bite (sb)	kɛ́rɛ́	kɛ́r-ɛ́	k ɛ́ r + ɛ́			1
13852	Nanga-1142_sbmammalbitesb-1	Nanga		(sb, mammal) bite (sb)	kúwó	kúw-ó	k ú w + ó			1
13853	Penange-1142_sbmammalbitesb-1	Penange		(sb, mammal) bite (sb)	núŋgɛ́	núŋɡ-ɛ́	n ú ŋ ɡ + ɛ́			1
13854	PergeTegu-1142_sbmammalbitesb-1	PergeTegu		(sb, mammal) bite (sb)	kɛ́rɛ́	kɛ́r-ɛ́	k ɛ́ r + ɛ́			1
13855	TebulUre-1142_sbmammalbitesb-1	TebulUre		(sb, mammal) bite (sb)	cɛ́rɛ́ (cɛ́rɛ́tì)	tʃɛ́r-ɛ́	t ʃ ɛ́ r + ɛ́			1
13856	Tiranige-1142_sbmammalbitesb-1	Tiranige		(sb, mammal) bite (sb)	cɛ́rɔ́	tʃɛ́r-ɔ́	t ʃ ɛ́ r + ɔ́			1
13857	TogoKan-1142_sbmammalbitesb-1	TogoKan		(sb, mammal) bite (sb)	kɛ́rɛ́	kɛ́r-ɛ́	k ɛ́ r + ɛ́			1
13858	TommoSoTongoTongo-1142_sbmammalbitesb-1	TommoSoTongoTongo		(sb, mammal) bite (sb)	kɛ́rɛ́	kɛ́r-ɛ́	k ɛ́ r + ɛ́			1
13859	ToroTegu-1142_sbmammalbitesb-1	ToroTegu		(sb, mammal) bite (sb)	cɛ́rú\\cɛ́rá	tʃɛ́r-á	t ʃ ɛ́ r + á			1
13860	YandaDom-1142_sbmammalbitesb-1	YandaDom		(sb, mammal) bite (sb)	kɛ́dɛ́\\kɛ́dálì	kɛ́d-ɛ́	k ɛ́ d + ɛ́			1
13861	YornoSo-1142_sbmammalbitesb-1	YornoSo		(sb, mammal) bite (sb)	kɛ́rɛ́\\kɛ́rɛ́	kɛ́r-ɛ́	k ɛ́ r + ɛ́			1
13862	BankanTey-1186_snakebitesb-1	BankanTey		(snake) bite (sb)	kúwó	kúw-ó	k ú w + ó			1
13863	BenTey-1186_snakebitesb-1	BenTey		(snake) bite (sb)	kúwó	kúw-ó	k ú w + ó			1
13864	DogulDomBendiely-1186_snakebitesb-1	DogulDomBendiely		(snake) bite (sb)	kɛ̀rɛ́	kɛ̀r-ɛ́	k ɛ̀ r + ɛ́			1
13865	DonnoSo-1186_snakebitesb-1	DonnoSo		(snake) bite (sb)	kɛ́rɛ̀\\kɛ́rɛ̀	kɛ́r-ɛ̀	k ɛ́ r + ɛ̀			1
13866	Gourou-1186_snakebitesb-1	Gourou		(snake) bite (sb)	kɛ́rɛ́	kɛ́r-ɛ́	k ɛ́ r + ɛ́			1
13867	JamsayDouentza-1186_snakebitesb-1	JamsayDouentza		(snake) bite (sb)	cɛ́rɛ́	tʃɛ́r-ɛ́	t ʃ ɛ́ r + ɛ́			1
13868	Mombo-1186_snakebitesb-1	Mombo		(snake) bite (sb)	núŋgɛ́	núŋɡ-ɛ́	n ú ŋ ɡ + ɛ́			1
13869	Najamba-1186_snakebitesb-1	Najamba		(snake) bite (sb)	kɛ́rɛ́	kɛ́r-ɛ́	k ɛ́ r + ɛ́			1
13870	Nanga-1186_snakebitesb-1	Nanga		(snake) bite (sb)	kúwó	kúw-ó	k ú w + ó			1
13871	PergeTegu-1186_snakebitesb-1	PergeTegu		(snake) bite (sb)	kɛ́rɛ́	kɛ́r-ɛ́	k ɛ́ r + ɛ́			1
13872	Tiranige-1186_snakebitesb-1	Tiranige		(snake) bite (sb)	cɛ́rɔ́	tʃɛ́r-ɔ́	t ʃ ɛ́ r + ɔ́			1
13873	TogoKan-1186_snakebitesb-1	TogoKan		(snake) bite (sb)	kɛ́rɛ́	kɛ́r-ɛ́	k ɛ́ r + ɛ́			1
13874	TommoSoTongoTongo-1186_snakebitesb-1	TommoSoTongoTongo		(snake) bite (sb)	kɛ́rɛ́	kɛ́r-ɛ́	k ɛ́ r + ɛ́			1
13875	ToroTegu-1186_snakebitesb-1	ToroTegu		(snake) bite (sb)	cɛ́rú\\cɛ́rá	tʃɛ́r-á	t ʃ ɛ́ r + á			1
13876	YandaDom-1186_snakebitesb-1	YandaDom		(snake) bite (sb)	kɛ́dɛ́\\kɛ́dálì	kɛ́d-ɛ́	k ɛ́ d + ɛ́			1
13877	YornoSo-1186_snakebitesb-1	YornoSo		(snake) bite (sb)	kɛ́rɛ́\\kɛ́rɛ́	kɛ́r-ɛ́	k ɛ́ r + ɛ́			1
9006	BankanTey-1510_godallah-1	BankanTey		God, Allah	zɛ́zɛ̂	zɛ́zɛ̂	z ɛ́ z ɛ̂			0
9007	BenTey-1510_godallah-1	BenTey		God, Allah	jǐŋjɛ̀	dʒ-ǐ-ŋ-dʒ-ɛ̀	d ʒ + ǐ + ŋ + d ʒ + ɛ̀			0
9008	Bunoge-1510_godallah-1	Bunoge		God, Allah	ʔàmànàŋgà	ʔàmà-nà-ŋɡ-à	ʔ à m à + n à + ŋ ɡ + à			0
9009	DogulDomBendiely-1510_godallah-1	DogulDomBendiely		God, Allah	ámbá	á-mb-á	á + m b + á			0
9010	DogulDomKundialang-1510_godallah-1	DogulDomKundialang		God, Allah	ámbà	á-mb-à	á + m b + à			0
9011	DonnoSo-1510_godallah-1	DonnoSo		God, Allah	àmbá	à-mb-á	à + m b + á			0
9012	Gourou-1510_godallah-1	Gourou		God, Allah	ámà	á-mà	á + m à			0
9013	JamsayDouentza-1510_godallah-1	JamsayDouentza		God, Allah	ámà	á-mà	á + m à			0
9015	Mombo-1510_godallah-1	Mombo		God, Allah	ámánà	ámánà	á m á n à			0
9016	Najamba-1510_godallah-1	Najamba		God, Allah	jěnjà, ájà	á-dʒ-à	á + d ʒ + à			0
9017	Nanga-1510_godallah-1	Nanga		God, Allah	dɛ̌njɛ̂, jɛ̌njɛ̂	dɛ̌n-jɛ̂	d ɛ̌ n + d ʒ ɛ̂			0
9018	Nanga-1510_godallah-2	Nanga		God, Allah	dɛ̌njɛ̂, jɛ̌njɛ̂	dʒɛ̌-n-j-ɛ̂	d ʒ ɛ̌ + n + d ʒ + ɛ̂			0
9019	Penange-1510_godallah-1	Penange		God, Allah	àmànà (ɲ)	àmànà	à m à n à	ɲ + à m à n à		0
9020	PergeTegu-1510_godallah-1	PergeTegu		God, Allah	ámà	á-mà	á + m à			0
9021	TebulUre-1510_godallah-1	TebulUre		God, Allah	ámbá	á-mb-á	á + m b + á			0
9022	Tiranige-1510_godallah-1	Tiranige		God, Allah	á:	á.á	á á			0
9023	TogoKan-1510_godallah-1	TogoKan		God, Allah	àmá	à-má	à + m á			0
9024	TommoSoTongoTongo-1510_godallah-1	TommoSoTongoTongo		God, Allah	ámbá	á-mb-á	á + m b + á			0
9025	ToroTegu-1510_godallah-1	ToroTegu		God, Allah	dìsìná:	dìsì-ná.á	d ì s ì + n á á			0
9026	YandaDom-1510_godallah-1	YandaDom		God, Allah	àmbà	à-mb-à	à + m b + à			0
9027	YornoSo-1510_godallah-1	YornoSo		God, Allah	ámà	á-mà	á + m à			0
11378	BankanTey-1868_allentirelyinterjectionlikeadverbial-1	BankanTey		all, entirely (interjection-like adverbial)	sóy	sóy	s ó j			1
11379	BenTey-1868_allentirelyinterjectionlikeadverbial-1	BenTey		all, entirely (interjection-like adverbial)	sóy	sóy	s ó j			1
11380	Gourou-1868_allentirelyinterjectionlikeadverbial-1	Gourou		all, entirely (interjection-like adverbial)	sóy	sóy	s ó j			1
11381	JamsayDouentza-1868_allentirelyinterjectionlikeadverbial-1	JamsayDouentza		all, entirely (interjection-like adverbial)	sóy	sóy	s ó j			1
11382	Mombo-1868_allentirelyinterjectionlikeadverbial-1	Mombo		all, entirely (interjection-like adverbial)	sélé:	sélé.é	s é l é é			1
11383	Najamba-1868_allentirelyinterjectionlikeadverbial-1	Najamba		all, entirely (interjection-like adverbial)	láy	láy	l á j			1
11384	Nanga-1868_allentirelyinterjectionlikeadverbial-1	Nanga		all, entirely (interjection-like adverbial)	sóy ~ só	sóy	s ó j			1
11385	Nanga-1868_allentirelyinterjectionlikeadverbial-2	Nanga		all, entirely (interjection-like adverbial)	sóy ~ só	só	s ó			1
11386	PergeTegu-1868_allentirelyinterjectionlikeadverbial-1	PergeTegu		all, entirely (interjection-like adverbial)	sóy	sóy	s ó j			1
11387	TogoKan-1868_allentirelyinterjectionlikeadverbial-1	TogoKan		all, entirely (interjection-like adverbial)	fú→, sàⁿ fú→	sàⁿ_fú	s à ∼ + f ú			1
11388	TommoSoTongoTongo-1868_allentirelyinterjectionlikeadverbial-1	TommoSoTongoTongo		all, entirely (interjection-like adverbial)	láyni	láyni	l á j n i			1
11334	BankanTey-1869_allevery-1	BankanTey		all, every	bê:	bé-è	b é + è			1
11335	Bunoge-1869_allevery-1	Bunoge		all, every	kúndú, sàkáy	kúndú	k ú n d ú			1
11336	Bunoge-1869_allevery-2	Bunoge		all, every	kúndú, sàkáy	sàkáy	s à k á j			1
11337	DogulDomBendiely-1869_allevery-1	DogulDomBendiely		all, every	fú	fú	f ú			1
11338	DonnoSo-1869_allevery-1	DonnoSo		all, every	wôy, fû→, pû→, sɛ́:nɛ̀ŋ, nànâŋ	wôy	w ô j			1
11339	DonnoSo-1869_allevery-2	DonnoSo		all, every	wôy, fû→, pû→, sɛ́:nɛ̀ŋ, nànâŋ	sɛ́.ɛ́nɛ̀ŋ	s ɛ́ ɛ́ n ɛ̀ ŋ			1
11340	Gourou-1869_allevery-1	Gourou		all, every	kɛ̂w	kɛ̂w	k ɛ̂ w			1
11341	JamsayDouentza-1869_allevery-1	JamsayDouentza		all, every	cɛ̂w, fú:, sóy	sóy	s ó j			1
11342	JamsayDouentza-1869_allevery-2	JamsayDouentza		all, every	cɛ̂w, fú:, sóy	sóy	s ó j			1
11344	Mombo-1869_allevery-1	Mombo		all, every	sélè:	sélè.è	s é l è è			1
11345	Najamba-1869_allevery-1	Najamba		all, every	dîn	dîn	d î n			1
11346	Nanga-1869_allevery-1	Nanga		all, every	kéréw, pɔ́s, bé:ndè, pú→, fú→, bú→	kéréw	k é r é w			1
11347	Nanga-1869_allevery-2	Nanga		all, every	kéréw, pɔ́s, bé:ndè, pú→, fú→, bú→	pɔ́s	p ɔ́ s			1
11348	Nanga-1869_allevery-3	Nanga		all, every	kéréw, pɔ́s, bé:ndè, pú→, fú→, bú→	bú	b ú			1
11349	Penange-1869_allevery-1	Penange		all, every	sèlè	sèlè	s è l è			1
11350	PergeTegu-1869_allevery-1	PergeTegu		all, every	kɛ̂w, pú→, kéréw	kɛ̂w	k ɛ̂ w			1
11351	PergeTegu-1869_allevery-2	PergeTegu		all, every	kɛ̂w, pú→, kéréw	kéréw	k é r é w			1
11352	PergeTegu-1869_allevery-3	PergeTegu		all, every	kɛ̂w, pú→, kéréw	kéréw	k é r é w			1
11353	TebulUre-1869_allevery-1	TebulUre		all, every	pú→	pú	p ú			1
11354	Tiranige-1869_allevery-1	Tiranige		all, every	címà (Boui), pɔ́s (Ningo)	pɔ́s	p ɔ́ s			1
11355	TogoKan-1869_allevery-1	TogoKan		all, every	sâⁿ	sâⁿ	s â ∼			1
11356	TommoSoTongoTongo-1869_allevery-1	TommoSoTongoTongo		all, every	kɛ́m	kɛ́m	k ɛ́ m			1
11357	ToroTegu-1869_allevery-1	ToroTegu		all, every	yà:fú: ~ yàgàfú:, cěwlà:fú:, cɛ̌yyà:fú:, kǒwlèyà:fú:, kěylèyà:fú:	kěylèyà.àfú.ú	k ě j l è j à à f ú ú			1
11358	YandaDom-1869_allevery-1	YandaDom		all, every	cɛ̂m, pú→	pú	p ú			1
11359	YornoSo-1869_allevery-1	YornoSo		all, every	pú→	pú	p ú			1
7621	BankanTey-1887_always-1	BankanTey		always	mùkâ:ⁿ kálà, mùkâ:ⁿ bè:	mùká.àⁿ_bè.è	m ù k á à ∼ + b è è			0
7622	BenTey-1887_always-1	BenTey		always	àsú→, àsú→ dàⁿ wôy, ùsú dàⁿ wôy	ùsú_dàⁿ_wôy	ù s ú + d à ∼ + w ô j			0
7623	BenTey-1887_always-2	BenTey		always	àsú→, àsú→ dàⁿ wôy, ùsú dàⁿ wôy	ùsú_dàⁿ_wôy	ù s ú + d à ∼ + w ô j			0
7624	DogulDomBendiely-1887_always-1	DogulDomBendiely		always	wáàr fú, wàgát fú	wáàr_fú	w á à r + f ú			0
7625	DogulDomBendiely-1887_always-2	DogulDomBendiely		always	wáàr fú, wàgát fú	wàɡát_fú	w à ɡ á t + f ú			0
7626	DogulDomKundialang-1887_always-1	DogulDomKundialang		always	wâ:r fù:	wá.àr_fù.ù	w á à r + f ù ù			0
7627	DonnoSo-1887_always-1	DonnoSo		always	bǎy wôy	bǎy_wôy	b ǎ j + w ô j			0
7628	Gourou-1887_always-1	Gourou		always	dògùrù kâ:	dòɡùrù_ká.à	d ò ɡ ù r ù + k á à			0
7629	JamsayDouentza-1887_always-1	JamsayDouentza		always	já:, já: mà já:, dògùrù kâ:ⁿ	dòɡùrù_ká.àⁿ	d ò ɡ ù r ù + k á à ∼			0
7630	Mombo-1887_always-1	Mombo		always	wàgàrù sélé:	wàɡàrù_sélé.é	w à ɡ à r ù + s é l é é			0
7631	Najamba-1887_always-1	Najamba		always	àsú:, wágátì dîn	wáɡátì_dîn	w á ɡ á t ì + d î n			0
7632	Nanga-1887_always-1	Nanga		always	àsú→	àsú	à s ú			0
7633	Penange-1887_always-1	Penange		always	wàgår sèlè	wàɡar_sèlè	w à ɡ a r + s è l è			0
7634	PergeTegu-1887_always-1	PergeTegu		always	à:sú→, sú→ à:bádà	súà.àbádà	s ú à à b á d à			0
7635	TebulUre-1887_always-1	TebulUre		always	wágádúꜜ pú→	wáɡádú_pú	w á ɡ á d ú + p ú			0
7636	Tiranige-1887_always-1	Tiranige		always	wàkàtì címà	wàkàtì_tʃímà	w à k à t ì + t ʃ í m à			0
7637	TogoKan-1887_always-1	TogoKan		always	jáwò→	dʒáwò	d ʒ á w ò			0
7638	TommoSoTongoTongo-1887_always-1	TommoSoTongoTongo		always	àsúú kɛ́m, ábádá, bǎy kɛ́m	àsúú_kɛ́m	à s ú ú + k ɛ́ m			0
7639	TommoSoTongoTongo-1887_always-2	TommoSoTongoTongo		always	àsúú kɛ́m, ábádá, bǎy kɛ́m	ábádá	á b á d á			0
7640	TommoSoTongoTongo-1887_always-3	TommoSoTongoTongo		always	àsúú kɛ́m, ábádá, bǎy kɛ́m	bǎy_kɛ́m	b ǎ j + k ɛ́ m			0
7641	ToroTegu-1887_always-1	ToroTegu		always	tùwⁿɔ́ kálá:	tùw.nɔ́_kálá.á	t ù w ∼ ɔ́ + k á l á á			0
7642	YandaDom-1887_always-1	YandaDom		always	àsú→	àsú	à s ú			0
7643	YornoSo-1887_always-1	YornoSo		always	bǎy pú→, já→ mà já→, já→	dʒá	d ʒ á			0
16169	Mombo-1915_andxandynouns-1	Mombo		and (X and Y, nouns)	ńdô:	ńdó-ò	n d ó + ò			1
10379	BankanTey-1950_answerreplytosb-1	BankanTey		answer, reply to (sb)	kísɛ́	kís-ɛ́	k í s + ɛ́			0
10380	BenTey-1950_answerreplytosb-1	BenTey		answer, reply to (sb)	sá, mǒ: sá	sá	s á			0
10381	BenTey-1950_answerreplytosb-2	BenTey		answer, reply to (sb)	sá, mǒ: sá	mò.ós-á	m ò ó s + á			0
10382	Bunoge-1950_answerreplytosb-1	Bunoge		answer, reply to (sb)	kíjɛ̀	kídʒ-ɛ̀	k í d ʒ + ɛ̀			0
10383	DogulDomKundialang-1950_answerreplytosb-1	DogulDomKundialang		answer, reply to (sb)	kísɛ̀, kígìlmè	kís-ɛ̀	k í s + ɛ̀			0
10384	DogulDomKundialang-1950_answerreplytosb-2	DogulDomKundialang		answer, reply to (sb)	kísɛ̀, kígìlmè	kíɡ-ì-lmè	k í ɡ + ì + l m è			0
10385	DonnoSo-1950_answerreplytosb-1	DonnoSo		answer, reply to (sb)	yàbìlɛ́:\\yábìlìỳ	yàb-ì-lɛ́.ɛ́	j à b + ì + l ɛ́ ɛ́			0
10386	Gourou-1950_answerreplytosb-1	Gourou		answer, reply to (sb)	ká: sá:, sá:	ká.á-sá.á	k á á + s á á			0
10387	Gourou-1950_answerreplytosb-2	Gourou		answer, reply to (sb)	ká: sá:, sá:	sá-á	s á + á			0
10388	JamsayDouentza-1950_answerreplytosb-1	JamsayDouentza		answer, reply to (sb)	sá:, ká: sá:	sá-á	s á + á			0
10389	JamsayDouentza-1950_answerreplytosb-2	JamsayDouentza		answer, reply to (sb)	sá:, ká: sá:	ká.á-sá.á	k á á + s á á			0
10391	Mombo-1950_answerreplytosb-1	Mombo		answer, reply to (sb)	ábúlè, kízɛ́	ábúl-è	á b ú l + è			0
10392	Mombo-1950_answerreplytosb-2	Mombo		answer, reply to (sb)	ábúlè, kízɛ́	kíz-ɛ́	k í z + ɛ́			0
10393	Najamba-1950_answerreplytosb-1	Najamba		answer, reply to (sb)	já:bɛ́	dʒá.áb-ɛ́	d ʒ á á b + ɛ́			0
10394	Nanga-1950_answerreplytosb-1	Nanga		answer, reply to (sb)	sá:, nɔ̌: sá:	sá-á	s á + á			0
10395	Nanga-1950_answerreplytosb-2	Nanga		answer, reply to (sb)	sá:, nɔ̌: sá:	nɔ̀.ɔ́-sá.á	n ɔ̀ ɔ́ + s á á			0
10396	Penange-1950_answerreplytosb-1	Penange		answer, reply to (sb)	kíjɛ́, jámbé	kídʒ-ɛ́	k í d ʒ + ɛ́			0
10397	Penange-1950_answerreplytosb-2	Penange		answer, reply to (sb)	kíjɛ́, jámbé	dʒámb-é	d ʒ á m b + é			0
10398	PergeTegu-1950_answerreplytosb-1	PergeTegu		answer, reply to (sb)	sá:	sá-á	s á + á			0
10399	TebulUre-1950_answerreplytosb-1	TebulUre		answer, reply to (sb)	sá:m (sá:mtì), sá (sátì)	sá	s á			0
10400	Tiranige-1950_answerreplytosb-1	Tiranige		answer, reply to (sb)	cígírɔ́	tʃí-ɡ-í-rɔ́	t ʃ í + ɡ + í + r ɔ́			0
10401	TogoKan-1950_answerreplytosb-1	TogoKan		answer, reply to (sb)	sá:	sá-á	s á + á			0
10402	TommoSoTongoTongo-1950_answerreplytosb-1	TommoSoTongoTongo		answer, reply to (sb)	sáwá, yàbílɛ́	sáw-á	s á w + á			0
10403	TommoSoTongoTongo-1950_answerreplytosb-2	TommoSoTongoTongo		answer, reply to (sb)	sáwá, yàbílɛ́	yàb-í-lɛ́	j à b + í + l ɛ́			0
10404	ToroTegu-1950_answerreplytosb-1	ToroTegu		answer, reply to (sb)	císú\\císó	tʃís-ó	t ʃ í s + ó			0
10405	YandaDom-1950_answerreplytosb-1	YandaDom		answer, reply to (sb)	m̀bò sá:, sá:	mbòs-á.á	m b ò s + á á			0
10406	YandaDom-1950_answerreplytosb-2	YandaDom		answer, reply to (sb)	m̀bò sá:, sá:	sá-á	s á + á			0
10407	YornoSo-1950_answerreplytosb-1	YornoSo		answer, reply to (sb)	sá:\\sáy	sá-á	s á + á			0
1723	BankanTey-1987_armpitunderarmwhereinfantisgrabbed-1	BankanTey		armpit, underarm (where infant is grabbed)	árkɛ́ndɛ̀	árkɛ́-nd-ɛ̀	á r k ɛ́ + n d + ɛ̀			0
1724	BenTey-1987_armpitunderarmwhereinfantisgrabbed-1	BenTey		armpit, underarm (where infant is grabbed)	àrkɛ́lɛ̀	àrkɛ́-lɛ̀	à r k ɛ́ + l ɛ̀			0
1725	DogulDomBendiely-1987_armpitunderarmwhereinfantisgrabbed-1	DogulDomBendiely		armpit, underarm (where infant is grabbed)	káràkàrà	kárà-kàrà	k á r à + k à r à			0
1726	DogulDomKundialang-1987_armpitunderarmwhereinfantisgrabbed-1	DogulDomKundialang		armpit, underarm (where infant is grabbed)	káràkàrà	kárà-kàrà	k á r à + k à r à			0
1727	DonnoSo-1987_armpitunderarmwhereinfantisgrabbed-1	DonnoSo		armpit, underarm (where infant is grabbed)	nùmɔ̀[kárùkàrù]	nùmɔ̀-kárù-kàrù	n ù m ɔ̀ + k á r ù + k à r ù			0
1728	Gourou-1987_armpitunderarmwhereinfantisgrabbed-1	Gourou		armpit, underarm (where infant is grabbed)	kìkàrá	kìkà-rá	k ì k à + r á			0
1729	JamsayDouentza-1987_armpitunderarmwhereinfantisgrabbed-1	JamsayDouentza		armpit, underarm (where infant is grabbed)	kìkàrá	kìkà-rá	k ì k à + r á			0
1730	Mombo-1987_armpitunderarmwhereinfantisgrabbed-1	Mombo		armpit, underarm (where infant is grabbed)	kárákárá súgù, kárákárá	kárá-kárá	k á r á + k á r á			0
1731	Mombo-1987_armpitunderarmwhereinfantisgrabbed-2	Mombo		armpit, underarm (where infant is grabbed)	kárákárá súgù, kárákárá	kárá-kárá	k á r á + k á r á			0
1732	Najamba-1987_armpitunderarmwhereinfantisgrabbed-1	Najamba		armpit, underarm (where infant is grabbed)	kàkàrâ: kùl	kàkà-rá.à_kùl	k à k à + r á à + k ù l			0
1733	Nanga-1987_armpitunderarmwhereinfantisgrabbed-1	Nanga		armpit, underarm (where infant is grabbed)	ɛ̀rɛ̀kɛ̀ndɛ̂, ɛ̀rɛ̀gɛ̀ndɛ̂	ɛ̀rɛ̀kɛ̀-nd-ɛ̂	ɛ̀ r ɛ̀ k ɛ̀ + n d + ɛ̂			0
1734	Nanga-1987_armpitunderarmwhereinfantisgrabbed-2	Nanga		armpit, underarm (where infant is grabbed)	ɛ̀rɛ̀kɛ̀ndɛ̂, ɛ̀rɛ̀gɛ̀ndɛ̂	ɛ̀rɛ̀ɡɛ̀-nd-ɛ̂	ɛ̀ r ɛ̀ ɡ ɛ̀ + n d + ɛ̂			0
1735	Penange-1987_armpitunderarmwhereinfantisgrabbed-1	Penange		armpit, underarm (where infant is grabbed)	kàràkàrà, kàràkàrà súgù	kàrà-kàrà	k à r à + k à r à			0
1736	Penange-1987_armpitunderarmwhereinfantisgrabbed-2	Penange		armpit, underarm (where infant is grabbed)	kàràkàrà, kàràkàrà súgù	kàrà-kàrà_súɡù	k à r à + k à r à + s ú ɡ ù			0
1737	PergeTegu-1987_armpitunderarmwhereinfantisgrabbed-1	PergeTegu		armpit, underarm (where infant is grabbed)	kàkàrá	kàkà-rá	k à k à + r á			0
1738	TebulUre-1987_armpitunderarmwhereinfantisgrabbed-1	TebulUre		armpit, underarm (where infant is grabbed)	kàkàrá	kàkà-rá	k à k à + r á			0
1739	Tiranige-1987_armpitunderarmwhereinfantisgrabbed-1	Tiranige		armpit, underarm (where infant is grabbed)	kàràkàrà	kàrà-kàrà	k à r à + k à r à			0
1740	TogoKan-1987_armpitunderarmwhereinfantisgrabbed-1	TogoKan		armpit, underarm (where infant is grabbed)	kàkàrá	kàkà-rá	k à k à + r á			0
1741	TommoSoTongoTongo-1987_armpitunderarmwhereinfantisgrabbed-1	TommoSoTongoTongo		armpit, underarm (where infant is grabbed)	kákárú	káká-rú	k á k á + r ú			0
1744	ToroTegu-1987_armpitunderarmwhereinfantisgrabbed-1	ToroTegu		armpit, underarm (where infant is grabbed)	ìrkílá	ìrkí-lá	ì r k í + l á			0
1745	YandaDom-1987_armpitunderarmwhereinfantisgrabbed-1	YandaDom		armpit, underarm (where infant is grabbed)	kàgádà ~ kàkádà	kàká-dà	k à k á + d à			0
1746	YandaDom-1987_armpitunderarmwhereinfantisgrabbed-2	YandaDom		armpit, underarm (where infant is grabbed)	kàgádà ~ kàkádà	kàká-dà	k à k á + d à			0
1747	YornoSo-1987_armpitunderarmwhereinfantisgrabbed-1	YornoSo		armpit, underarm (where infant is grabbed)	kíkárú	kíká-rú	k í k á + r ú			0
14089	BankanTey-1999_arriveatreach-1	BankanTey		arrive at, reach	dɔ́	d-ɔ́	d + ɔ́			0
14090	BenTey-1999_arriveatreach-1	BenTey		arrive at, reach	dɔ̌	d-ɔ̌	d + ɔ̌			0
14091	Bunoge-1999_arriveatreach-1	Bunoge		arrive at, reach	dínnɛ̀	dínn-ɛ̀	d í n n + ɛ̀			0
14092	DogulDomBendiely-1999_arriveatreach-1	DogulDomBendiely		arrive at, reach	dèé	dè-é	d è + é			0
14093	DogulDomKundialang-1999_arriveatreach-1	DogulDomKundialang		arrive at, reach	dɛ̌: (imperative dɔ́)	dɛ̀-ɛ́	d ɛ̀ + ɛ́			0
14094	DonnoSo-1999_arriveatreach-1	DonnoSo		arrive at, reach	dɔ̌:\\dɔ́ɛ̀	dɔ́-ɛ̀	d ɔ́ + ɛ̀			0
14095	Gourou-1999_arriveatreach-1	Gourou		arrive at, reach	dɔ́:	dɔ́-ɔ́	d ɔ́ + ɔ́			0
14096	JamsayDouentza-1999_arriveatreach-1	JamsayDouentza		arrive at, reach	dɔ̌:	dɔ̀-ɔ́	d ɔ̀ + ɔ́			0
14097	Mombo-1999_arriveatreach-1	Mombo		arrive at, reach	dínyɛ̂:	dín--yɛ́.ɛ̀	d í n + + j ɛ́ ɛ̀			0
14098	Najamba-1999_arriveatreach-1	Najamba		arrive at, reach	dwɛ̂:\\dwɛ̀:	dw-ɛ̀ɛ̀	d w + ɛ̀ ɛ̀			0
14099	Nanga-1999_arriveatreach-1	Nanga		arrive at, reach	dɔ̌:	dɔ̀-ɔ́	d ɔ̀ + ɔ́			0
14100	Penange-1999_arriveatreach-1	Penange		arrive at, reach	túbyɛ̀	túb-yɛ̀	t ú b + j ɛ̀			0
14101	PergeTegu-1999_arriveatreach-1	PergeTegu		arrive at, reach	dɔ̌:	dɔ̀-ɔ́	d ɔ̀ + ɔ́			0
14102	TebulUre-1999_arriveatreach-1	TebulUre		arrive at, reach	dɔ̌ (dɔ̯â: ~ dɔ̌yyà, perf neg dɔ̯àlí)	d-ɔ̌	d + ɔ̌			0
14103	Tiranige-1999_arriveatreach-1	Tiranige		arrive at, reach	áyó	áy-ó	á j + ó			0
14104	TogoKan-1999_arriveatreach-1	TogoKan		arrive at, reach	dɔ̌:\\dɔ́:	dɔ́-ɔ́	d ɔ́ + ɔ́			0
14105	TommoSoTongoTongo-1999_arriveatreach-1	TommoSoTongoTongo		arrive at, reach	dɔ̀ɔ́	dɔ̀-ɔ́	d ɔ̀ + ɔ́			0
14106	ToroTegu-1999_arriveatreach-1	ToroTegu		arrive at, reach	dɔ́\\dɔ́	d-ɔ́	d + ɔ́			0
14107	YandaDom-1999_arriveatreach-1	YandaDom		arrive at, reach	dɔ́\\dwàlí	d-ɔ́	d + ɔ́			0
14108	YornoSo-1999_arriveatreach-1	YornoSo		arrive at, reach	dɔ̌:\\dɔ̌:	dɔ̀-ɔ́	d ɔ̀ + ɔ́			0
4858	BankanTey-2007_ashes-1	BankanTey		ashes	dɔ̀yⁿɔ̌yⁿ	dɔ̀ɔ̌	d ɔ̀ ɔ̌			1
4859	BenTey-2007_ashes-1	BenTey		ashes	dɔ̀yⁿɔ̌yⁿ	dɔ̀ɔ̌	d ɔ̀ ɔ̌			1
4860	Bunoge-2007_ashes-1	Bunoge		ashes	díwɔ̀	díwɔ̀	d í w ɔ̀			1
4861	DogulDomBendiely-2007_ashes-1	DogulDomBendiely		ashes	dɔ́ɔ̀	dɔ́-ɔ̀	d ɔ́ + ɔ̀			1
4862	DogulDomKundialang-2007_ashes-1	DogulDomKundialang		ashes	dɔ̌:	dɔ̀-ɔ́	d ɔ̀ + ɔ́			1
4863	DonnoSo-2007_ashes-1	DonnoSo		ashes	úndɔ̀	ú-nd-ɔ̀	ú + n d + ɔ̀			1
4864	Gourou-2007_ashes-1	Gourou		ashes	ɛ́:rⁿɛ̀	ɛ́.ɛ́r.nɛ̀	ɛ́ ɛ́ r ∼ ɛ̀			1
4865	JamsayDouentza-2007_ashes-1	JamsayDouentza		ashes	dɔ̀yⁿɔ́	dɔ̀ɔ́	d ɔ̀ ɔ́			1
4866	Mombo-2007_ashes-1	Mombo		ashes	dwɛ̂:	dwɛ́-ɛ̀	d w ɛ́ + ɛ̀			1
4867	Najamba-2007_ashes-1	Najamba		ashes	dɔ̀dɛ̌:ŋgó\\dɔ̀dɛ̌:	dɔ̀dɛ̀.ɛ́-ŋɡ-ó	d ɔ̀ d ɛ̀ ɛ́ + ŋ ɡ + ó	d ɔ̀ d ɛ̀ ɛ́		1
4868	Nanga-2007_ashes-1	Nanga		ashes	dùyá	dùyá	d ù j á			1
4869	Penange-2007_ashes-1	Penange		ashes	dwɛ̀:	dwɛ̀-ɛ̀	d w ɛ̀ + ɛ̀			1
4870	PergeTegu-2007_ashes-1	PergeTegu		ashes	dɔ̀yⁿɔ́	dɔ̀ɔ́	d ɔ̀ ɔ́			1
4871	TebulUre-2007_ashes-1	TebulUre		ashes	dɔ̀ɛ́	dɔ̀ɛ́	d ɔ̀ ɛ́			1
4872	Tiranige-2007_ashes-1	Tiranige		ashes	dwɛ́:	dwɛ́-ɛ́	d w ɛ́ + ɛ́			1
4873	TogoKan-2007_ashes-1	TogoKan		ashes	dɔ̀yⁿɛ́	dɔ̀ɛ́	d ɔ̀ ɛ́			1
4874	TommoSoTongoTongo-2007_ashes-1	TommoSoTongoTongo		ashes	ɔ́índɛ́, úndɔ́	ɔ́í-nd-ɛ́	ɔ́ í + n d + ɛ́			1
4875	TommoSoTongoTongo-2007_ashes-2	TommoSoTongoTongo		ashes	ɔ́índɛ́, úndɔ́	ɔ́í-nd-ɛ́	ɔ́ í + n d + ɛ́			1
4877	ToroTegu-2007_ashes-1	ToroTegu		ashes	dòwⁿòsú	dòw.-nòsú	d ò w + n ò s ú			1
4878	YandaDom-2007_ashes-1	YandaDom		ashes	dɔ̀yⁿɛ̀	dɔ̀ɛ̀	d ɔ̀ ɛ̀			1
4879	YornoSo-2007_ashes-1	YornoSo		ashes	únɔ̀	únɔ̀	ú n ɔ̀			1
10342	BankanTey-2012_askaquestionofsb-1	BankanTey		ask a question of (sb)	úsí	ús-í	ú s + í			0
10343	BenTey-2012_askaquestionofsb-1	BenTey		ask a question of (sb)	úsúrú	úsúr-ú	ú s ú r + ú			0
10344	Bunoge-2012_askaquestionofsb-1	Bunoge		ask a question of (sb)	ʔéjárù ʔéjárè	ʔédʒár-ù-ʔédʒár-è	ʔ é d ʒ á r + ù + ʔ é d ʒ á r + è			0
10345	DogulDomBendiely-2012_askaquestionofsb-1	DogulDomBendiely		ask a question of (sb)	tùbɛ́	tùb-ɛ́	t ù b + ɛ́			0
10346	DogulDomKundialang-2012_askaquestionofsb-1	DogulDomKundialang		ask a question of (sb)	túbɛ̀	túb-ɛ̀	t ú b + ɛ̀			0
10347	DonnoSo-2012_askaquestionofsb-1	DonnoSo		ask a question of (sb)	tùbɔ́ kúndò, túbɔ̀\\túbɛ̀	tùb-ɔ́-kúnd-ò	t ù b + ɔ́ + k ú n d + ò			0
10348	DonnoSo-2012_askaquestionofsb-2	DonnoSo		ask a question of (sb)	tùbɔ́ kúndò, túbɔ̀\\túbɛ̀	túb-ɛ̀	t ú b + ɛ̀			0
10349	Gourou-2012_askaquestionofsb-1	Gourou		ask a question of (sb)	úsúrú	úsúr-ú	ú s ú r + ú			0
10350	JamsayDouentza-2012_askaquestionofsb-1	JamsayDouentza		ask a question of (sb)	újúró	údʒúr-ó	ú d ʒ ú r + ó			0
10351	Mombo-2012_askaquestionofsb-1	Mombo		ask a question of (sb)	sàrù sáré	sàrù-sáré	s à r ù + s á r é			0
10352	Najamba-2012_askaquestionofsb-1	Najamba		ask a question of (sb)	sár\\sàrè	sàr-è	s à r + è			0
10353	Nanga-2012_askaquestionofsb-1	Nanga		ask a question of (sb)	úsí	ús-í	ú s + í			0
10354	Penange-2012_askaquestionofsb-1	Penange		ask a question of (sb)	sàrù sáré	sàrù-sáré	s à r ù + s á r é			0
10355	PergeTegu-2012_askaquestionofsb-1	PergeTegu		ask a question of (sb)	úsúró	úsúr-ó	ú s ú r + ó			0
10356	TebulUre-2012_askaquestionofsb-1	TebulUre		ask a question of (sb)	órúgó ɔ́dír (ɔ́dírtì)	órú-ɡóɔ́dír	ó r ú + ɡ ó ɔ́ d í r			0
10357	Tiranige-2012_askaquestionofsb-1	Tiranige		ask a question of (sb)	újárí újáró	údʒár-íúdʒár-ó	ú d ʒ á r + í ú d ʒ á r + ó			0
10358	TogoKan-2012_askaquestionofsb-1	TogoKan		ask a question of (sb)	úɲùrⁿù\\úɲɔ́rⁿɔ́	úɲɔ-́r-.-nɔ́	ú ɲ ɔ + <<́>> r + + n ɔ́			0
10359	TommoSoTongoTongo-2012_askaquestionofsb-1	TommoSoTongoTongo		ask a question of (sb)	sèlùmú sélémɔ́	sèlùmú-sélém-ɔ́	s è l ù m ú + s é l é m + ɔ́			0
10360	ToroTegu-2012_askaquestionofsb-1	ToroTegu		ask a question of (sb)	úsú\\úsó	ús-ó	ú s + ó			0
10361	YandaDom-2012_askaquestionofsb-1	YandaDom		ask a question of (sb)	sàdù sádú	sàdù-sádú	s à d ù + s á d ú			0
10362	YornoSo-2012_askaquestionofsb-1	YornoSo		ask a question of (sb)	újóró\\újúrú, sélmɛ́	sél-mɛ́	s é l + m ɛ́			0
10363	YornoSo-2012_askaquestionofsb-2	YornoSo		ask a question of (sb)	újóró\\újúrú, sélmɛ́	sél-mɛ́	s é l + m ɛ́			0
1178	BankanTey-2064_backbody-1	BankanTey		back (body)	tùndú, tùndù kɛ́ndɛ̀	tù-nd-ú	t ù + n d + ú			1
1179	BankanTey-2064_backbody-2	BankanTey		back (body)	tùndú, tùndù kɛ́ndɛ̀	tù-ndù_k-ɛ́-ɛ̀	t ù + n d ù + k + ɛ́ + ɛ̀			1
1180	BenTey-2064_backbody-1	BenTey		back (body)	tùlùkɛ́lɛ̀	tùlù-kɛ́lɛ̀	t ù l ù + k ɛ́ l ɛ̀			1
1181	Bunoge-2064_backbody-1	Bunoge		back (body)	pùmbù	pù-mbù	p ù + m b ù			1
1182	DogulDomBendiely-2064_backbody-1	DogulDomBendiely		back (body)	ǹdóŋ	ǹdóŋ	n d ó ŋ			1
1183	DogulDomKundialang-2064_backbody-1	DogulDomKundialang		back (body)	ǹdɔ́ŋ́ (ǹdɔ́ⁿ yà:)	ǹdɔ́ŋ	n d ɔ́ ŋ	n d ɔ́ ~ + j à à		1
1184	DonnoSo-2064_backbody-1	DonnoSo		back (body)	ùnnú	ùnnú	ù n n ú			1
1185	Gourou-2064_backbody-1	Gourou		back (body)	gùn kɛ́nɛ́	ɡùn_kɛ́nɛ́	ɡ ù n + k ɛ́ n ɛ́			1
1186	JamsayDouentza-2064_backbody-1	JamsayDouentza		back (body)	gǔn, gùncɛ́nɛ́	ɡù-n-tʃɛ́-n-ɛ́	ɡ ù + n + t ʃ ɛ́ + n + ɛ́			1
1188	Mombo-2064_backbody-1	Mombo		back (body)	túndú	tú-nd-ú	t ú + n d + ú			1
1189	Najamba-2064_backbody-1	Najamba		back (body)	bàndíŋgé\\bàndí	bà-ndí-ŋɡ-é	b à + n d í + ŋ ɡ + é	b à n d í		1
1190	Nanga-2064_backbody-1	Nanga		back (body)	tùndù bìrⁿɛ́	tù-n-dù_-bìr.-n-ɛ́	t ù + n + d ù + b ì r + n + ɛ́			1
1191	Penange-2064_backbody-1	Penange		back (body)	túndú	tú-nd-ú	t ú + n d + ú			1
1192	PergeTegu-2064_backbody-1	PergeTegu		back (body)	tùrkɛ́lɛ́	tùr-kɛ́lɛ́	t ù r + k ɛ́ l ɛ́			1
1193	TebulUre-2064_backbody-1	TebulUre		back (body)	kúndúgó	kú-ndú-ɡ-ó	k ú + n d ú + ɡ + ó			1
1194	Tiranige-2064_backbody-1	Tiranige		back (body)	túnú	túnú	t ú n ú			1
1195	TogoKan-2064_backbody-1	TogoKan		back (body)	dògòkɛ́nɛ́	dòɡò-kɛ́nɛ́	d ò ɡ ò + k ɛ́ n ɛ́			1
1196	TommoSoTongoTongo-2064_backbody-1	TommoSoTongoTongo		back (body)	ònnú	ònnú	ò n n ú			1
1199	ToroTegu-2064_backbody-1	ToroTegu		back (body)	tùŋɔ́	tùŋɔ́	t ù ŋ ɔ́			1
1200	YandaDom-2064_backbody-1	YandaDom		back (body)	tùnù	tùnù	t ù n ù			1
1201	YornoSo-2064_backbody-1	YornoSo		back (body)	ònɔ́	ònɔ́	ò n ɔ́			1
7174	BankanTey-2069_backrearofsth-1	BankanTey		back, rear (of sth)	tùndú	tù-nd-ú	t ù + n d + ú			1
7175	BenTey-2069_backrearofsth-1	BenTey		back, rear (of sth)	tùlú	tùlú	t ù l ú			1
7176	Bunoge-2069_backrearofsth-1	Bunoge		back, rear (of sth)	pùmbù	pù-mbù	p ù + m b ù			1
7177	DogulDomKundialang-2069_backrearofsth-1	DogulDomKundialang		back, rear (of sth)	ǹdɔ́ŋ́	ǹdɔ́ŋ	n d ɔ́ ŋ			1
7178	DonnoSo-2069_backrearofsth-1	DonnoSo		back, rear (of sth)	ùnnú	ùnnú	ù n n ú			1
7179	JamsayDouentza-2069_backrearofsth-1	JamsayDouentza		back, rear (of sth)	gùndùró	ɡù-ndù-r-ó	ɡ ù + n d ù + r + ó			1
7180	Mombo-2069_backrearofsth-1	Mombo		back, rear (of sth)	túndú	tú-nd-ú	t ú + n d + ú			1
7181	Najamba-2069_backrearofsth-1	Najamba		back, rear (of sth)	bàndí	bà-nd-í	b à + n d + í			1
7182	Nanga-2069_backrearofsth-1	Nanga		back, rear (of sth)	tùndí	tù-nd-í	t ù + n d + í			1
7183	Penange-2069_backrearofsth-1	Penange		back, rear (of sth)	tùndù	tù-ndù	t ù + n d ù			1
7184	PergeTegu-2069_backrearofsth-1	PergeTegu		back, rear (of sth)	tùlú	tùlú	t ù l ú			1
7185	Tiranige-2069_backrearofsth-1	Tiranige		back, rear (of sth)	tú:ⁿ	tú-úⁿ	t ú + ú ∼			1
7186	TogoKan-2069_backrearofsth-1	TogoKan		back, rear (of sth)	dògó	dòɡó	d ò ɡ ó			1
7187	TommoSoTongoTongo-2069_backrearofsth-1	TommoSoTongoTongo		back, rear (of sth)	ònnú nɛ, dùmɔ́ nɛ	ònnú_nɛ	ò n n ú + n ɛ			1
7188	TommoSoTongoTongo-2069_backrearofsth-2	TommoSoTongoTongo		back, rear (of sth)	ònnú nɛ, dùmɔ́ nɛ	dùmɔ́_nɛ	d ù m ɔ́ + n ɛ			1
7189	ToroTegu-2069_backrearofsth-1	ToroTegu		back, rear (of sth)	pɛ́rá	pɛ́rá	p ɛ́ r á			1
7190	YandaDom-2069_backrearofsth-1	YandaDom		back, rear (of sth)	tùnù	tùnù	t ù n ù			1
15720	BankanTey-2074_badnogood-1	BankanTey		bad, no good	m̀bɔ̀sú	mbɔ̀s-ú	m b ɔ̀ s + ú			1
15721	BenTey-2074_badnogood-1	BenTey		bad, no good	mɔ̀sú	mɔ̀s-ú	m ɔ̀ s + ú			1
15722	Bunoge-2074_badnogood-1	Bunoge		bad, no good	ɲàmì	ɲàm-ì	ɲ à m + ì			1
15723	DogulDomBendiely-2074_badnogood-1	DogulDomBendiely		bad, no good	sálá	sál-á	s á l + á			1
15724	DogulDomKundialang-2074_badnogood-1	DogulDomKundialang		bad, no good	sálà:. mɔ̀njùgú (mɔ̀njúg)	sálà.à_mɔ̀njùɡ-ú	s á l à à + m ɔ̀ n d ʒ ù ɡ + ú			1
15725	DonnoSo-2074_badnogood-1	DonnoSo		bad, no good	pà:dɛ̂:	pà.àdɛ́.ɛ̀	p à à d ɛ́ ɛ̀			1
15726	Gourou-2074_badnogood-1	Gourou		bad, no good	mɔ̀sú	mɔ̀s-ú	m ɔ̀ s + ú			1
15727	JamsayDouentza-2074_badnogood-1	JamsayDouentza		bad, no good	mɔ̀ɲú	mɔ̀ɲ-ú	m ɔ̀ ɲ + ú			1
15729	Mombo-2074_badnogood-1	Mombo		bad, no good	yá:lá	yá.ál-á	j á á l + á			1
15730	Najamba-2074_badnogood-1	Najamba		bad, no good	nɛ̀:ndɛ́:\\nè:ndá:	nɛ̀.ɛ̀nd-ɛ́.ɛ́	n ɛ̀ ɛ̀ n d + ɛ́ ɛ́	n è è n d á á		1
15731	Nanga-2074_badnogood-1	Nanga		bad, no good	mɔ̀sí, gɔ̀mî	mɔ̀s-í	m ɔ̀ s + í			1
15732	Nanga-2074_badnogood-2	Nanga		bad, no good	mɔ̀sí, gɔ̀mî	ɡɔ̀m-î	ɡ ɔ̀ m + î			1
15733	Penange-2074_badnogood-1	Penange		bad, no good	ɲàm, pɔ́:lɔ́ wǒlgà	ɲàm	ɲ à m			1
15734	Penange-2074_badnogood-2	Penange		bad, no good	ɲàm, pɔ́:lɔ́ wǒlgà	pɔ́.ɔ́lɔ́_wǒlɡ-à	p ɔ́ ɔ́ l ɔ́ + w ǒ l ɡ + à			1
15735	PergeTegu-2074_badnogood-1	PergeTegu		bad, no good	mɔ̀sú	mɔ̀s-ú	m ɔ̀ s + ú			1
15736	TebulUre-2074_badnogood-1	TebulUre		bad, no good	sàmgɔ́\\sàmɛ́\\sàmbɔ́	sàmɡ-ɔ́	s à m ɡ + ɔ́	s à m + b ɔ́		1
15737	Tiranige-2074_badnogood-1	Tiranige		bad, no good	mɔ́:ná	mɔ́.ɔ́n-á	m ɔ́ ɔ́ n + á			1
15738	TogoKan-2074_badnogood-1	TogoKan		bad, no good	mɔ̀ɲú	mɔ̀ɲ-ú	m ɔ̀ ɲ + ú			1
15739	TommoSoTongoTongo-2074_badnogood-1	TommoSoTongoTongo		bad, no good	pàdíɛ́, sálá, yámú	pàdíɛ́	p à d í ɛ́			1
15740	TommoSoTongoTongo-2074_badnogood-2	TommoSoTongoTongo		bad, no good	pàdíɛ́, sálá, yámú	sál-á	s á l + á			1
15741	TommoSoTongoTongo-2074_badnogood-3	TommoSoTongoTongo		bad, no good	pàdíɛ́, sálá, yámú	yám-ú	j á m + ú			1
15742	ToroTegu-2074_badnogood-1	ToroTegu		bad, no good	mɔ̀sú, m̀bɔ̀sú	mɔ̀s-ú	m ɔ̀ s + ú			1
15743	ToroTegu-2074_badnogood-2	ToroTegu		bad, no good	mɔ̀sú, m̀bɔ̀sú	mbɔ̀s-ú	m b ɔ̀ s + ú			1
15744	YandaDom-2074_badnogood-1	YandaDom		bad, no good	gɔ̀mɔ̀\\mù, sálá\\mù	sál-á	s á l + á	s á l á + m ù		1
15745	YornoSo-2074_badnogood-1	YornoSo		bad, no good	mɔ̀ɲú, sálá	mɔ̀ɲ-ú	m ɔ̀ ɲ + ú			1
15746	YornoSo-2074_badnogood-2	YornoSo		bad, no good	mɔ̀ɲú, sálá	sál-á	s á l + á			1
9746	BankanTey-2281_betiredwearysufferingphysically-1	BankanTey		be tired, weary, suffering (physically)	dɛ́	d-ɛ́	d + ɛ́			0
9747	BenTey-2281_betiredwearysufferingphysically-1	BenTey		be tired, weary, suffering (physically)	dɛ̌	d-ɛ̌	d + ɛ̌			0
9748	Bunoge-2281_betiredwearysufferingphysically-1	Bunoge		be tired, weary, suffering (physically)	dɛ́nɛ̀	dɛ́n-ɛ̀	d ɛ́ n + ɛ̀			0
9749	DogulDomKundialang-2281_betiredwearysufferingphysically-1	DogulDomKundialang		be tired, weary, suffering (physically)	ɔ́ɲɲɛ̀	ɔ́ɲɲ-ɛ̀	ɔ́ ɲ ɲ + ɛ̀			0
9750	DonnoSo-2281_betiredwearysufferingphysically-1	DonnoSo		be tired, weary, suffering (physically)	dě:\\déè	dè-é	d è + é	d é + è		0
9751	Gourou-2281_betiredwearysufferingphysically-1	Gourou		be tired, weary, suffering (physically)	dɛ́:ⁿ	dɛ́.ɛ́.n	d ɛ́ ɛ́ ∼			0
9752	JamsayDouentza-2281_betiredwearysufferingphysically-1	JamsayDouentza		be tired, weary, suffering (physically)	dɛ̌:ⁿ	dɛ̀.ɛ́.n	d ɛ̀ ɛ́ ∼			0
9754	Mombo-2281_betiredwearysufferingphysically-1	Mombo		be tired, weary, suffering (physically)	nɛ́nɛ́	nɛ́n-ɛ́	n ɛ́ n + ɛ́			0
9755	Najamba-2281_betiredwearysufferingphysically-1	Najamba		be tired, weary, suffering (physically)	áy\\àyè	á-y	á + j	à j è		0
9756	Nanga-2281_betiredwearysufferingphysically-1	Nanga		be tired, weary, suffering (physically)	áyá	áy-á	á j + á			0
9757	Penange-2281_betiredwearysufferingphysically-1	Penange		be tired, weary, suffering (physically)	nɛ́nɛ́	nɛ́n-ɛ́	n ɛ́ n + ɛ́			0
9758	PergeTegu-2281_betiredwearysufferingphysically-1	PergeTegu		be tired, weary, suffering (physically)	dɛ́:ⁿ xxx[tone]	dɛ́.ɛ́.n	d ɛ́ ɛ́ ∼			0
9759	TebulUre-2281_betiredwearysufferingphysically-1	TebulUre		be tired, weary, suffering (physically)	áy (áyà:, neg àylí)	á-y	á + j			0
9760	Tiranige-2281_betiredwearysufferingphysically-1	Tiranige		be tired, weary, suffering (physically)	á:ríyó	á.áríy-ó	á á r í j + ó			0
9761	TogoKan-2281_betiredwearysufferingphysically-1	TogoKan		be tired, weary, suffering (physically)	sǎⁿ dɛ̌:ⁿm̀, dɛ̌:ⁿ, dó:rú ɔ̌:	dó.órú_ɔ̀.ɔ́	d ó ó r ú + ɔ̀ ɔ́			0
9762	TommoSoTongoTongo-2281_betiredwearysufferingphysically-1	TommoSoTongoTongo		be tired, weary, suffering (physically)	ɔ́ɲíyɛ́, gòdú jímɛ́	ɔ́ɲíy-ɛ́	ɔ́ ɲ í j + ɛ́			0
9763	TommoSoTongoTongo-2281_betiredwearysufferingphysically-2	TommoSoTongoTongo		be tired, weary, suffering (physically)	ɔ́ɲíyɛ́, gòdú jímɛ́	ɡòdú_dʒím-ɛ́	ɡ ò d ú + d ʒ í m + ɛ́			0
9764	ToroTegu-2281_betiredwearysufferingphysically-1	ToroTegu		be tired, weary, suffering (physically)	dɛ́\\dɛ́	d-ɛ́	d + ɛ́	d ɛ́		0
9765	YandaDom-2281_betiredwearysufferingphysically-1	YandaDom		be tired, weary, suffering (physically)	ɔ́ɲɔ́\\ɔ́ɲálì	ɔ́ɲ-ɔ́	ɔ́ ɲ + ɔ́	ɔ́ ɲ á + l ì		0
9766	YornoSo-2281_betiredwearysufferingphysically-1	YornoSo		be tired, weary, suffering (physically)	ɔ́ɲɔ́ xxx[chaining]	ɔ́ɲ-ɔ́	ɔ́ ɲ + ɔ́			0
1952	BankanTey-2298_beard-1	BankanTey		beard	bɛ᷈yⁿ	bɛ̌	b ɛ̌			0
1953	BenTey-2298_beard-1	BenTey		beard	bɛ᷈yⁿ	bɛ̌	b ɛ̌			0
1954	Bunoge-2298_beard-1	Bunoge		beard	ʔɔ̀ndɔ́kùlɛ̀	ʔɔ̀-ndɔ́-kù-l-ɛ̀	ʔ ɔ̀ + n d ɔ́ + k ù + l + ɛ̀			0
1955	DogulDomBendiely-2298_beard-1	DogulDomBendiely		beard	bɛ́ɛ̀ŋ, bɛ̃́ɛ̃̀	bɛ.nɛ.-n	b ɛ ∼ ɛ + n			0
1956	DogulDomKundialang-2298_beard-1	DogulDomKundialang		beard	bɛ̂:ⁿ	bɛ́.ɛ̀.n	b ɛ́ ɛ̀ ∼			0
1957	DonnoSo-2298_beard-1	DonnoSo		beard	bɛ̀:kèŋgèlé	bɛ̀.ɛ̀kè-ŋɡè-l-é	b ɛ̀ ɛ̀ k è + ŋ ɡ è + l + é			0
1958	Gourou-2298_beard-1	Gourou		beard	bɛ̀w kúrɔ́	bɛ̀w_kúrɔ́	b ɛ̀ w + k ú r ɔ́			0
1959	JamsayDouentza-2298_beard-1	JamsayDouentza		beard	bɛ̀w kúrɔ́	bɛ̀w_kúrɔ́	b ɛ̀ w + k ú r ɔ́			0
1961	Mombo-2298_beard-1	Mombo		beard	bé:ⁿ kùlɛ̀	bé.éⁿ_kùlɛ̀	b é é ∼ + k ù l ɛ̀			0
1962	Najamba-2298_beard-1	Najamba		beard	bɛ̂:ŋgò\\bɛ̂:	bɛ́.ɛ̀-ŋɡ-ò	b ɛ́ ɛ̀ + ŋ ɡ + ò	b ɛ́ ɛ̀		0
1963	Nanga-2298_beard-1	Nanga		beard	bɛ̀bɛ᷈:	bɛ̀bɛ̀.ɛ̀	b ɛ̀ b ɛ̀ ɛ̀			0
1964	Penange-2298_beard-1	Penange		beard	dɔ́mjɔ́kùlɛ̀	dɔ́m-dʒɔ́-kù-l-ɛ̀	d ɔ́ m + d ʒ ɔ́ + k ù + l + ɛ̀			0
1965	PergeTegu-2298_beard-1	PergeTegu		beard	bɛ̀bɛ̌w	bɛ̀bɛ̌-w	b ɛ̀ b ɛ̌ + w			0
1966	TebulUre-2298_beard-1	TebulUre		beard	bèyà:kúlà	bèyà.à-kúlà	b è j à à + k ú l à			0
1967	Tiranige-2298_beard-1	Tiranige		beard	yéná kùlèŋgé ("chin hair")	yéná_kùlè-ŋɡ-é	j é n á + k ù l è + ŋ ɡ + é			0
1968	TogoKan-2298_beard-1	TogoKan		beard	bɛ̌	bɛ̌	b ɛ̌			0
1969	TommoSoTongoTongo-2298_beard-1	TommoSoTongoTongo		beard	bɛ̀ɛ́	bɛ̀-ɛ́	b ɛ̀ + ɛ́			0
1972	ToroTegu-2298_beard-1	ToroTegu		beard	bɛ̌w, bɛ̀wkúrɔ́	bɛ̌w	b ɛ̌ w			0
1973	ToroTegu-2298_beard-2	ToroTegu		beard	bɛ̌w, bɛ̀wkúrɔ́	bɛ̀w-kúrɔ́	b ɛ̀ w + k ú r ɔ́			0
1974	YandaDom-2298_beard-1	YandaDom		beard	bìyàkùlà	bìyà-kùlà	b ì j à + k ù l à			0
1975	YornoSo-2298_beard-1	YornoSo		beard	bɛ̌:	bɛ̀-ɛ́	b ɛ̀ + ɛ́			0
9308	BankanTey-2307_beatplaytomtom-1	BankanTey		beat, play (tomtom)	bàrⁿá	bàr-.ná	b à r + n á			0
9309	BenTey-2307_beatplaytomtom-1	BenTey		beat, play (tomtom)	bàrⁿá	bàr-.ná	b à r + n á			0
9310	Bunoge-2307_beatplaytomtom-1	Bunoge		beat, play (tomtom)	bálè, bóllè bálè	bál-è	b á l + è			0
9311	Bunoge-2307_beatplaytomtom-2	Bunoge		beat, play (tomtom)	bálè, bóllè bálè	bóllè-bálè	b ó l l è + b á l è			0
9312	DogulDomKundialang-2307_beatplaytomtom-1	DogulDomKundialang		beat, play (tomtom)	bàné	bàn-é	b à n + é			0
9313	DonnoSo-2307_beatplaytomtom-1	DonnoSo		beat, play (tomtom)	bǎ:\\báỳ	bà-á	b à + á			0
9314	Gourou-2307_beatplaytomtom-1	Gourou		beat, play (tomtom)	bàrⁿá	bàr-.ná	b à r + n á			0
9315	JamsayDouentza-2307_beatplaytomtom-1	JamsayDouentza		beat, play (tomtom)	bàrⁿá, tɛ́wɛ́	bàr-.ná	b à r + n á			0
9316	JamsayDouentza-2307_beatplaytomtom-2	JamsayDouentza		beat, play (tomtom)	bàrⁿá, tɛ́wɛ́	tɛ́w-ɛ́	t ɛ́ w + ɛ́			0
9317	Mombo-2307_beatplaytomtom-1	Mombo		beat, play (tomtom)	bálé	bál-é	b á l + é			0
9318	Najamba-2307_beatplaytomtom-1	Najamba		beat, play (tomtom)	bǎn\\bànè	bàn-è	b à n + è			0
9319	Nanga-2307_beatplaytomtom-1	Nanga		beat, play (tomtom)	bàrⁿá	bàr-.ná	b à r + n á			0
9320	Penange-2307_beatplaytomtom-1	Penange		beat, play (tomtom)	bálé	bál-é	b á l + é			0
9321	PergeTegu-2307_beatplaytomtom-1	PergeTegu		beat, play (tomtom)	bàrⁿá	bàr-.ná	b à r + n á			0
9322	TebulUre-2307_beatplaytomtom-1	TebulUre		beat, play (tomtom)	bàrⁿá (bàrⁿátì)	bàr-.ná	b à r + n á			0
9323	Tiranige-2307_beatplaytomtom-1	Tiranige		beat, play (tomtom)	bám(ú)	bám-ú	b á m + ú			0
9324	TogoKan-2307_beatplaytomtom-1	TogoKan		beat, play (tomtom)	bàrⁿá	bàr-.ná	b à r + n á			0
9325	TommoSoTongoTongo-2307_beatplaytomtom-1	TommoSoTongoTongo		beat, play (tomtom)	bàá	bà-á	b à + á			0
9326	ToroTegu-2307_beatplaytomtom-1	ToroTegu		beat, play (tomtom)	bàrú\\bàrá	bàr-á	b à r + á			0
9327	YandaDom-2307_beatplaytomtom-1	YandaDom		beat, play (tomtom)	bǎn\\bàrⁿàlí	bǎn\\bàrⁿàlí	b ǎ n b à r ∼ à l í			0
9328	YornoSo-2307_beatplaytomtom-1	YornoSo		beat, play (tomtom)	bǎ:	bà-á	b à + á			0
16217	Mombo-2309_because-1	Mombo		because	nɛ́:lá nâw	nɛ́.ɛ́lá_nâw	n ɛ́ ɛ́ l á + n â w			1
16218	PergeTegu-2309_because-1	PergeTegu		because	bàyⁿ, sábù dèy	sábù_dèy	s á b ù + d è j			1
16219	PergeTegu-2309_because-2	PergeTegu		because	bàyⁿ, sábù dèy	sábù_dèy	s á b ù + d è j			1
16220	TogoKan-2309_because-1	TogoKan		because	sábú dè→	sábú_dè	s á b ú + d è			1
16221	YandaDom-2309_because-1	YandaDom		because	dàn	dàn	d à n			1
16222	YornoSo-2309_because-1	YornoSo		because	sàbù	sàbù	s à b ù			1
7191	BankanTey-2399_belowunderneathadverb-1	BankanTey		below, underneath (adverb)	bòndô:, dû: wò	dú.ù_wò	d ú ù + w ò			0
7192	BenTey-2399_belowunderneathadverb-1	BenTey		below, underneath (adverb)	bòlô:	bòló.ò	b ò l ó ò			0
7193	Bunoge-2399_belowunderneathadverb-1	Bunoge		below, underneath (adverb)	bú, bú: mbà	bú	b ú			0
7194	Bunoge-2399_belowunderneathadverb-2	Bunoge		below, underneath (adverb)	bú, bú: mbà	bú.ú_mbà	b ú ú + m b à			0
7195	DogulDomKundialang-2399_belowunderneathadverb-1	DogulDomKundialang		below, underneath (adverb)	sìgàŋ̀ dá:	sìɡàŋ_dá.á	s ì ɡ à ŋ + d á á			0
7196	DonnoSo-2399_belowunderneathadverb-1	DonnoSo		below, underneath (adverb)	jóè rà:	dʒóè_rà.à	d ʒ ó è + r à à			0
7197	Gourou-2399_belowunderneathadverb-1	Gourou		below, underneath (adverb)	dósú	dósú	d ó s ú			0
7198	JamsayDouentza-2399_belowunderneathadverb-1	JamsayDouentza		below, underneath (adverb)	dójù, dójú lé	dódʒú_lé	d ó d ʒ ú + l é			0
7199	Mombo-2399_belowunderneathadverb-1	Mombo		below, underneath (adverb)	súgúndà	súɡúndà	s ú ɡ ú n d à			0
7200	Najamba-2399_belowunderneathadverb-1	Najamba		below, underneath (adverb)	dû: mà	dú.ù_mà	d ú ù + m à			0
7201	Nanga-2399_belowunderneathadverb-1	Nanga		below, underneath (adverb)	dósí gó	dósí_ɡó	d ó s í + ɡ ó			0
7202	Penange-2399_belowunderneathadverb-1	Penange		below, underneath (adverb)	sígólò bà (e.g. on the ground floor), sùgù bá (e.g. at the bottom of a well)	sùɡù_bá	s ù ɡ ù + b á			0
7203	PergeTegu-2399_belowunderneathadverb-1	PergeTegu		below, underneath (adverb)	dósù	dósù	d ó s ù			0
7204	TebulUre-2399_belowunderneathadverb-1	TebulUre		below, underneath (adverb)	dùgó	dùɡó	d ù ɡ ó			0
7205	Tiranige-2399_belowunderneathadverb-1	Tiranige		below, underneath (adverb)	sígíyá	síɡíyá	s í ɡ í j á			0
7206	TogoKan-2399_belowunderneathadverb-1	TogoKan		below, underneath (adverb)	bɔ̀rɔ́	bɔ̀rɔ́	b ɔ̀ r ɔ́			0
7207	TommoSoTongoTongo-2399_belowunderneathadverb-1	TommoSoTongoTongo		below, underneath (adverb)	dúú nɛ	dúú_nɛ	d ú ú + n ɛ			0
7208	ToroTegu-2399_belowunderneathadverb-1	ToroTegu		below, underneath (adverb)	tɛ̀má	tɛ̀má	t ɛ̀ m á			0
7209	YandaDom-2399_belowunderneathadverb-1	YandaDom		below, underneath (adverb)	dú: nà, dú: bà	dú.ú_bà	d ú ú + b à			0
7210	YornoSo-2399_belowunderneathadverb-1	YornoSo		below, underneath (adverb)	dû: nɛ̀	dú.ù_nɛ̀	d ú ù + n ɛ̀			0
7297	BankanTey-2421_biglarge-1	BankanTey		big, large	díyⁿàwⁿ\\díyⁿàm	díàw.n	d í à w ∼	d í j~ à + m		1
7298	BenTey-2421_biglarge-1	BenTey		big, large	díyⁿàw\\díyⁿàm\\díyⁿà	díàw	d í à w	d í j~ à		1
7299	Bunoge-2421_biglarge-1	Bunoge		big, large	bàyⁿ, bìgì (also 'fat')	bìɡ-ì	b ì ɡ + ì			1
7300	DogulDomBendiely-2421_biglarge-1	DogulDomBendiely		big, large	bìnú	bìn-ú	b ì n + ú			1
7301	DogulDomKundialang-2421_biglarge-1	DogulDomKundialang		big, large	bìnúŋ́	bìnúŋ	b ì n ú ŋ			1
7302	DonnoSo-2421_biglarge-1	DonnoSo		big, large	pô:	pó-ò	p ó + ò			1
7303	Gourou-2421_biglarge-1	Gourou		big, large	gàrá	ɡàr-á	ɡ à r + á			1
7304	JamsayDouentza-2421_biglarge-1	JamsayDouentza		big, large	gàrá	ɡàr-á	ɡ à r + á			1
7306	Mombo-2421_biglarge-1	Mombo		big, large	bâyⁿ	bâ	b â			1
7307	Najamba-2421_biglarge-1	Najamba		big, large	gìndɔ́:\\gìndɛ́:	ɡìnd-ɔ́.ɔ́	ɡ ì n d + ɔ́ ɔ́	ɡ ì n d ɛ́ ɛ́		1
7308	Nanga-2421_biglarge-1	Nanga		big, large	dùgí	dùɡ-í	d ù ɡ + í			1
7309	Penange-2421_biglarge-1	Penange		big, large	bàyⁿ	bà	b à			1
7310	PergeTegu-2421_biglarge-1	PergeTegu		big, large	démbéré	démbér-é	d é m b é r + é			1
7311	TebulUre-2421_biglarge-1	TebulUre		big, large	dɛ́\\dɛ́ŋgɛ̀\\dɛ́mbɔ̀, bìné:\\bǐnmbɔ́ (e.g. person, animal)	bìn-é	b ì n + é	b ǐ n + m b ɔ́		1
7312	Tiranige-2421_biglarge-1	Tiranige		big, large	báy (house, tree, village), bíní (animal, person, rock)	bín-í	b í n + í			1
7313	TogoKan-2421_biglarge-1	TogoKan		big, large	káŋ, márⁿá, gàrá	káŋ	k á ŋ			1
7314	TogoKan-2421_biglarge-2	TogoKan		big, large	káŋ, márⁿá, gàrá	ɡàr-á	ɡ à r + á			1
7315	TommoSoTongoTongo-2421_biglarge-1	TommoSoTongoTongo		big, large	póó, gáá, díɛ́	p-óó	p + ó ó			1
7316	TommoSoTongoTongo-2421_biglarge-2	TommoSoTongoTongo		big, large	póó, gáá, díɛ́	díɛ́	d í ɛ́			1
7317	TommoSoTongoTongo-2421_biglarge-3	TommoSoTongoTongo		big, large	póó, gáá, díɛ́	díɛ́	d í ɛ́			1
7318	ToroTegu-2421_biglarge-1	ToroTegu		big, large	sɛ́w, ná:	sɛ́w	s ɛ́ w			1
7319	ToroTegu-2421_biglarge-2	ToroTegu		big, large	sɛ́w, ná:	ná-á	n á + á			1
7320	YandaDom-2421_biglarge-1	YandaDom		big, large	dìyá	dìy-á	d ì j + á			1
7321	YornoSo-2421_biglarge-1	YornoSo		big, large	dùgú, dɛ̂:, díyɛ̀	díy-ɛ̀	d í j + ɛ̀			1
7322	YornoSo-2421_biglarge-2	YornoSo		big, large	dùgú, dɛ̂:, díyɛ̀	díy-ɛ̀	d í j + ɛ̀			1
294	BankanTey-2430_birdany-1	BankanTey		bird (any)	nǐ:m\\nǐ:	nì.í-m	n ì í + m	n ì í		1
295	BenTey-2430_birdany-1	BenTey		bird (any)	nì:yⁿîm\\nì:yⁿî:	nì.ìî-m	n ì ì î + m	n ì ì j~ í ì		1
296	Bunoge-2430_birdany-1	Bunoge		bird (any)	ní:bè	ní.íbè	n í í b è			1
297	DogulDomBendiely-2430_birdany-1	DogulDomBendiely		bird (any)	lègèègú, nègèègú	nèɡèè-ɡú	n è ɡ è è + ɡ ú			1
298	DogulDomKundialang-2430_birdany-1	DogulDomKundialang		bird (any)	nègě:g	nèɡè.é-ɡ	n è ɡ è é + ɡ			1
299	DonnoSo-2430_birdany-1	DonnoSo		bird (any)	sàdâ:	sàdá.à	s à d á à			1
300	JamsayDouentza-2430_birdany-1	JamsayDouentza		bird (any)	sà:jî:ⁿ, sàjú	sà-dʒ-ú	s à + d ʒ + ú			1
302	Mombo-2430_birdany-1	Mombo		bird (any)	ìní	ìní	ì n í			1
303	Najamba-2430_birdany-1	Najamba		bird (any)	nǐ:\\nì:mbó	nì-í	n ì + í	n ì ì + m b ó		1
304	Nanga-2430_birdany-1	Nanga		bird (any)	lì:gí	lì.ìɡí	l ì ì ɡ í			1
305	Penange-2430_birdany-1	Penange		bird (any)	nèjjé	nè-dʒ-dʒ-é	n è + d ʒ + d ʒ + é			1
306	PergeTegu-2430_birdany-1	PergeTegu		bird (any)	sàsǎy	sàsǎ-y	s à s ǎ + j			1
307	TebulUre-2430_birdany-1	TebulUre		bird (any)	àdé\\àdùmbó	àdé	à d é	à d ù + m b ó		1
308	Tiranige-2430_birdany-1	Tiranige		bird (any)	níyè	níyè	n í j è			1
309	TogoKan-2430_birdany-1	TogoKan		bird (any)	sàjú	sà-dʒ-ú	s à + d ʒ + ú			1
310	TommoSoTongoTongo-2430_birdany-1	TommoSoTongoTongo		bird (any)	sàdàá	sàdàá	s à d à á	s à d à á m b e		1
313	ToroTegu-2430_birdany-1	ToroTegu		bird (any)	sǎy	sǎy	s ǎ j			1
314	YandaDom-2430_birdany-1	YandaDom		bird (any)	àɲàn\\mù	àɲàn	à ɲ à n	à ɲ à n + m ù		1
315	YornoSo-2430_birdany-1	YornoSo		bird (any)	sìsǎ:	sìsà.á	s ì s à á			1
12806	BankanTey-2438_bitterintaste-1	BankanTey		bitter (in taste)	gàrǔm	ɡàrǔm	ɡ à r ǔ m			0
12807	BenTey-2438_bitterintaste-1	BenTey		bitter (in taste)	gárìm ~ gárùm	ɡárùm	ɡ á r ù m			0
12808	Bunoge-2438_bitterintaste-1	Bunoge		bitter (in taste)	kàrkàrgà	kàrkàrɡ-à	k à r k à r ɡ + à			0
12809	DogulDomBendiely-2438_bitterintaste-1	DogulDomBendiely		bitter (in taste)	gállá	ɡáll-á	ɡ á l l + á			0
12810	DogulDomKundialang-2438_bitterintaste-1	DogulDomKundialang		bitter (in taste)	gállàŋ̀	ɡállàŋ	ɡ á l l à ŋ			0
12811	DonnoSo-2438_bitterintaste-1	DonnoSo		bitter (in taste)	gàllú	ɡàll-ú	ɡ à l l + ú			0
12812	Gourou-2438_bitterintaste-1	Gourou		bitter (in taste)	gé:rù	ɡé.ér-ù	ɡ é é r + ù			0
12813	JamsayDouentza-2438_bitterintaste-1	JamsayDouentza		bitter (in taste)	jé:rù	dʒé.ér-ù	d ʒ é é r + ù			0
12815	Mombo-2438_bitterintaste-1	Mombo		bitter (in taste)	kárákárá kánní	kárákárá_kánn-í	k á r á k á r á + k á n n + í			0
12816	Najamba-2438_bitterintaste-1	Najamba		bitter (in taste)	gàlíyè\\gàlúŋgò	ɡàlíy-è	ɡ à l í j + è	ɡ à l ú + ŋ ɡ ò		0
12817	Nanga-2438_bitterintaste-1	Nanga		bitter (in taste)	gárî	ɡár-î	ɡ á r + î			0
12818	Penange-2438_bitterintaste-1	Penange		bitter (in taste)	kárákárá, gà:là	kárákár-á	k á r á k á r + á			0
12819	Penange-2438_bitterintaste-2	Penange		bitter (in taste)	kárákárá, gà:là	ɡà.àl-à	ɡ à à l + à			0
12820	PergeTegu-2438_bitterintaste-1	PergeTegu		bitter (in taste)	gérù xxx(see 06281)	ɡér-ù	ɡ é r + ù			0
12821	TebulUre-2438_bitterintaste-1	TebulUre		bitter (in taste)	gálɛ̀://gálŋgɔ̀	ɡálɛ̀.ɛ̀	ɡ á l ɛ̀ ɛ̀	ɡ á l + ŋ ɡ ɔ̀		0
12822	TogoKan-2438_bitterintaste-1	TogoKan		bitter (in taste)	kágárá	káɡár-á	k á ɡ á r + á			0
12823	TommoSoTongoTongo-2438_bitterintaste-1	TommoSoTongoTongo		bitter (in taste)	gálálú	ɡálál-ú	ɡ á l á l + ú			0
12824	ToroTegu-2438_bitterintaste-1	ToroTegu		bitter (in taste)	gòlú	ɡòl-ú	ɡ ò l + ú			0
12825	YandaDom-2438_bitterintaste-1	YandaDom		bitter (in taste)	gàl	ɡàl	ɡ à l			0
12826	YornoSo-2438_bitterintaste-1	YornoSo		bitter (in taste)	gálàl	ɡálàl	ɡ á l à l			0
15045	BankanTey-2448_blackdark-1	BankanTey		black, dark	jɛ̀mɛ̂yⁿ	dʒɛ̀m-ɛ̂	d ʒ ɛ̀ m + ɛ̂			1
15046	BenTey-2448_blackdark-1	BenTey		black, dark	jéwⁿèwⁿ\\jéwⁿèm\\jéwⁿèyè	dʒéw.nèw.n	d ʒ é w ∼ è w ∼	d ʒ é w ~ è + j è		1
15047	Bunoge-2448_blackdark-1	Bunoge		black, dark	yɔ̀:lɛ̀	yɔ̀.ɔ̀l-ɛ̀	j ɔ̀ ɔ̀ l + ɛ̀			1
15048	DogulDomBendiely-2448_blackdark-1	DogulDomBendiely		black, dark	gɛ́mɛ̀ŋ	ɡɛ́mɛ̀ŋ	ɡ ɛ́ m ɛ̀ ŋ			1
15049	DogulDomKundialang-2448_blackdark-1	DogulDomKundialang		black, dark	gɛ́mɛ̀ŋ̀	ɡɛ́mɛ̀ŋ	ɡ ɛ́ m ɛ̀ ŋ			1
15050	DonnoSo-2448_blackdark-1	DonnoSo		black, dark	gɛ̂ŋ	ɡɛ̂ŋ	ɡ ɛ̂ ŋ			1
15051	Gourou-2448_blackdark-1	Gourou		black, dark	gɛ́m	ɡɛ́m	ɡ ɛ́ m			1
15052	JamsayDouentza-2448_blackdark-1	JamsayDouentza		black, dark	jɛ́m	dʒɛ́m	d ʒ ɛ́ m			1
15054	Mombo-2448_blackdark-1	Mombo		black, dark	wɛ́rɛ́dɛ́	wɛ́rɛ́d-ɛ́	w ɛ́ r ɛ́ d + ɛ́			1
15055	Najamba-2448_blackdark-1	Najamba		black, dark	jɛ́mɛ̀\\jɛ́mɛ̀ŋgò	dʒɛ́m-ɛ̀	d ʒ ɛ́ m + ɛ̀	d ʒ ɛ́ m ɛ̀ + ŋ ɡ ò		1
15056	Nanga-2448_blackdark-1	Nanga		black, dark	jɛ́mí	dʒɛ́m-í	d ʒ ɛ́ m + í			1
15057	Penange-2448_blackdark-1	Penange		black, dark	yɔ́rdɛ́	yɔ́rd-ɛ́	j ɔ́ r d + ɛ́			1
15058	PergeTegu-2448_blackdark-1	PergeTegu		black, dark	jém	dʒém	d ʒ é m			1
15059	TebulUre-2448_blackdark-1	TebulUre		black, dark	jɛ́mɛ̀:\\jɛ́mbɔ̀\\jɛ́mgɔ̀	dʒɛ́m-ɛ̀.ɛ̀	d ʒ ɛ́ m + ɛ̀ ɛ̀	d ʒ ɛ́ m + ɡ ɔ̀		1
15060	Tiranige-2448_blackdark-1	Tiranige		black, dark	jɛ́mɛ́	dʒɛ́m-ɛ́	d ʒ ɛ́ m + ɛ́			1
15061	TogoKan-2448_blackdark-1	TogoKan		black, dark	gɛ́ⁿ	ɡɛ́.n	ɡ ɛ́ ∼			1
15062	TommoSoTongoTongo-2448_blackdark-1	TommoSoTongoTongo		black, dark	gɛ́m	ɡɛ́m	ɡ ɛ́ m			1
15063	ToroTegu-2448_blackdark-1	ToroTegu		black, dark	jɛ́m	dʒɛ́m	d ʒ ɛ́ m			1
15064	YandaDom-2448_blackdark-1	YandaDom		black, dark	jèmɛ́	dʒèm-ɛ́	d ʒ è m + ɛ́			1
15065	YornoSo-2448_blackdark-1	YornoSo		black, dark	gɛ́m	ɡɛ́m	ɡ ɛ́ m			1
8713	BankanTey-2459_blacksmithmemberofblacksmithcaste-1	BankanTey		blacksmith, member of blacksmith caste	zɛ́mbɛ̀m\\zɛ́mbɛ̀	zɛ́-mbɛ̀-m	z ɛ́ + m b ɛ̀ + m	z ɛ́ m b ɛ̀		0
8714	BenTey-2459_blacksmithmemberofblacksmithcaste-1	BenTey		blacksmith, member of blacksmith caste	jɛ́mbɛ̌m\\jɛ́mbɛ̌:	dʒɛ́-mbɛ̌-m	d ʒ ɛ́ + m b ɛ̌ + m	d ʒ ɛ́ m b ɛ̀ ɛ́		0
8715	Bunoge-2459_blacksmithmemberofblacksmithcaste-1	Bunoge		blacksmith, member of blacksmith caste	kɔ́:nɔ̀	kɔ́.ɔ́nɔ̀	k ɔ́ ɔ́ n ɔ̀			0
8716	DogulDomBendiely-2459_blacksmithmemberofblacksmithcaste-1	DogulDomBendiely		blacksmith, member of blacksmith caste	írɛ̀	írɛ̀	í r ɛ̀			0
8717	DogulDomKundialang-2459_blacksmithmemberofblacksmithcaste-1	DogulDomKundialang		blacksmith, member of blacksmith caste	írè	írè	í r è			0
8718	DonnoSo-2459_blacksmithmemberofblacksmithcaste-1	DonnoSo		blacksmith, member of blacksmith caste	írìnɛ̀\\írìŋ	írìnɛ̀	í r ì n ɛ̀	í r ì + ŋ		0
8719	Gourou-2459_blacksmithmemberofblacksmithcaste-1	Gourou		blacksmith, member of blacksmith caste	zɛ́mɛ̀n	zɛ́mɛ̀-n	z ɛ́ m ɛ̀ + n			0
8720	JamsayDouentza-2459_blacksmithmemberofblacksmithcaste-1	JamsayDouentza		blacksmith, member of blacksmith caste	jɛ́mɛ̀n	dʒɛ́-mɛ̀-n	d ʒ ɛ́ + m ɛ̀ + n			0
8722	Mombo-2459_blacksmithmemberofblacksmithcaste-1	Mombo		blacksmith, member of blacksmith caste	dɛ́mbɛ́	dɛ́-mb-ɛ́	d ɛ́ + m b + ɛ́			0
8723	Najamba-2459_blacksmithmemberofblacksmithcaste-1	Najamba		blacksmith, member of blacksmith caste	dùbé\\dùbú:	dùbé	d ù b é	d ù b ú ú		0
8724	Nanga-2459_blacksmithmemberofblacksmithcaste-1	Nanga		blacksmith, member of blacksmith caste	jɛ́mbɛ̀	dʒɛ́-mb-ɛ̀	d ʒ ɛ́ + m b + ɛ̀			0
8725	Penange-2459_blacksmithmemberofblacksmithcaste-1	Penange		blacksmith, member of blacksmith caste	dɛ́mbɛ́	dɛ́-mb-ɛ́	d ɛ́ + m b + ɛ́			0
8726	PergeTegu-2459_blacksmithmemberofblacksmithcaste-1	PergeTegu		blacksmith, member of blacksmith caste	gɛ́mbɛ̀n	ɡɛ́-mbɛ̀-n	ɡ ɛ́ + m b ɛ̀ + n			0
8727	TebulUre-2459_blacksmithmemberofblacksmithcaste-1	TebulUre		blacksmith, member of blacksmith caste	zɛ́mbɛ́\\zɛ́mbɛ́mbɔ̀	zɛ́-mb-ɛ́	z ɛ́ + m b + ɛ́	z ɛ́ m b ɛ́ + m b ɔ̀		0
8728	Tiranige-2459_blacksmithmemberofblacksmithcaste-1	Tiranige		blacksmith, member of blacksmith caste	dú:	dú-ú	d ú + ú			0
8729	TogoKan-2459_blacksmithmemberofblacksmithcaste-1	TogoKan		blacksmith, member of blacksmith caste	jɛ́mɛ́	dʒɛ́-m-ɛ́	d ʒ ɛ́ + m + ɛ́			0
8730	TommoSoTongoTongo-2459_blacksmithmemberofblacksmithcaste-1	TommoSoTongoTongo		blacksmith, member of blacksmith caste	jɛ́mmɛ̀nɛ̀ \\ jɛ́mmɛ̀m, írínɛ́ \\ írím	írínɛ́	í r í n ɛ́	í + r í + m		0
8731	ToroTegu-2459_blacksmithmemberofblacksmithcaste-1	ToroTegu		blacksmith, member of blacksmith caste	zɛ́màn\\m	zɛ́mà-n	z ɛ́ m à + n	z ɛ́ m à + m		0
8732	YandaDom-2459_blacksmithmemberofblacksmithcaste-1	YandaDom		blacksmith, member of blacksmith caste	zèmɛ́	zè-mɛ́	z è + m ɛ́			0
8733	YornoSo-2459_blacksmithmemberofblacksmithcaste-1	YornoSo		blacksmith, member of blacksmith caste	írùnɛ̀\\írùm	írùnɛ̀	í r ù n ɛ̀	í r ù + m		0
1047	BankanTey-2480_blood-1	BankanTey		blood	gòŋgòró	ɡò-ŋɡò-r-ó	ɡ ò + ŋ ɡ ò + r + ó			1
1048	BenTey-2480_blood-1	BenTey		blood	gòŋgòró	ɡò-ŋɡò-r-ó	ɡ ò + ŋ ɡ ò + r + ó			1
1049	Bunoge-2480_blood-1	Bunoge		blood	bàbà	bàbà	b à b à			1
1050	DogulDomBendiely-2480_blood-1	DogulDomBendiely		blood	gìŋɛ̀nɛ́	ɡìŋɛ̀-nɛ́	ɡ ì ŋ ɛ̀ + n ɛ́			1
1051	DogulDomKundialang-2480_blood-1	DogulDomKundialang		blood	gèŋné	ɡèŋ-né	ɡ è ŋ + n é			1
1052	DonnoSo-2480_blood-1	DonnoSo		blood	nî:	ní-ì	n í + ì			1
1053	Gourou-2480_blood-1	Gourou		blood	nɛ̂yⁿ	nɛ̂	n ɛ̂			1
1054	JamsayDouentza-2480_blood-1	JamsayDouentza		blood	nɛ̂yⁿ	nɛ̂	n ɛ̂			1
1056	Mombo-2480_blood-1	Mombo		blood	gè:ŋgé	ɡè.è-ŋɡ-é	ɡ è è + ŋ ɡ + é			1
1057	Najamba-2480_blood-1	Najamba		blood	gěngé\\gěn	ɡěn-ɡé	ɡ ě n + ɡ é	ɡ ě n		1
1058	Nanga-2480_blood-1	Nanga		blood	gòndùgó	ɡ-ò-ndù-ɡ-ó	ɡ + ò + n d ù + ɡ + ó			1
1059	Penange-2480_blood-1	Penange		blood	bàgà	bàɡà	b à ɡ à			1
1060	PergeTegu-2480_blood-1	PergeTegu		blood	nɛ̂m	nɛ̂-m	n ɛ̂ + m			1
1061	TebulUre-2480_blood-1	TebulUre		blood	jènjé	dʒè-n-j-é	d ʒ è + n + d ʒ + é			1
1062	Tiranige-2480_blood-1	Tiranige		blood	jé:ŋgé (Boui), gé;ŋgé (Ningo)	ɡé-ŋɡ-é	ɡ é + ŋ ɡ + é			1
1063	TogoKan-2480_blood-1	TogoKan		blood	nɛ́	nɛ́	n ɛ́			1
1064	TommoSoTongoTongo-2480_blood-1	TommoSoTongoTongo		blood	ìlìyé	ìlìyé	ì l ì j é			1
1067	ToroTegu-2480_blood-1	ToroTegu		blood	néŋ	néŋ	n é ŋ			1
1068	YandaDom-2480_blood-1	YandaDom		blood	jènjù	dʒè-n-jù	d ʒ è + n + d ʒ ù			1
1069	YornoSo-2480_blood-1	YornoSo		blood	ìllî:	ìllí-ì	ì l l í + ì			1
15449	BankanTey-2496_bluntnotsharpblade-1	BankanTey		blunt, not sharp (blade)	dùmbú	dùmb-ú	d ù m b + ú			1
15450	BenTey-2496_bluntnotsharpblade-1	BenTey		blunt, not sharp (blade)	dùmbú	dùmb-ú	d ù m b + ú			1
15451	DogulDomKundialang-2496_bluntnotsharpblade-1	DogulDomKundialang		blunt, not sharp (blade)	dùmbùgú (dùmbǔg)	dùmbùɡ-ú	d ù m b ù ɡ + ú			1
15452	DonnoSo-2496_bluntnotsharpblade-1	DonnoSo		blunt, not sharp (blade)	dùmbú	dùmb-ú	d ù m b + ú			1
15453	Gourou-2496_bluntnotsharpblade-1	Gourou		blunt, not sharp (blade)	dǔm	dǔm	d ǔ m			1
15454	JamsayDouentza-2496_bluntnotsharpblade-1	JamsayDouentza		blunt, not sharp (blade)	dǔm	dǔm	d ǔ m			1
15456	Mombo-2496_bluntnotsharpblade-1	Mombo		blunt, not sharp (blade)	dúmbé	dúmb-é	d ú m b + é			1
15457	Najamba-2496_bluntnotsharpblade-1	Najamba		blunt, not sharp (blade)	dùmbé\\dùmbúmbó	dùmb-é	d ù m b + é	d ù m b ú + m b ó		1
15458	Nanga-2496_bluntnotsharpblade-1	Nanga		blunt, not sharp (blade)	dùmbí	dùmb-í	d ù m b + í			1
15459	Penange-2496_bluntnotsharpblade-1	Penange		blunt, not sharp (blade)	nsì:ⁿdìgà	nsì.ìⁿdìɡ-à	n s ì ì ∼ d ì ɡ + à			1
15460	PergeTegu-2496_bluntnotsharpblade-1	PergeTegu		blunt, not sharp (blade)	dùmbú	dùmb-ú	d ù m b + ú			1
15461	TebulUre-2496_bluntnotsharpblade-1	TebulUre		blunt, not sharp (blade)	dùmbě://dùmbùgó	dùmb-è.é	d ù m b + è é	d ù m b ù + ɡ ó		1
15462	Tiranige-2496_bluntnotsharpblade-1	Tiranige		blunt, not sharp (blade)	dúmbú	dúmb-ú	d ú m b + ú			1
15463	TogoKan-2496_bluntnotsharpblade-1	TogoKan		blunt, not sharp (blade)	dùmú	dùm-ú	d ù m + ú			1
15464	TommoSoTongoTongo-2496_bluntnotsharpblade-1	TommoSoTongoTongo		blunt, not sharp (blade)	dúŋgú	dúŋɡ-ú	d ú ŋ ɡ + ú			1
15465	ToroTegu-2496_bluntnotsharpblade-1	ToroTegu		blunt, not sharp (blade)	dùnú	dùn-ú	d ù n + ú			1
15466	YandaDom-2496_bluntnotsharpblade-1	YandaDom		blunt, not sharp (blade)	dònù	dòn-ù	d ò n + ù			1
15467	YornoSo-2496_bluntnotsharpblade-1	YornoSo		blunt, not sharp (blade)	dùmɲìýⁿ	dùmɲì-jⁿ	d ù m ɲ ì + d ʒ ~			1
984	BankanTey-2501_body-1	BankanTey		body	jèsù gùsú, jèsú	dʒè-s-ú	d ʒ è + s + ú			0
985	BenTey-2501_body-1	BenTey		body	gèsú ~ jèsú	dʒè-s-ú	d ʒ è + s + ú			0
986	Bunoge-2501_body-1	Bunoge		body	wénámà	wéná-mà	w é n á + m à			0
987	DogulDomBendiely-2501_body-1	DogulDomBendiely		body	gòzògó	ɡòzò-ɡó	ɡ ò z ò + ɡ ó			0
988	DogulDomKundialang-2501_body-1	DogulDomKundialang		body	gòsgó	ɡòs-ɡó	ɡ ò s + ɡ ó			0
989	DonnoSo-2501_body-1	DonnoSo		body	gòdú, díŋɛ̀lɛ̀ŋ ('torso')	díŋɛ̀-lɛ̀ŋ	d í ŋ ɛ̀ + l ɛ̀ ŋ			0
990	Gourou-2501_body-1	Gourou		body	gèsú	ɡèsú	ɡ è s ú			0
991	JamsayDouentza-2501_body-1	JamsayDouentza		body	jèjú, jèjùgùjú	dʒ-è-dʒ-ù-ɡù-dʒ-ú	d ʒ + è + d ʒ + ù + ɡ ù + d ʒ + ú			0
993	Mombo-2501_body-1	Mombo		body	wójì	wó-dʒ-ì	w ó + d ʒ + ì			0
994	Najamba-2501_body-1	Najamba		body	gòjíŋgé\\gòjí	ɡò-dʒí-ŋɡ-é	ɡ ò + d ʒ í + ŋ ɡ + é	ɡ ò d ʒ í		0
995	Nanga-2501_body-1	Nanga		body	gèsí	ɡèsí	ɡ è s í			0
996	Penange-2501_body-1	Penange		body	wènàmà	wènà-mà	w è n à + m à			0
997	PergeTegu-2501_body-1	PergeTegu		body	gèsú	ɡèsú	ɡ è s ú			0
998	TebulUre-2501_body-1	TebulUre		body	gòdùgó\\gòdě:	ɡòdù-ɡó	ɡ ò d ù + ɡ ó	ɡ ò d è é		0
999	Tiranige-2501_body-1	Tiranige		body	gó:ⁿ, góy	ɡóy	ɡ ó j			0
1000	TogoKan-2501_body-1	TogoKan		body	gìyé	ɡìyé	ɡ ì j é			0
1001	TommoSoTongoTongo-2501_body-1	TommoSoTongoTongo		body	gòdú	ɡòdú	ɡ ò d ú			0
1003	ToroTegu-2501_body-1	ToroTegu		body	jèsùgùsú, jèsùkùsú, húlè	húlè	h ú l è			0
1004	ToroTegu-2501_body-2	ToroTegu		body	jèsùgùsú, jèsùkùsú, húlè	húlè	h ú l è			0
1005	YandaDom-2501_body-1	YandaDom		body	gòzù	ɡòzù	ɡ ò z ù			0
1006	YornoSo-2501_body-1	YornoSo		body	gòjú	ɡò-dʒ-ú	ɡ ò + d ʒ + ú			0
1250	BankanTey-2508_bone-1	BankanTey		bone	kìrⁿěy	kìr.-něy	k ì r + n ě j			1
1251	BenTey-2508_bone-1	BenTey		bone	cìrⁿɛ̌yⁿ	tʃìr.-nɛ̌	t ʃ ì r + n ɛ̌			1
1252	Bunoge-2508_bone-1	Bunoge		bone	gá:yè	ɡá.áyè	ɡ á á j è			1
1253	DogulDomBendiely-2508_bone-1	DogulDomBendiely		bone	kɛ́nɛ́	kɛ́nɛ́	k ɛ́ n ɛ́			1
1254	DogulDomKundialang-2508_bone-1	DogulDomKundialang		bone	kɛ̀nɛ́ŋ́ (pl kɛ̀nɛ́ yà:)	kɛ̀nɛ́-ŋ	k ɛ̀ n ɛ́ + ŋ	k ɛ̀ n ɛ́ + j à à		1
1255	DonnoSo-2508_bone-1	DonnoSo		bone	kě:	kè-é	k è + é			1
1256	Gourou-2508_bone-1	Gourou		bone	kìrⁿé	kìr.-né	k ì r + n é			1
1257	JamsayDouentza-2508_bone-1	JamsayDouentza		bone	cìrⁿé	tʃìr.-né	t ʃ ì r + n é			1
1259	Mombo-2508_bone-1	Mombo		bone	gà:wⁿě:	ɡà.àw.-nè.é	ɡ à à w + n è é			1
1260	Najamba-2508_bone-1	Najamba		bone	kìnáŋgó\\kìná	kìná-ŋɡ-ó	k ì n á + ŋ ɡ + ó	k ì n á		1
1261	Nanga-2508_bone-1	Nanga		bone	kìrⁿá	kìr.-ná	k ì r + n á			1
1262	Penange-2508_bone-1	Penange		bone	gɔ̀:gɛ̀	ɡɔ̀.ɔ̀ɡɛ̀	ɡ ɔ̀ ɔ̀ ɡ ɛ̀			1
1263	PergeTegu-2508_bone-1	PergeTegu		bone	kìrⁿé	kìr.-né	k ì r + n é			1
1264	TebulUre-2508_bone-1	TebulUre		bone	cìnǎ:	tʃìnà.á	t ʃ ì n à á			1
1265	Tiranige-2508_bone-1	Tiranige		bone	cíní ~ kíná	kíná	k í n á			1
1266	Tiranige-2508_bone-2	Tiranige		bone	cíní ~ kíná	kíná	k í n á			1
1267	TogoKan-2508_bone-1	TogoKan		bone	kìrⁿí	kìr.-ní	k ì r + n í			1
1268	TommoSoTongoTongo-2508_bone-1	TommoSoTongoTongo		bone	kìyé	kìyé	k ì j é			1
1271	ToroTegu-2508_bone-1	ToroTegu		bone	cìrá	tʃìrá	t ʃ ì r á			1
1272	YandaDom-2508_bone-1	YandaDom		bone	kìrⁿà	kìr.-nà	k ì r + n à			1
1273	YornoSo-2508_bone-1	YornoSo		bone	kǐ:	kì-í	k ì + í			1
3321	BankanTey-2527_boubourobeorshirtalltypes-1	BankanTey		boubou (robe) or shirt (all types)	sùkɔ̌y	sùkɔ̌-y	s ù k ɔ̌ + j			0
3322	BenTey-2527_boubourobeorshirtalltypes-1	BenTey		boubou (robe) or shirt (all types)	sùŋgɔ̌y	sù-ŋɡɔ̌-y	s ù + ŋ ɡ ɔ̌ + j			0
3323	Bunoge-2527_boubourobeorshirtalltypes-1	Bunoge		boubou (robe) or shirt (all types)	gàbà	ɡàbà	ɡ à b à			0
3324	DogulDomBendiely-2527_boubourobeorshirtalltypes-1	DogulDomBendiely		boubou (robe) or shirt (all types)	sɔ̀wɔ́g	sɔ̀wɔ́-ɡ	s ɔ̀ w ɔ́ + ɡ			0
3325	DogulDomKundialang-2527_boubourobeorshirtalltypes-1	DogulDomKundialang		boubou (robe) or shirt (all types)	sɔ̌:g	sɔ̀.ɔ́ɡ	s ɔ̀ ɔ́ ɡ			0
3326	DonnoSo-2527_boubourobeorshirtalltypes-1	DonnoSo		boubou (robe) or shirt (all types)	àrùgě:	àrùɡè-é	à r ù ɡ è + é			0
3327	Gourou-2527_boubourobeorshirtalltypes-1	Gourou		boubou (robe) or shirt (all types)	àrkǒy	àrkǒ-y	à r k ǒ + j			0
3328	JamsayDouentza-2527_boubourobeorshirtalltypes-1	JamsayDouentza		boubou (robe) or shirt (all types)	àrⁿàkɔ̌yⁿ, àràkòrú	àràkò-rú	à r à k ò + r ú			0
3329	JamsayDouentza-2527_boubourobeorshirtalltypes-2	JamsayDouentza		boubou (robe) or shirt (all types)	àrⁿàkɔ̌yⁿ, àràkòrú	àràkò-rú	à r à k ò + r ú			0
3331	Mombo-2527_boubourobeorshirtalltypes-1	Mombo		boubou (robe) or shirt (all types)	sɔ̂y	sɔ̂y	s ɔ̂ j			0
3332	Najamba-2527_boubourobeorshirtalltypes-1	Najamba		boubou (robe) or shirt (all types)	núŋá:\\núŋɛ́:	núŋá.á	n ú ŋ á á	n ú ŋ ɛ́ ɛ́		0
3333	Nanga-2527_boubourobeorshirtalltypes-1	Nanga		boubou (robe) or shirt (all types)	sùŋgɔ́	sù-ŋɡ-ɔ́	s ù + ŋ ɡ + ɔ́			0
3334	Penange-2527_boubourobeorshirtalltypes-1	Penange		boubou (robe) or shirt (all types)	sɔ̀y	sɔ̀y	s ɔ̀ j			0
3335	PergeTegu-2527_boubourobeorshirtalltypes-1	PergeTegu		boubou (robe) or shirt (all types)	àrkǒy	àrkǒ-y	à r k ǒ + j			0
3336	TebulUre-2527_boubourobeorshirtalltypes-1	TebulUre		boubou (robe) or shirt (all types)	àrjě: ~ àrgě:	àrɡè-é	à r ɡ è + é			0
3337	Tiranige-2527_boubourobeorshirtalltypes-1	Tiranige		boubou (robe) or shirt (all types)	sɔ́y	sɔ́y	s ɔ́ j			0
3338	TogoKan-2527_boubourobeorshirtalltypes-1	TogoKan		boubou (robe) or shirt (all types)	àrùkó	àrùkó	à r ù k ó			0
3339	TommoSoTongoTongo-2527_boubourobeorshirtalltypes-1	TommoSoTongoTongo		boubou (robe) or shirt (all types)	bɔ̀ɔ̀gɔ́, sɔ̀w nùmɔ́	sɔ̀w_nù-mɔ́	s ɔ̀ w + n ù + m ɔ́			0
3340	TommoSoTongoTongo-2527_boubourobeorshirtalltypes-2	TommoSoTongoTongo		boubou (robe) or shirt (all types)	bɔ̀ɔ̀gɔ́, sɔ̀w nùmɔ́	sɔ̀w_nù-mɔ́	s ɔ̀ w + n ù + m ɔ́			0
3341	ToroTegu-2527_boubourobeorshirtalltypes-1	ToroTegu		boubou (robe) or shirt (all types)	dòlkí	dòl-kí	d ò l + k í			0
3342	YandaDom-2527_boubourobeorshirtalltypes-1	YandaDom		boubou (robe) or shirt (all types)	sɔ̀ŋnùŋà	sɔ̀ŋ-nùŋà	s ɔ̀ ŋ + n ù ŋ à			0
3343	YornoSo-2527_boubourobeorshirtalltypes-1	YornoSo		boubou (robe) or shirt (all types)	àrùgǒy	àrùɡǒ-y	à r ù ɡ ǒ + j			0
5212	BankanTey-2541_boundaryoffield-1	BankanTey		boundary (of field)	íyà	íyà	í j à			0
5213	BenTey-2541_boundaryoffield-1	BenTey		boundary (of field)	íyày, sàrⁿá	íyày	í j à j			0
5214	BenTey-2541_boundaryoffield-2	BenTey		boundary (of field)	íyày, sàrⁿá	sàr.-ná	s à r + n á			0
5215	Bunoge-2541_boundaryoffield-1	Bunoge		boundary (of field)	kòlèŋgè	kòlè-ŋɡ-è	k ò l è + ŋ ɡ + è			0
5216	DogulDomBendiely-2541_boundaryoffield-1	DogulDomBendiely		boundary (of field)	kálúg	kálú-ɡ	k á l ú + ɡ			0
5217	DogulDomKundialang-2541_boundaryoffield-1	DogulDomKundialang		boundary (of field)	kàlgú	kàl-ɡú	k à l + ɡ ú			0
5218	DonnoSo-2541_boundaryoffield-1	DonnoSo		boundary (of field)	dǎŋ, kàlú	dǎŋ	d ǎ ŋ			0
5219	DonnoSo-2541_boundaryoffield-2	DonnoSo		boundary (of field)	dǎŋ, kàlú	kàlú	k à l ú			0
5220	Gourou-2541_boundaryoffield-1	Gourou		boundary (of field)	úrɔ́	úrɔ́	ú r ɔ́			0
5221	JamsayDouentza-2541_boundaryoffield-1	JamsayDouentza		boundary (of field)	úrɔ́	úrɔ́	ú r ɔ́			0
5222	Mombo-2541_boundaryoffield-1	Mombo		boundary (of field)	píŋgì	pí-ŋɡ-ì	p í + ŋ ɡ + ì			0
5223	Najamba-2541_boundaryoffield-1	Najamba		boundary (of field)	kàló:\\kàlé:	kàló.ó	k à l ó ó	k à l é é		0
5224	Nanga-2541_boundaryoffield-1	Nanga		boundary (of field)	sàrⁿá	sàr.-ná	s à r + n á			0
5225	Penange-2541_boundaryoffield-1	Penange		boundary (of field)	kàlè	kàlè	k à l è			0
5226	PergeTegu-2541_boundaryoffield-1	PergeTegu		boundary (of field)	úrɔ́	úrɔ́	ú r ɔ́			0
5227	TebulUre-2541_boundaryoffield-1	TebulUre		boundary (of field)	gɔ̌:, kàlé	kàlé	k à l é			0
5228	TebulUre-2541_boundaryoffield-2	TebulUre		boundary (of field)	gɔ̌:, kàlé	kàlé	k à l é			0
5229	Tiranige-2541_boundaryoffield-1	Tiranige		boundary (of field)	bɔ́wⁿ	bɔ́w.-n	b ɔ́ w + n			0
5230	TogoKan-2541_boundaryoffield-1	TogoKan		boundary (of field)	úrɔ́	úrɔ́	ú r ɔ́			0
5231	TommoSoTongoTongo-2541_boundaryoffield-1	TommoSoTongoTongo		boundary (of field)	mìnnɛ̀ kálé	mìn-nɛ̀_kálé	m ì n + n ɛ̀ + k á l é			0
5233	ToroTegu-2541_boundaryoffield-1	ToroTegu		boundary (of field)	húlɛ́	húlɛ́	h ú l ɛ́			0
5234	YandaDom-2541_boundaryoffield-1	YandaDom		boundary (of field)	kàlè	kàlè	k à l è			0
5235	YornoSo-2541_boundaryoffield-1	YornoSo		boundary (of field)	úlɔ̀	úlɔ̀	ú l ɔ̀			0
3688	BankanTey-2558_bracelet-1	BankanTey		bracelet	nà:ɲírⁿéy	nà.àɲí-r.né-y	n à à ɲ í + r ∼ é + j			0
3689	BenTey-2558_bracelet-1	BenTey		bracelet	nà: mɛ́:ní:	nà.à_mɛ́.ɛ́ní.í	n à à + m ɛ́ ɛ́ n í í			0
3690	DogulDomBendiely-2558_bracelet-1	DogulDomBendiely		bracelet	mɛ́nnù	mɛ́n-nù	m ɛ́ n + n ù			0
3691	DogulDomKundialang-2558_bracelet-1	DogulDomKundialang		bracelet	ménnùŋ̀ (pl ménnù yà:)	mén-nùŋ	m é n + n ù ŋ	m é n n ù + j à à		0
3692	DonnoSo-2558_bracelet-1	DonnoSo		bracelet	mɛ́nnù	mɛ́n-nù	m ɛ́ n + n ù			0
3693	Gourou-2558_bracelet-1	Gourou		bracelet	mɛ́n	mɛ́n	m ɛ́ n			0
3694	JamsayDouentza-2558_bracelet-1	JamsayDouentza		bracelet	mɛ́n, nùmòkɔ̀rɔ́mɛ̂n	mɛ́n	m ɛ́ n			0
3695	JamsayDouentza-2558_bracelet-2	JamsayDouentza		bracelet	mɛ́n, nùmòkɔ̀rɔ́mɛ̂n	nùmò-kɔ̀rɔ́-mɛ̂n	n ù m ò + k ɔ̀ r ɔ́ + m ɛ̂ n			0
3696	Mombo-2558_bracelet-1	Mombo		bracelet	nɛ̀: párù dúbè	nɛ̀.ɛ̀_párù_dúbè	n ɛ̀ ɛ̀ + p á r ù + d ú b è			0
3697	Najamba-2558_bracelet-1	Najamba		bracelet	nùmà[sàgáŋgó]\\sàgɛ́	nùmà-sàɡá-ŋɡ-ó	n ù m à + s à ɡ á + ŋ ɡ + ó	n ù m à + + s à ɡ ɛ́		0
3698	Nanga-2558_bracelet-1	Nanga		bracelet	sártì, sárdì, nà:sártì	sár-tì	s á r + t ì			0
3699	Nanga-2558_bracelet-2	Nanga		bracelet	sártì, sárdì, nà:sártì	sár-dì	s á r + d ì			0
3700	Nanga-2558_bracelet-3	Nanga		bracelet	sártì, sárdì, nà:sártì	nà.àsá-rtì	n à à s á + r t ì			0
3701	Penange-2558_bracelet-1	Penange		bracelet	nɛ̀:tɛ́nɛ̀	nɛ̀.ɛ̀tɛ́-nɛ̀	n ɛ̀ ɛ̀ t ɛ́ + n ɛ̀			0
3702	PergeTegu-2558_bracelet-1	PergeTegu		bracelet	nùwⁿòsáddù	nùw.-nòsá-ddù	n ù w + n ò s á + d d ù			0
3703	TebulUre-2558_bracelet-1	TebulUre		bracelet	mɛ̀ndíyɛ́	mɛ̀-ndí-y-ɛ́	m ɛ̀ + n d í + j + ɛ́			0
3704	Tiranige-2558_bracelet-1	Tiranige		bracelet	númá dùjɛ́	númá_dù-dʒ-ɛ́	n ú m á + d ù + d ʒ + ɛ́			0
3705	TogoKan-2558_bracelet-1	TogoKan		bracelet	nùmɔ̀mɛ́n	nùmɔ̀-mɛ́n	n ù m ɔ̀ + m ɛ́ n			0
3706	TommoSoTongoTongo-2558_bracelet-1	TommoSoTongoTongo		bracelet	nùmɔ́ wàrèy, nùmɔ̀ kɔ̀kɔ́lɔ́ wàrèy, sɛ́njɛ́	nùmɔ́_wàrè-y	n ù m ɔ́ + w à r è + j			0
3707	TommoSoTongoTongo-2558_bracelet-2	TommoSoTongoTongo		bracelet	nùmɔ́ wàrèy, nùmɔ̀ kɔ̀kɔ́lɔ́ wàrèy, sɛ́njɛ́	nùmɔ̀_kɔ̀kɔ́-lɔ́_wàrè-y	n ù m ɔ̀ + k ɔ̀ k ɔ́ + l ɔ́ + w à r è + j			0
3708	TommoSoTongoTongo-2558_bracelet-3	TommoSoTongoTongo		bracelet	nùmɔ́ wàrèy, nùmɔ̀ kɔ̀kɔ́lɔ́ wàrèy, sɛ́njɛ́	sɛ́n-jɛ́	s ɛ́ n + d ʒ ɛ́			0
3710	ToroTegu-2558_bracelet-1	ToroTegu		bracelet	lɔ́ tè:ⁿsù, té:ⁿsú	té.éⁿsú	t é é ∼ s ú			0
3711	YandaDom-2558_bracelet-1	YandaDom		bracelet	nùmàmɛ̀nú	nùmà-mɛ̀nú	n ù m à + m ɛ̀ n ú			0
3712	YornoSo-2558_bracelet-1	YornoSo		bracelet	nɔ̀yⁿ[mɛ̀niýⁿ]	nɔ̀mɛ̀-nij-ⁿ	n ɔ̀ m ɛ̀ + n i d ʒ			0
1070	BankanTey-2566_braintissue-1	BankanTey		brain (tissue)	nɔ̀:nî:	nɔ̀.ɔ̀ní.ì	n ɔ̀ ɔ̀ n í ì			0
1071	BenTey-2566_braintissue-1	BenTey		brain (tissue)	kù:bɔ̀nî:	kù.ùbɔ̀-ní.ì	k ù ù b ɔ̀ + n í ì			0
1072	Bunoge-2566_braintissue-1	Bunoge		brain (tissue)	búgè ("marrow")	búɡè	b ú ɡ è			0
1073	DogulDomBendiely-2566_braintissue-1	DogulDomBendiely		brain (tissue)	bɔ́ndù	bɔ́-ndù	b ɔ́ + n d ù			0
1074	DogulDomKundialang-2566_braintissue-1	DogulDomKundialang		brain (tissue)	bɔ́ndù	bɔ́-ndù	b ɔ́ + n d ù			0
1075	DonnoSo-2566_braintissue-1	DonnoSo		brain (tissue)	bɔ́ndù	bɔ́-ndù	b ɔ́ + n d ù			0
1076	Gourou-2566_braintissue-1	Gourou		brain (tissue)	kù:ⁿ sè:bɔ́nùm	kù.ùⁿ_sè.èbɔ́-nù-m	k ù ù ∼ + s è è b ɔ́ + n ù + m			0
1077	JamsayDouentza-2566_braintissue-1	JamsayDouentza		brain (tissue)	kùⁿbɔ́:nùm	kùⁿbɔ́.ɔ́-nù-m	k ù ∼ b ɔ́ ɔ́ + n ù + m			0
1078	Mombo-2566_braintissue-1	Mombo		brain (tissue)	bógè // kò: bógè	bóɡè	b ó ɡ è	k ò ò + b ó ɡ è		0
1079	Najamba-2566_braintissue-1	Najamba		brain (tissue)	kî: nò:ndì:, dánà: nò:ndì:	dánà.à_nò.ò-nd-ì.ì	d á n à à + n ò ò + n d + ì ì			0
1080	Nanga-2566_braintissue-1	Nanga		brain (tissue)	kù:tɔ́:njɔ́	kù.ùtɔ́.ɔ́-njɔ́	k ù ù t ɔ́ ɔ́ + n d ʒ ɔ́			0
1081	Penange-2566_braintissue-1	Penange		brain (tissue)	kò:bògólyè nû: ("skull oil")	kò.òbò-ɡól-yè_nú.ù	k ò ò b ò + ɡ ó l + j è + n ú ù			0
1082	PergeTegu-2566_braintissue-1	PergeTegu		brain (tissue)	kù:bònî:	kù.ùbò-ní.ì	k ù ù b ò + n í ì			0
1083	TebulUre-2566_braintissue-1	TebulUre		brain (tissue)	bɔ́ndú	bɔ́-nd-ú	b ɔ́ + n d + ú			0
1084	TogoKan-2566_braintissue-1	TogoKan		brain (tissue)	sìyèbɔ́:nɔ́	sìyè-bɔ́.ɔ́nɔ́	s ì j è + b ɔ́ ɔ́ n ɔ́			0
1085	TommoSoTongoTongo-2566_braintissue-1	TommoSoTongoTongo		brain (tissue)	dànà bɔ́ndú	dànà_bɔ́-nd-ú	d à n à + b ɔ́ + n d + ú			0
1088	ToroTegu-2566_braintissue-1	ToroTegu		brain (tissue)	lòlí, kùlòlí	lòlí	l ò l í			0
1089	ToroTegu-2566_braintissue-2	ToroTegu		brain (tissue)	lòlí, kùlòlí	kùlò-lí	k ù l ò + l í			0
1090	YandaDom-2566_braintissue-1	YandaDom		brain (tissue)	bɔ̀ndúm	bɔ̀-ndú-m	b ɔ̀ + n d ú + m			0
1091	YornoSo-2566_braintissue-1	YornoSo		brain (tissue)	kú:bɔ́nɔ̀	kú.úbɔ́-nɔ̀	k ú ú b ɔ́ + n ɔ̀			0
4153	BankanTey-2611_breakfast-1	BankanTey		breakfast	kɔ̀:jɛ̀gómbò	kɔ̀.ɔ̀-dʒɛ̀-ɡó-mb-ò	k ɔ̀ ɔ̀ + d ʒ ɛ̀ + ɡ ó + m b + ò			0
4154	BenTey-2611_breakfast-1	BenTey		breakfast	ɔ̀mɔ̀ɲɛ̌yⁿ	ɔ̀mɔ̀ɲɛ̌	ɔ̀ m ɔ̀ ɲ ɛ̌			0
4155	Bunoge-2611_breakfast-1	Bunoge		breakfast	tàʔyìkò:ʔyó	tàʔ-yìkò.ò-ʔyó	t à ʔ + j ì k ò ò + ʔ j ó			0
4156	DogulDomBendiely-2611_breakfast-1	DogulDomBendiely		breakfast	dàràgá	dàrà-ɡá	d à r à + ɡ á			0
4157	DogulDomKundialang-2611_breakfast-1	DogulDomKundialang		breakfast	dàràgá	dàrà-ɡá	d à r à + ɡ á			0
4158	DonnoSo-2611_breakfast-1	DonnoSo		breakfast	dàràgá	dàrà-ɡá	d à r à + ɡ á			0
4159	Gourou-2611_breakfast-1	Gourou		breakfast	yèysè: yⁿǎ:	yèy-sè.è_à.á	j è j + s è è + à á			0
4160	JamsayDouentza-2611_breakfast-1	JamsayDouentza		breakfast	kɔ́:jɔ̀	kɔ́.ɔ́-dʒ-ɔ̀	k ɔ́ ɔ́ + d ʒ + ɔ̀			0
4161	Mombo-2611_breakfast-1	Mombo		breakfast	tájúgó:jì	tá-dʒ-ú-ɡó.ódʒ-ì	t á + d ʒ + ú + ɡ ó ó d ʒ + ì			0
4162	Najamba-2611_breakfast-1	Najamba		breakfast	ègàtábù:	èɡàtá-bù.ù	è ɡ à t á + b ù ù			0
4163	Nanga-2611_breakfast-1	Nanga		breakfast	kɔ̀rⁿɔ̀ŋɔ̀yⁿ dàrgá, dàrgá	dàr-ɡá	d à r + ɡ á			0
4164	Penange-2611_breakfast-1	Penange		breakfast	tájíkó:jôl	tá-dʒí-kó.ódʒô-l	t á + d ʒ í + k ó ó d ʒ ô + l			0
4165	PergeTegu-2611_breakfast-1	PergeTegu		breakfast	kó:jò	kó.ó-dʒ-ò	k ó ó + d ʒ + ò			0
4166	TebulUre-2611_breakfast-1	TebulUre		breakfast	dàràká	dàrà-ká	d à r à + k á			0
4167	Tiranige-2611_breakfast-1	Tiranige		breakfast	dàràgá, ɔ̀mɔ̀kání	ɔ̀mɔ̀ká-ní	ɔ̀ m ɔ̀ k á + n í			0
4168	Tiranige-2611_breakfast-2	Tiranige		breakfast	dàràgá, ɔ̀mɔ̀kání	ɔ̀mɔ̀ká-ní	ɔ̀ m ɔ̀ k á + n í			0
4169	TogoKan-2611_breakfast-1	TogoKan		breakfast	à:gàɲǎ:	à.àɡàɲà.á	à à ɡ à ɲ à á			0
4170	TommoSoTongoTongo-2611_breakfast-1	TommoSoTongoTongo		breakfast	àgà tàbú, dàràgá	dàrà-ɡá	d à r à + ɡ á			0
4172	ToroTegu-2611_breakfast-1	ToroTegu		breakfast	kàtú	kàtú	k à t ú			0
4173	YandaDom-2611_breakfast-1	YandaDom		breakfast	tájùgòl	tá-dʒù-ɡòl	t á + d ʒ ù + ɡ ò l			0
4174	YornoSo-2611_breakfast-1	YornoSo		breakfast	dàràgá, kìnɛ̀tɛ̀gú	kìnɛ̀-tɛ̀ɡú	k ì n ɛ̀ + t ɛ̀ ɡ ú			0
14383	BankanTey-2640_bring-1	BankanTey		bring	zǒ:	zò-ó	z ò + ó			0
14384	BenTey-2640_bring-1	BenTey		bring	jɛ᷈:	dʒ-ɛ̀-ɛ̀	d ʒ + ɛ̀ + ɛ̀			0
14385	Bunoge-2640_bring-1	Bunoge		bring	só:ŋgè	só.óŋɡ-è	s ó ó ŋ ɡ + è			0
14386	DogulDomBendiely-2640_bring-1	DogulDomBendiely		bring	jìnɛ́	dʒìn-ɛ́	d ʒ ì n + ɛ́			0
14387	DogulDomKundialang-2640_bring-1	DogulDomKundialang		bring	jìnɛ́	dʒìn-ɛ́	d ʒ ì n + ɛ́			0
14388	DonnoSo-2640_bring-1	DonnoSo		bring	jáyɛ̀lɛ́, jɛ̀:lɛ́	dʒá-yɛ̀l-ɛ́	d ʒ á + j ɛ̀ l + ɛ́			0
14389	DonnoSo-2640_bring-2	DonnoSo		bring	jáyɛ̀lɛ́, jɛ̀:lɛ́	dʒɛ̀.ɛ̀l-ɛ́	d ʒ ɛ̀ ɛ̀ l + ɛ́			0
14390	Gourou-2640_bring-1	Gourou		bring	zɛ̀:rɛ́	zɛ̀.ɛ̀r-ɛ́	z ɛ̀ ɛ̀ r + ɛ́			0
14391	JamsayDouentza-2640_bring-1	JamsayDouentza		bring	jɛ̀:rɛ́	dʒɛ̀.ɛ̀r-ɛ́	d ʒ ɛ̀ ɛ̀ r + ɛ́			0
14393	Mombo-2640_bring-1	Mombo		bring	dúyɛ̂:	dúy-ɛ́.ɛ̀	d ú j + ɛ́ ɛ̀			0
14394	Najamba-2640_bring-1	Najamba		bring	jê:\\jê:	dʒ-é-è	d ʒ + é + è			0
14395	Nanga-2640_bring-1	Nanga		bring	jě:	dʒ-è-é	d ʒ + è + é			0
14396	Penange-2640_bring-1	Penange		bring	sóŋgè	sóŋɡ-è	s ó ŋ ɡ + è			0
14397	PergeTegu-2640_bring-1	PergeTegu		bring	júwɔ́ xxx	dʒúw-ɔ́xxx	d ʒ ú w + ɔ́ x x x			0
14398	TebulUre-2640_bring-1	TebulUre		bring	zɛ̌: (zɛ̌:tì, imperative zyá:)	zɛ̀-ɛ́	z ɛ̀ + ɛ́			0
14399	Tiranige-2640_bring-1	Tiranige		bring	sógó	sóɡ-ó	s ó ɡ + ó			0
14400	TogoKan-2640_bring-1	TogoKan		bring	jɛ̌:rù\\jɛ́:rɛ́	dʒɛ́.ɛ́r-ɛ́	d ʒ ɛ́ ɛ́ r + ɛ́			0
14401	TommoSoTongoTongo-2640_bring-1	TommoSoTongoTongo		bring	jɛ́ɛ́lɛ́	dʒɛ́.ɛ́l-ɛ́	d ʒ ɛ́ ɛ́ l + ɛ́			0
14402	ToroTegu-2640_bring-1	ToroTegu		bring	zê:rú\\zérì	zé.èr-ú	z é è r + ú			0
14403	YandaDom-2640_bring-1	YandaDom		bring	zó\\zólì	zó	z ó			0
14404	YornoSo-2640_bring-1	YornoSo		bring	jɛ̌:lɛ́\\jɛ̌:l	dʒɛ̀.ɛ́l-ɛ́	d ʒ ɛ̀ ɛ́ l + ɛ́			0
13362	BankanTey-2653_broom-1	BankanTey		broom	ùsìrⁿî:	ùsìr.-ní.ì	ù s ì r + n í ì			0
13363	BenTey-2653_broom-1	BenTey		broom	ùsùnî:	ùsùní-ì	ù s ù n í + ì			0
13364	Bunoge-2653_broom-1	Bunoge		broom	ɲéníŋgà	ɲéní-ŋɡ-à	ɲ é n í + ŋ ɡ + à			0
13365	DogulDomBendiely-2653_broom-1	DogulDomBendiely		broom	sáŋàlà	sáŋà-là	s á ŋ à + l à			0
13366	DonnoSo-2653_broom-1	DonnoSo		broom	sáŋànà	sáŋà-nà	s á ŋ à + n à			0
13367	Gourou-2653_broom-1	Gourou		broom	sá:má	sá.á-má	s á á + m á			0
13368	JamsayDouentza-2653_broom-1	JamsayDouentza		broom	sá:má	sá.á-má	s á á + m á			0
13370	Mombo-2653_broom-1	Mombo		broom	gèní	ɡèní	ɡ è n í			0
13371	Najamba-2653_broom-1	Najamba		broom	ǹjùlû:\\njùlî:	ǹ-dʒù-l-ú.ù	n + d ʒ ù + l + ú ù	n d ʒ ù l + í ì		0
13372	Nanga-2653_broom-1	Nanga		broom	ùsìrî ~ ùsùrî	ùsìrî	ù s ì r î			0
13373	Nanga-2653_broom-2	Nanga		broom	ùsìrî ~ ùsùrî	ùsùrî	ù s ù r î			0
13374	Penange-2653_broom-1	Penange		broom	gè:ní	ɡè.èní	ɡ è è n í			0
13375	PergeTegu-2653_broom-1	PergeTegu		broom	gè:rú	ɡè.èrú	ɡ è è r ú			0
13376	TebulUre-2653_broom-1	TebulUre		broom	ìdìlúŋgò\\ìdìlé:	ìdìlú-ŋɡ-ò	ì d ì l ú + ŋ ɡ + ò	ì d ì l é é		0
13377	Tiranige-2653_broom-1	Tiranige		broom	íjílí	í-dʒí-l-í	í + d ʒ í + l + í			0
13378	TogoKan-2653_broom-1	TogoKan		broom	sɔ́múrⁿú	sɔ́mú-r.nú	s ɔ́ m ú + r ∼ ú			0
13379	TommoSoTongoTongo-2653_broom-1	TommoSoTongoTongo		broom	jòòlú	dʒòò-l-ú	d ʒ ò ò + l + ú			0
13380	ToroTegu-2653_broom-1	ToroTegu		broom	zètú	zètú	z è t ú			0
13381	YandaDom-2653_broom-1	YandaDom		broom	èzìl	èzìl	è z ì l			0
13382	YornoSo-2653_broom-1	YornoSo		broom	jòbûl	dʒò-bû-l	d ʒ ò + b û + l			0
867	BankanTey-2714_burysb-1	BankanTey		bury (sb)	bèsí	bès-í	b è s + í			0
868	BenTey-2714_burysb-1	BenTey		bury (sb)	bɛ̀sí	bɛ̀s-í	b ɛ̀ s + í			0
869	Bunoge-2714_burysb-1	Bunoge		bury (sb)	díŋgè	díŋɡ-è	d í ŋ ɡ + è			0
870	DogulDomKundialang-2714_burysb-1	DogulDomKundialang		bury (sb)	bìsé, bìgɛ́	bìs-é	b ì s + é			0
871	DogulDomKundialang-2714_burysb-2	DogulDomKundialang		bury (sb)	bìsé, bìgɛ́	bìɡ-ɛ́	b ì ɡ + ɛ́			0
872	DonnoSo-2714_burysb-1	DonnoSo		bury (sb)	bìgé\\bígè	bìɡ-é	b ì ɡ + é			0
873	Gourou-2714_burysb-1	Gourou		bury (sb)	bèsá	bès-á	b è s + á			0
874	JamsayDouentza-2714_burysb-1	JamsayDouentza		bury (sb)	bɔ̌:, bèjé	bɔ̀-ɔ́	b ɔ̀ + ɔ́			0
875	JamsayDouentza-2714_burysb-2	JamsayDouentza		bury (sb)	bɔ̌:, bèjé	bèdʒ-é	b è d ʒ + é			0
876	Mombo-2714_burysb-1	Mombo		bury (sb)	díŋgé	díŋɡ-é	d í ŋ ɡ + é			0
877	Najamba-2714_burysb-1	Najamba		bury (sb)	bèjí\\bèjè	bèdʒ-è	b è d ʒ + è			0
878	Nanga-2714_burysb-1	Nanga		bury (sb)	bɛ̀sí	bɛ̀s-í	b ɛ̀ s + í			0
879	Penange-2714_burysb-1	Penange		bury (sb)	díŋgé	díŋɡ-é	d í ŋ ɡ + é			0
880	PergeTegu-2714_burysb-1	PergeTegu		bury (sb)	bìyⁿɛ́	bì-ɛ́	b ì + ɛ́			0
881	TebulUre-2714_burysb-1	TebulUre		bury (sb)	cɛ́ndí (cɛ́ndítì), bèdé (bèdétì)	bèd-é	b è d + é			0
882	Tiranige-2714_burysb-1	Tiranige		bury (sb)	béjó, dúŋgó	bédʒ-ó	b é d ʒ + ó			0
883	Tiranige-2714_burysb-2	Tiranige		bury (sb)	béjó, dúŋgó	dúŋɡ-ó	d ú ŋ ɡ + ó			0
884	TogoKan-2714_burysb-1	TogoKan		bury (sb)	bìyɛ́	bìy-ɛ́	b ì j + ɛ́			0
885	TommoSoTongoTongo-2714_burysb-1	TommoSoTongoTongo		bury (sb)	bòdó, ǹjíró, ádárá	bòd-ó	b ò d + ó			0
886	TommoSoTongoTongo-2714_burysb-2	TommoSoTongoTongo		bury (sb)	bòdó, ǹjíró, ádárá	ǹdʒír-ó	n d ʒ í r + ó			0
887	TommoSoTongoTongo-2714_burysb-3	TommoSoTongoTongo		bury (sb)	bòdó, ǹjíró, ádárá	ádár-á	á d á r + á			0
890	ToroTegu-2714_burysb-1	ToroTegu		bury (sb)	bǐw\\bìwá	bìw-á	b ì w + á			0
891	YandaDom-2714_burysb-1	YandaDom		bury (sb)	bèzé\\bèzèlí (corpse), bùdɔ́\\bùdàlí (corpse or object)	bùd-ɔ́	b ù d + ɔ́			0
892	YornoSo-2714_burysb-1	YornoSo		bury (sb)	bòjó\\bòjú	bòdʒ-ó	b ò d ʒ + ó			0
1202	BankanTey-2726_buttock-1	BankanTey		buttock	bù:tùmbây	bù.ùtù-mbâ-y	b ù ù t ù + m b â + j			0
1203	BenTey-2726_buttock-1	BenTey		buttock	bìntùmɔ̂yⁿ	bì-ntù-m-ɔ̂	b ì + n t ù + m + ɔ̂			0
1204	Bunoge-2726_buttock-1	Bunoge		buttock	búgúndè	búɡú-nd-è	b ú ɡ ú + n d + è			0
1205	DogulDomBendiely-2726_buttock-1	DogulDomBendiely		buttock	dùmkák	dùm-kák	d ù m + k á k			0
1206	DogulDomKundialang-2726_buttock-1	DogulDomKundialang		buttock	dùmkák	dùm-kák	d ù m + k á k			0
1207	DonnoSo-2726_buttock-1	DonnoSo		buttock	làrù kábùdù	làrù_kábù-dù	l à r ù + k á b ù + d ù			0
1208	Gourou-2726_buttock-1	Gourou		buttock	bɔ̀túmó	bɔ̀tú-mó	b ɔ̀ t ú + m ó			0
1209	JamsayDouentza-2726_buttock-1	JamsayDouentza		buttock	bɔ̀túmó	bɔ̀tú-mó	b ɔ̀ t ú + m ó			0
1210	Mombo-2726_buttock-1	Mombo		buttock	sùkùndù táŋgù	sùkù-ndù_-tá-ŋɡù	s ù k ù + n d ù + t á + ŋ ɡ ù			0
1211	Najamba-2726_buttock-1	Najamba		buttock	pùrmbǎ:\\pùrmbɛ̌:	pùr-mb-à.á	p ù r + m b + à á	p ù r m b ɛ̀ ɛ́		0
1212	Nanga-2726_buttock-1	Nanga		buttock	dùmbòdúmbá	dù-mb-ò-dú-mb-á	d ù + m b + ò + d ú + m b + á			0
1213	Penange-2726_buttock-1	Penange		buttock	súkúndè	súkú-nd-è	s ú k ú + n d + è			0
1214	PergeTegu-2726_buttock-1	PergeTegu		buttock	làtúmbɔ́	làtú-mb-ɔ́	l à t ú + m b + ɔ́			0
1215	TebulUre-2726_buttock-1	TebulUre		buttock	dùmbònàmá	dù-m-bò-nà-m-á	d ù + m + b ò + n à + m + á			0
1216	Tiranige-2726_buttock-1	Tiranige		buttock	dùŋɔ́ pùnjɛ́	dùŋɔ́_pùn-jɛ́	d ù ŋ ɔ́ + p ù n + d ʒ ɛ́			0
1217	TogoKan-2726_buttock-1	TogoKan		buttock	bɔ̀rɔ́, bɔ̀rɔ̀kárá	bɔ̀rɔ́	b ɔ̀ r ɔ́			0
1218	TogoKan-2726_buttock-2	TogoKan		buttock	bɔ̀rɔ́, bɔ̀rɔ̀kárá	bɔ̀rɔ̀-kárá	b ɔ̀ r ɔ̀ + k á r á			0
1219	TommoSoTongoTongo-2726_buttock-1	TommoSoTongoTongo		buttock	dùmmɔ̀ bànjá, dùmmɔ̀ dɔ́njɔ́	dùm-mɔ̀_bàn-já	d ù m + m ɔ̀ + b à n + d ʒ á			0
1220	TommoSoTongoTongo-2726_buttock-2	TommoSoTongoTongo		buttock	dùmmɔ̀ bànjá, dùmmɔ̀ dɔ́njɔ́	dùm-mɔ̀_dɔ́n-jɔ́	d ù m + m ɔ̀ + d ɔ́ n + d ʒ ɔ́			0
1223	ToroTegu-2726_buttock-1	ToroTegu		buttock	pùrcɛ̀tá	pùr-tʃɛ̀tá	p ù r + t ʃ ɛ̀ t á			0
1224	YandaDom-2726_buttock-1	YandaDom		buttock	dùmòzɔ́zɔ́rɔ́	dùmò-zɔ́zɔ́-rɔ́	d ù m ò + z ɔ́ z ɔ́ + r ɔ́			0
1225	YornoSo-2726_buttock-1	YornoSo		buttock	dúmɔ́	dú-mɔ́	d ú + m ɔ́			0
11566	BankanTey-2731_buypurchase-1	BankanTey		buy, purchase	ɛ́wɛ́	ɛ́w-ɛ́	ɛ́ w + ɛ́			0
11567	BenTey-2731_buypurchase-1	BenTey		buy, purchase	ɛ́wɛ́	ɛ́w-ɛ́	ɛ́ w + ɛ́			0
11568	Bunoge-2731_buypurchase-1	Bunoge		buy, purchase	sɔ́:wɛ̀	sɔ́.ɔ́w-ɛ̀	s ɔ́ ɔ́ w + ɛ̀			0
11569	DogulDomBendiely-2731_buypurchase-1	DogulDomBendiely		buy, purchase	ɛ̀bɛ́	ɛ̀b-ɛ́	ɛ̀ b + ɛ́			0
11570	DogulDomKundialang-2731_buypurchase-1	DogulDomKundialang		buy, purchase	ɛ́bɛ̀	ɛ́b-ɛ̀	ɛ́ b + ɛ̀			0
11571	DonnoSo-2731_buypurchase-1	DonnoSo		buy, purchase	ɛ́bɛ̀\\ɛ́bɛ̀	ɛ́b-ɛ̀	ɛ́ b + ɛ̀			0
11572	Gourou-2731_buypurchase-1	Gourou		buy, purchase	ɛ́wɛ́	ɛ́w-ɛ́	ɛ́ w + ɛ́			0
11573	JamsayDouentza-2731_buypurchase-1	JamsayDouentza		buy, purchase	ɛ́wɛ́	ɛ́w-ɛ́	ɛ́ w + ɛ́			0
11574	Mombo-2731_buypurchase-1	Mombo		buy, purchase	swɛ́:	sw-ɛ́ɛ́	s w + ɛ́ ɛ́			0
11575	Najamba-2731_buypurchase-1	Najamba		buy, purchase	dɔ̀nɛ́	dɔ̀n-ɛ́	d ɔ̀ n + ɛ́			0
11576	Nanga-2731_buypurchase-1	Nanga		buy, purchase	ɛ́wɛ́	ɛ́w-ɛ́	ɛ́ w + ɛ́			0
11577	Penange-2731_buypurchase-1	Penange		buy, purchase	sɔ́gɛ́	sɔ́ɡ-ɛ́	s ɔ́ ɡ + ɛ́			0
11578	PergeTegu-2731_buypurchase-1	PergeTegu		buy, purchase	ɛ́wɛ́	ɛ́w-ɛ́	ɛ́ w + ɛ́			0
11579	TebulUre-2731_buypurchase-1	TebulUre		buy, purchase	ɛ́bɛ́ (ɛ́bɛ́tì, ɛ̀bàlí)	ɛ́b-ɛ́	ɛ́ b + ɛ́			0
11580	Tiranige-2731_buypurchase-1	Tiranige		buy, purchase	dɔ́nɔ́	dɔ́n-ɔ́	d ɔ́ n + ɔ́			0
11581	TogoKan-2731_buypurchase-1	TogoKan		buy, purchase	ɛ́wɛ́	ɛ́w-ɛ́	ɛ́ w + ɛ́			0
11582	TommoSoTongoTongo-2731_buypurchase-1	TommoSoTongoTongo		buy, purchase	ɛ́bɛ́	ɛ́b-ɛ́	ɛ́ b + ɛ́			0
11583	ToroTegu-2731_buypurchase-1	ToroTegu		buy, purchase	ɛ́w\\ɛ́wá	ɛ́w-á	ɛ́ w + á			0
11584	YandaDom-2731_buypurchase-1	YandaDom		buy, purchase	ɛ́bɛ́\\ɛ́bálì	ɛ́b-ɛ́	ɛ́ b + ɛ́			0
11585	YornoSo-2731_buypurchase-1	YornoSo		buy, purchase	ɛ́bɛ́\\ɛ́bɛ́	ɛ́b-ɛ́	ɛ́ b + ɛ́			0
5381	BankanTey-2737_calabashgeneralterm-1	BankanTey		calabash (general term)	kɔ̀sû:	kɔ̀sú.ù	k ɔ̀ s ú ù			0
5382	BenTey-2737_calabashgeneralterm-1	BenTey		calabash (general term)	kɔ̀sû:	kɔ̀sú.ù	k ɔ̀ s ú ù			0
5383	Bunoge-2737_calabashgeneralterm-1	Bunoge		calabash (general term)	dɔ́:nì	dɔ́.ɔ́nì	d ɔ́ ɔ́ n ì			0
5384	DogulDomBendiely-2737_calabashgeneralterm-1	DogulDomBendiely		calabash (general term)	kùnnɔ́	kùn-nɔ́	k ù n + n ɔ́			0
5385	DogulDomKundialang-2737_calabashgeneralterm-1	DogulDomKundialang		calabash (general term)	kúnnɔ̀	kún-nɔ̀	k ú n + n ɔ̀			0
5386	DonnoSo-2737_calabashgeneralterm-1	DonnoSo		calabash (general term)	kòdú	kòdú	k ò d ú			0
5387	Gourou-2737_calabashgeneralterm-1	Gourou		calabash (general term)	kàsú	kàsú	k à s ú			0
5388	JamsayDouentza-2737_calabashgeneralterm-1	JamsayDouentza		calabash (general term)	kàjú	kà-dʒ-ú	k à + d ʒ + ú			0
5390	Mombo-2737_calabashgeneralterm-1	Mombo		calabash (general term)	kɔ́bɛ́	kɔ́bɛ́	k ɔ́ b ɛ́			0
5391	Najamba-2737_calabashgeneralterm-1	Najamba		calabash (general term)	kɔ̀ríyɔ̀\\kɔ̀ríyɛ̀	kɔ̀rí-yɔ̀	k ɔ̀ r í + j ɔ̀	k ɔ̀ r í j ɛ̀		0
5392	Nanga-2737_calabashgeneralterm-1	Nanga		calabash (general term)	kɔ̀sî	kɔ̀sî	k ɔ̀ s î			0
5393	Penange-2737_calabashgeneralterm-1	Penange		calabash (general term)	kù:mnɛ̀	kù.ùm-nɛ̀	k ù ù m + n ɛ̀			0
5394	PergeTegu-2737_calabashgeneralterm-1	PergeTegu		calabash (general term)	kàsú	kàsú	k à s ú			0
5395	TebulUre-2737_calabashgeneralterm-1	TebulUre		calabash (general term)	úndúgó\\úndé:	ú-ndú-ɡ-ó	ú + n d ú + ɡ + ó	ú n d é é		0
5396	Tiranige-2737_calabashgeneralterm-1	Tiranige		calabash (general term)	kúnɛ́ (Boui), kúmíyɛ́ (Ningo)	kúmí-yɛ́	k ú m í + j ɛ́			0
5397	TogoKan-2737_calabashgeneralterm-1	TogoKan		calabash (general term)	kàjú	kà-dʒ-ú	k à + d ʒ + ú			0
5398	TommoSoTongoTongo-2737_calabashgeneralterm-1	TommoSoTongoTongo		calabash (general term)	kɔ̀rɔ́	kɔ̀rɔ́	k ɔ̀ r ɔ́			0
5400	ToroTegu-2737_calabashgeneralterm-1	ToroTegu		calabash (general term)	kàsú	kàsú	k à s ú			0
5401	YandaDom-2737_calabashgeneralterm-1	YandaDom		calabash (general term)	kɔ̀dɔ̀	kɔ̀dɔ̀	k ɔ̀ d ɔ̀			0
5402	YornoSo-2737_calabashgeneralterm-1	YornoSo		calabash (general term)	kɔ̀rɔ́	kɔ̀rɔ́	k ɔ̀ r ɔ́			0
10514	BankanTey-2765_callsbtocomesummonconvokesb-1	BankanTey		call (sb, to come), summon, convoke (sb)	ɲǎn\\ɲàrⁿâ	ɲàr-.nâ	ɲ à r + n â			0
10515	BenTey-2765_callsbtocomesummonconvokesb-1	BenTey		call (sb, to come), summon, convoke (sb)	ɲàrⁿí	ɲàr-.ní	ɲ à r + n í			0
10516	Bunoge-2765_callsbtocomesummonconvokesb-1	Bunoge		call (sb, to come), summon, convoke (sb)	ɲá:ŋì	ɲá.áŋ-ì	ɲ á á ŋ + ì			0
10517	DogulDomBendiely-2765_callsbtocomesummonconvokesb-1	DogulDomBendiely		call (sb, to come), summon, convoke (sb)	bòndé	bònd-é	b ò n d + é			0
10518	DogulDomKundialang-2765_callsbtocomesummonconvokesb-1	DogulDomKundialang		call (sb, to come), summon, convoke (sb)	bò:ndé	bò.ònd-é	b ò ò n d + é			0
10519	Gourou-2765_callsbtocomesummonconvokesb-1	Gourou		call (sb, to come), summon, convoke (sb)	bɔ̀rⁿɔ́	bɔ̀-r.nɔ́	b ɔ̀ + r ∼ ɔ́			0
10520	JamsayDouentza-2765_callsbtocomesummonconvokesb-1	JamsayDouentza		call (sb, to come), summon, convoke (sb)	bɔ̀rⁿɔ́	bɔ̀-r.nɔ́	b ɔ̀ + r ∼ ɔ́			0
10522	Mombo-2765_callsbtocomesummonconvokesb-1	Mombo		call (sb, to come), summon, convoke (sb)	yálé	yál-é	j á l + é			0
10523	Najamba-2765_callsbtocomesummonconvokesb-1	Najamba		call (sb, to come), summon, convoke (sb)	yàndí\\yàndè	yànd-è	j à n d + è			0
10524	Nanga-2765_callsbtocomesummonconvokesb-1	Nanga		call (sb, to come), summon, convoke (sb)	ɲǎ:rⁿí	ɲà.-á-r-.-ní	ɲ à + á + r + + n í			0
10525	Penange-2765_callsbtocomesummonconvokesb-1	Penange		call (sb, to come), summon, convoke (sb)	yálé	yál-é	j á l + é			0
10526	PergeTegu-2765_callsbtocomesummonconvokesb-1	PergeTegu		call (sb, to come), summon, convoke (sb)	sɔ́rⁿɔ́	sɔ́-r.nɔ́	s ɔ́ + r ∼ ɔ́			0
10527	TebulUre-2765_callsbtocomesummonconvokesb-1	TebulUre		call (sb, to come), summon, convoke (sb)	bóngó bǒn (bǒntì)	bónɡó-bǒn	b ó n ɡ ó + b ǒ n			0
10528	Tiranige-2765_callsbtocomesummonconvokesb-1	Tiranige		call (sb, to come), summon, convoke (sb)	yá:ndó	yá.ánd-ó	j á á n d + ó			0
10529	TogoKan-2765_callsbtocomesummonconvokesb-1	TogoKan		call (sb, to come), summon, convoke (sb)	bɔ̀rⁿɔ́	bɔ̀-r.nɔ́	b ɔ̀ + r ∼ ɔ́			0
10530	TommoSoTongoTongo-2765_callsbtocomesummonconvokesb-1	TommoSoTongoTongo		call (sb, to come), summon, convoke (sb)	bòó	bò-ó	b ò + ó			0
10531	ToroTegu-2765_callsbtocomesummonconvokesb-1	ToroTegu		call (sb, to come), summon, convoke (sb)	sórⁿú\\sórⁿó	sór-.nó	s ó r + n ó			0
10532	YandaDom-2765_callsbtocomesummonconvokesb-1	YandaDom		call (sb, to come), summon, convoke (sb)	yàndú\\yàndàlí	yànd-àl-í	j à n d + à l + í			0
10533	YornoSo-2765_callsbtocomesummonconvokesb-1	YornoSo		call (sb, to come), summon, convoke (sb)	bǒ:nɔ́	bò.ón-ɔ́	b ò ó n + ɔ́			0
25	BankanTey-2771_camel-1	BankanTey		camel	ɔ̀:ɲɛ̂ⁿm\\ɔ̀:ɲɛ̂ⁿ	ɔ̀.ɔ̀_ɲɛ̂.n-m	ɔ̀ ɔ̀ + ɲ ɛ̂ ∼ + m	ɔ̀ ɔ̀ + ɲ ɛ̂ ~		0
26	BenTey-2771_camel-1	BenTey		camel	ɔ̀:ɲùwⁿɔ̂m	ɔ̀.ɔ̀_ɲùw.-nɔ̂-m	ɔ̀ ɔ̀ + ɲ ù w + n ɔ̂ + m			0
27	Bunoge-2771_camel-1	Bunoge		camel	ɲɔ́ŋɔ́mɛ̀	ɲɔ́ŋɔ́-mɛ̀	ɲ ɔ́ ŋ ɔ́ + m ɛ̀			0
28	DogulDomBendiely-2771_camel-1	DogulDomBendiely		camel	yɔ́ŋùmɛ̀	yɔ́ŋù-mɛ̀	j ɔ́ ŋ ù + m ɛ̀			0
29	DogulDomKundialang-2771_camel-1	DogulDomKundialang		camel	yɔ́ŋmɛ̀	yɔ́ŋ-mɛ̀	j ɔ́ ŋ + m ɛ̀			0
30	DonnoSo-2771_camel-1	DonnoSo		camel	ɔ̀ŋɔ̀yòŋó	ɔ̀ŋɔ̀_yòŋó	ɔ̀ ŋ ɔ̀ + j ò ŋ ó			0
31	Gourou-2771_camel-1	Gourou		camel	ɔ̀ɣɔ̀yⁿùwⁿó	ɔ̀ɣɔ̀_ùw.nó	ɔ̀ ɣ ɔ̀ + ù w ∼ ó			0
32	JamsayDouentza-2771_camel-1	JamsayDouentza		camel	ɔ̀ɣɔ̀ɲùŋó	ɔ̀ɣɔ̀_ɲùŋó	ɔ̀ ɣ ɔ̀ + ɲ ù ŋ ó			0
33	Mombo-2771_camel-1	Mombo		camel	ɲɔ̀ŋɔ̀mɛ́	ɲɔ̀ŋɔ̀-mɛ́	ɲ ɔ̀ ŋ ɔ̀ + m ɛ́			0
34	Najamba-2771_camel-1	Najamba		camel	ɲ̀ɔ̀ŋɔ̀mɛ́\\ɲɔ̀ŋɔ̌:mbó	ɲɔ̀ŋɔ̀-mɛ́	ɲ ɔ̀ ŋ ɔ̀ + m ɛ́	ɲ ɔ̀ ŋ ɔ̀ ɔ́ + m b ó		0
35	Nanga-2771_camel-1	Nanga		camel	ɔ̀gɔ̀ɲɔ̀ŋɔ̂	ɔ̀ɡɔ̀_ɲɔ̀ŋɔ̂	ɔ̀ ɡ ɔ̀ + ɲ ɔ̀ ŋ ɔ̂			0
36	Penange-2771_camel-1	Penange		camel	ɲɔ́:mɔ̀yⁿ	ɲɔ́.ɔ́_-mɔ̀	ɲ ɔ́ ɔ́ + m ɔ̀			0
37	PergeTegu-2771_camel-1	PergeTegu		camel	ɔ̀gɔ̀ɲùwⁿó	ɔ̀ɡɔ̀_ɲùw.-nó	ɔ̀ ɡ ɔ̀ + ɲ ù w + n ó			0
38	TebulUre-2771_camel-1	TebulUre		camel	ɔ̀gɔ̀ɲɔ̀ŋɔ́\\ɔ̀gɔ̀ɲɔ̀ŋɔ̀mbɔ́	ɔ̀ɡɔ̀_ɲɔ̀ŋɔ́	ɔ̀ ɡ ɔ̀ + ɲ ɔ̀ ŋ ɔ́	ɔ̀ ɡ ɔ̀ + ɲ ɔ̀ ŋ ɔ̀ + m b ɔ́		0
39	Tiranige-2771_camel-1	Tiranige		camel	njèlèbà	njè-lèbà	n d ʒ è + l è b à			0
40	TogoKan-2771_camel-1	TogoKan		camel	ɔ̀gɔ̀ɲɔ̌	ɔ̀ɡɔ̀_ɲɔ̌	ɔ̀ ɡ ɔ̀ + ɲ ɔ̌			0
41	TommoSoTongoTongo-2771_camel-1	TommoSoTongoTongo		camel	ɲòŋóm	ɲòŋó-m	ɲ ò ŋ ó + m	ɲ ò ŋ ó + m m b e		0
44	ToroTegu-2771_camel-1	ToroTegu		camel	ɲɔ́	ɲɔ́	ɲ ɔ́			0
45	YandaDom-2771_camel-1	YandaDom		camel	ɔ̀gɔ̀ɲɔ̀ŋɔ̀\\mú	ɔ̀ɡɔ̀_ɲɔ̀ŋɔ̀	ɔ̀ ɡ ɔ̀ + ɲ ɔ̀ ŋ ɔ̀	ɔ̀ ɡ ɔ̀ + ɲ ɔ̀ ŋ ɔ̀ + m ú		0
46	YornoSo-2771_camel-1	YornoSo		camel	ɔ̀gɔ̀yɔ̌:ⁿ	ɔ̀ɡɔ̀_yɔ̀.ɔ́.n	ɔ̀ ɡ ɔ̀ + j ɔ̀ ɔ́ ∼			0
3080	BankanTey-2779_carapaceshelloftortoise-1	BankanTey		carapace, shell (of tortoise)	gùmbá	ɡù-mb-á	ɡ ù + m b + á			0
3081	BenTey-2779_carapaceshelloftortoise-1	BenTey		carapace, shell (of tortoise)	kóró	kóró	k ó r ó			0
3082	Bunoge-2779_carapaceshelloftortoise-1	Bunoge		carapace, shell (of tortoise)	kòbàlì (also 'tree bark')	kòbà-lì	k ò b à + l ì			0
3083	DogulDomBendiely-2779_carapaceshelloftortoise-1	DogulDomBendiely		carapace, shell (of tortoise)	kɔ̀mùnú	kɔ̀mù-nú	k ɔ̀ m ù + n ú			0
3084	DogulDomKundialang-2779_carapaceshelloftortoise-1	DogulDomKundialang		carapace, shell (of tortoise)	kɔ̀mnú, gùmmǎ:	kɔ̀m-nú	k ɔ̀ m + n ú			0
3085	DogulDomKundialang-2779_carapaceshelloftortoise-2	DogulDomKundialang		carapace, shell (of tortoise)	kɔ̀mnú, gùmmǎ:	ɡùm-mà.á	ɡ ù m + m à á			0
3086	DonnoSo-2779_carapaceshelloftortoise-1	DonnoSo		carapace, shell (of tortoise)	kòmbě:	kò-mb-è.é	k ò + m b + è é			0
3087	Gourou-2779_carapaceshelloftortoise-1	Gourou		carapace, shell (of tortoise)	kǒw	kǒw	k ǒ w			0
3088	JamsayDouentza-2779_carapaceshelloftortoise-1	JamsayDouentza		carapace, shell (of tortoise)	kìkǒw, kùkǒw	kìkǒ-w	k ì k ǒ + w			0
3089	JamsayDouentza-2779_carapaceshelloftortoise-2	JamsayDouentza		carapace, shell (of tortoise)	kìkǒw, kùkǒw	kùkǒ-w	k ù k ǒ + w			0
3091	Mombo-2779_carapaceshelloftortoise-1	Mombo		carapace, shell (of tortoise)	kéjéré, gù:ⁿ gúmbá	ɡù.ùⁿ_ɡú-mb-á	ɡ ù ù ∼ + ɡ ú + m b + á			0
3092	Najamba-2779_carapaceshelloftortoise-1	Najamba		carapace, shell (of tortoise)	gùmbǎ:\\gùmbɛ̌:	ɡù-mb-à.á	ɡ ù + m b + à á	ɡ ù m b ɛ̀ ɛ́		0
3093	Nanga-2779_carapaceshelloftortoise-1	Nanga		carapace, shell (of tortoise)	gùmbá	ɡù-mb-á	ɡ ù + m b + á			0
3094	Penange-2779_carapaceshelloftortoise-1	Penange		carapace, shell (of tortoise)	kà:njè	kà.àn-jè	k à à n + d ʒ è			0
3095	PergeTegu-2779_carapaceshelloftortoise-1	PergeTegu		carapace, shell (of tortoise)	gùmbɔ̀kɔ̀rú	ɡù-mbɔ̀-kɔ̀-r-ú	ɡ ù + m b ɔ̀ + k ɔ̀ + r + ú			0
3096	TebulUre-2779_carapaceshelloftortoise-1	TebulUre		carapace, shell (of tortoise)	gùmbá:	ɡù-mb-á.á	ɡ ù + m b + á á			0
3097	Tiranige-2779_carapaceshelloftortoise-1	Tiranige		carapace, shell (of tortoise)	kóy	kóy	k ó j			0
3098	TogoKan-2779_carapaceshelloftortoise-1	TogoKan		carapace, shell (of tortoise)	kó:ɲó	kó.óɲó	k ó ó ɲ ó			0
3099	TommoSoTongoTongo-2779_carapaceshelloftortoise-1	TommoSoTongoTongo		carapace, shell (of tortoise)	kìrù bànjá	kìrù_bàn-já	k ì r ù + b à n + d ʒ á			0
3101	ToroTegu-2779_carapaceshelloftortoise-1	ToroTegu		carapace, shell (of tortoise)	bà:ⁿsá, bà:ⁿsɛ̌y	bà.àⁿsɛ̌-y	b à à ∼ s ɛ̌ + j			0
3102	YandaDom-2779_carapaceshelloftortoise-1	YandaDom		carapace, shell (of tortoise)	gùmà	ɡù-mà	ɡ ù + m à			0
3103	YornoSo-2779_carapaceshelloftortoise-1	YornoSo		carapace, shell (of tortoise)	bàɲá	bàɲá	b à ɲ á			0
13294	BankanTey-2786_caressrubgentlywithfingersorpalm-1	BankanTey		caress, rub gently with fingers or palm	pú:rí	pú.úr-í	p ú ú r + í			1
13295	BenTey-2786_caressrubgentlywithfingersorpalm-1	BenTey		caress, rub gently with fingers or palm	pú:rú	pú.úr-ú	p ú ú r + ú			1
13296	Bunoge-2786_caressrubgentlywithfingersorpalm-1	Bunoge		caress, rub gently with fingers or palm	kó:rè	kó.ór-è	k ó ó r + è			1
13297	DonnoSo-2786_caressrubgentlywithfingersorpalm-1	DonnoSo		caress, rub gently with fingers or palm	póbòlòmɔ̀\\póbùlùmì	pób-ò-lòmɔ̀	p ó b + ò + l ò m ɔ̀			1
13298	Gourou-2786_caressrubgentlywithfingersorpalm-1	Gourou		caress, rub gently with fingers or palm	pórúwó	pór-ú-wó	p ó r + ú + w ó			1
13299	JamsayDouentza-2786_caressrubgentlywithfingersorpalm-1	JamsayDouentza		caress, rub gently with fingers or palm	pórówó	pór-ó-wó	p ó r + ó + w ó			1
13301	Mombo-2786_caressrubgentlywithfingersorpalm-1	Mombo		caress, rub gently with fingers or palm	pógúlúmì	póɡ-ú-lúmì	p ó ɡ + ú + l ú m ì			1
13302	Najamba-2786_caressrubgentlywithfingersorpalm-1	Najamba		caress, rub gently with fingers or palm	tábílɛ́	táb-í-lɛ́	t á b + í + l ɛ́			1
13303	Nanga-2786_caressrubgentlywithfingersorpalm-1	Nanga		caress, rub gently with fingers or palm	pú:rí	pú.úr-í	p ú ú r + í			1
13304	Penange-2786_caressrubgentlywithfingersorpalm-1	Penange		caress, rub gently with fingers or palm	pábálè	páb-á-lè	p á b + á + l è			1
13305	PergeTegu-2786_caressrubgentlywithfingersorpalm-1	PergeTegu		caress, rub gently with fingers or palm	pú:rɔ́	pú.úr-ɔ́	p ú ú r + ɔ́			1
13306	Tiranige-2786_caressrubgentlywithfingersorpalm-1	Tiranige		caress, rub gently with fingers or palm	táwáló	táw-á-ló	t á w + á + l ó			1
13307	TogoKan-2786_caressrubgentlywithfingersorpalm-1	TogoKan		caress, rub gently with fingers or palm	pó:róm̀	pó-.ór-ó-m	p ó + ó r + ó + m			1
13308	TommoSoTongoTongo-2786_caressrubgentlywithfingersorpalm-1	TommoSoTongoTongo		caress, rub gently with fingers or palm	tábílɛ́, yèwúlé	táb-í-lɛ́	t á b + í + l ɛ́			1
13309	TommoSoTongoTongo-2786_caressrubgentlywithfingersorpalm-2	TommoSoTongoTongo		caress, rub gently with fingers or palm	tábílɛ́, yèwúlé	yèw-ú-lé	j è w + ú + l é			1
13310	ToroTegu-2786_caressrubgentlywithfingersorpalm-1	ToroTegu		caress, rub gently with fingers or palm	súm\\súmɔ́, táwrú\\táwrá	táw-rá	t á w + r á			1
13311	YandaDom-2786_caressrubgentlywithfingersorpalm-1	YandaDom		caress, rub gently with fingers or palm	púbúlɔ́	púb-ú-lɔ́	p ú b + ú + l ɔ́			1
13312	YornoSo-2786_caressrubgentlywithfingersorpalm-1	YornoSo		caress, rub gently with fingers or palm	póbólómɔ́\\póbólómú	pób-ó-lómɔ́	p ó b + ó + l ó m ɔ́			1
14421	BankanTey-2798_carrysthononeshead-1	BankanTey		carry (sth, on one's head)	dú	dú	d ú			0
14422	BenTey-2798_carrysthononeshead-1	BenTey		carry (sth, on one's head)	dǔ	dǔ	d ǔ			0
14423	Bunoge-2798_carrysthononeshead-1	Bunoge		carry (sth, on one's head)	dúyyɛ̀	dúy-yɛ̀	d ú j + j ɛ̀			0
14424	DogulDomBendiely-2798_carrysthononeshead-1	DogulDomBendiely		carry (sth, on one's head)	dùyyɛ́	dùy-yɛ́	d ù j + j ɛ́			0
14425	DogulDomKundialang-2798_carrysthononeshead-1	DogulDomKundialang		carry (sth, on one's head)	dùyyɛ́ (stative dùdúwà)	dùy-yɛ́	d ù j + j ɛ́			0
14426	DonnoSo-2798_carrysthononeshead-1	DonnoSo		carry (sth, on one's head)	dùyyɛ́:\\dúyyìỳ	dùy-yɛ́.ɛ́	d ù j + j ɛ́ ɛ́			0
14427	Gourou-2798_carrysthononeshead-1	Gourou		carry (sth, on one's head)	dé:	dé-é	d é + é			0
14428	JamsayDouentza-2798_carrysthononeshead-1	JamsayDouentza		carry (sth, on one's head)	dě:	dè-é	d è + é			0
14430	Mombo-2798_carrysthononeshead-1	Mombo		carry (sth, on one's head)	dúyɛ̂:	dúy-ɛ́.ɛ̀	d ú j + ɛ́ ɛ̀			0
14431	Najamba-2798_carrysthononeshead-1	Najamba		carry (sth, on one's head)	dìyɛ́	dìy-ɛ́	d ì j + ɛ́			0
14432	Nanga-2798_carrysthononeshead-1	Nanga		carry (sth, on one's head)	dǔ:yí	dù.úy-í	d ù ú j + í			0
14433	Penange-2798_carrysthononeshead-1	Penange		carry (sth, on one's head)	dúyɛ́	dúy-ɛ́	d ú j + ɛ́			0
14434	PergeTegu-2798_carrysthononeshead-1	PergeTegu		carry (sth, on one's head)	dìyé	dìy-é	d ì j + é			0
14435	TebulUre-2798_carrysthononeshead-1	TebulUre		carry (sth, on one's head)	dǐ (dítì, dìsɔ́, stative díyà)	dìs-ɔ́	d ì s + ɔ́			0
14436	Tiranige-2798_carrysthononeshead-1	Tiranige		carry (sth, on one's head)	dúyɔ́	dúy-ɔ́	d ú j + ɔ́			0
14437	TogoKan-2798_carrysthononeshead-1	TogoKan		carry (sth, on one's head)	dùwî:\\dùwɛ́:	dùw-ɛ́.ɛ́	d ù w + ɛ́ ɛ́			0
14438	TommoSoTongoTongo-2798_carrysthononeshead-1	TommoSoTongoTongo		carry (sth, on one's head)	dùyíyɔ́	dùy-íyɔ́	d ù j + í j ɔ́			0
14439	ToroTegu-2798_carrysthononeshead-1	ToroTegu		carry (sth, on one's head)	dí\\dé	dé	d é			0
14440	YandaDom-2798_carrysthononeshead-1	YandaDom		carry (sth, on one's head)	dìyɛ́\\dìyàlí	dìy-ɛ́	d ì j + ɛ́			0
14441	YornoSo-2798_carrysthononeshead-1	YornoSo		carry (sth, on one's head)	dùyɛ́:\\dùyí:	dùy-ɛ́.ɛ́	d ù j + ɛ́ ɛ́			0
13497	BankanTey-2808_carvewood-1	BankanTey		carve (wood)	zárá	zár-á	z á r + á			0
13498	BenTey-2808_carvewood-1	BenTey		carve (wood)	jàrá	dʒàr-á	d ʒ à r + á			0
13499	Bunoge-2808_carvewood-1	Bunoge		carve (wood)	yábè	yáb-è	j á b + è			0
13500	DogulDomBendiely-2808_carvewood-1	DogulDomBendiely		carve (wood)	jàwɛ́	dʒàw-ɛ́	d ʒ à w + ɛ́			0
13501	DogulDomKundialang-2808_carvewood-1	DogulDomKundialang		carve (wood)	jàwé	dʒàw-é	d ʒ à w + é			0
13502	DonnoSo-2808_carvewood-1	DonnoSo		carve (wood)	lábà\\lábì	láb-à	l á b + à			0
13503	Gourou-2808_carvewood-1	Gourou		carve (wood)	láwá	láw-á	l á w + á			0
13504	JamsayDouentza-2808_carvewood-1	JamsayDouentza		carve (wood)	lɔ́wɔ́	lɔ́w-ɔ́	l ɔ́ w + ɔ́			0
13506	Mombo-2808_carvewood-1	Mombo		carve (wood)	símbúlè	símb-úl-è	s í m b + ú l + è			0
13507	Najamba-2808_carvewood-1	Najamba		carve (wood)	síyám\\sìyàmè	sìy-à-mè	s ì j + à + m è			0
13508	Nanga-2808_carvewood-1	Nanga		carve (wood)	jàrá	dʒàr-á	d ʒ à r + á			0
13509	Penange-2808_carvewood-1	Penange		carve (wood)	yáyé	yáy-é	j á j + é			0
13510	PergeTegu-2808_carvewood-1	PergeTegu		carve (wood)	láwá	láw-á	l á w + á			0
13511	TebulUre-2808_carvewood-1	TebulUre		carve (wood)	lábá (lábátì)	láb-á	l á b + á			0
13512	Tiranige-2808_carvewood-1	Tiranige		carve (wood)	yáyó	yáy-ó	j á j + ó			0
13513	TogoKan-2808_carvewood-1	TogoKan		carve (wood)	lɔ́wɔ́	lɔ́w-ɔ́	l ɔ́ w + ɔ́			0
13514	TommoSoTongoTongo-2808_carvewood-1	TommoSoTongoTongo		carve (wood)	nábá	náb-á	n á b + á			0
13515	ToroTegu-2808_carvewood-1	ToroTegu		carve (wood)	wɔ̀gùrú\\wɔ̀gɔ̀rɔ́	wɔ̀-ɡ-ɔ̀-rɔ́	w ɔ̀ + ɡ + ɔ̀ + r ɔ́			0
13516	YandaDom-2808_carvewood-1	YandaDom		carve (wood)	zǎ:\\zà:lí	zà-á	z à + á			0
13517	YornoSo-2808_carvewood-1	YornoSo		carve (wood)	lábá\\lábú	láb-á	l á b + á			0
47	BankanTey-2822_cat-1	BankanTey		cat	nùmǎm\\nùmá	nùmǎ-m	n ù m ǎ + m	n ù m á		0
48	BenTey-2822_cat-1	BenTey		cat	nìnìwⁿɛ̌m\\nìnìwⁿɛ́	nìnì-w.nɛ̌-m	n ì n ì + w ∼ ɛ̌ + m	n ì + n ì w ~ ɛ́		0
49	Bunoge-2822_cat-1	Bunoge		cat	ɲá:lì	ɲá.álì	ɲ á á l ì			0
50	DogulDomBendiely-2822_cat-1	DogulDomBendiely		cat	gáàŋ	ɡáàŋ	ɡ á à ŋ			0
51	DogulDomKundialang-2822_cat-1	DogulDomKundialang		cat	gâ:ŋ (gâ:ŋ yà:)	ɡá.àŋ	ɡ á à ŋ	ɡ á à ŋ + j à à		0
52	DonnoSo-2822_cat-1	DonnoSo		cat	gámmà	ɡám-mà	ɡ á m + m à			0
53	Gourou-2822_cat-1	Gourou		cat	nìnìwⁿé	nì_nìw.-né	n ì + n ì w + n é			0
54	JamsayDouentza-2822_cat-1	JamsayDouentza		cat	nìnìwⁿé	nì_nìw.-né	n ì + n ì w + n é			0
55	Mombo-2822_cat-1	Mombo		cat	gà:wⁿě	ɡà.àw.-ně	ɡ à à w + n ě			0
56	Najamba-2822_cat-1	Najamba		cat	gáŋà\\gáŋàmbò	ɡáŋà	ɡ á ŋ à	ɡ á ŋ à + m b ò		0
57	Nanga-2822_cat-1	Nanga		cat	dòndíyê	dò-ndí-y-ê	d ò + n d í + j + ê			0
58	Penange-2822_cat-1	Penange		cat	gà:ⁿ	ɡà-àⁿ	ɡ à + à ∼			0
59	PergeTegu-2822_cat-1	PergeTegu		cat	nìnìwⁿé	nì_nìw.-né	n ì + n ì w + n é			0
60	TebulUre-2822_cat-1	TebulUre		cat	bàlmá\\bàlmàmbɔ́	bàl-má	b à l + m á	b à l m à + m b ɔ́		0
61	Tiranige-2822_cat-1	Tiranige		cat	gà:nà	ɡà.ànà	ɡ à à n à			0
62	TogoKan-2822_cat-1	TogoKan		cat	dònó	dònó	d ò n ó			0
63	TommoSoTongoTongo-2822_cat-1	TommoSoTongoTongo		cat	gámmá	ɡám-má	ɡ á m + m á	ɡ á m m á m b e		0
66	ToroTegu-2822_cat-1	ToroTegu		cat	nìwⁿá	nìw.-ná	n ì w + n á			0
67	YandaDom-2822_cat-1	YandaDom		cat	gà:ⁿ\\mù	ɡà-àⁿ	ɡ à + à ∼	ɡ à à ~ + m ù		0
68	YornoSo-2822_cat-1	YornoSo		cat	gámà	ɡá-mà	ɡ á + m à			0
10167	BankanTey-2829_catchtakeholdofsth-1	BankanTey		catch, take hold of (sth)	wó	wó	w ó			0
10168	BenTey-2829_catchtakeholdofsth-1	BenTey		catch, take hold of (sth)	wǒ	wǒ	w ǒ			0
10169	Bunoge-2829_catchtakeholdofsth-1	Bunoge		catch, take hold of (sth)	dɛ́bɛ̀	dɛ́b-ɛ̀	d ɛ́ b + ɛ̀			0
10170	DogulDomKundialang-2829_catchtakeholdofsth-1	DogulDomKundialang		catch, take hold of (sth)	úwè	úw-è	ú w + è			0
10171	DonnoSo-2829_catchtakeholdofsth-1	DonnoSo		catch, take hold of (sth)	ágà\\ágì	áɡ-à	á ɡ + à			0
10172	Gourou-2829_catchtakeholdofsth-1	Gourou		catch, take hold of (sth)	á:	á.-á	á + á			0
10173	JamsayDouentza-2829_catchtakeholdofsth-1	JamsayDouentza		catch, take hold of (sth)	á:	á.-á	á + á			0
10175	Mombo-2829_catchtakeholdofsth-1	Mombo		catch, take hold of (sth)	ímbé	ímb-é	í m b + é			0
10176	Najamba-2829_catchtakeholdofsth-1	Najamba		catch, take hold of (sth)	ìbí\\ìbè	ìb-è	ì b + è			0
10177	Nanga-2829_catchtakeholdofsth-1	Nanga		catch, take hold of (sth)	wǒ:	wò-ó	w ò + ó			0
10178	Penange-2829_catchtakeholdofsth-1	Penange		catch, take hold of (sth)	ímbé (ɲ)	ímb-é	í m b + é			0
10179	PergeTegu-2829_catchtakeholdofsth-1	PergeTegu		catch, take hold of (sth)	á:	á.-á	á + á			0
10180	TebulUre-2829_catchtakeholdofsth-1	TebulUre		catch, take hold of (sth)	ìbé (ìbétì)	ìb-é	ì b + é			0
10181	Tiranige-2829_catchtakeholdofsth-1	Tiranige		catch, take hold of (sth)	íwó (Boui), íbó (Ningo)	íb-ó	í b + ó			0
10182	TogoKan-2829_catchtakeholdofsth-1	TogoKan		catch, take hold of (sth)	á:	á.-á	á + á			0
10183	TommoSoTongoTongo-2829_catchtakeholdofsth-1	TommoSoTongoTongo		catch, take hold of (sth)	áwá	áw-á	á w + á			0
10184	ToroTegu-2829_catchtakeholdofsth-1	ToroTegu		catch, take hold of (sth)	áw\\áwá	áw-á	á w + á			0
10185	YandaDom-2829_catchtakeholdofsth-1	YandaDom		catch, take hold of (sth)	íbó\\ìbèlí	íb-ó	í b + ó			0
10186	YornoSo-2829_catchtakeholdofsth-1	YornoSo		catch, take hold of (sth)	á:\\áy	á.-á	á + á			0
4815	BankanTey-2908_charcoal-1	BankanTey		charcoal	jɛ̀mɛ̀nè jɛ́m	dʒɛ̀-mɛ̀-nè_-dʒɛ́-m	d ʒ ɛ̀ + m ɛ̀ + n è + d ʒ ɛ́ + m			0
4816	BenTey-2908_charcoal-1	BenTey		charcoal	jɛ̀:rⁿɛ̀ jɛ́m	dʒɛ̀.ɛ̀-r.-nɛ̀_-dʒɛ́-m	d ʒ ɛ̀ ɛ̀ + r + n ɛ̀ + d ʒ ɛ́ + m			0
4817	Bunoge-2908_charcoal-1	Bunoge		charcoal	kɛ́:ŋgɔ̀	kɛ́.ɛ́-ŋɡ-ɔ̀	k ɛ́ ɛ́ + ŋ ɡ + ɔ̀			0
4818	DogulDomBendiely-2908_charcoal-1	DogulDomBendiely		charcoal	gɛ́mlɛ̀	ɡɛ́m-lɛ̀	ɡ ɛ́ m + l ɛ̀			0
4819	DogulDomKundialang-2908_charcoal-1	DogulDomKundialang		charcoal	gɛ́mlɛ̀	ɡɛ́m-lɛ̀	ɡ ɛ́ m + l ɛ̀			0
4820	DonnoSo-2908_charcoal-1	DonnoSo		charcoal	gɛ́mɛ̀nɛ̀	ɡɛ́mɛ̀-nɛ̀	ɡ ɛ́ m ɛ̀ + n ɛ̀			0
4821	Gourou-2908_charcoal-1	Gourou		charcoal	kìrɛ́	kìrɛ́	k ì r ɛ́			0
4822	JamsayDouentza-2908_charcoal-1	JamsayDouentza		charcoal	jɛ̀ŋɛ̀rɛ̀ jɛ́m	dʒɛ̀-ŋɛ̀-rɛ̀_-dʒɛ́-m	d ʒ ɛ̀ + ŋ ɛ̀ + r ɛ̀ + d ʒ ɛ́ + m			0
4823	Mombo-2908_charcoal-1	Mombo		charcoal	gènì sí:	ɡènì_sí.í	ɡ è n ì + s í í			0
4824	Najamba-2908_charcoal-1	Najamba		charcoal	gɛ́mílɛ́ŋgó\\gɛ́mílɛ́, kùmáŋgó\\kùmá	kùmá-ŋɡ-ó	k ù m á + ŋ ɡ + ó	k ù m á		0
4825	Nanga-2908_charcoal-1	Nanga		charcoal	jɛ́mírⁿɛ́	dʒɛ́-mí-r.-n-ɛ́	d ʒ ɛ́ + m í + r + n + ɛ́			0
4826	Penange-2908_charcoal-1	Penange		charcoal	kɛ́ŋgɔ́	kɛ́-ŋɡ-ɔ́	k ɛ́ + ŋ ɡ + ɔ́			0
4827	PergeTegu-2908_charcoal-1	PergeTegu		charcoal	jɛ̀mnɛ̀ jém	dʒɛ̀-m-nɛ̀_-dʒé-m	d ʒ ɛ̀ + m + n ɛ̀ + d ʒ é + m			0
4828	TebulUre-2908_charcoal-1	TebulUre		charcoal	jɛ́mɛ̀:	dʒɛ́-m-ɛ̀.ɛ̀	d ʒ ɛ́ + m + ɛ̀ ɛ̀			0
4829	Tiranige-2908_charcoal-1	Tiranige		charcoal	cɛ̀:ŋgɔ̀	tʃɛ̀.ɛ̀-ŋɡ-ɔ̀	t ʃ ɛ̀ ɛ̀ + ŋ ɡ + ɔ̀			0
4830	TogoKan-2908_charcoal-1	TogoKan		charcoal	gɛ́wⁿɛ́rⁿɛ́	ɡɛ́w.-nɛ́r.-nɛ́	ɡ ɛ́ w + n ɛ́ r + n ɛ́			0
4831	TommoSoTongoTongo-2908_charcoal-1	TommoSoTongoTongo		charcoal	gɛ́mɛ́lɛ́, kílɛ́	kílɛ́	k í l ɛ́			0
4832	TommoSoTongoTongo-2908_charcoal-2	TommoSoTongoTongo		charcoal	gɛ́mɛ́lɛ́, kílɛ́	kílɛ́	k í l ɛ́			0
4834	ToroTegu-2908_charcoal-1	ToroTegu		charcoal	jɛ́mnɛ́	dʒɛ́-m-n-ɛ́	d ʒ ɛ́ + m + n + ɛ́			0
4835	YandaDom-2908_charcoal-1	YandaDom		charcoal	jɛ́mnɛ́	dʒɛ́-m-n-ɛ́	d ʒ ɛ́ + m + n + ɛ́			0
4836	YornoSo-2908_charcoal-1	YornoSo		charcoal	gìgɛ̀rⁿɛ̌m	ɡìɡɛ̀-r.nɛ̌-m	ɡ ì ɡ ɛ̀ + r ∼ ɛ̌ + m			0
1123	BankanTey-2918_chestbody-1	BankanTey		chest (body)	gèndèkû:	ɡè-ndè-k-ú.ù	ɡ è + n d è + k + ú ù			0
1124	BenTey-2918_chestbody-1	BenTey		chest (body)	jɛ̀lɛ̀kû:	dʒɛ̀-lɛ̀-k-ú.ù	d ʒ ɛ̀ + l ɛ̀ + k + ú ù			0
1125	Bunoge-2918_chestbody-1	Bunoge		chest (body)	bɛ́mbɔ̀	bɛ́-mb-ɔ̀	b ɛ́ + m b + ɔ̀			0
1126	DogulDomBendiely-2918_chestbody-1	DogulDomBendiely		chest (body)	gɛ̀ɲúŋ	ɡɛ̀ɲú-ŋ	ɡ ɛ̀ ɲ ú + ŋ			0
1127	DogulDomKundialang-2918_chestbody-1	DogulDomKundialang		chest (body)	gèɲúŋ́ (pl gèɲú yà:)	ɡèɲú-ŋ	ɡ è ɲ ú + ŋ	ɡ è ɲ ú + j à à		0
1128	DonnoSo-2918_chestbody-1	DonnoSo		chest (body)	jèɲɲé	dʒè-ɲ-ɲ-é	d ʒ è + ɲ + ɲ + é			0
1129	Gourou-2918_chestbody-1	Gourou		chest (body)	gɔ̀ŋɔ́	ɡɔ̀ŋɔ́	ɡ ɔ̀ ŋ ɔ́			0
1130	JamsayDouentza-2918_chestbody-1	JamsayDouentza		chest (body)	gɔ̀ŋɔ́	ɡɔ̀ŋɔ́	ɡ ɔ̀ ŋ ɔ́			0
1131	Mombo-2918_chestbody-1	Mombo		chest (body)	gɔ̂:ⁿ	ɡɔ́.ɔ̀.n	ɡ ɔ́ ɔ̀ ∼			0
1132	Najamba-2918_chestbody-1	Najamba		chest (body)	pɛ́lɛ̀ŋgè\\pɛ́lɛ̀, gènjègènjê:ŋgè\\gènjègènjê:, jènjènjê:\\jènjènjê:	dʒè-ndʒè-n-j-é.è	d ʒ è + n d ʒ è + n + d ʒ + é è	d ʒ è n + d ʒ è n d ʒ é è		0
1133	Nanga-2918_chestbody-1	Nanga		chest (body)	gòmbórô	ɡò-mbó-r-ô	ɡ ò + m b ó + r + ô			0
1134	Penange-2918_chestbody-1	Penange		chest (body)	gɔ̀:ⁿ	ɡɔ̀.ɔ̀.n	ɡ ɔ̀ ɔ̀ ∼			0
1135	PergeTegu-2918_chestbody-1	PergeTegu		chest (body)	gɔ̀wⁿɔ́	ɡɔ̀w.-nɔ́	ɡ ɔ̀ w + n ɔ́			0
1136	TebulUre-2918_chestbody-1	TebulUre		chest (body)	gwá:ⁿ	ɡwá-áⁿ	ɡ w á + á ∼			0
1137	Tiranige-2918_chestbody-1	Tiranige		chest (body)	bémbé	bé-mb-é	b é + m b + é			0
1138	TommoSoTongoTongo-2918_chestbody-1	TommoSoTongoTongo		chest (body)	gèɲɲú	ɡèɲ-ɲú	ɡ è ɲ + ɲ ú			0
1140	ToroTegu-2918_chestbody-1	ToroTegu		chest (body)	cɛ̀lkú	tʃɛ̀l-kú	t ʃ ɛ̀ l + k ú			0
1141	YandaDom-2918_chestbody-1	YandaDom		chest (body)	jèɲù	dʒè-ɲù	d ʒ è + ɲ ù			0
1142	YornoSo-2918_chestbody-1	YornoSo		chest (body)	gɔ̌:ⁿ	ɡɔ̀.ɔ́.n	ɡ ɔ̀ ɔ́ ∼			0
466	BankanTey-2929_chicken-1	BankanTey		chicken	ɛ̀zɛ̂m\\ɛ̀zɛ̂:	ɛ̀zɛ̂-m	ɛ̀ z ɛ̂ + m	ɛ̀ z ɛ́ ɛ̀		0
467	BenTey-2929_chicken-1	BenTey		chicken	ɛ̀njɛ̂m\\ɛ̀njɛ̂:	ɛ̀njɛ̂-m	ɛ̀ n d ʒ ɛ̂ + m	ɛ̀ n d ʒ ɛ́ ɛ̀		0
468	Bunoge-2929_chicken-1	Bunoge		chicken	sí:jà	sí.í-dʒ-à	s í í + d ʒ + à			0
469	DogulDomBendiely-2929_chicken-1	DogulDomBendiely		chicken	ɔ́llɔ̀	àrù-dʒɛ́-n-ɛ́	à r ù + d ʒ ɛ́ + n + ɛ́			0
470	DogulDomKundialang-2929_chicken-1	DogulDomKundialang		chicken	ɔ́llɔ̀	ɔ́llɔ̀	ɔ́ l l ɔ̀			0
471	DonnoSo-2929_chicken-1	DonnoSo		chicken	ènjé	ènjé	è n d ʒ é			0
472	Gourou-2929_chicken-1	Gourou		chicken	ɛ̀sɛ́	ɛ̀sɛ́	ɛ̀ s ɛ́			0
473	JamsayDouentza-2929_chicken-1	JamsayDouentza		chicken	ɛ̀ɲɛ́	ɛ̀ɲɛ́	ɛ̀ ɲ ɛ́			0
475	Mombo-2929_chicken-1	Mombo		chicken	síjà	sí-dʒ-à	s í + d ʒ + à			0
476	Najamba-2929_chicken-1	Najamba		chicken	kòkórò\\kòkôrmbò, kórò\\kôrmbò	kórò	k ó r ò	k ô r + m b ò		0
477	Nanga-2929_chicken-1	Nanga		chicken	ɛ̀njɛ̂	ɛ̀njɛ̂	ɛ̀ n d ʒ ɛ̂			0
478	Penange-2929_chicken-1	Penange		chicken	sírgà	sír-ɡà	s í r + ɡ à			0
479	PergeTegu-2929_chicken-1	PergeTegu		chicken	ɛ̀njɛ́	ɛ̀njɛ́	ɛ̀ n d ʒ ɛ́			0
480	TebulUre-2929_chicken-1	TebulUre		chicken	ɛ̀njɛ́\\ɛ̀ŋúmbɔ̀	ɛ̀njɛ́	ɛ̀ n d ʒ ɛ́	ɛ̀ ŋ ú + m b ɔ̀		0
481	Tiranige-2929_chicken-1	Tiranige		chicken	sìjá\\sìjàgé (Boui), sì:já (Ningo)	sì-dʒ-á	s ì + d ʒ + á	s ì d ʒ à + ɡ é		0
482	TogoKan-2929_chicken-1	TogoKan		chicken	kògó	kòɡó	k ò ɡ ó			0
483	TommoSoTongoTongo-2929_chicken-1	TommoSoTongoTongo		chicken	ɛ̀njɛ́	ɛ̀njɛ́	ɛ̀ n d ʒ ɛ́	ɛ̀ n d ʒ ɛ́ m b e		0
486	ToroTegu-2929_chicken-1	ToroTegu		chicken	ɛ̀ⁿsá ~ ɛ̀sá	ɛ̀sá	ɛ̀ s á			0
487	ToroTegu-2929_chicken-2	ToroTegu		chicken	ɛ̀ⁿsá ~ ɛ̀sá	ɛ̀sá	ɛ̀ s á			0
488	YandaDom-2929_chicken-1	YandaDom		chicken	ɛ̀dɛ̀\\mú	ɛ̀dɛ̀	ɛ̀ d ɛ̀	ɛ̀ d ɛ̀ + m ú		0
489	YornoSo-2929_chicken-1	YornoSo		chicken	ɛ̀ɲɛ́	ɛ̀ɲɛ́	ɛ̀ ɲ ɛ́			0
2297	BankanTey-2961_chin-1	BankanTey		chin	ɔ̀mbɔ̂y	ɔ̀-mbɔ̂-y	ɔ̀ + m b ɔ̂ + j			0
2298	BenTey-2961_chin-1	BenTey		chin	òmbôy	ò-mbô-y	ò + m b ô + j			0
2299	Bunoge-2961_chin-1	Bunoge		chin	ʔɔ́ndɔ̀	ʔɔ́-nd-ɔ̀	ʔ ɔ́ + n d + ɔ̀			0
2300	DogulDomBendiely-2961_chin-1	DogulDomBendiely		chin	ɔ́sɔ̀	ɔ́sɔ̀	ɔ́ s ɔ̀			0
2301	DogulDomKundialang-2961_chin-1	DogulDomKundialang		chin	ɔ̀sɔ́:	ɔ̀sɔ́-ɔ́	ɔ̀ s ɔ́ + ɔ́			0
2302	DonnoSo-2961_chin-1	DonnoSo		chin	bɛ̂:	bɛ́-ɛ̀	b ɛ́ + ɛ̀			0
2303	Gourou-2961_chin-1	Gourou		chin	bɛ̌w	bɛ̌w	b ɛ̌ w			0
2304	JamsayDouentza-2961_chin-1	JamsayDouentza		chin	bɛ̌w	bɛ̌w	b ɛ̌ w			0
2305	Mombo-2961_chin-1	Mombo		chin	bé:ⁿ	bé-éⁿ	b é + é ∼			0
2306	Najamba-2961_chin-1	Najamba		chin	a᷈:\\ǎ:yè	à.à	à à	à á j è		0
2307	Nanga-2961_chin-1	Nanga		chin	ɔ̀:mbɔ̂	ɔ̀.ɔ̀-mb-ɔ̂	ɔ̀ ɔ̀ + m b + ɔ̂			0
2308	Penange-2961_chin-1	Penange		chin	dɔ́mjɔ̀	dɔ́m-dʒ-ɔ̀	d ɔ́ m + d ʒ + ɔ̀			0
2309	TebulUre-2961_chin-1	TebulUre		chin	bèyǎ:	bèyà.á	b è j à á			0
2310	Tiranige-2961_chin-1	Tiranige		chin	yéná	yéná	j é n á			0
2311	TogoKan-2961_chin-1	TogoKan		chin	bɛ̀dònó	bɛ̀dò-nó	b ɛ̀ d ò + n ó			0
2312	TommoSoTongoTongo-2961_chin-1	TommoSoTongoTongo		chin	bɛ̀bɛ̀ɛ́	bɛ̀bɛ̀.ɛ́	b ɛ̀ b ɛ̀ ɛ́			0
2315	ToroTegu-2961_chin-1	ToroTegu		chin	bɛ̌w	bɛ̌w	b ɛ̌ w			0
2316	YandaDom-2961_chin-1	YandaDom		chin	bìyà	bìyà	b ì j à			0
2317	YornoSo-2961_chin-1	YornoSo		chin	bìbɛ̌:	bìbɛ̀.ɛ́	b ì b ɛ̀ ɛ́			0
13518	BankanTey-2975_chopdowncutdowntreewithax-1	BankanTey		chop down, cut down (tree, with ax)	dìŋgírí	dìŋɡ-ír-í	d ì ŋ ɡ + í r + í			0
13519	BenTey-2975_chopdowncutdowntreewithax-1	BenTey		chop down, cut down (tree, with ax)	tɛ́rɛ́	tɛ́r-ɛ́	t ɛ́ r + ɛ́			0
13520	Bunoge-2975_chopdowncutdowntreewithax-1	Bunoge		chop down, cut down (tree, with ax)	dúbyɛ̀	dúb-yɛ̀	d ú b + j ɛ̀			0
13521	DogulDomBendiely-2975_chopdowncutdowntreewithax-1	DogulDomBendiely		chop down, cut down (tree, with ax)	sàŋɛ́	sàŋ-ɛ́	s à ŋ + ɛ́			0
13522	DonnoSo-2975_chopdowncutdowntreewithax-1	DonnoSo		chop down, cut down (tree, with ax)	lǹmbògòló\\númbùgùlì	l-ǹmb-òɡòl-ó	l + n m b + ò ɡ ò l + ó			0
13523	Gourou-2975_chopdowncutdowntreewithax-1	Gourou		chop down, cut down (tree, with ax)	tɛ́rɛ́	tɛ́r-ɛ́	t ɛ́ r + ɛ́			0
13524	JamsayDouentza-2975_chopdowncutdowntreewithax-1	JamsayDouentza		chop down, cut down (tree, with ax)	tɛ́rɛ́	tɛ́r-ɛ́	t ɛ́ r + ɛ́			0
13525	Mombo-2975_chopdowncutdowntreewithax-1	Mombo		chop down, cut down (tree, with ax)	kɛ́rɛ́	kɛ́r-ɛ́	k ɛ́ r + ɛ́			0
13526	Najamba-2975_chopdowncutdowntreewithax-1	Najamba		chop down, cut down (tree, with ax)	jɔ̀gɛ́	dʒɔ̀ɡ-ɛ́	d ʒ ɔ̀ ɡ + ɛ́			0
13527	Nanga-2975_chopdowncutdowntreewithax-1	Nanga		chop down, cut down (tree, with ax)	tɛ́rɛ́, dèŋgé	tɛ́r-ɛ́	t ɛ́ r + ɛ́			0
13528	Nanga-2975_chopdowncutdowntreewithax-2	Nanga		chop down, cut down (tree, with ax)	tɛ́rɛ́, dèŋgé	dèŋɡ-é	d è ŋ ɡ + é			0
13529	Penange-2975_chopdowncutdowntreewithax-1	Penange		chop down, cut down (tree, with ax)	gúnjè	ɡún-jè	ɡ ú n + d ʒ è			0
13530	PergeTegu-2975_chopdowncutdowntreewithax-1	PergeTegu		chop down, cut down (tree, with ax)	tɛ́rɛ́	tɛ́r-ɛ́	t ɛ́ r + ɛ́			0
13531	TebulUre-2975_chopdowncutdowntreewithax-1	TebulUre		chop down, cut down (tree, with ax)	dèŋgé (dèŋgétì)	dèŋɡ-é	d è ŋ ɡ + é			0
13532	Tiranige-2975_chopdowncutdowntreewithax-1	Tiranige		chop down, cut down (tree, with ax)	dɛ́ŋɔ́	dɛ́ŋ-ɔ́	d ɛ́ ŋ + ɔ́			0
13533	TogoKan-2975_chopdowncutdowntreewithax-1	TogoKan		chop down, cut down (tree, with ax)	kɛ́jɛ́	kɛ́dʒ-ɛ́	k ɛ́ d ʒ + ɛ́			0
13534	TommoSoTongoTongo-2975_chopdowncutdowntreewithax-1	TommoSoTongoTongo		chop down, cut down (tree, with ax)	dàá	dà-á	d à + á			0
13535	ToroTegu-2975_chopdowncutdowntreewithax-1	ToroTegu		chop down, cut down (tree, with ax)	tɛ́rú\\tɛ́rá	tɛ́r-á	t ɛ́ r + á			0
13536	YandaDom-2975_chopdowncutdowntreewithax-1	YandaDom		chop down, cut down (tree, with ax)	jɛ́\\jàlí, dèŋé\\dèŋèlí	dèŋ-é	d è ŋ + é			0
13537	YornoSo-2975_chopdowncutdowntreewithax-1	YornoSo		chop down, cut down (tree, with ax)	jàrá\\jàrú	dʒàr-á	d ʒ à r + á			0
2998	BenTey-2999_clawtalon-1	BenTey		claw, talon	[lɔ̀sɔ̀sì:ⁿ]kɔ̌wⁿrⁿì	lɔ̀sɔ̀-sì.ìⁿkɔ̌-w.n-r.nì	l ɔ̀ s ɔ̀ + s ì ì ∼ k ɔ̌ + w ∼ + r ∼ ì			1
2999	DogulDomBendiely-2999_clawtalon-1	DogulDomBendiely		claw, talon	ḱòbùlúŋ	ḱòbùlú-ŋ	ḱ ò b ù l ú + ŋ			1
3000	DogulDomKundialang-2999_clawtalon-1	DogulDomKundialang		claw, talon	kóbùlùŋ̀ (pl kóbùlùⁿ yà:)	kóbù-lùŋ	k ó b ù + l ù ŋ	k ó b ù l ù ∼ + j à à		1
3001	DonnoSo-2999_clawtalon-1	DonnoSo		claw, talon	kùbɔ̀ sàý	kùbɔ̀_sàj	k ù b ɔ̀ + s à d ʒ			1
3002	JamsayDouentza-2999_clawtalon-1	JamsayDouentza		claw, talon	kɔ̀:kɔ̀rⁿî:ⁿ	kɔ̀.ɔ̀kɔ̀-r.ní.ì-ⁿ	k ɔ̀ ɔ̀ k ɔ̀ + r ∼ í ì			1
3003	Nanga-2999_clawtalon-1	Nanga		claw, talon	lɔ̀sɔ̀kɛ̂:	lɔ̀sɔ̀-kɛ́.ɛ̀	l ɔ̀ s ɔ̀ + k ɛ́ ɛ̀			1
3004	PergeTegu-2999_clawtalon-1	PergeTegu		claw, talon	kùwɔ̀šíⁿ	kùwɔ̀ší-ⁿ	k ù w ɔ̀ š í			1
3005	TebulUre-2999_clawtalon-1	TebulUre		claw, talon	là:kòbìlíyɛ́	là.àkò-bìlí-yɛ́	l à à k ò + b ì l í + j ɛ́			1
3006	TommoSoTongoTongo-2999_clawtalon-1	TommoSoTongoTongo		claw, talon	ànù sày kòbìlìyé	ànù_sày_kòbì-lìyé	à n ù + s à j + k ò b ì + l ì j é			1
3008	ToroTegu-2999_clawtalon-1	ToroTegu		claw, talon	kùwɔ̀cèwrěy	kùwɔ̀-tʃèw-rěy	k ù w ɔ̀ + t ʃ è w + r ě j			1
3009	YandaDom-2999_clawtalon-1	YandaDom		claw, talon	kòmbílyè	kò-mbí-l-y-è	k ò + m b í + l + j + è			1
3010	YornoSo-2999_clawtalon-1	YornoSo		claw, talon	kùbɔ̀[kòbìlìý]	kùbɔ̀-kòbì-lìj	k ù b ɔ̀ + k ò b ì + l ì d ʒ			1
6554	BankanTey-3031_cloud-1	BankanTey		cloud	nànà:rⁿǎyⁿ	nànà.à-r.nǎ	n à n à à + r ∼ ǎ			1
6555	BenTey-3031_cloud-1	BenTey		cloud	yàrkùrɔ́	yàr-kùrɔ́	j à r + k ù r ɔ́			1
6556	Bunoge-3031_cloud-1	Bunoge		cloud	póndù	pó-ndù	p ó + n d ù			1
6557	DogulDomBendiely-3031_cloud-1	DogulDomBendiely		cloud	dàgúŋ	dàɡú-ŋ	d à ɡ ú + ŋ			1
6558	DogulDomKundialang-3031_cloud-1	DogulDomKundialang		cloud	dàgúŋ (pl dàgúⁿ yà:)	dàɡú-ŋ	d à ɡ ú + ŋ	d à ɡ ú ∼ + j à à		1
6559	DonnoSo-3031_cloud-1	DonnoSo		cloud	ànàgùlùmmɔ́	ànàɡù-lùm-mɔ́	à n à ɡ ù + l ù m + m ɔ́			1
6560	Gourou-3031_cloud-1	Gourou		cloud	kùrùwɔ́	kùrù-wɔ́	k ù r ù + w ɔ́			1
6561	JamsayDouentza-3031_cloud-1	JamsayDouentza		cloud	kùrùwɔ́	kùrù-wɔ́	k ù r ù + w ɔ́			1
6563	Mombo-3031_cloud-1	Mombo		cloud	álè	álè	á l è			1
6564	Najamba-3031_cloud-1	Najamba		cloud	kùndàkùndǎ:\\kùndɛ̀kùndɛ̌:	kù-nd-à-kù-nd-à.á	k ù + n d + à + k ù + n d + à á	k ù n d ɛ̀ + k ù n d ɛ̀ ɛ́		1
6565	Nanga-3031_cloud-1	Nanga		cloud	yàrkùmùrⁿá	yàr-kùmù-r.ná	j à r + k ù m ù + r ∼ á			1
6566	Penange-3031_cloud-1	Penange		cloud	àlè (y)	àlè	à l è	j + à l è		1
6567	PergeTegu-3031_cloud-1	PergeTegu		cloud	[yàrkù:]kúrɔ́	yàr-kù.ùkú-rɔ́	j à r + k ù ù k ú + r ɔ́			1
6568	Tiranige-3031_cloud-1	Tiranige		cloud	á:ní	á-ání	á + á n í			1
6569	TogoKan-3031_cloud-1	TogoKan		cloud	kùrùgɔ́	kùrù-ɡɔ́	k ù r ù + ɡ ɔ́			1
6570	TommoSoTongoTongo-3031_cloud-1	TommoSoTongoTongo		cloud	kùlùmmɔ́	kùlù-m-mɔ́	k ù l ù + m + m ɔ́			1
6571	ToroTegu-3031_cloud-1	ToroTegu		cloud	kùrɔ́	kùrɔ́	k ù r ɔ́			1
6572	YandaDom-3031_cloud-1	YandaDom		cloud	kùrùbàrà	kùrù-bàrà	k ù r ù + b à r à			1
6573	YornoSo-3031_cloud-1	YornoSo		cloud	kùlmɔ́	kùl-mɔ́	k ù l + m ɔ́			1
15908	BankanTey-3054_coldegwater-1	BankanTey		cold (e.g. water)	tâm	tâm	t â m			1
15909	BenTey-3054_coldegwater-1	BenTey		cold (e.g. water)	tâm	tâm	t â m			1
15910	Bunoge-3054_coldegwater-1	Bunoge		cold (e.g. water)	tòmbò	tòmb-ò	t ò m b + ò			1
15911	DogulDomBendiely-3054_coldegwater-1	DogulDomBendiely		cold (e.g. water)	kéllè	kéll-è	k é l l + è			1
15912	DogulDomKundialang-3054_coldegwater-1	DogulDomKundialang		cold (e.g. water)	kéllèŋ̀	kéllèŋ	k é l l è ŋ			1
15913	DonnoSo-3054_coldegwater-1	DonnoSo		cold (e.g. water)	kèllú	kèll-ú	k è l l + ú			1
15914	Gourou-3054_coldegwater-1	Gourou		cold (e.g. water)	tôm	tôm	t ô m			1
15915	JamsayDouentza-3054_coldegwater-1	JamsayDouentza		cold (e.g. water)	tôm	tôm	t ô m			1
15917	Mombo-3054_coldegwater-1	Mombo		cold (e.g. water)	kéló	kél-ó	k é l + ó			1
15918	Najamba-3054_coldegwater-1	Najamba		cold (e.g. water)	yégèlè\\yégèlèŋgè	yéɡèl-è	j é ɡ è l + è	j é ɡ è l è + ŋ ɡ è		1
15919	Nanga-3054_coldegwater-1	Nanga		cold (e.g. water)	támî	tám-î	t á m + î			1
15920	Penange-3054_coldegwater-1	Penange		cold (e.g. water)	tàyè	tày-è	t à j + è			1
15921	PergeTegu-3054_coldegwater-1	PergeTegu		cold (e.g. water)	tôm	tôm	t ô m			1
15922	TebulUre-3054_coldegwater-1	TebulUre		cold (e.g. water)	cé:lè://cé:lùgò//cé:lùmbò	tʃé.élè.è	t ʃ é é l è è	tʃ é é l ù + m b ò		1
15923	Tiranige-3054_coldegwater-1	Tiranige		cold (e.g. water)	témúm	témúm	t é m ú m			1
15924	TogoKan-3054_coldegwater-1	TogoKan		cold (e.g. water)	kélú	kél-ú	k é l + ú			1
15925	TommoSoTongoTongo-3054_coldegwater-1	TommoSoTongoTongo		cold (e.g. water)	yégélú	yéɡél-ú	j é ɡ é l + ú			1
15926	ToroTegu-3054_coldegwater-1	ToroTegu		cold (e.g. water)	tôm	tôm	t ô m			1
15927	YandaDom-3054_coldegwater-1	YandaDom		cold (e.g. water)	kè:zù	kè.èz-ù	k è è z + ù			1
15928	YornoSo-3054_coldegwater-1	YornoSo		cold (e.g. water)	kâ:l, kákálál (very cold)	kákálál	k á k á l á l			1
8124	BankanTey-3056_coldseasonwinterjanuarymarch-1	BankanTey		cold season, winter (January-March)	gɔ̀yɔ̀ mbǎ:	ɡɔ̀yɔ̀_-mb-à.á	ɡ ɔ̀ j ɔ̀ + m b + à á			0
8125	BenTey-3056_coldseasonwinterjanuarymarch-1	BenTey		cold season, winter (January-March)	gɔ̀yɔ́, gɔ̀yɔ̀ mǎ: (extreme cold)	ɡɔ̀yɔ̀_mà.á	ɡ ɔ̀ j ɔ̀ + m à á			0
8126	Bunoge-3056_coldseasonwinterjanuarymarch-1	Bunoge		cold season, winter (January-March)	wâ: wá:rì ~ wâ: wágárì	wá.à_wáɡá-rì	w á à + w á ɡ á + r ì			0
8127	DogulDomKundialang-3056_coldseasonwinterjanuarymarch-1	DogulDomKundialang		cold season, winter (January-March)	yɔ̀mún	yɔ̀mú-n	j ɔ̀ m ú + n			0
8128	DonnoSo-3056_coldseasonwinterjanuarymarch-1	DonnoSo		cold season, winter (January-March)	yèmmé wàgùrù	yèm-mé_wàɡù-rù	j è m + m é + w à ɡ ù + r ù			0
8129	Gourou-3056_coldseasonwinterjanuarymarch-1	Gourou		cold season, winter (January-March)	ɲùɲùwⁿòděyⁿ	ɲùɲù-w.nò-dě	ɲ ù ɲ ù + w ∼ ò + d ě			0
8130	JamsayDouentza-3056_coldseasonwinterjanuarymarch-1	JamsayDouentza		cold season, winter (January-March)	ɲìɲùwⁿòděyⁿ, ɲùɲùwⁿòděyⁿ	ɲùɲù-w.nò-dě	ɲ ù ɲ ù + w ∼ ò + d ě			0
8131	Mombo-3056_coldseasonwinterjanuarymarch-1	Mombo		cold season, winter (January-March)	ɲímálì	ɲímá-lì	ɲ í m á + l ì			0
8132	Najamba-3056_coldseasonwinterjanuarymarch-1	Najamba		cold season, winter (January-March)	gɔ̀gùmbǎ:\\gɔ̀gùmbɛ̌:	ɡɔ̀ɡù-mb-à.á	ɡ ɔ̀ ɡ ù + m b + à á	ɡ ɔ̀ ɡ ù m b ɛ̀ ɛ́		0
8133	Nanga-3056_coldseasonwinterjanuarymarch-1	Nanga		cold season, winter (January-March)	gɔ̀yɔ́ wákátì	ɡɔ̀yɔ́_wáká-tì	ɡ ɔ̀ j ɔ́ + w á k á + t ì			0
8134	Penange-3056_coldseasonwinterjanuarymarch-1	Penange		cold season, winter (January-March)	màlèkô:	màlè-kó.ò	m à l è + k ó ò			0
8135	PergeTegu-3056_coldseasonwinterjanuarymarch-1	PergeTegu		cold season, winter (January-March)	ɲùɲùwⁿòdɛ̌yⁿ	ɲùɲù-w.nò-dɛ̌	ɲ ù ɲ ù + w ∼ ò + d ɛ̌			0
8136	TebulUre-3056_coldseasonwinterjanuarymarch-1	TebulUre		cold season, winter (January-March)	[tàmgɔ̀]wágádú	tàm-ɡɔ̀wá-ɡádú	t à m + ɡ ɔ̀ w á + ɡ á d ú			0
8137	Tiranige-3056_coldseasonwinterjanuarymarch-1	Tiranige		cold season, winter (January-March)	témómúgé wàgàtí	témó-múɡé_wàɡà-tí	t é m ó + m ú ɡ é + w à ɡ à + t í			0
8138	TogoKan-3056_coldseasonwinterjanuarymarch-1	TogoKan		cold season, winter (January-March)	ɲùɲùdògùrú	ɲùɲù-dòɡù-rú	ɲ ù ɲ ù + d ò ɡ ù + r ú			0
8139	TommoSoTongoTongo-3056_coldseasonwinterjanuarymarch-1	TommoSoTongoTongo		cold season, winter (January-March)	kàlàlù kùmmɔ́	kàlà-lù_kùm-mɔ́	k à l à + l ù + k ù m + m ɔ́			0
8140	ToroTegu-3056_coldseasonwinterjanuarymarch-1	ToroTegu		cold season, winter (January-March)	ɲɔ̌:ⁿ, ɲɔ̀wⁿɔ́	ɲɔ̀w.-nɔ́	ɲ ɔ̀ w + n ɔ́			0
8141	YandaDom-3056_coldseasonwinterjanuarymarch-1	YandaDom		cold season, winter (January-March)	gɔ̀w	ɡɔ̀w	ɡ ɔ̀ w			0
8142	YornoSo-3056_coldseasonwinterjanuarymarch-1	YornoSo		cold season, winter (January-March)	kà:lî: wà:rù	kà.àlí.ì_wà.àrù	k à à l í ì + w à à r ù			0
14007	BankanTey-3078_come-1	BankanTey		come	wɔ́\\wá	w-ɔ́	w + ɔ́			1
14008	BenTey-3078_come-1	BenTey		come	yɛ̌	y-ɛ̌	j + ɛ̌			1
14009	Bunoge-3078_come-1	Bunoge		come	ʔégè	ʔéɡ-è	ʔ é ɡ + è			1
14010	DogulDomBendiely-3078_come-1	DogulDomBendiely		come	mɛ̀nɛ́	mɛ̀n-ɛ́	m ɛ̀ n + ɛ́			1
14011	DonnoSo-3078_come-1	DonnoSo		come	yɛ̀lɛ́\\yɛ́lɛ̀	yɛ̀l-ɛ́	j ɛ̀ l + ɛ́			1
14012	Gourou-3078_come-1	Gourou		come	yɛ̀rɛ́	yɛ̀r-ɛ́	j ɛ̀ r + ɛ́			1
14013	JamsayDouentza-3078_come-1	JamsayDouentza		come	yɛ̀rɛ́	yɛ̀r-ɛ́	j ɛ̀ r + ɛ́			1
14015	Mombo-3078_come-1	Mombo		come	égé	éɡ-é	é ɡ + é			1
14016	Najamba-3078_come-1	Najamba		come	wé\wè	wè	w è			1
14017	Nanga-3078_come-1	Nanga		come	yě:	yè-é	j è + é			1
14018	Penange-3078_come-1	Penange		come	égé (y)	éɡ-é	é ɡ + é			1
14019	PergeTegu-3078_come-1	PergeTegu		come	wǎ:	wà-á	w à + á			1
14020	TebulUre-3078_come-1	TebulUre		come	wɔ̌: (wɔ̌yà, perf neg wà:lí, imprt wá:)	wɔ̀-ɔ́	w ɔ̀ + ɔ́			1
14021	Tiranige-3078_come-1	Tiranige		come	yógó	yóɡ-ó	j ó ɡ + ó			1
14022	TogoKan-3078_come-1	TogoKan		come	yɛ̀rɛ́	yɛ̀r-ɛ́	j ɛ̀ r + ɛ́			1
14023	TommoSoTongoTongo-3078_come-1	TommoSoTongoTongo		come	yɛ̀lɛ́	yɛ̀l-ɛ́	j ɛ̀ l + ɛ́			1
14025	ToroTegu-3078_come-1	ToroTegu		come	yèrú\\yèrí	yèr-í	j è r + í			1
14026	YandaDom-3078_come-1	YandaDom		come	wó\\wòlí	wó	w ó			1
14027	YornoSo-3078_come-1	YornoSo		come	wɛ̀lɛ́\\wɛ̀lɛ́	wɛ̀l-ɛ́	w ɛ̀ l + ɛ́			1
4976	BankanTey-3183_cornmaize-1	BankanTey		corn, maize	bàràɛ̀mbɛ̌y	bàràɛ̀-mbɛ̌-y	b à r à ɛ̀ + m b ɛ̌ + j			0
4977	BenTey-3183_cornmaize-1	BenTey		corn, maize	bàrměyⁿ	bàr-mě	b à r + m ě			0
4978	Bunoge-3183_cornmaize-1	Bunoge		corn, maize	dílímà	dílí-mà	d í l í + m à			0
4979	DogulDomBendiely-3183_cornmaize-1	DogulDomBendiely		corn, maize	sàmìyógó	sàmì-yóɡó	s à m ì + j ó ɡ ó			0
4980	DogulDomKundialang-3183_cornmaize-1	DogulDomKundialang		corn, maize	sàmìyógò	sàmì-yóɡò	s à m ì + j ó ɡ ò			0
4981	DonnoSo-3183_cornmaize-1	DonnoSo		corn, maize	sàmɛ̀mmɛ́	sàmɛ̀-m-mɛ́	s à m ɛ̀ + m + m ɛ́			0
4982	Gourou-3183_cornmaize-1	Gourou		corn, maize	pòròyú:ⁿ	pòrò-yú.ú-ⁿ	p ò r ò + j ú ú			0
4983	JamsayDouentza-3183_cornmaize-1	JamsayDouentza		corn, maize	pòrò:ɲú:	pòrò.ò-ɲú.ú	p ò r ò ò + ɲ ú ú			0
4984	Mombo-3183_cornmaize-1	Mombo		corn, maize	ɛ̀mbɛ̀dúlúmá	ɛ̀-m-bɛ̀-dúlú-m-á	ɛ̀ + m + b ɛ̀ + d ú l ú + m + á			0
4985	Najamba-3183_cornmaize-1	Najamba		corn, maize	màdèmbáŋgó\\màdèmbá	màdè-mbá-ŋɡ-ó	m à d è + m b á + ŋ ɡ + ó	m à d è m b á		0
4986	Nanga-3183_cornmaize-1	Nanga		corn, maize	jàrⁿàmbɛ́	dʒà-r.-nà-mb-ɛ́	d ʒ à + r + n à + m b + ɛ́			0
4987	Penange-3183_cornmaize-1	Penange		corn, maize	dàlmàyògó	dàl-màyò-ɡó	d à l + m à j ò + ɡ ó			0
4988	PergeTegu-3183_cornmaize-1	PergeTegu		corn, maize	bàràɛ̀:mbɛ́	bàràɛ̀.ɛ̀-mb-ɛ́	b à r à ɛ̀ ɛ̀ + m b + ɛ́			0
4989	TebulUre-3183_cornmaize-1	TebulUre		corn, maize	sàrⁿàɛ̀mbɛ́	sàr.-nàɛ̀-mb-ɛ́	s à r + n à ɛ̀ + m b + ɛ́			0
4990	Tiranige-3183_cornmaize-1	Tiranige		corn, maize	dùmàyò:gé	dùmà-yò.òɡé	d ù m à + j ò ò ɡ é			0
4991	TogoKan-3183_cornmaize-1	TogoKan		corn, maize	màɲɛ̀rⁿɛ̀má	màɲɛ̀-r.nɛ̀-má	m à ɲ ɛ̀ + r ∼ ɛ̀ + m á			0
4992	TommoSoTongoTongo-3183_cornmaize-1	TommoSoTongoTongo		corn, maize	sànà ɛ̀mmɛ́	sànà_ɛ̀m-mɛ́	s à n à + ɛ̀ m + m ɛ́			0
4994	ToroTegu-3183_cornmaize-1	ToroTegu		corn, maize	tɔ̀rⁿíyⁿàrⁿà	tɔ̀r.-níàr.-nà	t ɔ̀ r + n í à r + n à			0
4995	YandaDom-3183_cornmaize-1	YandaDom		corn, maize	sànàɛ̀mɛ̀	sànàɛ̀-mɛ̀	s à n à ɛ̀ + m ɛ̀			0
4996	YornoSo-3183_cornmaize-1	YornoSo		corn, maize	sàrⁿàɛ̀mɛ́	sàr.-nàɛ̀-mɛ́	s à r + n à ɛ̀ + m ɛ́			0
3586	BankanTey-3189_cotton-1	BankanTey		cotton	nàmú	nà-mú	n à + m ú			0
3587	BenTey-3189_cotton-1	BenTey		cotton	nà:mbú, nà:mú	nà.à-mú	n à à + m ú			0
3588	Bunoge-3189_cotton-1	Bunoge		cotton	kɔ́:ndè	kɔ́.ɔ́-nd-è	k ɔ́ ɔ́ + n d + è			0
3589	DogulDomBendiely-3189_cotton-1	DogulDomBendiely		cotton	kɛ̀ɲɲɛ́	kɛ̀ɲ-ɲɛ́	k ɛ̀ ɲ + ɲ ɛ́			0
3590	DogulDomKundialang-3189_cotton-1	DogulDomKundialang		cotton	kɛ̀ɲɲɛ́	kɛ̀ɲ-ɲɛ́	k ɛ̀ ɲ + ɲ ɛ́			0
3591	DonnoSo-3189_cotton-1	DonnoSo		cotton	kɛ̀mnɛ̌y	kɛ̀m-nɛ̌y	k ɛ̀ m + n ɛ̌ j			0
3592	Gourou-3189_cotton-1	Gourou		cotton	nà:mú	nà.à-mú	n à à + m ú			0
3593	JamsayDouentza-3189_cotton-1	JamsayDouentza		cotton	nǎ:m	nà.á-m	n à á + m			0
3595	Mombo-3189_cotton-1	Mombo		cotton	kɔ́:ndí	kɔ́.ɔ́-nd-í	k ɔ́ ɔ́ + n d + í			0
3596	Najamba-3189_cotton-1	Najamba		cotton	ságò\\sáyè	sáɡò	s á ɡ ò	s á j è		0
3597	Nanga-3189_cotton-1	Nanga		cotton	nà:mbí	nà.à-mb-í	n à à + m b + í			0
3598	Penange-3189_cotton-1	Penange		cotton	kɔ́:ndè	kɔ́.ɔ́-nd-è	k ɔ́ ɔ́ + n d + è			0
3599	PergeTegu-3189_cotton-1	PergeTegu		cotton	nà:mbú	nà.à-mb-ú	n à à + m b + ú			0
3600	TebulUre-3189_cotton-1	TebulUre		cotton	cɛ̀mdɛ́	tʃɛ̀m-dɛ́	t ʃ ɛ̀ m + d ɛ́			0
3601	Tiranige-3189_cotton-1	Tiranige		cotton	kɔ̀:ní	kɔ̀.ɔ̀ní	k ɔ̀ ɔ̀ n í			0
3602	TogoKan-3189_cotton-1	TogoKan		cotton	kɔ́nú	kɔ́nú	k ɔ́ n ú			0
3603	TommoSoTongoTongo-3189_cotton-1	TommoSoTongoTongo		cotton	kɛ̀ɲɲɛ́	kɛ̀ɲ-ɲɛ́	k ɛ̀ ɲ + ɲ ɛ́			0
3605	ToroTegu-3189_cotton-1	ToroTegu		cotton	nǎm	nǎ-m	n ǎ + m			0
3606	YandaDom-3189_cotton-1	YandaDom		cotton	cèɲè, cɛ̀ɲɛ̀ (archaic)	tʃɛ̀ɲɛ̀	t ʃ ɛ̀ ɲ ɛ̀			0
3607	YornoSo-3189_cotton-1	YornoSo		cotton	nàmú	nà-mú	n à + m ú			0
11187	BankanTey-3204_countrecitenumbers-1	BankanTey		count, recite numbers	lùwô: lúwó	lùw-ó.ò-lúw-ó	l ù w + ó ò + l ú w + ó			1
11188	Bunoge-3204_countrecitenumbers-1	Bunoge		count, recite numbers	dígórù dígórè	díɡ-ó-rù-díɡó-r-è	d í ɡ + ó + r ù + d í ɡ ó + r + è			1
11189	DogulDomKundialang-3204_countrecitenumbers-1	DogulDomKundialang		count, recite numbers	nùgé, jàté	nùɡ-é	n ù ɡ + é			1
11190	DogulDomKundialang-3204_countrecitenumbers-2	DogulDomKundialang		count, recite numbers	nùgé, jàté	dʒàt-é	d ʒ à t + é			1
11191	DonnoSo-3204_countrecitenumbers-1	DonnoSo		count, recite numbers	yùgê: yùgó	yùɡ-é.è-yùɡ-ó	j ù ɡ + é è + j ù ɡ + ó			1
11192	Gourou-3204_countrecitenumbers-1	Gourou		count, recite numbers	lùgó lúgó	lùɡó-lúɡó	l ù ɡ ó + l ú ɡ ó			1
11193	JamsayDouentza-3204_countrecitenumbers-1	JamsayDouentza		count, recite numbers	lùgó lúgó	lùɡó-lúɡó	l ù ɡ ó + l ú ɡ ó			1
11194	Mombo-3204_countrecitenumbers-1	Mombo		count, recite numbers	nógé	nóɡ-é	n ó ɡ + é			1
11195	Najamba-3204_countrecitenumbers-1	Najamba		count, recite numbers	nìgìlŋgán nìgíl\\nìgìlè, játɛ̀ játɛ́	dʒát-ɛ̀-dʒát-ɛ́	d ʒ á t + ɛ̀ + d ʒ á t + ɛ́			1
11196	Najamba-3204_countrecitenumbers-2	Najamba		count, recite numbers	nìgìlŋgán nìgíl\\nìgìlè, játɛ̀ játɛ́	dʒát-ɛ̀-dʒát-ɛ́	d ʒ á t + ɛ̀ + d ʒ á t + ɛ́			1
11197	Nanga-3204_countrecitenumbers-1	Nanga		count, recite numbers	lùgô lúgó	lùɡô-lúɡó	l ù ɡ ô + l ú ɡ ó			1
11198	Penange-3204_countrecitenumbers-1	Penange		count, recite numbers	nùgù núgé	nùɡù-núɡé	n ù ɡ ù + n ú ɡ é			1
11199	PergeTegu-3204_countrecitenumbers-1	PergeTegu		count, recite numbers	lùgó lúgó	lùɡó-lúɡó	l ù ɡ ó + l ú ɡ ó			1
11200	Tiranige-3204_countrecitenumbers-1	Tiranige		count, recite numbers	núgó	núɡ-ó	n ú ɡ + ó			1
11201	TogoKan-3204_countrecitenumbers-1	TogoKan		count, recite numbers	lùgó lúgó	lùɡó-lúɡó	l ù ɡ ó + l ú ɡ ó			1
11202	TommoSoTongoTongo-3204_countrecitenumbers-1	TommoSoTongoTongo		count, recite numbers	nìgíyé nígé	nìɡ-í-yé-níɡé	n ì ɡ + í + j é + n í ɡ é			1
11203	ToroTegu-3204_countrecitenumbers-1	ToroTegu		count, recite numbers	lúgú\\lúgó	lúɡ-ó	l ú ɡ + ó			1
11204	YandaDom-3204_countrecitenumbers-1	YandaDom		count, recite numbers	lùgò lùgó	lùɡò-lùɡó	l ù ɡ ò + l ù ɡ ó			1
11205	YornoSo-3204_countrecitenumbers-1	YornoSo		count, recite numbers	lùgê: lúgó	lùɡ-é.è-lúɡ-ó	l ù ɡ + é è + l ú ɡ + ó			1
6202	BankanTey-3205_countryland-1	BankanTey		country, land	òzǒy	òzǒy	ò z ǒ j			0
6203	BenTey-3205_countryland-1	BenTey		country, land	ònjǒy	ònjǒ-y	ò n d ʒ ǒ + j			0
6204	Bunoge-3205_countryland-1	Bunoge		country, land	gàndà	ɡà-nd-à	ɡ à + n d + à			0
6205	DogulDomBendiely-3205_countryland-1	DogulDomBendiely		country, land	jàmáná	dʒà-má-n-á	d ʒ à + m á + n + á			0
6206	DogulDomKundialang-3205_countryland-1	DogulDomKundialang		country, land	jàmàná	dʒà-mà-n-á	d ʒ à + m à + n + á			0
6207	DonnoSo-3205_countryland-1	DonnoSo		country, land	gándà	ɡá-nd-à	ɡ á + n d + à			0
6208	Gourou-3205_countryland-1	Gourou		country, land	gáná	ɡáná	ɡ á n á			0
6209	JamsayDouentza-3205_countryland-1	JamsayDouentza		country, land	ùjùbǎy, ìjùbǎy, gáná	ɡáná	ɡ á n á			0
6210	Mombo-3205_countryland-1	Mombo		country, land	gándá	ɡá-nd-á	ɡ á + n d + á			0
6211	Najamba-3205_countryland-1	Najamba		country, land	gwǎ:\\gwɛ̌:	ɡwà-á	ɡ w à + á	ɡ w ɛ̀ ɛ́		0
6212	Nanga-3205_countryland-1	Nanga		country, land	dòrⁿó ~ dɔ̀rⁿɔ́ ~ dùrⁿɔ́	dùr.-nɔ́	d ù r + n ɔ́			0
6213	Penange-3205_countryland-1	Penange		country, land	gándà	ɡá-nd-à	ɡ á + n d + à			0
6214	PergeTegu-3205_countryland-1	PergeTegu		country, land	ùsùbǎy	ùsùbǎ-y	ù s ù b ǎ + j			0
6215	TebulUre-3205_countryland-1	TebulUre		country, land	gándá	ɡá-nd-á	ɡ á + n d + á			0
6216	Tiranige-3205_countryland-1	Tiranige		country, land	gàndá	ɡà-nd-á	ɡ à + n d + á			0
6217	TogoKan-3205_countryland-1	TogoKan		country, land	gáná	ɡáná	ɡ á n á			0
6218	TommoSoTongoTongo-3205_countryland-1	TommoSoTongoTongo		country, land	yàlú	yàlú	j à l ú			0
6219	ToroTegu-3205_countryland-1	ToroTegu		country, land	ìsó	ìsó	ì s ó			0
6220	YandaDom-3205_countryland-1	YandaDom		country, land	gàná	ɡàná	ɡ à n á			0
6221	YornoSo-3205_countryland-1	YornoSo		country, land	gánà	ɡánà	ɡ á n à			0
5012	BankanTey-3233_cowpea-1	BankanTey		cow-pea	nùmî:	nùmí.ì	n ù m í ì			0
5013	BenTey-3233_cowpea-1	BenTey		cow-pea	nùwⁿî:ⁿ	nùw.-ní.ì-ⁿ	n ù w + n í ì			0
5014	Bunoge-3233_cowpea-1	Bunoge		cow-pea	nù:ŋgè	nù.ù-ŋɡ-è	n ù ù + ŋ ɡ + è			0
5015	DogulDomBendiely-3233_cowpea-1	DogulDomBendiely		cow-pea	núm	nú-m	n ú + m			0
5016	DogulDomKundialang-3233_cowpea-1	DogulDomKundialang		cow-pea	nûm	nû-m	n û + m			0
5017	DonnoSo-3233_cowpea-1	DonnoSo		cow-pea	nǔŋ	nǔŋ	n ǔ ŋ			0
5018	JamsayDouentza-3233_cowpea-1	JamsayDouentza		cow-pea	nǐm	nǐ-m	n ǐ + m			0
5020	Mombo-3233_cowpea-1	Mombo		cow-pea	núŋgé	nú-ŋɡ-é	n ú + ŋ ɡ + é			0
5021	Najamba-3233_cowpea-1	Najamba		cow-pea	númbúŋgó\\númbé	nú-mbú-ŋɡ-ó	n ú + m b ú + ŋ ɡ + ó	n ú m b é		0
5022	Nanga-3233_cowpea-1	Nanga		cow-pea	nìmî	nì-mî	n ì + m î			0
5023	Penange-3233_cowpea-1	Penange		cow-pea	númgé	núm-ɡé	n ú m + ɡ é			0
5024	PergeTegu-3233_cowpea-1	PergeTegu		cow-pea	núm	nú-m	n ú + m			0
5025	TebulUre-3233_cowpea-1	TebulUre		cow-pea	nímé	ní-mé	n í + m é			0
5026	Tiranige-3233_cowpea-1	Tiranige		cow-pea	nù:ŋgè	nù.ù-ŋɡ-è	n ù ù + ŋ ɡ + è			0
5027	TogoKan-3233_cowpea-1	TogoKan		cow-pea	nǐ:	nì-í	n ì + í			0
5028	TommoSoTongoTongo-3233_cowpea-1	TommoSoTongoTongo		cow-pea	núm	nú-m	n ú + m			0
5030	ToroTegu-3233_cowpea-1	ToroTegu		cow-pea	núm	nú-m	n ú + m			0
5031	YandaDom-3233_cowpea-1	YandaDom		cow-pea	nǐm	nǐ-m	n ǐ + m			0
5032	YornoSo-3233_cowpea-1	YornoSo		cow-pea	nǔm	nǔ-m	n ǔ + m			0
5187	BankanTey-3314_cultivatedfieldformilletetcgeneralword-1	BankanTey		cultivated field (for millet etc.) (general word)	ɲírⁿà:	ɲír.-nà.à	ɲ í r + n à à			0
5188	BenTey-3314_cultivatedfieldformilletetcgeneralword-1	BenTey		cultivated field (for millet etc.) (general word)	írⁿà	ír-nà	í r + n à			0
5189	Bunoge-3314_cultivatedfieldformilletetcgeneralword-1	Bunoge		cultivated field (for millet etc.) (general word)	bìlà	bìlà	b ì l à			0
5190	DogulDomBendiely-3314_cultivatedfieldformilletetcgeneralword-1	DogulDomBendiely		cultivated field (for millet etc.) (general word)	ɔ́ŋùnù	ɔ́ŋùnù	ɔ́ ŋ ù n ù			0
5191	DogulDomKundialang-3314_cultivatedfieldformilletetcgeneralword-1	DogulDomKundialang		cultivated field (for millet etc.) (general word)	yàlá:	yàlá.á	j à l á á			0
5192	DonnoSo-3314_cultivatedfieldformilletetcgeneralword-1	DonnoSo		cultivated field (for millet etc.) (general word)	mìnnɛ́	mìn-nɛ́	m ì n + n ɛ́			0
5193	Gourou-3314_cultivatedfieldformilletetcgeneralword-1	Gourou		cultivated field (for millet etc.) (general word)	ègú	èɡú	è ɡ ú			0
5194	JamsayDouentza-3314_cultivatedfieldformilletetcgeneralword-1	JamsayDouentza		cultivated field (for millet etc.) (general word)	èjú	è-dʒ-ú	è + d ʒ + ú			0
5196	Mombo-3314_cultivatedfieldformilletetcgeneralword-1	Mombo		cultivated field (for millet etc.) (general word)	yàlà kúbyè	yàlà_kúb-yè	j à l à + k ú b + j è			0
5197	Najamba-3314_cultivatedfieldformilletetcgeneralword-1	Najamba		cultivated field (for millet etc.) (general word)	yàlî:ŋgè\\yàlî:	yàlí.ì-ŋɡ-è	j à l í ì + ŋ ɡ + è	j à l í ì		0
5198	Nanga-3314_cultivatedfieldformilletetcgeneralword-1	Nanga		cultivated field (for millet etc.) (general word)	ńnâ, ínâ	ńnâ	n n â			0
5199	Nanga-3314_cultivatedfieldformilletetcgeneralword-2	Nanga		cultivated field (for millet etc.) (general word)	ńnâ, ínâ	ínâ	í n â			0
5200	Penange-3314_cultivatedfieldformilletetcgeneralword-1	Penange		cultivated field (for millet etc.) (general word)	yàlà	yàlà	j à l à			0
5201	PergeTegu-3314_cultivatedfieldformilletetcgeneralword-1	PergeTegu		cultivated field (for millet etc.) (general word)	wòrú	wòrú	w ò r ú			0
5202	TebulUre-3314_cultivatedfieldformilletetcgeneralword-1	TebulUre		cultivated field (for millet etc.) (general word)	ándá, wòlgó\\wòlé:	á-nd-á	á + n d + á			0
5203	TebulUre-3314_cultivatedfieldformilletetcgeneralword-2	TebulUre		cultivated field (for millet etc.) (general word)	ándá, wòlgó\\wòlé:	wòl-ɡó	w ò l + ɡ ó	w ò l é é		0
5204	Tiranige-3314_cultivatedfieldformilletetcgeneralword-1	Tiranige		cultivated field (for millet etc.) (general word)	yálá	yálá	j á l á			0
5205	TogoKan-3314_cultivatedfieldformilletetcgeneralword-1	TogoKan		cultivated field (for millet etc.) (general word)	wòrú	wòrú	w ò r ú			0
5206	TommoSoTongoTongo-3314_cultivatedfieldformilletetcgeneralword-1	TommoSoTongoTongo		cultivated field (for millet etc.) (general word)	mìnnɛ́	mìn-nɛ́	m ì n + n ɛ́			0
5208	ToroTegu-3314_cultivatedfieldformilletetcgeneralword-1	ToroTegu		cultivated field (for millet etc.) (general word)	órú	órú	ó r ú			0
5209	YandaDom-3314_cultivatedfieldformilletetcgeneralword-1	YandaDom		cultivated field (for millet etc.) (general word)	òy, mɛ̀nɛ̀	òy	ò j			0
5210	YandaDom-3314_cultivatedfieldformilletetcgeneralword-2	YandaDom		cultivated field (for millet etc.) (general word)	òy, mɛ̀nɛ̀	mɛ̀nɛ̀	m ɛ̀ n ɛ̀			0
5211	YornoSo-3314_cultivatedfieldformilletetcgeneralword-1	YornoSo		cultivated field (for millet etc.) (general word)	mìnɛ́	mìnɛ́	m ì n ɛ́			0
13555	BankanTey-3353_cutorbreakstoneintosmallpieces-1	BankanTey		cut or break (stone) into small pieces	bɛ̀:rí	bɛ̀.ɛ̀r-í	b ɛ̀ ɛ̀ r + í			1
13556	BenTey-3353_cutorbreakstoneintosmallpieces-1	BenTey		cut or break (stone) into small pieces	bɛ̀gɛ̌w\\bɛ̀gɛ́wà	bɛ̀-ɡ-ɛ́-wà	b ɛ̀ + ɡ + ɛ́ + w à			1
13557	JamsayDouentza-3353_cutorbreakstoneintosmallpieces-1	JamsayDouentza		cut or break (stone) into small pieces	bɛ̀rgɛ́	bɛ̀-rɡɛ́	b ɛ̀ + r ɡ ɛ́			1
13558	Mombo-3353_cutorbreakstoneintosmallpieces-1	Mombo		cut or break (stone) into small pieces	píjágè	pídʒ-áɡ-è	p í d ʒ + á ɡ + è			1
13559	Najamba-3353_cutorbreakstoneintosmallpieces-1	Najamba		cut or break (stone) into small pieces	dǎ: gwé\\gwè	dà.á-ɡ-wé	d à á + ɡ + w é			1
13560	Nanga-3353_cutorbreakstoneintosmallpieces-1	Nanga		cut or break (stone) into small pieces	bɛ̀gɛ́mí	bɛ̀-ɡ-ɛ́-mí	b ɛ̀ + ɡ + ɛ́ + m í			1
13561	PergeTegu-3353_cutorbreakstoneintosmallpieces-1	PergeTegu		cut or break (stone) into small pieces	pɛ́:	pɛ́-ɛ́	p ɛ́ + ɛ́			1
13562	TogoKan-3353_cutorbreakstoneintosmallpieces-1	TogoKan		cut or break (stone) into small pieces	tɛ́wɛ́	tɛ́w-ɛ́	t ɛ́ w + ɛ́			1
13563	TommoSoTongoTongo-3353_cutorbreakstoneintosmallpieces-1	TommoSoTongoTongo		cut or break (stone) into small pieces	pɛ́lɛ́	pɛ́l-ɛ́	p ɛ́ l + ɛ́			1
13564	ToroTegu-3353_cutorbreakstoneintosmallpieces-1	ToroTegu		cut or break (stone) into small pieces	wɛ̀skú\\wɛ̀ská	wɛ̀-ská	w ɛ̀ + s k á			1
13565	YornoSo-3353_cutorbreakstoneintosmallpieces-1	YornoSo		cut or break (stone) into small pieces	jɔ̀gɔ́\\jɔ̀gɔ́	dʒɔ̀ɡ-ɔ́	d ʒ ɔ̀ ɡ + ɔ́			1
9265	BankanTey-3378_danceverbonly-1	BankanTey		dance (verb only)	jé	dʒ-é	d ʒ + é			0
9266	BenTey-3378_danceverbonly-1	BenTey		dance (verb only)	jìyé	dʒìy-é	d ʒ ì j + é			0
9267	Bunoge-3378_danceverbonly-1	Bunoge		dance (verb only)	yɔ́bɛ̀	yɔ́b-ɛ̀	j ɔ́ b + ɛ̀			0
9268	DogulDomBendiely-3378_danceverbonly-1	DogulDomBendiely		dance (verb only)	gìyé	ɡìy-é	ɡ ì j + é			0
9269	DogulDomKundialang-3378_danceverbonly-1	DogulDomKundialang		dance (verb only)	gìyé	ɡìy-é	ɡ ì j + é			0
9270	DonnoSo-3378_danceverbonly-1	DonnoSo		dance (verb only)	gɔ̌:\\gɔ́ɛ̀	ɡɔ́-ɛ̀	ɡ ɔ́ + ɛ̀			0
9271	Gourou-3378_danceverbonly-1	Gourou		dance (verb only)	gɔ̌:	ɡɔ̀-ɔ́	ɡ ɔ̀ + ɔ́			0
9272	JamsayDouentza-3378_danceverbonly-1	JamsayDouentza		dance (verb only)	gɔ̌:	ɡɔ̀-ɔ́	ɡ ɔ̀ + ɔ́			0
9274	Mombo-3378_danceverbonly-1	Mombo		dance (verb only)	yɛ́bɛ́	yɛ́b-ɛ́	j ɛ́ b + ɛ́			0
9275	Najamba-3378_danceverbonly-1	Najamba		dance (verb only)	gǐy\\gìyè	ɡìy-è	ɡ ì j + è			0
9276	Nanga-3378_danceverbonly-1	Nanga		dance (verb only)	gìyé	ɡìy-é	ɡ ì j + é			0
9277	Penange-3378_danceverbonly-1	Penange		dance (verb only)	yɛ́bɛ́	yɛ́b-ɛ́	j ɛ́ b + ɛ́			0
9278	PergeTegu-3378_danceverbonly-1	PergeTegu		dance (verb only)	gɔ̌:	ɡɔ̀-ɔ́	ɡ ɔ̀ + ɔ́			0
9279	TebulUre-3378_danceverbonly-1	TebulUre		dance (verb only)	jě (jétì, neg jèlí)	dʒ-ě	d ʒ + ě			0
9280	Tiranige-3378_danceverbonly-1	Tiranige		dance (verb only)	yɛ́wɔ́	yɛ́w-ɔ́	j ɛ́ w + ɔ́			0
9281	TogoKan-3378_danceverbonly-1	TogoKan		dance (verb only)	gɔ̌:	ɡɔ̀-ɔ́	ɡ ɔ̀ + ɔ́			0
9282	TommoSoTongoTongo-3378_danceverbonly-1	TommoSoTongoTongo		dance (verb only)	gɔ́ɔ́ gɔ̀ɔ́	ɡɔ́.ɔ́-ɡɔ̀.ɔ́	ɡ ɔ́ ɔ́ + ɡ ɔ̀ ɔ́			0
9283	ToroTegu-3378_danceverbonly-1	ToroTegu		dance (verb only)	jí\\jɛ́	dʒ-ɛ́	d ʒ + ɛ́			0
9284	YandaDom-3378_danceverbonly-1	YandaDom		dance (verb only)	jé\\jèlí	dʒ-é	d ʒ + é			0
9285	YornoSo-3378_danceverbonly-1	YornoSo		dance (verb only)	gɔ̌:\\gɔ̌:	ɡɔ̀-ɔ́	ɡ ɔ̀ + ɔ́			0
7913	BankanTey-3407_daytimenotnight-1	BankanTey		daytime (not night)	ùsǐ:ⁿ	ùsì-íⁿ	ù s ì + í ∼			1
7914	BenTey-3407_daytimenotnight-1	BenTey		daytime (not night)	ùsùdérⁿí: ~ ùsùdɛ́rⁿí:	ùsùdɛ́-r.ní.í	ù s ù d ɛ́ + r ∼ í í			1
7915	Bunoge-3407_daytimenotnight-1	Bunoge		daytime (not night)	dènì	dènì	d è n ì			1
7916	DogulDomBendiely-3407_daytimenotnight-1	DogulDomBendiely		daytime (not night)	ísìgà	ísìɡà	í s ì ɡ à			1
7917	DogulDomKundialang-3407_daytimenotnight-1	DogulDomKundialang		daytime (not night)	ísgà:	ísɡà-à	í s ɡ à + à			1
7918	DonnoSo-3407_daytimenotnight-1	DonnoSo		daytime (not night)	nàndènú	n-à-n-dè-n-ú	n + à + n + d è + n + ú			1
7919	Gourou-3407_daytimenotnight-1	Gourou		daytime (not night)	nìnúwⁿò	nìnú-w.nò	n ì n ú + w ∼ ò			1
7920	JamsayDouentza-3407_daytimenotnight-1	JamsayDouentza		daytime (not night)	nìnúwⁿó~ nìnúwⁿɔ́ ~ nùnúwⁿó, ɲálɔ́:mɔ̀	ɲálɔ́.ɔ́-mɔ̀	ɲ á l ɔ́ ɔ́ + m ɔ̀			1
7922	Mombo-3407_daytimenotnight-1	Mombo		daytime (not night)	gé:wⁿè	ɡé.éw.-nè	ɡ é é w + n è			1
7923	Najamba-3407_daytimenotnight-1	Najamba		daytime (not night)	ùjú	ù-dʒ-ú	ù + d ʒ + ú			1
7924	Nanga-3407_daytimenotnight-1	Nanga		daytime (not night)	ùsìdɛ́rⁿí	ùsìdɛ́-r.ní	ù s ì d ɛ́ + r ∼ í			1
7925	Penange-3407_daytimenotnight-1	Penange		daytime (not night)	gɛ̀:ⁿ (in: gɛ̀:ⁿ nì 'in the daytime', lit. 'with sun'), gɛ̀:dɛ̀n	ɡɛ̀.ɛ̀dɛ̀-n	ɡ ɛ̀ ɛ̀ d ɛ̀ + n			1
7926	PergeTegu-3407_daytimenotnight-1	PergeTegu		daytime (not night)	dɛ́gú	dɛ́ɡú	d ɛ́ ɡ ú			1
7927	TebulUre-3407_daytimenotnight-1	TebulUre		daytime (not night)	ùdú	ùdú	ù d ú			1
7928	Tiranige-3407_daytimenotnight-1	Tiranige		daytime (not night)	dè:ŋgú (Boui), dɛ̀nìgí (Ningo)	dɛ̀nì-ɡí	d ɛ̀ n ì + ɡ í			1
7929	TogoKan-3407_daytimenotnight-1	TogoKan		daytime (not night)	ìsìgɛ́	ìsìɡɛ́	ì s ì ɡ ɛ́			1
7930	TommoSoTongoTongo-3407_daytimenotnight-1	TommoSoTongoTongo		daytime (not night)	àgá, nǎm	nǎ-m	n ǎ + m			1
7931	TommoSoTongoTongo-3407_daytimenotnight-2	TommoSoTongoTongo		daytime (not night)	àgá, nǎm	nǎ-m	n ǎ + m			1
7932	ToroTegu-3407_daytimenotnight-1	ToroTegu		daytime (not night)	nùŋùlɔ́	nùŋù-lɔ́	n ù ŋ ù + l ɔ́			1
7933	YandaDom-3407_daytimenotnight-1	YandaDom		daytime (not night)	dèrⁿìŋ ~ dèrⁿŋ ~ dènùŋ	dènù-ŋ	d è n ù + ŋ			1
7934	YandaDom-3407_daytimenotnight-2	YandaDom		daytime (not night)	dèrⁿìŋ ~ dèrⁿŋ ~ dènùŋ	dènù-ŋ	d è n ù + ŋ			1
7935	YornoSo-3407_daytimenotnight-1	YornoSo		daytime (not night)	dɛ̌n	dɛ̌n	d ɛ̌ n			1
7398	BankanTey-3426_deepholewell-1	BankanTey		deep (hole, well)	nɔ᷈:wⁿ	nɔ̀.ɔ̀.w.n	n ɔ̀ ɔ̀ w ∼			0
7399	BenTey-3426_deepholewell-1	BenTey		deep (hole, well)	wɔ́rⁿɔ̀wⁿ, wórⁿòwⁿ	wór.nòw.n	w ó r ∼ ò w ∼			0
7400	Bunoge-3426_deepholewell-1	Bunoge		deep (hole, well)	gìmbò	ɡìmb-ò	ɡ ì m b + ò			0
7401	DogulDomBendiely-3426_deepholewell-1	DogulDomBendiely		deep (hole, well)	mínù	mín-ù	m í n + ù			0
7402	DogulDomKundialang-3426_deepholewell-1	DogulDomKundialang		deep (hole, well)	mìnùŋ́	mìnùŋ	m ì n ù ŋ			0
7403	DonnoSo-3426_deepholewell-1	DonnoSo		deep (hole, well)	tǒ:	tò-ó	t ò + ó			0
7404	Gourou-3426_deepholewell-1	Gourou		deep (hole, well)	wóró	wór-ó	w ó r + ó			0
7405	JamsayDouentza-3426_deepholewell-1	JamsayDouentza		deep (hole, well)	wóró	wór-ó	w ó r + ó			0
7407	Mombo-3426_deepholewell-1	Mombo		deep (hole, well)	súmbù	súmb-ù	s ú m b + ù			0
7408	Najamba-3426_deepholewell-1	Najamba		deep (hole, well)	mìníyè\\mǐngè	mìníy-è	m ì n í j + è	m ǐ n + ɡ è		0
7409	Nanga-3426_deepholewell-1	Nanga		deep (hole, well)	sóŋî	sóŋ-î	s ó ŋ + î			0
7410	Penange-3426_deepholewell-1	Penange		deep (hole, well)	sùmbè	sùmb-è	s ù m b + è			0
7411	PergeTegu-3426_deepholewell-1	PergeTegu		deep (hole, well)	wórⁿó	wór.n-ó	w ó r ∼ + ó			0
7412	TebulUre-3426_deepholewell-1	TebulUre		deep (hole, well)	tó:ŋgó	tó.óŋɡ-ó	t ó ó ŋ ɡ + ó			0
7413	Tiranige-3426_deepholewell-1	Tiranige		deep (hole, well)	nímí	ním-í	n í m + í			0
7414	TogoKan-3426_deepholewell-1	TogoKan		deep (hole, well)	wóró	wór-ó	w ó r + ó			0
7415	TommoSoTongoTongo-3426_deepholewell-1	TommoSoTongoTongo		deep (hole, well)	tòógó	tòóɡ-ó	t ò ó ɡ + ó			0
7416	ToroTegu-3426_deepholewell-1	ToroTegu		deep (hole, well)	lókó	lók-ó	l ó k + ó			0
7417	YandaDom-3426_deepholewell-1	YandaDom		deep (hole, well)	tòyⁿ	tò	t ò			0
7418	YornoSo-3426_deepholewell-1	YornoSo		deep (hole, well)	tǒ:	tò-ó	t ò + ó			0
6590	BankanTey-3472_dew-1	BankanTey		dew	èrèrěy, sáwàndɛ́:rɛ̀	èrèrě-y	è r è r ě + j			0
6591	BankanTey-3472_dew-2	BankanTey		dew	èrèrěy, sáwàndɛ́:rɛ̀	sáwà-ndɛ́.ɛ́-r-ɛ̀	s á w à + n d ɛ́ ɛ́ + r + ɛ̀			0
6592	BenTey-3472_dew-1	BenTey		dew	ìrènî:, èrènî:	èrèní-ì	è r è n í + ì			0
6593	Bunoge-3472_dew-1	Bunoge		dew	ʔíwólgɔ̀	ʔíwó-lɡɔ̀	ʔ í w ó + l ɡ ɔ̀			0
6594	DogulDomBendiely-3472_dew-1	DogulDomBendiely		dew	òlòólò	òlòólò	ò l ò ó l ò			0
6595	DogulDomKundialang-3472_dew-1	DogulDomKundialang		dew	òlòòló	òlòòló	ò l ò ò l ó			0
6596	DonnoSo-3472_dew-1	DonnoSo		dew	wò:bú	wò.òbú	w ò ò b ú			0
6597	Gourou-3472_dew-1	Gourou		dew	òmnò ní:	òmnò_ní.í	ò m n ò + n í í			0
6598	JamsayDouentza-3472_dew-1	JamsayDouentza		dew	òmnòní:	òmnò-ní.í	ò m n ò + n í í			0
6599	Mombo-3472_dew-1	Mombo		dew	élélè // èlèlè mí:	élélè	é l é l è	è l è l è + m í í		0
6600	Mombo-3472_dew-2	Mombo		dew	élélè // èlèlè mí:	élélè	é l é l è	è l è l è + m í í		0
6601	Najamba-3472_dew-1	Najamba		dew	èlǎ:\\ɛ̀lɛ̌:	èlà-á	è l à + á	ɛ̀ l ɛ̀ ɛ́		0
6602	Nanga-3472_dew-1	Nanga		dew	nì:sǒ:rô	nì.ìsò.ó-rô	n ì ì s ò ó + r ô			0
6603	Penange-3472_dew-1	Penange		dew	èlèlèmî:	èlèlè-mí.ì	è l è l è + m í ì			0
6604	PergeTegu-3472_dew-1	PergeTegu		dew	òmdòní:	òmdò-ní.í	ò m d ò + n í í			0
6605	TebulUre-3472_dew-1	TebulUre		dew	è:lé:	è-èlé-é	è + è l é + é			0
6606	Tiranige-3472_dew-1	Tiranige		dew	élélé	élélé	é l é l é			0
6607	TogoKan-3472_dew-1	TogoKan		dew	òrùmòdí:	òrùmò-dí.í	ò r ù m ò + d í í			0
6608	TommoSoTongoTongo-3472_dew-1	TommoSoTongoTongo		dew	wòòbú	wòòbú	w ò ò b ú			0
6609	ToroTegu-3472_dew-1	ToroTegu		dew	àrándáŋ	àrá-ndá-ŋ	à r á + n d á + ŋ			0
6610	YandaDom-3472_dew-1	YandaDom		dew	èèl	èèl	è è l			0
6611	YornoSo-3472_dew-1	YornoSo		dew	wòbú	wòbú	w ò b ú			0
14756	BankanTey-3481_difficultwork-1	BankanTey		difficult (work)	nǔm̀	nǔm	n ǔ m			0
14757	BenTey-3481_difficultwork-1	BenTey		difficult (work)	nǔm	nǔm	n ǔ m			0
14758	Bunoge-3481_difficultwork-1	Bunoge		difficult (work)	kà:ndà	kà.ànd-à	k à à n d + à			0
14759	DogulDomBendiely-3481_difficultwork-1	DogulDomBendiely		difficult (work)	màyígù	màyíɡ-ù	m à j í ɡ + ù			0
14760	DogulDomKundialang-3481_difficultwork-1	DogulDomKundialang		difficult (work)	màygú (mǎyg)	màyɡ-ú	m à j ɡ + ú	m ǎ j + ɡ		0
14761	DonnoSo-3481_difficultwork-1	DonnoSo		difficult (work)	ɲâŋ	ɲâŋ	ɲ â ŋ			0
14762	JamsayDouentza-3481_difficultwork-1	JamsayDouentza		difficult (work)	nǎm	nǎm	n ǎ m			0
14763	Mombo-3481_difficultwork-1	Mombo		difficult (work)	má:gá	má.áɡ-á	m á á ɡ + á			0
14764	Najamba-3481_difficultwork-1	Najamba		difficult (work)	nàmíyè\\nǎmgò, mǎyyè\\mǎyŋgò	mǎyŋɡ-ò	m ǎ j ŋ ɡ + ò	m ǎ j + ŋ ɡ ò		0
14765	Nanga-3481_difficultwork-1	Nanga		difficult (work)	nɔ̀mî	nɔ̀m-î	n ɔ̀ m + î			0
14766	Penange-3481_difficultwork-1	Penange		difficult (work)	má:gá	má.áɡ-á	m á á ɡ + á			0
14767	PergeTegu-3481_difficultwork-1	PergeTegu		difficult (work)	nǎm	nǎm	n ǎ m			0
14768	TebulUre-3481_difficultwork-1	TebulUre		difficult (work)	nómè:\\nómgò\\nómbò	nómè.è	n ó m è è	n ó m + b ò		0
14769	Tiranige-3481_difficultwork-1	Tiranige		difficult (work)	má:gá	má.áɡ-á	m á á ɡ + á			0
14770	TogoKan-3481_difficultwork-1	TogoKan		difficult (work)	kìrɛ́	kìr-ɛ́	k ì r + ɛ́			0
14771	TommoSoTongoTongo-3481_difficultwork-1	TommoSoTongoTongo		difficult (work)	ɲám, ɛ́ɛ́ⁿ, máyyám	ɲám	ɲ á m			0
14772	TommoSoTongoTongo-3481_difficultwork-2	TommoSoTongoTongo		difficult (work)	ɲám, ɛ́ɛ́ⁿ, máyyám	máyyám	m á j j á m			0
14773	TommoSoTongoTongo-3481_difficultwork-3	TommoSoTongoTongo		difficult (work)	ɲám, ɛ́ɛ́ⁿ, máyyám	máyyám	m á j j á m			0
14774	ToroTegu-3481_difficultwork-1	ToroTegu		difficult (work)	nâŋ	nâŋ	n â ŋ			0
14775	YandaDom-3481_difficultwork-1	YandaDom		difficult (work)	nǎm	nǎm	n ǎ m			0
14776	YornoSo-3481_difficultwork-1	YornoSo		difficult (work)	nám	nám	n á m			0
13701	BankanTey-3485_digsth-1	BankanTey		dig (sth)	gàzí	ɡàz-í	ɡ à z + í			1
13702	BenTey-3485_digsth-1	BenTey		dig (sth)	gànjí	ɡàn-jí	ɡ à n + d ʒ í			1
13703	Bunoge-3485_digsth-1	Bunoge		dig (sth)	gɔ́jɛ̀	ɡɔ́dʒ-ɛ̀	ɡ ɔ́ d ʒ + ɛ̀			1
13704	DogulDomKundialang-3485_digsth-1	DogulDomKundialang		dig (sth)	gànjé, gùlé	ɡàn-jé	ɡ à n + d ʒ é			1
13705	DogulDomKundialang-3485_digsth-2	DogulDomKundialang		dig (sth)	gànjé, gùlé	ɡùl-é	ɡ ù l + é			1
13706	DonnoSo-3485_digsth-1	DonnoSo		dig (sth)	wànjá\\wánjì	wàn-já	w à n + d ʒ á			1
13707	Gourou-3485_digsth-1	Gourou		dig (sth)	zǎ:ⁿ	zà-áⁿ	z à + á ∼			1
13708	JamsayDouentza-3485_digsth-1	JamsayDouentza		dig (sth)	jǎ:ⁿ	dʒ-à-áⁿ	d ʒ + à + á ∼			1
13710	Mombo-3485_digsth-1	Mombo		dig (sth)	gánjé	ɡán-jé	ɡ á n + d ʒ é			1
13711	Najamba-3485_digsth-1	Najamba		dig (sth)	gǔl\\gùlè	ɡùl-è	ɡ ù l + è			1
13712	Nanga-3485_digsth-1	Nanga		dig (sth)	gànjí, gùnjó	ɡàn-jí	ɡ à n + d ʒ í			1
13713	Nanga-3485_digsth-2	Nanga		dig (sth)	gànjí, gùnjó	ɡùn-jó	ɡ ù n + d ʒ ó			1
13714	Penange-3485_digsth-1	Penange		dig (sth)	gájé	ɡádʒ-é	ɡ á d ʒ + é			1
13715	PergeTegu-3485_digsth-1	PergeTegu		dig (sth)	gànjá	ɡàn-já	ɡ à n + d ʒ á			1
13716	TebulUre-3485_digsth-1	TebulUre		dig (sth)	gùló (gùlótì)	ɡùl-ó	ɡ ù l + ó			1
13717	Tiranige-3485_digsth-1	Tiranige		dig (sth)	kɔ́lɔ́	kɔ́l-ɔ́	k ɔ́ l + ɔ́			1
13718	TogoKan-3485_digsth-1	TogoKan		dig (sth)	jǎ:	dʒ-à-á	d ʒ + à + á			1
13719	TommoSoTongoTongo-3485_digsth-1	TommoSoTongoTongo		dig (sth)	gùló, wànjá	ɡùl-ó	ɡ ù l + ó			1
13720	TommoSoTongoTongo-3485_digsth-2	TommoSoTongoTongo		dig (sth)	gùló, wànjá	wàn-já	w à n + d ʒ á			1
13721	ToroTegu-3485_digsth-1	ToroTegu		dig (sth)	gàsú\\gàsá	ɡàs-á	ɡ à s + á			1
13722	YandaDom-3485_digsth-1	YandaDom		dig (sth)	gùló\\gùlòlí	ɡùl-ó	ɡ ù l + ó			1
13723	YornoSo-3485_digsth-1	YornoSo		dig (sth)	gùló\\gǔl	ɡùl-ó	ɡ ù l + ó			1
14880	BankanTey-3501_dirty-1	BankanTey		dirty	dɛ̀kùsú	dɛ̀kùs-ú	d ɛ̀ k ù s + ú			1
14881	BenTey-3501_dirty-1	BenTey		dirty	lɔ́ɣɔ̀	lɔ́ɣ-ɔ̀	l ɔ́ ɣ + ɔ̀			1
14882	Bunoge-3501_dirty-1	Bunoge		dirty	dɛ̀mɛ̀	dɛ̀m-ɛ̀	d ɛ̀ m + ɛ̀			1
14883	DogulDomBendiely-3501_dirty-1	DogulDomBendiely		dirty	nɛ́mɛ̀	nɛ́m-ɛ̀	n ɛ́ m + ɛ̀			1
14884	DonnoSo-3501_dirty-1	DonnoSo		dirty	nɛ́mìỳ	nɛ́m-ìỳ	n ɛ́ m + ì j			1
14885	JamsayDouentza-3501_dirty-1	JamsayDouentza		dirty	lɔ̀ɣɔ̀gín	lɔ̀ɣɔ̀ɡín	l ɔ̀ ɣ ɔ̀ ɡ í n			1
14886	Mombo-3501_dirty-1	Mombo		dirty	nɛ́mɛ́	nɛ́m-ɛ́	n ɛ́ m + ɛ́			1
14887	Najamba-3501_dirty-1	Najamba		dirty	nì:ndìgá:\\nì:ndìgɛ́:	nì.ìndìɡ-á.á	n ì ì n d ì ɡ + á á	n ì ì n d ì + ɡ ɛ́ ɛ́		1
14888	Nanga-3501_dirty-1	Nanga		dirty	lìsìgìrⁿɛ́	lìsìɡìr.n-ɛ́	l ì s ì ɡ ì r ∼ + ɛ́			1
14889	Penange-3501_dirty-1	Penange		dirty	nɛ̀mɛ̀:ŋgà	nɛ̀mɛ̀.ɛ̀ŋɡ-à	n ɛ̀ m ɛ̀ ɛ̀ ŋ ɡ + à			1
14890	PergeTegu-3501_dirty-1	PergeTegu		dirty	lɔ̀gɔ̀gú	lɔ̀ɡɔ̀ɡ-ú	l ɔ̀ ɡ ɔ̀ ɡ + ú			1
14891	Tiranige-3501_dirty-1	Tiranige		dirty	nɛ́mɛ́sá	nɛ́mɛ́s-á	n ɛ́ m ɛ́ s + á			1
14892	TogoKan-3501_dirty-1	TogoKan		dirty	gɛ̀mɛ̀ɲú	ɡɛ̀mɛ̀ɲ-ú	ɡ ɛ̀ m ɛ̀ ɲ + ú			1
14893	TommoSoTongoTongo-3501_dirty-1	TommoSoTongoTongo		dirty	nɛ́mɛ́	nɛ́m-ɛ́	n ɛ́ m + ɛ́			1
14894	ToroTegu-3501_dirty-1	ToroTegu		dirty	dɔ̀:lú	dɔ̀.ɔ̀l-ú	d ɔ̀ ɔ̀ l + ú			1
14895	YandaDom-3501_dirty-1	YandaDom		dirty	nìmdè	nìmd-è	n ì m d + è			1
14896	YornoSo-3501_dirty-1	YornoSo		dirty	lɔ̀gɔ̀gú	lɔ̀ɡɔ̀ɡ-ú	l ɔ̀ ɡ ɔ̀ ɡ + ú			1
7132	JamsayDouentza-3536_distantremotekinship-1	JamsayDouentza		distant, remote (kinship)	wàɣá	wàɣ-á	w à ɣ + á			1
7133	Nanga-3536_distantremotekinship-1	Nanga		distant, remote (kinship)	wàgá	wàɡ-á	w à ɡ + á			1
7134	TommoSoTongoTongo-3536_distantremotekinship-1	TommoSoTongoTongo		distant, remote (kinship)	ìrù wàgé, ìrù pálá	ìrù_pál-á	ì r ù + p á l + á			1
7135	TommoSoTongoTongo-3536_distantremotekinship-2	TommoSoTongoTongo		distant, remote (kinship)	ìrù wàgé, ìrù pálá	ìrù_pál-á	ì r ù + p á l + á			1
7136	YornoSo-3536_distantremotekinship-1	YornoSo		distant, remote (kinship)	wàgú	wàɡ-ú	w à ɡ + ú			1
10043	BankanTey-3545_dividesharesth-1	BankanTey		divide, share (sth)	kéríyé	kér-í-yé	k é r + í + j é			0
10044	BenTey-3545_dividesharesth-1	BenTey		divide, share (sth)	kéríyé, céríyé	kér-í-yé	k é r + í + j é			0
10045	BenTey-3545_dividesharesth-2	BenTey		divide, share (sth)	kéríyé, céríyé	tʃé-r-í-yé	t ʃ é + r + í + j é			0
10046	Bunoge-3545_dividesharesth-1	Bunoge		divide, share (sth)	gámbágè	ɡ-ámb-áɡ-è	ɡ + á m b + á ɡ + è			0
10047	DogulDomKundialang-3545_dividesharesth-1	DogulDomKundialang		divide, share (sth)	kú:lɛ̀	kú.úl-ɛ̀	k ú ú l + ɛ̀			0
10048	DonnoSo-3545_dividesharesth-1	DonnoSo		divide, share (sth)	gàmbìlɛ́:\\gámbìlìỳ	ɡàmbìl-ɛ́.ɛ́	ɡ à m b ì l + ɛ́ ɛ́			0
10049	Gourou-3545_dividesharesth-1	Gourou		divide, share (sth)	gàmàrⁿá, gòsó	ɡàm-à-r.ná	ɡ à m + à + r ∼ á			0
10050	Gourou-3545_dividesharesth-2	Gourou		divide, share (sth)	gàmàrⁿá, gòsó	ɡòs-ó	ɡ ò s + ó			0
10051	JamsayDouentza-3545_dividesharesth-1	JamsayDouentza		divide, share (sth)	gàmàrⁿá	ɡàm-à-r.ná	ɡ à m + à + r ∼ á			0
10053	Mombo-3545_dividesharesth-1	Mombo		divide, share (sth)	púrúgè	púr-ú-ɡè	p ú r + ú + ɡ è			0
10054	Najamba-3545_dividesharesth-1	Najamba		divide, share (sth)	ká:ŋgíy\\kà:ŋgìyè	kà.-à-ŋɡìy-è	k à + à + ŋ ɡ ì j + è			0
10055	Nanga-3545_dividesharesth-1	Nanga		divide, share (sth)	kéríyé	kér-í-yé	k é r + í + j é			0
10056	Penange-3545_dividesharesth-1	Penange		divide, share (sth)	wélágè	wél-á-ɡè	w é l + á + ɡ è			0
10057	PergeTegu-3545_dividesharesth-1	PergeTegu		divide, share (sth)	gàmdá	ɡàm-dá	ɡ à m + d á			0
10058	TebulUre-3545_dividesharesth-1	TebulUre		divide, share (sth)	gèrí: (gèrí:tì)	ɡèr-í.í	ɡ è r + í í			0
10059	Tiranige-3545_dividesharesth-1	Tiranige		divide, share (sth)	úndúyó	úndúy-ó	ú n d ú j + ó			0
10060	TogoKan-3545_dividesharesth-1	TogoKan		divide, share (sth)	gàmírⁿì\\gàmárⁿá	ɡàm-á-r.ná	ɡ à m + á + r ∼ á			0
10061	TommoSoTongoTongo-3545_dividesharesth-1	TommoSoTongoTongo		divide, share (sth)	kábílɛ́	káb-í-lɛ́	k á b + í + l ɛ́			0
10063	ToroTegu-3545_dividesharesth-1	ToroTegu		divide, share (sth)	hélú\\héló	hél-ó	h é l + ó			0
10064	YandaDom-3545_dividesharesth-1	YandaDom		divide, share (sth)	gàmbúlɛ́\\gàmbùlàlí	ɡàmb-úl-ɛ́	ɡ à m b + ú l + ɛ́			0
10065	YornoSo-3545_dividesharesth-1	YornoSo		divide, share (sth)	gàmálá\\gàmúl	ɡàm-á-lá	ɡ à m + á + l á			0
14660	BankanTey-3588_domake-1	BankanTey		do, make	káŋ	káŋ-	k á ŋ			0
14661	BenTey-3588_domake-1	BenTey		do, make	káyⁿ	ká	k á			0
14662	Bunoge-3588_domake-1	Bunoge		do, make	kánì	kán-ì	k á n + ì			0
14663	DogulDomBendiely-3588_domake-1	DogulDomBendiely		do, make	kànɛ́	kàn-ɛ́	k à n + ɛ́			0
14664	DogulDomKundialang-3588_domake-1	DogulDomKundialang		do, make	kánè	kán-è	k á n + è			0
14665	DonnoSo-3588_domake-1	DonnoSo		do, make	kánà\\kánì	kán-à	k á n + à			0
14666	Gourou-3588_domake-1	Gourou		do, make	kárⁿá	kár-.ná	k á r + n á			0
14667	JamsayDouentza-3588_domake-1	JamsayDouentza		do, make	kárⁿá	kár-.ná	k á r + n á			0
14669	Mombo-3588_domake-1	Mombo		do, make	kání	kán-í	k á n + í			0
14670	Najamba-3588_domake-1	Najamba		do, make	kán\\kànè	kàn-è	k à n + è			0
14671	Nanga-3588_domake-1	Nanga		do, make	kárⁿí	kár-.ní	k á r + n í			0
14672	Penange-3588_domake-1	Penange		do, make	kání ~ kán	kán-í	k á n + í			0
14673	Penange-3588_domake-2	Penange		do, make	kání ~ kán	kán-í	k á n + í			0
14674	PergeTegu-3588_domake-1	PergeTegu		do, make	kárⁿá	kár-.ná	k á r + n á			0
14675	TebulUre-3588_domake-1	TebulUre		do, make	kán (kántì)	kán-	k á n			0
14676	Tiranige-3588_domake-1	Tiranige		do, make	kán(ú)	kán-ú	k á n + ú			0
14677	TogoKan-3588_domake-1	TogoKan		do, make	bìrɛ́	bìr-ɛ́	b ì r + ɛ́			0
14678	TommoSoTongoTongo-3588_domake-1	TommoSoTongoTongo		do, make	káná	kán-á	k á n + á			0
14679	ToroTegu-3588_domake-1	ToroTegu		do, make	kárⁿú\\kárⁿá	kár-.ná	k á r + n á			0
14680	YandaDom-3588_domake-1	YandaDom		do, make	kán\\kárⁿálì	kár-.nálì	k á r + n á l ì			0
14681	YornoSo-3588_domake-1	YornoSo		do, make	kárⁿá	kár-.ná	k á r + n á			0
113	BankanTey-3595_dog-1	BankanTey		dog	ǹjèrûm\\ǹjèrú	ǹ-dʒè-rû-m	n + d ʒ è + r û + m	n d ʒ è r ú		1
114	BenTey-3595_dog-1	BenTey		dog	ìnjɛ̌m\\ìnjɛ́	ìnjɛ̌-m	ì n d ʒ ɛ̌ + m	ì n d ʒ ɛ́		1
115	Bunoge-3595_dog-1	Bunoge		dog	ʔínjɛ̀	ʔín-jɛ̀	ʔ í n + d ʒ ɛ̀			1
116	DogulDomBendiely-3595_dog-1	DogulDomBendiely		dog	úŋɔ̀	úŋɔ̀	ú ŋ ɔ̀			1
117	DogulDomKundialang-3595_dog-1	DogulDomKundialang		dog	ùŋɔ́ŋ́ (pl ùŋɔ́ⁿ yà:)	ùŋɔ́ŋ	ù ŋ ɔ́ ŋ	ù ŋ ɔ́ ~ + j à à		1
118	DonnoSo-3595_dog-1	DonnoSo		dog	ìdú	ìdú	ì d ú			1
119	Gourou-3595_dog-1	Gourou		dog	ìzú	ìzú	ì z ú			1
120	JamsayDouentza-3595_dog-1	JamsayDouentza		dog	ìjú	ì-dʒ-ú	ì + d ʒ + ú			1
122	Mombo-3595_dog-1	Mombo		dog	ínjɛ̀	ínjɛ̀	í n d ʒ ɛ̀			1
123	Najamba-3595_dog-1	Najamba		dog	ŋ̀gwɛ̌:\\ŋ̀gwɛ̀:mbó	ŋɡ-w-ɛ̀.ɛ́	ŋ ɡ + w + ɛ̀ ɛ́	ŋ ɡ w ɛ̀ ɛ̀ + m b ó		1
124	Nanga-3595_dog-1	Nanga		dog	nɛ̀rⁿî	nɛ̀r.-nî	n ɛ̀ r + n î			1
125	Penange-3595_dog-1	Penange		dog	ŋkɛ̀	ŋk-ɛ̀	ŋ k + ɛ̀			1
126	PergeTegu-3595_dog-1	PergeTegu		dog	ìšú	ìšú	ì š ú			1
127	TebulUre-3595_dog-1	TebulUre		dog	ìnjɛ̌:\\ìnjɛ̀mbɔ́	ìnjɛ̀-ɛ́	ì n d ʒ ɛ̀ + ɛ́	ì n d ʒ ɛ̀ + m b ɔ́		1
128	Tiranige-3595_dog-1	Tiranige		dog	í:njɛ́ ~ í:ŋgɛ́	í.í-ŋɡ-ɛ́	í í + ŋ ɡ + ɛ́			1
129	TogoKan-3595_dog-1	TogoKan		dog	ìsí	ìsí	ì s í			1
130	TommoSoTongoTongo-3595_dog-1	TommoSoTongoTongo		dog	ìsé	ìsé	ì s é	ì s é m b e		1
133	ToroTegu-3595_dog-1	ToroTegu		dog	nènú	nènú	n è n ú			1
134	YandaDom-3595_dog-1	YandaDom		dog	ìnjɛ̀\\mù, ǹjɛ̀\\mù	ǹ-dʒ-ɛ̀	n + d ʒ + ɛ̀	n d ʒ ɛ̀ + m ù		1
135	YornoSo-3595_dog-1	YornoSo		dog	ìjú	ì-dʒ-ú	ì + d ʒ + ú			1
1	BankanTey-3599_domesticanimalesplivestock-1	BankanTey		domestic animal (esp. livestock)	jáwdìm\\jáwdì, dá:bàm\\dá:bà	dá.ábà-m	d á á b à + m	d á á b à		0
2	BenTey-3599_domesticanimalesplivestock-1	BenTey		domestic animal (esp. livestock)	àrsɛ̌:m\\àrsɛ̌:	àrsɛ̀.ɛ́-m	à r s ɛ̀ ɛ́ + m	à r s ɛ̀ ɛ́		0
3	Bunoge-3599_domesticanimalesplivestock-1	Bunoge		domestic animal (esp. livestock)	kɔ́mbɔ̀	kɔ́-mb-ɔ̀	k ɔ́ + m b + ɔ̀	k ɔ m b ɔ ɡ è		0
4	DogulDomBendiely-3599_domesticanimalesplivestock-1	DogulDomBendiely		domestic animal (esp. livestock)	bɛ́lɛ̀g, bɛ́lɛ̀gù	bɛ́lɛ̀-ɡù	b ɛ́ l ɛ̀ + ɡ ù	b ɛ l ɛ + ɡ i + j à		0
5	DonnoSo-3599_domesticanimalesplivestock-1	DonnoSo		domestic animal (esp. livestock)	bɛ̀lú	bɛ̀lú	b ɛ̀ l ú	b ɛ̀ l ú m b è		0
6	Gourou-3599_domesticanimalesplivestock-1	Gourou		domestic animal (esp. livestock)	gàrsɛ̀gɛ́	ɡàr_sɛ̀ɡɛ́	ɡ à r + s ɛ̀ ɡ ɛ́	ɡ à r + s ɛ̀ ɡ ɛ́		0
7	JamsayDouentza-3599_domesticanimalesplivestock-1	JamsayDouentza		domestic animal (esp. livestock)	àsɛ̀gɛ́, gàsɛ̀gɛ́	ɡà_sɛ̀ɡɛ́	ɡ à + s ɛ̀ ɡ ɛ́	ɡ à + s ɛ̀ ɡ ɛ́ b é		0
9	Mombo-3599_domesticanimalesplivestock-1	Mombo		domestic animal (esp. livestock)	dèbù bɛ́lí, bɛ́lí	dèbù_bɛ́lí	d è b ù + b ɛ́ l í			0
10	Mombo-3599_domesticanimalesplivestock-2	Mombo		domestic animal (esp. livestock)	dèbù bɛ́lí, bɛ́lí	bɛ́lí	b ɛ́ l í			0
11	Najamba-3599_domesticanimalesplivestock-1	Najamba		domestic animal (esp. livestock)	dúmɛ́ŋgó\\dúmɛ́:	dúmɛ́-ŋɡ-ó	d ú m ɛ́ + ŋ ɡ + ó	d ú m ɛ́ ɛ́		0
12	Nanga-3599_domesticanimalesplivestock-1	Nanga		domestic animal (esp. livestock)	gàsɛ̀gɛ́	ɡà_sɛ̀ɡɛ́	ɡ à + s ɛ̀ ɡ ɛ́	ɡ à + s ɛ̀ ɡ ɛ́		0
13	Penange-3599_domesticanimalesplivestock-1	Penange		domestic animal (esp. livestock)	dá:bá	dá.ábá	d á á b á	d a a b a ɡ é		0
14	PergeTegu-3599_domesticanimalesplivestock-1	PergeTegu		domestic animal (esp. livestock)	àsɛ̀gɛ́	à_sɛ̀ɡɛ́	à + s ɛ̀ ɡ ɛ́			0
15	TebulUre-3599_domesticanimalesplivestock-1	TebulUre		domestic animal (esp. livestock)	àsɛ̀gɛ́\\àsɛ̀gɛ̀mbɔ́, gàsɛ̀gɛ́\\gàsɛ̀gɛ̀mbɔ́	ɡà_sɛ̀ɡɛ́	ɡ à + s ɛ̀ ɡ ɛ́	ɡ à + s ɛ̀ ɡ ɛ̀ + m b ɔ́		0
16	Tiranige-3599_domesticanimalesplivestock-1	Tiranige		domestic animal (esp. livestock)	bèl (Boui), bɛ̀lì (Ningo)	bɛ̀lì	b ɛ̀ l ì	b ɛ l i ɡ e		0
17	TogoKan-3599_domesticanimalesplivestock-1	TogoKan		domestic animal (esp. livestock)	gìrⁿí árúsɛ̀gɛ̀	ɡìr.-ní_árúsɛ̀-ɡɛ̀	ɡ ì r + n í + á r ú s ɛ̀ + ɡ ɛ̀	ɡ ì r ∼ í + á r ú + s ɛ̀ ɡ ɛ̀		0
18	TommoSoTongoTongo-3599_domesticanimalesplivestock-1	TommoSoTongoTongo		domestic animal (esp. livestock)	gìnɛ̀ý bɛ̀lù, bɛ̀lú	bɛ̀lú	b ɛ̀ l ú	b ɛ l u m b e		0
19	TommoSoTongoTongo-3599_domesticanimalesplivestock-2	TommoSoTongoTongo		domestic animal (esp. livestock)	gìnɛ̀ý bɛ̀lù, bɛ̀lú	bɛ̀lú	b ɛ̀ l ú	b ɛ l u m b e		0
21	ToroTegu-3599_domesticanimalesplivestock-1	ToroTegu		domestic animal (esp. livestock)	àrùzàká ~ àrzàgá	àrùzà-ká	à r ù z à + k á	a r u + z a k a + m à á		0
22	ToroTegu-3599_domesticanimalesplivestock-2	ToroTegu		domestic animal (esp. livestock)	àrùzàká ~ àrzàgá	àrzà-ɡá	à r z à + ɡ á	a r + z a ɡ a + m à á		0
23	YandaDom-3599_domesticanimalesplivestock-1	YandaDom		domestic animal (esp. livestock)	àzɛ̀gɛ̀\\mú ~ àsɛ̀gɛ̀\\mú	à_sɛ̀ɡɛ̀	à + s ɛ̀ ɡ ɛ̀	à + s ɛ̀ ɡ ɛ̀ + m ú		0
24	YornoSo-3599_domesticanimalesplivestock-1	YornoSo		domestic animal (esp. livestock)	àrùsɛ̀gɛ́	àrù_sɛ̀ɡɛ́	à r ù + s ɛ̀ ɡ ɛ́	a r u + s ɛ ɡ ɛ + b è		0
422	BankanTey-3605_donkey-1	BankanTey		donkey	dúrùm\\dúrù	dúrù-m	d ú r ù + m	d ú r ù		0
423	BenTey-3605_donkey-1	BenTey		donkey	súrúbɔ̀ŋgɔ̂m, súbɔ̀ŋgɔ̂m	súbɔ̀-ŋɡɔ̂-m	s ú b ɔ̀ + ŋ ɡ ɔ̂ + m	s ú + b ɔ̀ ŋ ɡ ɔ̂		0
424	Bunoge-3605_donkey-1	Bunoge		donkey	kólómù	kóló-mù	k ó l ó + m ù	k ó l ó + m ù ɡ è		0
425	DogulDomBendiely-3605_donkey-1	DogulDomBendiely		donkey	dúlùgù	dúlù-ɡù	d ú l ù + ɡ ù	d ú l ù + ɡ ù j à à		0
426	DogulDomKundialang-3605_donkey-1	DogulDomKundialang		donkey	dúlùg (dúlùgù)	dúlù-ɡ	d ú l ù + ɡ	d ú l ù + ɡ ù j à à		0
427	DonnoSo-3605_donkey-1	DonnoSo		donkey	jàŋgúrù	dʒà-ŋɡú-rù	d ʒ à + ŋ ɡ ú + r ù	d ʒ à ŋ + ɡ ú r ù m b è		0
428	Gourou-3605_donkey-1	Gourou		donkey	zàmdúrú	zàm-dúrú	z à m + d ú r ú	z à m + d ú r ú b é		0
429	JamsayDouentza-3605_donkey-1	JamsayDouentza		donkey	jàndúrú ~ jàmdúrú	dʒà-ndú-r-ú	d ʒ à + n d ú + r + ú	d ʒ à n + d ú r ú b é		0
431	Mombo-3605_donkey-1	Mombo		donkey	kɔ́nyɔ̀	kɔ́n-yɔ̀	k ɔ́ n + j ɔ̀			0
432	Najamba-3605_donkey-1	Najamba		donkey	párŋgá\\párŋgámbó, páráŋgá\\páráŋgámbó	párá-ŋɡ-á	p á r á + ŋ ɡ + á	p á r á + ŋ ɡ á + m b ó		0
433	Nanga-3605_donkey-1	Nanga		donkey	súmáŋà	súmá-ŋà	s ú m á + ŋ à	s ú m á + ŋ à		0
434	Penange-3605_donkey-1	Penange		donkey	kòlòkòlò	kòlò_kòlò	k ò l ò + k ò l ò	k ò l ò + k ò l ò ɡ è		0
435	PergeTegu-3605_donkey-1	PergeTegu		donkey	jàmdúrú	dʒà-m-dú-r-ú	d ʒ à + m + d ú + r + ú			0
436	TebulUre-3605_donkey-1	TebulUre		donkey	zàmdílè\\zàmdílmbò	zàm-dílè	z à m + d í l è	z à m + d í l + m b ò		0
437	TogoKan-3605_donkey-1	TogoKan		donkey	jɔ̀ⁿtúrú	dʒɔ̀.-ntú-r-ú	d ʒ ɔ̀ + n t ú + r + ú	d ʒ ɔ̀ ~ + t ú r ú b è		0
438	TommoSoTongoTongo-3605_donkey-1	TommoSoTongoTongo		donkey	jàndúlú, dúlú	dúlú	d ú l ú	d ú l ú m b e		0
439	TommoSoTongoTongo-3605_donkey-2	TommoSoTongoTongo		donkey	jàndúlú, dúlú	dúlú	d ú l ú	d ú l ú m b e		0
442	ToroTegu-3605_donkey-1	ToroTegu		donkey	zàndúrú	zà-ndú-r-ú	z à + n d ú + r + ú	z à n + d ú r ú m ǎ		0
443	YandaDom-3605_donkey-1	YandaDom		donkey	zàmdúrú ~ zàmtúrú	zàm-dúrú	z à m + d ú r ú	z à m + d ú r ú + m u		0
444	YandaDom-3605_donkey-2	YandaDom		donkey	zàmdúrú ~ zàmtúrú	zàm-túrú	z à m + t ú r ú	z à m + t ú r ú + m u		0
445	YornoSo-3605_donkey-1	YornoSo		donkey	jàmdúl	dʒà-m-dú-l	d ʒ à + m + d ú + l	d ʒ à m + d ú l		0
3782	BankanTey-3649_drinksth-1	BankanTey		drink (sth)	nɔ́	n-ɔ́	n + ɔ́			1
3783	BenTey-3649_drinksth-1	BenTey		drink (sth)	nɔ̌	n-ɔ̌	n + ɔ̌			1
3784	Bunoge-3649_drinksth-1	Bunoge		drink (sth)	nɛ̂:	nɛ́-ɛ̀	n ɛ́ + ɛ̀			1
3785	DogulDomBendiely-3649_drinksth-1	DogulDomBendiely		drink (sth)	nɛ̀ɛ́	nɛ̀-ɛ́	n ɛ̀ + ɛ́			1
3786	DogulDomKundialang-3649_drinksth-1	DogulDomKundialang		drink (sth)	nɛ̌:	nɛ̀-ɛ́	n ɛ̀ + ɛ́			1
3787	DonnoSo-3649_drinksth-1	DonnoSo		drink (sth)	nɔ̌:\\nɔ́ɛ̀	nɔ́-ɛ̀	n ɔ́ + ɛ̀			1
3788	Gourou-3649_drinksth-1	Gourou		drink (sth)	nɔ̌:	nɔ̀-ɔ́	n ɔ̀ + ɔ́			1
3789	JamsayDouentza-3649_drinksth-1	JamsayDouentza		drink (sth)	nɔ̌:	nɔ̀-ɔ́	n ɔ̀ + ɔ́			1
3791	Mombo-3649_drinksth-1	Mombo		drink (sth)	nyɛ́:	ny-ɛ́ɛ́	n j + ɛ́ ɛ́			1
3792	Najamba-3649_drinksth-1	Najamba		drink (sth)	nɛ́	n-ɛ́	n + ɛ́			1
3793	Nanga-3649_drinksth-1	Nanga		drink (sth)	nɔ̌:	nɔ̀-ɔ́	n ɔ̀ + ɔ́			1
3794	Penange-3649_drinksth-1	Penange		drink (sth)	nɛ́:	nɛ́-ɛ́	n ɛ́ + ɛ́			1
3795	PergeTegu-3649_drinksth-1	PergeTegu		drink (sth)	nɛ̌:	nɛ̀-ɛ́	n ɛ̀ + ɛ́			1
3796	TebulUre-3649_drinksth-1	TebulUre		drink (sth)	ɲɛ́ (ɲɛ́tì)	ɲ-ɛ́	ɲ + ɛ́			1
3797	Tiranige-3649_drinksth-1	Tiranige		drink (sth)	ɲɔ́: (Perf ɲɛ̀:) (same as 'eat meal')	ɲɛ̀-ɛ̀	ɲ ɛ̀ + ɛ̀			1
3798	TogoKan-3649_drinksth-1	TogoKan		drink (sth)	nɔ̌:	nɔ̀-ɔ́	n ɔ̀ + ɔ́			1
3799	TommoSoTongoTongo-3649_drinksth-1	TommoSoTongoTongo		drink (sth)	nɔ́ɔ́	nɔ́-ɔ́	n ɔ́ + ɔ́			1
3801	ToroTegu-3649_drinksth-1	ToroTegu		drink (sth)	ní\\nɛ́	n-ɛ́	n + ɛ́			1
3802	YandaDom-3649_drinksth-1	YandaDom		drink (sth)	nìyⁿɛ́\\nìyⁿàlí	nì-ɛ́	n ì + ɛ́			1
3803	YornoSo-3649_drinksth-1	YornoSo		drink (sth)	nɔ̌:\\nɔ̌:	nɔ̀-ɔ́	n ɔ̀ + ɔ́			1
15323	BankanTey-3671_dryadjective-1	BankanTey		dry (adjective)	ma᷈wⁿ	mǎw.n	m ǎ w ∼			1
15324	BenTey-3671_dryadjective-1	BenTey		dry (adjective)	mǎ:	mà-á	m à + á			1
15325	Bunoge-3671_dryadjective-1	Bunoge		dry (adjective)	ɲà:ŋì	ɲà.àŋ-ì	ɲ à à ŋ + ì			1
15326	DogulDomBendiely-3671_dryadjective-1	DogulDomBendiely		dry (adjective)	máɲò	máɲ-ò	m á ɲ + ò			1
15327	DogulDomKundialang-3671_dryadjective-1	DogulDomKundialang		dry (adjective)	máɲɲò	máɲɲ-ò	m á ɲ ɲ + ò			1
15328	DonnoSo-3671_dryadjective-1	DonnoSo		dry (adjective)	mǎy	mǎ-y	m ǎ + j			1
15329	JamsayDouentza-3671_dryadjective-1	JamsayDouentza		dry (adjective)	mǎyⁿ	mǎ	m ǎ			1
15330	Mombo-3671_dryadjective-1	Mombo		dry (adjective)	máyé	máy-é	m á j + é			1
15331	Najamba-3671_dryadjective-1	Najamba		dry (adjective)	màyó:\\màyé:	màyó.ó	m à j ó ó	m à j é é		1
15332	Nanga-3671_dryadjective-1	Nanga		dry (adjective)	mǎ:	mà-á	m à + á			1
15333	Penange-3671_dryadjective-1	Penange		dry (adjective)	mɛ̀:	mɛ̀-ɛ̀	m ɛ̀ + ɛ̀			1
15334	PergeTegu-3671_dryadjective-1	PergeTegu		dry (adjective)	mǎyⁿ	mǎ	m ǎ			1
15335	TebulUre-3671_dryadjective-1	TebulUre		dry (adjective)	màɛ́ⁿ\\màyⁿgɔ́\\màyⁿmbɔ́	màɛ́.n	m à ɛ́ ∼	m à j~ + m b ɔ́		1
15336	Tiranige-3671_dryadjective-1	Tiranige		dry (adjective)	máníyésá, máyⁿ	máníyés-á	m á n í j é s + á			1
15337	Tiranige-3671_dryadjective-2	Tiranige		dry (adjective)	máníyésá, máyⁿ	má	m á			1
15338	TogoKan-3671_dryadjective-1	TogoKan		dry (adjective)	mǎ	mǎ	m ǎ			1
15339	TommoSoTongoTongo-3671_dryadjective-1	TommoSoTongoTongo		dry (adjective)	máá	m-áá	m + á á ∼			1
15340	ToroTegu-3671_dryadjective-1	ToroTegu		dry (adjective)	mǎyⁿ	mǎ	m ǎ			1
15341	YandaDom-3671_dryadjective-1	YandaDom		dry (adjective)	màyⁿ	mà	m à			1
15342	YornoSo-3671_dryadjective-1	YornoSo		dry (adjective)	mǎ:	mà-á	m à + á			1
5689	BankanTey-3690_dust-1	BankanTey		dust	kɔ̀kɔ̀rɔ̌y	kɔ̀kɔ̀-rɔ̌y	k ɔ̀ k ɔ̀ + r ɔ̌ j			1
5690	BenTey-3690_dust-1	BenTey		dust	kùkɔ̀rɔ̌y	kùkɔ̀-rɔ̌y	k ù k ɔ̀ + r ɔ̌ j			1
5691	Bunoge-3690_dust-1	Bunoge		dust	kùlɛ́ŋkùlɛ̀	kùl-ɛ́-ŋkù-l-ɛ̀	k ù l + ɛ́ + ŋ k ù + l + ɛ̀			1
5692	DogulDomBendiely-3690_dust-1	DogulDomBendiely		dust	úgtèlè	úɡtè-lè	ú ɡ t è + l è			1
5693	DogulDomKundialang-3690_dust-1	DogulDomKundialang		dust	úgtèlè	úɡtè-lè	ú ɡ t è + l è			1
5694	DonnoSo-3690_dust-1	DonnoSo		dust	pùrgǔŋ	pùr-ɡǔŋ	p ù r + ɡ ǔ ŋ			1
5695	Gourou-3690_dust-1	Gourou		dust	kɔ́ŋɔ̀	kɔ́ŋɔ̀	k ɔ́ ŋ ɔ̀			1
5696	JamsayDouentza-3690_dust-1	JamsayDouentza		dust	kɔ́ŋɔ̀	kɔ́ŋɔ̀	k ɔ́ ŋ ɔ̀			1
5698	Mombo-3690_dust-1	Mombo		dust	kúndálè	kú-ndá-l-è	k ú + n d á + l + è			1
5699	Najamba-3690_dust-1	Najamba		dust	kùlɛ̀kúlɛ̀ŋgò	kùlɛ̀-kúlɛ̀-ŋɡ-ò	k ù l ɛ̀ + k ú l ɛ̀ + ŋ ɡ + ò			1
5700	Nanga-3690_dust-1	Nanga		dust	kɔ́ŋgɔ̀	kɔ́-ŋɡ-ɔ̀	k ɔ́ + ŋ ɡ + ɔ̀			1
5701	Penange-3690_dust-1	Penange		dust	kùndàlè	kù-ndà-l-è	k ù + n d à + l + è			1
5702	PergeTegu-3690_dust-1	PergeTegu		dust	kɔ́ŋgɔ̀, kúŋgɔ̀	kú-ŋɡ-ɔ̀	k ú + ŋ ɡ + ɔ̀			1
5703	TebulUre-3690_dust-1	TebulUre		dust	kɔ́ŋgú	kɔ́-ŋɡ-ú	k ɔ́ + ŋ ɡ + ú			1
5704	Tiranige-3690_dust-1	Tiranige		dust	kòŋgò ~ kòŋgòŋ	kò-ŋɡò-ŋ	k ò + ŋ ɡ ò + ŋ			1
5705	TogoKan-3690_dust-1	TogoKan		dust	pùrùgíⁿ	pùrù-ɡí-ⁿ	p ù r ù + ɡ í			1
5706	TommoSoTongoTongo-3690_dust-1	TommoSoTongoTongo		dust	úggúnnɔ́	úɡɡú-nnɔ́	ú ɡ ɡ ú + n n ɔ́			1
5707	ToroTegu-3690_dust-1	ToroTegu		dust	kúsò	kúsò	k ú s ò			1
5708	YandaDom-3690_dust-1	YandaDom		dust	úrⁿá	úr-ná	ú r + n á			1
5709	YornoSo-3690_dust-1	YornoSo		dust	kɔ́ŋɔ̀	kɔ́ŋɔ̀	k ɔ́ ŋ ɔ̀			1
2036	BankanTey-3705_ear-1	BankanTey		ear	sûn	sûn	s û n	s û n		1
2037	BenTey-3705_ear-1	BenTey		ear	sú:rⁿù	sú.úr.-nù	s ú ú r + n ù	s ú ú r ∼ ù b è		1
2038	Bunoge-3705_ear-1	Bunoge		ear	sùgùlè	sùɡù-lè	s ù ɡ ù + l è	s ù ɡ ù l è ɡ è		1
2039	DogulDomBendiely-3705_ear-1	DogulDomBendiely		ear	súŋùnù	súŋù-nù	s ú ŋ ù + n ù	s ú ŋ ù n ù j à à		1
2040	DogulDomKundialang-3705_ear-1	DogulDomKundialang		ear	súŋnù	súŋ-nù	s ú ŋ + n ù	s ú ŋ n ù j à à		1
2041	DonnoSo-3705_ear-1	DonnoSo		ear	súgùlù	súɡù-lù	s ú ɡ ù + l ù	s ú ɡ ù l ù m b è		1
2042	Gourou-3705_ear-1	Gourou		ear	súŋùn	súŋù-n	s ú ŋ ù + n	s ú ŋ ù n b é		1
2043	JamsayDouentza-3705_ear-1	JamsayDouentza		ear	sûn, sùnlégéré (area where ear joins temple)	sûn	s û n	s û n b é		1
2044	JamsayDouentza-3705_ear-2	JamsayDouentza		ear	sûn, sùnlégéré (area where ear joins temple)	sùn-léɡé-ré	s ù n + l é ɡ é + r é			1
2046	Mombo-3705_ear-1	Mombo		ear	súgúlí, súgúlí kìjìkìjì (back part of ear)	súɡú-lí	s ú ɡ ú + l í			1
2047	Najamba-3705_ear-1	Najamba		ear	súnù:\\súnì:	súnù.ù	s ú n ù ù	s ú n ì ì		1
2048	Nanga-3705_ear-1	Nanga		ear	súŋúrⁿì	súŋú-r.nì	s ú ŋ ú + r ∼ ì	s ú ŋ ú r ∼ ì		1
2049	Penange-3705_ear-1	Penange		ear	súgúlyè	súɡú-lyè	s ú ɡ ú + l j è	s u ɡ u l j e ɡ e		1
2050	PergeTegu-3705_ear-1	PergeTegu		ear	súŋúrⁿù	súŋú-r.nù	s ú ŋ ú + r ∼ ù			1
2051	TebulUre-3705_ear-1	TebulUre		ear	súrⁿó	súr.-nó	s ú r + n ó	s ú r ∼ ó		1
2052	Tiranige-3705_ear-1	Tiranige		ear	sùŋùnù (Boui), sùgùnù (Ningo)	sùŋù-nù	s ù ŋ ù + n ù	s ù ŋ ù n ù ɡ é		1
2053	TogoKan-3705_ear-1	TogoKan		ear	súgúrú	súɡú-rú	s ú ɡ ú + r ú	s ú ɡ ú r ú b è		1
2054	TommoSoTongoTongo-3705_ear-1	TommoSoTongoTongo		ear	súgúlú	súɡú-lú	s ú ɡ ú + l ú	s ú ɡ ú + l ú m b e		1
2057	ToroTegu-3705_ear-1	ToroTegu		ear	súgúrú	súɡú-rú	s ú ɡ ú + r ú	s ú ɡ ú r ú m ǎ		1
2058	YandaDom-3705_ear-1	YandaDom		ear	sún	sún	s ú n	s ú n		1
2059	YornoSo-3705_ear-1	YornoSo		ear	súgùrù	súɡù-rù	s ú ɡ ù + r ù	s ú ɡ ù r ù + ɡ è		1
3734	BankanTey-3721_earring-1	BankanTey		earring	sùnɲírⁿéy, sùn jí:dì	sùn_-d-ʒí.í-d-ì	s ù n + d + ʒ í í + d + ì			0
3735	BenTey-3721_earring-1	BenTey		earring	sù:rⁿù búkúlî:	sù.ùr.-nù_búkú-lí.ì	s ù ù r + n ù + b ú k ú + l í ì			0
3736	DogulDomBendiely-3721_earring-1	DogulDomBendiely		earring	káŋè	káŋè	k á ŋ è			0
3737	DogulDomKundialang-3721_earring-1	DogulDomKundialang		earring	búgùl	búɡù-l	b ú ɡ ù + l			0
3738	DonnoSo-3721_earring-1	DonnoSo		earring	búgùlù	búɡù-lù	b ú ɡ ù + l ù			0
3739	Gourou-3721_earring-1	Gourou		earring	sùŋùn gídù	sùŋù-n_ɡídù	s ù ŋ ù + n + ɡ í d ù			0
3740	JamsayDouentza-3721_earring-1	JamsayDouentza		earring	búkúlù, sûnbúkúlù	búkú-lù	b ú k ú + l ù			0
3741	JamsayDouentza-3721_earring-2	JamsayDouentza		earring	búkúlù, sûnbúkúlù	sûn-búkú-lù	s û n + b ú k ú + l ù			0
3742	Mombo-3721_earring-1	Mombo		earring	sùgùlè tùlé	sùɡù-lè_tùlé	s ù ɡ ù + l è + t ù l é			0
3743	Najamba-3721_earring-1	Najamba		earring	sùn[sàgáŋgó]\\sàgɛ́	sùn-sàɡá-ŋɡ-ó	s ù n + s à ɡ á + ŋ ɡ + ó	s ù n + s à ɡ ɛ́		0
3744	Nanga-3721_earring-1	Nanga		earring	sùŋùrⁿù[gèrègárá]	sùŋù-r.nù-ɡèrè-ɡárá	s ù ŋ ù + r ∼ ù + ɡ è r è + ɡ á r á			0
3745	Penange-3721_earring-1	Penange		earring	búkkûl	búk-kûl	b ú k + k û l			0
3746	PergeTegu-3721_earring-1	PergeTegu		earring	sùŋùrⁿùgélgé	sùŋù-r.nù-ɡél-ɡé	s ù ŋ ù + r ∼ ù + ɡ é l + ɡ é			0
3747	TebulUre-3721_earring-1	TebulUre		earring	sùnò[mɛ̀ndíyɛ́]	sùnò-mɛ̀-ndí-y-ɛ́	s ù n ò + m ɛ̀ + n d í + j + ɛ́			0
3748	Tiranige-3721_earring-1	Tiranige		earring	sùŋùnù[yèlèyèlé]	sùŋù-nùyè-lèyè-lé	s ù ŋ ù + n ù j è + l è j è + l é			0
3749	TogoKan-3721_earring-1	TogoKan		earring	sùgùrùjè:lé	sùɡù-rù-dʒè.è-l-é	s ù ɡ ù + r ù + d ʒ è è + l + é			0
3750	TommoSoTongoTongo-3721_earring-1	TommoSoTongoTongo		earring	sùgùlù jèlèý	sùɡù-lù_-dʒè-lè-j	s ù ɡ ù + l ù + d ʒ è + l è + d ʒ			0
3752	ToroTegu-3721_earring-1	ToroTegu		earring	súgúrú lìsà	súɡú-rú_lìsà	s ú ɡ ú + r ú + l ì s à			0
3753	YandaDom-3721_earring-1	YandaDom		earring	súnzèrégè	sún-zèré-ɡè	s ú n + z è r é + ɡ è			0
3754	YornoSo-3721_earring-1	YornoSo		earring	jèlèjálá	dʒè-l-è-dʒá-l-á	d ʒ è + l + è + d ʒ á + l + á			0
6612	BankanTey-3748_east-1	BankanTey		east	dû:jìrò:, ùsú tàŋgà túmbûm	ùsú_tà-ŋɡà_-tú-mbû-m	ù s ú + t à + ŋ ɡ à + t ú + m b û + m			0
6613	BenTey-3748_east-1	BenTey		east	dû:, dù dâ:	dù_dá.à	d ù + d á à			0
6614	Bunoge-3748_east-1	Bunoge		east	ʔìrópùjà	ʔìró-pù-dʒ-à	ʔ ì r ó + p ù + d ʒ + à			0
6615	DogulDomBendiely-3748_east-1	DogulDomBendiely		east	jàmból	dʒà-mbó-l	d ʒ à + m b ó + l			0
6616	DogulDomKundialang-3748_east-1	DogulDomKundialang		east	jɔ̀mbɔ̌l	dʒɔ̀-mbɔ̌-l	d ʒ ɔ̀ + m b ɔ̌ + l			0
6617	DonnoSo-3748_east-1	DonnoSo		east	dû:	dú-ù	d ú + ù			0
6618	Gourou-3748_east-1	Gourou		east	dù:dáɣá	dù.ùdá-ɣá	d ù ù d á + ɣ á			0
6619	JamsayDouentza-3748_east-1	JamsayDouentza		east	dû:, dùdáɣá	dùdá-ɣá	d ù d á + ɣ á			0
6620	JamsayDouentza-3748_east-2	JamsayDouentza		east	dû:, dùdáɣá	dùdá-ɣá	d ù d á + ɣ á			0
6622	Mombo-3748_east-1	Mombo		east	á:súgù	á.ásúɡù	á á s ú ɡ ù			0
6623	Najamba-3748_east-1	Najamba		east	dûn	dûn	d û n			0
6624	Nanga-3748_east-1	Nanga		east	ùsì[túmnɔ́], dû:gìrè	dú.ùɡì-rè	d ú ù ɡ ì + r è			0
6625	Penange-3748_east-1	Penange		east	dúl	dúl	d ú l			0
6626	PergeTegu-3748_east-1	PergeTegu		east	dû:, dû:gírè	dú.ùɡí-rè	d ú ù ɡ í + r è			0
6627	TebulUre-3748_east-1	TebulUre		east	tèŋèdágá	tèŋè-dáɡá	t è ŋ è + d á ɡ á			0
6628	Tiranige-3748_east-1	Tiranige		east	à:dúŋó	à.àdúŋó	à à d ú ŋ ó			0
6629	TogoKan-3748_east-1	TogoKan		east	dùdágá	dùdá-ɡá	d ù d á + ɡ á			0
6630	TommoSoTongoTongo-3748_east-1	TommoSoTongoTongo		east	túmmúgó, dúú	dúú	d ú ú			0
6631	TommoSoTongoTongo-3748_east-2	TommoSoTongoTongo		east	túmmúgó, dúú	dúú	d ú ú			0
6632	ToroTegu-3748_east-1	ToroTegu		east	dú	dú	d ú			0
6633	YandaDom-3748_east-1	YandaDom		east	túmóŋ	túmó-ŋ	t ú m ó + ŋ			0
6634	YornoSo-3748_east-1	YornoSo		east	dû:	dú-ù	d ú + ù			0
14736	BankanTey-3749_easywork-1	BankanTey		easy (work)	nà:rⁿá	nà.àr.n-á	n à à r ∼ + á			0
14737	BenTey-3749_easywork-1	BenTey		easy (work)	nà:rⁿâ:	nà.àr.ná.à	n à à r ∼ á à			0
14738	Bunoge-3749_easywork-1	Bunoge		easy (work)	kájjà ʔórìgà ("which is not difficult")	kádʒdʒà_ʔórìɡ-à	k á d ʒ d ʒ à + ʔ ó r ì ɡ + à			0
14739	DogulDomBendiely-3749_easywork-1	DogulDomBendiely		easy (work)	bállà	báll-à	b á l l + à			0
14740	DogulDomKundialang-3749_easywork-1	DogulDomKundialang		easy (work)	bállà	báll-à	b á l l + à			0
14741	DonnoSo-3749_easywork-1	DonnoSo		easy (work)	nàná	nàn-á	n à n + á			0
14742	JamsayDouentza-3749_easywork-1	JamsayDouentza		easy (work)	nà:rⁿá	nà.àr.n-á	n à à r ∼ + á			0
14743	Mombo-3749_easywork-1	Mombo		easy (work)	bérù	bér-ù	b é r + ù			0
14744	Najamba-3749_easywork-1	Najamba		easy (work)	bùríyè\\bǔrŋgò, bálláŋgó\\bállɛ́	bálláŋɡ-ó	b á l l á ŋ ɡ + ó	b á l l ɛ́		0
14745	Nanga-3749_easywork-1	Nanga		easy (work)	nà:rⁿá	nà.àr.n-á	n à à r ∼ + á			0
14746	Penange-3749_easywork-1	Penange		easy (work)	jámá, mà:gè wǒlgà ('that is not difficult')	mà.àɡè_wǒlɡ-à	m à à ɡ è + w ǒ l ɡ + à			0
14747	PergeTegu-3749_easywork-1	PergeTegu		easy (work)	nà:rⁿá	nà.àr.n-á	n à à r ∼ + á			0
14748	TebulUre-3749_easywork-1	TebulUre		easy (work)	nà:rⁿá	nà.àr.n-á	n à à r ∼ + á			0
14749	Tiranige-3749_easywork-1	Tiranige		easy (work)	má:gáná	má.áɡán-á	m á á ɡ á n + á			0
14750	TogoKan-3749_easywork-1	TogoKan		easy (work)	nà:rⁿá	nà.àr.n-á	n à à r ∼ + á			0
14751	TommoSoTongoTongo-3749_easywork-1	TommoSoTongoTongo		easy (work)	wɛ́y, bɛ̀rú	wɛ́-y	w ɛ́ + j			0
14752	TommoSoTongoTongo-3749_easywork-2	TommoSoTongoTongo		easy (work)	wɛ́y, bɛ̀rú	bɛ̀r-ú	b ɛ̀ r + ú			0
14753	ToroTegu-3749_easywork-1	ToroTegu		easy (work)	zɔ́rɛ́	zɔ́r-ɛ́	z ɔ́ r + ɛ́			0
14754	YandaDom-3749_easywork-1	YandaDom		easy (work)	nà:rⁿà	nà.àr.n-à	n à à r ∼ + à			0
14755	YornoSo-3749_easywork-1	YornoSo		easy (work)	nà:rⁿá	nà.àr.n-á	n à à r ∼ + á			0
3945	BankanTey-3754_eatmeal-1	BankanTey		eat (meal)	ɲɛ́	ɲ-ɛ́	ɲ + ɛ́			1
3946	BenTey-3754_eatmeal-1	BenTey		eat (meal)	ɲɛ́	ɲ-ɛ́	ɲ + ɛ́			1
3947	Bunoge-3754_eatmeal-1	Bunoge		eat (meal)	jɛ̂:	dʒ-ɛ́-ɛ̀	d ʒ + ɛ́ + ɛ̀			1
3948	DogulDomBendiely-3754_eatmeal-1	DogulDomBendiely		eat (meal)	ɲɛ̀ɛ́	ɲɛ̀-ɛ́	ɲ ɛ̀ + ɛ́			1
3949	DogulDomKundialang-3754_eatmeal-1	DogulDomKundialang		eat (meal)	ɲɛ̌:	ɲɛ̀-ɛ́	ɲ ɛ̀ + ɛ́			1
3950	DonnoSo-3754_eatmeal-1	DonnoSo		eat (meal)	ɲâ:\\ɲɛ́ɛ̀	ɲɛ́-ɛ̀	ɲ ɛ́ + ɛ̀			1
3951	Gourou-3754_eatmeal-1	Gourou		eat (meal)	ɲɛ́:	ɲɛ́-ɛ́	ɲ ɛ́ + ɛ́			1
3952	JamsayDouentza-3754_eatmeal-1	JamsayDouentza		eat (meal)	ɲɛ́:	ɲɛ́-ɛ́	ɲ ɛ́ + ɛ́			1
3953	Mombo-3754_eatmeal-1	Mombo		eat (meal)	ɲɛ́:	ɲɛ́-ɛ́	ɲ ɛ́ + ɛ́			1
3954	Najamba-3754_eatmeal-1	Najamba		eat (meal)	kwɛ́	kw-ɛ́	k w + ɛ́			1
3955	Nanga-3754_eatmeal-1	Nanga		eat (meal)	kɔ́:	kɔ́-ɔ́	k ɔ́ + ɔ́			1
3956	Penange-3754_eatmeal-1	Penange		eat (meal)	ɲɛ́:	ɲɛ́-ɛ́	ɲ ɛ́ + ɛ́			1
3957	PergeTegu-3754_eatmeal-1	PergeTegu		eat (meal)	ɲɛ́:	ɲɛ́-ɛ́	ɲ ɛ́ + ɛ́			1
3958	TebulUre-3754_eatmeal-1	TebulUre		eat (meal)	ɲɛ́ (ɲɛ́tì, also 'drink')	ɲ-ɛ́	ɲ + ɛ́			1
3959	Tiranige-3754_eatmeal-1	Tiranige		eat (meal)	ɲɔ́: (Perf ɲɛ̀:) (also 'drink')	ɲɛ̀-ɛ̀	ɲ ɛ̀ + ɛ̀			1
3960	TogoKan-3754_eatmeal-1	TogoKan		eat (meal)	ɲí:\\ɲí:	ɲí-í	ɲ í + í			1
3961	TommoSoTongoTongo-3754_eatmeal-1	TommoSoTongoTongo		eat (meal)	ńyɛ́	ńy-ɛ́	n j + ɛ́			1
3963	ToroTegu-3754_eatmeal-1	ToroTegu		eat (meal)	lí\\lɛ́	l-ɛ́	l + ɛ́			1
3964	YandaDom-3754_eatmeal-1	YandaDom		eat (meal)	ʔə́ɲɛ́\\ʔə́ɲálì	ʔə́ɲ-ɛ́	ʔ ə́ ɲ + ɛ́			1
3965	YornoSo-3754_eatmeal-1	YornoSo		eat (meal)	ká:\\káy	ká-á	k á + á			1
509	BankanTey-3769_egg-1	BankanTey		egg	tàrî:	tàrí.ì	t à r í ì			1
510	BenTey-3769_egg-1	BenTey		egg	tàrî:	tàrí.ì	t à r í ì			1
511	Bunoge-3769_egg-1	Bunoge		egg	póléŋgè	pólé-ŋɡ-è	p ó l é + ŋ ɡ + è			1
512	DogulDomBendiely-3769_egg-1	DogulDomBendiely		egg	púlɔ̀	púlɔ̀	p ú l ɔ̀			1
513	DogulDomKundialang-3769_egg-1	DogulDomKundialang		egg	pòló	pòló	p ò l ó			1
514	DonnoSo-3769_egg-1	DonnoSo		egg	tálù	tálù	t á l ù			1
515	Gourou-3769_egg-1	Gourou		egg	tárú	tárú	t á r ú			1
516	JamsayDouentza-3769_egg-1	JamsayDouentza		egg	tárú	tárú	t á r ú			1
517	Mombo-3769_egg-1	Mombo		egg	pólè	pólè	p ó l è			1
518	Najamba-3769_egg-1	Najamba		egg	pǒlŋgó\\pòlé	pǒl-ŋɡ-ó	p ǒ l + ŋ ɡ + ó	p ò l é		1
519	Nanga-3769_egg-1	Nanga		egg	tà:rî	tà.àrî	t à à r î			1
520	Penange-3769_egg-1	Penange		egg	pòlè	pòlè	p ò l è			1
521	PergeTegu-3769_egg-1	PergeTegu		egg	tárú	tárú	t á r ú			1
522	TebulUre-3769_egg-1	TebulUre		egg	tálɛ́	tálɛ́	t á l ɛ́			1
523	Tiranige-3769_egg-1	Tiranige		egg	pólŋgé (Boui), pólé (Ningo)	pól-ŋɡ-é	p ó l + ŋ ɡ + é			1
524	TogoKan-3769_egg-1	TogoKan		egg	tárú	tárú	t á r ú			1
525	TommoSoTongoTongo-3769_egg-1	TommoSoTongoTongo		egg	tálú	tálú	t á l ú	t á l ú m b e		1
526	ToroTegu-3769_egg-1	ToroTegu		egg	tàrú	tàrú	t à r ú			1
527	YandaDom-3769_egg-1	YandaDom		egg	tòl	tòl	t ò l			1
528	YornoSo-3769_egg-1	YornoSo		egg	tâl	tâl	t â l			1
11007	BankanTey-3773_eight-1	BankanTey		eight	gá:rày	ɡá.árà-y	ɡ á á r à + j			0
11008	BenTey-3773_eight-1	BenTey		eight	gá:rày	ɡá.árà-y	ɡ á á r à + j			0
11009	Bunoge-3773_eight-1	Bunoge		eight	sé:léwⁿ	sé.éléw.n	s é é l é w ∼			0
11010	DogulDomBendiely-3773_eight-1	DogulDomBendiely		eight	séélè	séél-è	s é é l + è			0
11011	DogulDomKundialang-3773_eight-1	DogulDomKundialang		eight	sè:lé	sè.èl-é	s è è l + é			0
11012	DonnoSo-3773_eight-1	DonnoSo		eight	gágàrà	ɡáɡàr-à	ɡ á ɡ à r + à			0
11013	Gourou-3773_eight-1	Gourou		eight	gá:rà	ɡá.ár-à	ɡ á á r + à			0
11014	JamsayDouentza-3773_eight-1	JamsayDouentza		eight	gá:rà	ɡá.ár-à	ɡ á á r + à			0
11015	Mombo-3773_eight-1	Mombo		eight	sé:lè	sé.él-è	s é é l + è			0
11016	Najamba-3773_eight-1	Najamba		eight	sá:gì:	sá.áɡì.ì	s á á ɡ ì ì			0
11017	Nanga-3773_eight-1	Nanga		eight	gá:rɛ̀	ɡá.ár-ɛ̀	ɡ á á r + ɛ̀			0
11018	PergeTegu-3773_eight-1	PergeTegu		eight	gá:rà	ɡá.ár-à	ɡ á á r + à			0
11019	TebulUre-3773_eight-1	TebulUre		eight	gàgárà	ɡàɡár-à	ɡ à ɡ á r + à			0
11020	Tiranige-3773_eight-1	Tiranige		eight	sé:lé (Boui), síyélé (Ningo)	síyél-é	s í j é l + é			0
11021	TogoKan-3773_eight-1	TogoKan		eight	sìlâ:	sìlá.à	s ì l á à			0
11022	TommoSoTongoTongo-3773_eight-1	TommoSoTongoTongo		eight	gágìrà	ɡáɡìr-à	ɡ á ɡ ì r + à			0
11023	ToroTegu-3773_eight-1	ToroTegu		eight	gá:rà	ɡá.ár-à	ɡ á á r + à			0
11024	YandaDom-3773_eight-1	YandaDom		eight	sá:gè, yèsá:gè	yèsá.áɡ-è	j è s á á ɡ + è			0
11025	YornoSo-3773_eight-1	YornoSo		eight	gágàrà	ɡáɡàr-à	ɡ á ɡ à r + à			0
1620	BankanTey-3780_elbow-1	BankanTey		elbow	nà: tótôw	nà.à_tótô-w	n à à + t ó t ô + w			0
1621	BenTey-3780_elbow-1	BenTey		elbow	nà:[tútɔ̂w] ~ nà:[títɔ̂w]	nà.àtí-tɔ̂w	n à à t í + t ɔ̂ w			0
1622	DogulDomBendiely-3780_elbow-1	DogulDomBendiely		elbow	nùmɔ̀ tɔ́gɔ̀tɔ̀gɔ̀	nùmɔ̀_tɔ́ɡɔ̀-tɔ̀ɡɔ̀	n ù m ɔ̀ + t ɔ́ ɡ ɔ̀ + t ɔ̀ ɡ ɔ̀			0
1623	DogulDomKundialang-3780_elbow-1	DogulDomKundialang		elbow	nùmɔ̀tɔ́ktɔ̀gɔ̀	nùmɔ̀-tɔ́k-tɔ̀ɡɔ̀	n ù m ɔ̀ + t ɔ́ k + t ɔ̀ ɡ ɔ̀			0
1624	DonnoSo-3780_elbow-1	DonnoSo		elbow	tɔ́ŋgùtɔ̀ŋgù	tɔ́-ŋɡù-tɔ̀-ŋɡù	t ɔ́ + ŋ ɡ ù + t ɔ̀ + ŋ ɡ ù			0
1625	Gourou-3780_elbow-1	Gourou		elbow	nùmò títóŋ	nùmò_tító-ŋ	n ù m ò + t í t ó + ŋ			0
1626	JamsayDouentza-3780_elbow-1	JamsayDouentza		elbow	nùmò[tìtɔ̌ŋ]	nùmò-tìtɔ̌-ŋ	n ù m ò + t ì t ɔ̌ + ŋ			0
1628	Mombo-3780_elbow-1	Mombo		elbow	nɛ̀: kólókólò	nɛ̀.ɛ̀_kóló-kólò	n ɛ̀ ɛ̀ + k ó l ó + k ó l ò			0
1629	Najamba-3780_elbow-1	Najamba		elbow	nùmàkínjì:\\nùmàkínjì:, nùmàtɔ́ndɔ̀:\\nùmàtɔ́ndɛ̀:, nùmàdɔ́rɔ̀:\\nùmàdɔ́rɛ̀:	nùmà-dɔ́rɔ̀.ɔ̀	n ù m à + d ɔ́ r ɔ̀ ɔ̀	n ù m à + d ɔ́ r ɛ̀ ɛ̀		0
1630	Nanga-3780_elbow-1	Nanga		elbow	nà: tɔ̀ŋɔ̀tɔ́ŋɔ̂	nà.à_tɔ̀ŋɔ̀-tɔ́ŋɔ̂	n à à + t ɔ̀ ŋ ɔ̀ + t ɔ́ ŋ ɔ̂			0
1631	Penange-3780_elbow-1	Penange		elbow	nɛ̀: kúlù ("armhump")	nɛ̀.ɛ̀_kúlù	n ɛ̀ ɛ̀ + k ú l ù			0
1632	PergeTegu-3780_elbow-1	PergeTegu		elbow	nùwⁿòtɔ́tɔ́gú	nùw.-nòtɔ́-tɔ́ɡú	n ù w + n ò t ɔ́ + t ɔ́ ɡ ú			0
1633	TebulUre-3780_elbow-1	TebulUre		elbow	nùmà:[tɔ́tɔ́gú]	nùmà.à-tɔ́tɔ́-ɡú	n ù m à à + t ɔ́ t ɔ́ + ɡ ú			0
1634	Tiranige-3780_elbow-1	Tiranige		elbow	númá kùɲùŋɔ́	númá_kùɲù-ŋɔ́	n ú m á + k ù ɲ ù + ŋ ɔ́			0
1635	TogoKan-3780_elbow-1	TogoKan		elbow	nùmɔ̀tɔ̀tɔ́gú	nùmɔ̀-tɔ̀tɔ́-ɡú	n ù m ɔ̀ + t ɔ̀ t ɔ́ + ɡ ú			0
1636	TommoSoTongoTongo-3780_elbow-1	TommoSoTongoTongo		elbow	tɔ́ndɔ́m	tɔ́-ndɔ́-m	t ɔ́ + n d ɔ́ + m			0
1640	ToroTegu-3780_elbow-1	ToroTegu		elbow	lɔ̀ tùŋó	lɔ̀_tùŋó	l ɔ̀ + t ù ŋ ó			0
1641	YandaDom-3780_elbow-1	YandaDom		elbow	nùmàtɔ́ndɔ́	nùmà-tɔ́-nd-ɔ́	n ù m à + t ɔ́ + n d + ɔ́			0
1642	YornoSo-3780_elbow-1	YornoSo		elbow	nɔ̀yⁿ[tútɔ́ŋ]	nɔ̀tú-tɔ́ŋ	n ɔ̀ t ú + t ɔ́ ŋ			0
15655	BankanTey-3815_emptycontaineradj-1	BankanTey		empty (container) (adj)	sùzíⁿ→	sùz-íⁿ	s ù z + í ∼			0
15656	BenTey-3815_emptycontaineradj-1	BenTey		empty (container) (adj)	kòrǒy	kòrǒ-y	k ò r ǒ + j			0
15657	Bunoge-3815_emptycontaineradj-1	Bunoge		empty (container) (adj)	sɛ̀lì	sɛ̀l-ì	s ɛ̀ l + ì			0
15658	DogulDomKundialang-3815_emptycontaineradj-1	DogulDomKundialang		empty (container) (adj)	úsyɔ̀	úsy-ɔ̀	ú s j + ɔ̀			0
15659	DonnoSo-3815_emptycontaineradj-1	DonnoSo		empty (container) (adj)	sálàŋ	sálàŋ	s á l à ŋ			0
15660	Gourou-3815_emptycontaineradj-1	Gourou		empty (container) (adj)	wóm	wóm	w ó m			0
15661	JamsayDouentza-3815_emptycontaineradj-1	JamsayDouentza		empty (container) (adj)	wóm	wóm	w ó m			0
15662	Mombo-3815_emptycontaineradj-1	Mombo		empty (container) (adj)	sálá	sál-á	s á l + á			0
15663	Najamba-3815_emptycontaineradj-1	Najamba		empty (container) (adj)	ìnjɛ́:\\ìnjɛ́ŋgó	ìnjɛ́-ɛ́	ì n d ʒ ɛ́ + ɛ́	ì n d ʒ ɛ́ + ŋ ɡ ó		0
15664	Nanga-3815_emptycontaineradj-1	Nanga		empty (container) (adj)	kóró, ǹjɛ̀ nà:rⁿí	kór-ó	k ó r + ó			0
15665	Nanga-3815_emptycontaineradj-2	Nanga		empty (container) (adj)	kóró, ǹjɛ̀ nà:rⁿí	ǹdʒɛ̀_n-à.àr.n-í	n d ʒ ɛ̀ + n + à à r ∼ + í			0
15666	Penange-3815_emptycontaineradj-1	Penange		empty (container) (adj)	dóndó	dónd-ó	d ó n d + ó			0
15667	PergeTegu-3815_emptycontaineradj-1	PergeTegu		empty (container) (adj)	pé:ré	pé.ér-é	p é é r + é			0
15668	TebulUre-3815_emptycontaineradj-1	TebulUre		empty (container) (adj)	ǹ̀dɛ́//ǹdɔ̀ŋgɔ́	ǹd-ɛ́	n d + ɛ́	n d ɔ̀ + ŋ ɡ ɔ́		0
15669	Tiranige-3815_emptycontaineradj-1	Tiranige		empty (container) (adj)	íjígɔ́	ídʒíɡ-ɔ́	í d ʒ í ɡ + ɔ́			0
15670	TogoKan-3815_emptycontaineradj-1	TogoKan		empty (container) (adj)	kǒ:	kò-ó	k ò + ó			0
15671	TommoSoTongoTongo-3815_emptycontaineradj-1	TommoSoTongoTongo		empty (container) (adj)	ísé	ís-é	í s + é			0
15672	ToroTegu-3815_emptycontaineradj-1	ToroTegu		empty (container) (adj)	péré, kòwpéré (sack, bag), pùròpéré (pocket, rigid container)	pér-é	p é r + é			0
15673	ToroTegu-3815_emptycontaineradj-2	ToroTegu		empty (container) (adj)	péré, kòwpéré (sack, bag), pùròpéré (pocket, rigid container)	pùròpér-é	p ù r ò p é r + é			0
15674	YandaDom-3815_emptycontaineradj-1	YandaDom		empty (container) (adj)	ìzɛ̀	ìz-ɛ̀	ì z + ɛ̀			0
15675	YornoSo-3815_emptycontaineradj-1	YornoSo		empty (container) (adj)	kó:ló	kó.ól-ó	k ó ó l + ó			0
14109	BankanTey-3851_entergoinsidesth-1	BankanTey		enter, go inside (sth)	nú	nú	n ú			0
14110	BenTey-3851_entergoinsidesth-1	BenTey		enter, go inside (sth)	nú	nú	n ú			0
14111	Bunoge-3851_entergoinsidesth-1	Bunoge		enter, go inside (sth)	dɛ̂:, dó:ŋgè	dɛ́-ɛ̀	d ɛ́ + ɛ̀			0
14112	Bunoge-3851_entergoinsidesth-2	Bunoge		enter, go inside (sth)	dɛ̂:, dó:ŋgè	dó.óŋɡ-è	d ó ó ŋ ɡ + è			0
14113	DogulDomBendiely-3851_entergoinsidesth-1	DogulDomBendiely		enter, go inside (sth)	nùŋɛ́	nùŋ-ɛ́	n ù ŋ + ɛ́			0
14114	DogulDomKundialang-3851_entergoinsidesth-1	DogulDomKundialang		enter, go inside (sth)	nùŋɛ́	nùŋ-ɛ́	n ù ŋ + ɛ́			0
14115	DonnoSo-3851_entergoinsidesth-1	DonnoSo		enter, go inside (sth)	yô:\\yóỳ	yó-ò	j ó + ò			0
14116	Gourou-3851_entergoinsidesth-1	Gourou		enter, go inside (sth)	nú:	nú-ú	n ú + ú			0
14117	JamsayDouentza-3851_entergoinsidesth-1	JamsayDouentza		enter, go inside (sth)	nú:	nú-ú	n ú + ú			0
14119	Mombo-3851_entergoinsidesth-1	Mombo		enter, go inside (sth)	nwɛ́:	nw-ɛ́ɛ́	n w + ɛ́ ɛ́			0
14120	Najamba-3851_entergoinsidesth-1	Najamba		enter, go inside (sth)	ŋwɛ́\\ŋwɛ̀	ŋw-ɛ́	ŋ w + ɛ́			0
14121	Nanga-3851_entergoinsidesth-1	Nanga		enter, go inside (sth)	núyⁿ	nú	n ú			0
14122	Penange-3851_entergoinsidesth-1	Penange		enter, go inside (sth)	nwɛ́:	nw-ɛ́ɛ́	n w + ɛ́ ɛ́			0
14123	PergeTegu-3851_entergoinsidesth-1	PergeTegu		enter, go inside (sth)	nɔ́:	nɔ́-ɔ́	n ɔ́ + ɔ́			0
14124	TebulUre-3851_entergoinsidesth-1	TebulUre		enter, go inside (sth)	nú (núyà, imprt nwí)	nú	n ú			0
14125	Tiranige-3851_entergoinsidesth-1	Tiranige		enter, go inside (sth)	nɔ́:, nó:gó	nɔ́-ɔ́	n ɔ́ + ɔ́			0
14126	Tiranige-3851_entergoinsidesth-2	Tiranige		enter, go inside (sth)	nɔ́:, nó:gó	nó.óɡ-ó	n ó ó ɡ + ó			0
14127	TogoKan-3851_entergoinsidesth-1	TogoKan		enter, go inside (sth)	nú\\nú	nú	n ú			0
14128	TommoSoTongoTongo-3851_entergoinsidesth-1	TommoSoTongoTongo		enter, go inside (sth)	yóó	yó-ó	j ó + ó			0
14129	ToroTegu-3851_entergoinsidesth-1	ToroTegu		enter, go inside (sth)	lú\\ló	ló	l ó			0
14130	YandaDom-3851_entergoinsidesth-1	YandaDom		enter, go inside (sth)	nɔ́\\nwálì	n-ɔ́	n + ɔ́			0
14131	YornoSo-3851_entergoinsidesth-1	YornoSo		enter, go inside (sth)	yó:\\yóy	yó-ó	j ó + ó			0
11360	BankanTey-3891_everything-1	BankanTey		everything	kù bê:	kù_bé.è	k ù + b é è			1
11361	BenTey-3891_everything-1	BenTey		everything	nàŋàná: ("entirety"), kú náŋànà: ("its entirety"), lèrěw	lèrěw	l è r ě w			1
11362	BenTey-3891_everything-2	BenTey		everything	nàŋàná: ("entirety"), kú náŋànà: ("its entirety"), lèrěw	lèrěw	l è r ě w			1
11363	Bunoge-3891_everything-1	Bunoge		everything	sàkáy	sàkáy	s à k á j			1
11364	DonnoSo-3891_everything-1	DonnoSo		everything	kó yàwôy	kó_yàwôy	k ó + j à w ô j			1
11365	JamsayDouentza-3891_everything-1	JamsayDouentza		everything	lèrěw	lèrěw	l è r ě w			1
11366	Mombo-3891_everything-1	Mombo		everything	yɛ́: sélè:	yɛ́.ɛ́_sélè.è	j ɛ́ ɛ́ + s é l è è			1
11367	Najamba-3891_everything-1	Najamba		everything	yè dîn	yè_dîn	j è + d î n			1
11368	Nanga-3891_everything-1	Nanga		everything	lèrěw	lèrěw	l è r ě w			1
11369	Penange-3891_everything-1	Penange		everything	sèlè	sèlè	s è l è			1
11370	PergeTegu-3891_everything-1	PergeTegu		everything	sóy	sóy	s ó j			1
11371	TebulUre-3891_everything-1	TebulUre		everything	pú→	pú	p ú			1
11372	Tiranige-3891_everything-1	Tiranige		everything	címà (Boui), póy (Ningo)	póy	p ó j			1
11373	TogoKan-3891_everything-1	TogoKan		everything	sâⁿ	sâⁿ	s â ∼			1
11374	TommoSoTongoTongo-3891_everything-1	TommoSoTongoTongo		everything	kídɛ́ kɛ́m	kídɛ́_kɛ́m	k í d ɛ́ + k ɛ́ m			1
11375	ToroTegu-3891_everything-1	ToroTegu		everything	cěwlà:fú:, cɛ̌yyà:fú:, kǒwlèyà:fú:, kěylèyà:fú:, cěwlèyà:fú:	tʃěwlèyà.àfú.ú	t ʃ ě w l è j à à f ú ú			1
11376	YandaDom-3891_everything-1	YandaDom		everything	cɛ̂m	tʃɛ̂m	t ʃ ɛ̂ m			1
11377	YornoSo-3891_everything-1	YornoSo		everything	pú→	pú	p ú			1
4903	BankanTey-3933_extinguishputoutfire-1	BankanTey		extinguish, put out (fire)	jɛ́	dʒ-ɛ́	d ʒ + ɛ́			0
4904	BenTey-3933_extinguishputoutfire-1	BenTey		extinguish, put out (fire)	gìyɛ́	ɡìy-ɛ́	ɡ ì j + ɛ́			0
4905	Bunoge-3933_extinguishputoutfire-1	Bunoge		extinguish, put out (fire)	dímóŋgè	dím-ó-ŋɡ-è	d í m + ó + ŋ ɡ + è			0
4906	DogulDomKundialang-3933_extinguishputoutfire-1	DogulDomKundialang		extinguish, put out (fire)	síyⁿɛ̀	sí-ɛ̀	s í + ɛ̀			0
4907	DonnoSo-3933_extinguishputoutfire-1	DonnoSo		extinguish, put out (fire)	ɲǎŋ dǎ:\\dáỳ	ɲǎŋ--dà.á	ɲ ǎ ŋ + + d à á			0
4908	Gourou-3933_extinguishputoutfire-1	Gourou		extinguish, put out (fire)	úgó	úɡ-ó	ú ɡ + ó			0
4909	JamsayDouentza-3933_extinguishputoutfire-1	JamsayDouentza		extinguish, put out (fire)	úgó	úɡ-ó	ú ɡ + ó			0
4910	Mombo-3933_extinguishputoutfire-1	Mombo		extinguish, put out (fire)	mínígè	mín-í-ɡè	m í n + í + ɡ è			0
4911	Najamba-3933_extinguishputoutfire-1	Najamba		extinguish, put out (fire)	kímógí, gìyɛ́	kím-ó-ɡí	k í m + ó + ɡ í			0
4912	Najamba-3933_extinguishputoutfire-2	Najamba		extinguish, put out (fire)	kímógí, gìyɛ́	ɡìy-ɛ́	ɡ ì j + ɛ́			0
4913	Nanga-3933_extinguishputoutfire-1	Nanga		extinguish, put out (fire)	gìyɛ́	ɡìy-ɛ́	ɡ ì j + ɛ́			0
4914	Penange-3933_extinguishputoutfire-1	Penange		extinguish, put out (fire)	nímbúgè	nímb-úɡ-è	n í m b + ú ɡ + è			0
4915	PergeTegu-3933_extinguishputoutfire-1	PergeTegu		extinguish, put out (fire)	úgó	úɡ-ó	ú ɡ + ó			0
4916	TebulUre-3933_extinguishputoutfire-1	TebulUre		extinguish, put out (fire)	jɛ̌ (jɛ́tì, jɛ̀sɔ́))	dʒ-ɛ̌	d ʒ + ɛ̌			0
4917	Tiranige-3933_extinguishputoutfire-1	Tiranige		extinguish, put out (fire)	nímgó	ním-ɡó	n í m + ɡ ó			0
4918	TogoKan-3933_extinguishputoutfire-1	TogoKan		extinguish, put out (fire)	ɲɛ́: dàrⁿá	ɲɛ́.ɛ́-dàr.n-á	ɲ ɛ́ ɛ́ + d à r ∼ + á			0
4919	TommoSoTongoTongo-3933_extinguishputoutfire-1	TommoSoTongoTongo		extinguish, put out (fire)	sɔ́ɔ́ⁿ, dàá	sɔ́.ɔ́.n-	s ɔ́ ɔ́ ∼			0
4920	TommoSoTongoTongo-3933_extinguishputoutfire-2	TommoSoTongoTongo		extinguish, put out (fire)	sɔ́ɔ́ⁿ, dàá	dà-á	d à + á			0
4922	ToroTegu-3933_extinguishputoutfire-1	ToroTegu		extinguish, put out (fire)	húmkú\\húmkó	húm-kó	h ú m + k ó			0
4923	YandaDom-3933_extinguishputoutfire-1	YandaDom		extinguish, put out (fire)	jɛ́	dʒ-ɛ́	d ʒ + ɛ́			0
4924	YornoSo-3933_extinguishputoutfire-1	YornoSo		extinguish, put out (fire)	dǎ:\\dǎy	dà-á	d à + á			0
2075	BankanTey-3945_eye-1	BankanTey		eye	gìré	ɡìré	ɡ ì r é			1
2076	BenTey-3945_eye-1	BenTey		eye	jìré	dʒì-r-é	d ʒ ì + r + é			1
2077	Bunoge-3945_eye-1	Bunoge		eye	gírésè (single eye), gírè (eyes)	ɡírè	ɡ í r è			1
2078	DogulDomBendiely-3945_eye-1	DogulDomBendiely		eye	gìró	ɡìró	ɡ ì r ó			1
2079	DogulDomKundialang-3945_eye-1	DogulDomKundialang		eye	gìró:	ɡìró.ó	ɡ ì r ó ó			1
2080	DonnoSo-3945_eye-1	DonnoSo		eye	gìrú, gìrî:	ɡìrí.ì	ɡ ì r í ì			1
2081	Gourou-3945_eye-1	Gourou		eye	gìré	ɡìré	ɡ ì r é			1
2082	JamsayDouentza-3945_eye-1	JamsayDouentza		eye	jìré	dʒì-r-é	d ʒ ì + r + é			1
2084	Mombo-3945_eye-1	Mombo		eye	gírè	ɡírè	ɡ í r è			1
2085	Najamba-3945_eye-1	Najamba		eye	gìró\\gìré	ɡìró	ɡ ì r ó	ɡ ì r é		1
2086	Nanga-3945_eye-1	Nanga		eye	gìré	ɡìré	ɡ ì r é			1
2087	Penange-3945_eye-1	Penange		eye	gìrè	ɡìrè	ɡ ì r è			1
2088	PergeTegu-3945_eye-1	PergeTegu		eye	gìré	ɡìré	ɡ ì r é			1
2089	TebulUre-3945_eye-1	TebulUre		eye	gìré (eyes)	ɡìré	ɡ ì r é	ɡ ì r é		1
2090	Tiranige-3945_eye-1	Tiranige		eye	jíró (Boui), gíríyé (Ningo)	ɡírí-yé	ɡ í r í + j é			1
2091	TogoKan-3945_eye-1	TogoKan		eye	gìré	ɡìré	ɡ ì r é			1
2092	TommoSoTongoTongo-3945_eye-1	TommoSoTongoTongo		eye	gìré	ɡìré	ɡ ì r é			1
2095	ToroTegu-3945_eye-1	ToroTegu		eye	jìró, gìró	ɡìró	ɡ ì r ó			1
2096	YandaDom-3945_eye-1	YandaDom		eye	gìdíyè, gìdè	ɡìdè	ɡ ì d è			1
2097	YornoSo-3945_eye-1	YornoSo		eye	gìrìý	ɡìrì-j	ɡ ì r ì + d ʒ			1
3344	BankanTey-3956_fabriccloth-1	BankanTey		fabric, cloth	òròzú	òròzú	ò r ò z ú			0
3345	BenTey-3956_fabriccloth-1	BenTey		fabric, cloth	òròsú	òròsú	ò r ò s ú			0
3346	Bunoge-3956_fabriccloth-1	Bunoge		fabric, cloth	gɛ́jì	ɡɛ́-dʒ-ì	ɡ ɛ́ + d ʒ + ì			0
3347	DogulDomBendiely-3956_fabriccloth-1	DogulDomBendiely		fabric, cloth	sɔ̀wɔ́g	sɔ̀wɔ́-ɡ	s ɔ̀ w ɔ́ + ɡ			0
3348	DogulDomKundialang-3956_fabriccloth-1	DogulDomKundialang		fabric, cloth	sɔ̌:g, gěs (cotton)	ɡěs	ɡ ě s			0
3349	DonnoSo-3956_fabriccloth-1	DonnoSo		fabric, cloth	sɔ̌y	sɔ̌y	s ɔ̌ j			0
3350	JamsayDouentza-3956_fabriccloth-1	JamsayDouentza		fabric, cloth	bágù, yìrú	yìrú	j ì r ú			0
3351	JamsayDouentza-3956_fabriccloth-2	JamsayDouentza		fabric, cloth	bágù, yìrú	yìrú	j ì r ú			0
3353	Mombo-3956_fabriccloth-1	Mombo		fabric, cloth	bágè	báɡè	b á ɡ è			0
3354	Najamba-3956_fabriccloth-1	Najamba		fabric, cloth	sòŋgó\\swɛ̌:	sò-ŋɡ-ó	s ò + ŋ ɡ + ó	s w ɛ̀ ɛ́		0
3355	Nanga-3956_fabriccloth-1	Nanga		fabric, cloth	yùrí	yùrí	j ù r í			0
3356	Penange-3956_fabriccloth-1	Penange		fabric, cloth	sɔ̀y	sɔ̀y	s ɔ̀ j			0
3357	PergeTegu-3956_fabriccloth-1	PergeTegu		fabric, cloth	yùrú	yùrú	j ù r ú			0
3358	TebulUre-3956_fabriccloth-1	TebulUre		fabric, cloth	ɛ̀dɛ̌:	ɛ̀dɛ̀-ɛ́	ɛ̀ d ɛ̀ + ɛ́			0
3359	Tiranige-3956_fabriccloth-1	Tiranige		fabric, cloth	sɔ́:	sɔ́-ɔ́	s ɔ́ + ɔ́			0
3360	TogoKan-3956_fabriccloth-1	TogoKan		fabric, cloth	tǔⁿ	tǔ-ⁿ	t ǔ			0
3361	TommoSoTongoTongo-3956_fabriccloth-1	TommoSoTongoTongo		fabric, cloth	sɔ̌w	sɔ̌w	s ɔ̌ w			0
3363	ToroTegu-3956_fabriccloth-1	ToroTegu		fabric, cloth	yɔ̀rú, bágì	yɔ̀rú	j ɔ̀ r ú			0
3364	ToroTegu-3956_fabriccloth-2	ToroTegu		fabric, cloth	yɔ̀rú, bágì	báɡì	b á ɡ ì			0
3365	YandaDom-3956_fabriccloth-1	YandaDom		fabric, cloth	sɔ̀ŋ	sɔ̀ŋ	s ɔ̀ ŋ			0
3366	YornoSo-3956_fabriccloth-1	YornoSo		fabric, cloth	sɔ̌y	sɔ̌y	s ɔ̌ j			0
14482	BankanTey-3978_fall-1	BankanTey		fall	yǎ:	yà-á	j à + á			1
14483	BenTey-3978_fall-1	BenTey		fall	yàɣá	yàɣ-á	j à ɣ + á			1
14484	Bunoge-3978_fall-1	Bunoge		fall	túbbɛ̀	túb-bɛ̀	t ú b + b ɛ̀			1
14485	DogulDomBendiely-3978_fall-1	DogulDomBendiely		fall	yɛ̀gɛ́	yɛ̀ɡ-ɛ́	j ɛ̀ ɡ + ɛ́			1
14486	DogulDomKundialang-3978_fall-1	DogulDomKundialang		fall	bàgé, yɛ̀gɛ́	bàɡ-é	b à ɡ + é			1
14487	DogulDomKundialang-3978_fall-2	DogulDomKundialang		fall	bàgé, yɛ̀gɛ́	yɛ̀ɡ-ɛ́	j ɛ̀ ɡ + ɛ́			1
14488	DonnoSo-3978_fall-1	DonnoSo		fall	nùmbó\\númbè	númb-è	n ú m b + è			1
14489	Gourou-3978_fall-1	Gourou		fall	nùmó	nùm-ó	n ù m + ó			1
14490	JamsayDouentza-3978_fall-1	JamsayDouentza		fall	nùmó	nùm-ó	n ù m + ó			1
14492	Mombo-3978_fall-1	Mombo		fall	yɛ́gɛ́	yɛ́ɡ-ɛ́	j ɛ́ ɡ + ɛ́			1
14493	Najamba-3978_fall-1	Najamba		fall	dɛ̀ŋɛ́	dɛ̀ŋ-ɛ́	d ɛ̀ ŋ + ɛ́			1
14494	Nanga-3978_fall-1	Nanga		fall	yɛ̀gɛ́	yɛ̀ɡ-ɛ́	j ɛ̀ ɡ + ɛ́			1
14495	Penange-3978_fall-1	Penange		fall	tíbɛ́	tíb-ɛ́	t í b + ɛ́			1
14496	PergeTegu-3978_fall-1	PergeTegu		fall	nùmbɔ́	nùmb-ɔ́	n ù m b + ɔ́			1
14497	Tiranige-3978_fall-1	Tiranige		fall	dúmbɔ́	dúmb-ɔ́	d ú m b + ɔ́			1
14498	TogoKan-3978_fall-1	TogoKan		fall	bàgá	bàɡ-á	b à ɡ + á			1
14499	TommoSoTongoTongo-3978_fall-1	TommoSoTongoTongo		fall	nùmbó	nùmb-ó	n ù m b + ó			1
14500	ToroTegu-3978_fall-1	ToroTegu		fall	lǔw\\lùwó	lùw-ó	l ù w + ó			1
14501	YandaDom-3978_fall-1	YandaDom		fall	pílé\\pílélì	píl-é	p í l + é			1
14502	YornoSo-3978_fall-1	YornoSo		fall	nùmɔ́\\nùmú	nùm-ɔ́	n ù m + ɔ́			1
6982	BankanTey-3992_fardistant-1	BankanTey		far, distant	wⁿâ:wⁿ	w.ná.àw.n	w ∼ á à w ∼			1
6983	BenTey-3992_fardistant-1	BenTey		far, distant	wa᷈:w	wà.àw	w à à w			1
6984	Bunoge-3992_fardistant-1	Bunoge		far, distant	wàgì	wàɡ-ì	w à ɡ + ì			1
6985	DogulDomBendiely-3992_fardistant-1	DogulDomBendiely		far, distant	wàgóón	wàɡóón	w à ɡ ó ó n			1
6986	DogulDomKundialang-3992_fardistant-1	DogulDomKundialang		far, distant	wàgúŋ́	wàɡúŋ	w à ɡ ú ŋ			1
6987	DonnoSo-3992_fardistant-1	DonnoSo		far, distant	wàgú	wàɡ-ú	w à ɡ + ú			1
6988	Gourou-3992_fardistant-1	Gourou		far, distant	wàɣá, wàɣá: kɔ̀	wàɣ-á	w à ɣ + á			1
6989	Gourou-3992_fardistant-2	Gourou		far, distant	wàɣá, wàɣá: kɔ̀	wàɣá.á_k-ɔ̀	w à ɣ á á + k + ɔ̀			1
6990	JamsayDouentza-3992_fardistant-1	JamsayDouentza		far, distant	wàɣá	wàɣ-á	w à ɣ + á			1
6992	Mombo-3992_fardistant-1	Mombo		far, distant	wágù	wáɡ-ù	w á ɡ + ù			1
6993	Najamba-3992_fardistant-1	Najamba		far, distant	wàgíyè\\wǎŋgè	wàɡíy-è	w à ɡ í j + è	w ǎ + ŋ ɡ è		1
6994	Nanga-3992_fardistant-1	Nanga		far, distant	wàgá	wàɡ-á	w à ɡ + á			1
6995	Penange-3992_fardistant-1	Penange		far, distant	wàgè	wàɡ-è	w à ɡ + è			1
6996	PergeTegu-3992_fardistant-1	PergeTegu		far, distant	wàgá	wàɡ-á	w à ɡ + á			1
6997	TebulUre-3992_fardistant-1	TebulUre		far, distant	wàgá (invariant)	wàɡ-á	w à ɡ + á			1
6998	Tiranige-3992_fardistant-1	Tiranige		far, distant	wágá	wáɡ-á	w á ɡ + á			1
6999	TogoKan-3992_fardistant-1	TogoKan		far, distant	wàgá	wàɡ-á	w à ɡ + á			1
7000	TommoSoTongoTongo-3992_fardistant-1	TommoSoTongoTongo		far, distant	wàgé	wàɡ-é	w à ɡ + é			1
7001	ToroTegu-3992_fardistant-1	ToroTegu		far, distant	wà:gá	wà.àɡ-á	w à à ɡ + á			1
7002	YandaDom-3992_fardistant-1	YandaDom		far, distant	wàjú	wàd-ʒú	w à d + ʒ ú			1
7003	YornoSo-3992_fardistant-1	YornoSo		far, distant	wàgú	wàɡ-ú	w à ɡ + ú			1
5146	BankanTey-3994_farmerpeasant-1	BankanTey		farmer, peasant	wòŋgùròwàrǔm\\wàrú	wò-ŋɡù-rò-wà-rǔ-m	w ò + ŋ ɡ ù + r ò + w à + r ǔ + m	w ò ŋ ɡ ù r ò + w à r ú		0
5147	BenTey-3994_farmerpeasant-1	BenTey		farmer, peasant	yù:wàrúm\\wàrú, wòŋgòròwàrúm\\wàrú	wò-ŋɡò-rò-wà-rú-m	w ò + ŋ ɡ ò + r ò + w à + r ú + m	w ò ŋ ɡ ò r ò + w à r ú		0
5148	Bunoge-3994_farmerpeasant-1	Bunoge		farmer, peasant	wòlíwàlòbò	wòlí-wàlò-bò	w ò l í + w à l ò + b ò			0
5149	DogulDomBendiely-3994_farmerpeasant-1	DogulDomBendiely		farmer, peasant	gɔ̀lɔ̀gɔ́l	ɡɔ̀lɔ̀-ɡɔ́l	ɡ ɔ̀ l ɔ̀ + ɡ ɔ́ l			0
5150	DogulDomKundialang-3994_farmerpeasant-1	DogulDomKundialang		farmer, peasant	gɔ̀lɔ̀:gɔ̌l	ɡɔ̀lɔ̀.ɔ̀-ɡɔ̌l	ɡ ɔ̀ l ɔ̀ ɔ̀ + ɡ ɔ̌ l			0
5151	DonnoSo-3994_farmerpeasant-1	DonnoSo		farmer, peasant	yù:wálùnɛ̀\\yù:wálùŋ	yù.ùwá-lùnɛ̀	j ù ù w á + l ù n ɛ̀	j ù ù + w á l ù + ŋ		0
5152	Gourou-3994_farmerpeasant-1	Gourou		farmer, peasant	wàrùwárán	wàrù-wárá-n	w à r ù + w á r á + n			0
5153	JamsayDouentza-3994_farmerpeasant-1	JamsayDouentza		farmer, peasant	wàrùwárán	wàrù-wárá-n	w à r ù + w á r á + n			0
5154	Mombo-3994_farmerpeasant-1	Mombo		farmer, peasant	kùbà kúbí	kùbà_kúbí	k ù b à + k ú b í			0
5155	Najamba-3994_farmerpeasant-1	Najamba		farmer, peasant	gɔ̀lɛ̀gòlé\\gɔ̀lɛ̀gǒlmbó	ɡɔ̀lɛ̀-ɡòlé	ɡ ɔ̀ l ɛ̀ + ɡ ò l é	ɡ ɔ̀ l ɛ̀ + ɡ ǒ l + m b ó		0
5156	Nanga-3994_farmerpeasant-1	Nanga		farmer, peasant	wòrìwàrí, yù:wàrí	wòrì-wàrí	w ò r ì + w à r í			0
5157	Nanga-3994_farmerpeasant-2	Nanga		farmer, peasant	wòrìwàrí, yù:wàrí	yù.ùwà-rí	j ù ù w à + r í			0
5158	Penange-3994_farmerpeasant-1	Penange		farmer, peasant	kùbà:kùbù	kùbà.à-kùbù	k ù b à à + k ù b ù			0
5159	PergeTegu-3994_farmerpeasant-1	PergeTegu		farmer, peasant	wàrùwárán	wàrù-wárá-n	w à r ù + w á r á + n			0
5160	TebulUre-3994_farmerpeasant-1	TebulUre		farmer, peasant	yù[wà:[wàlé]]\\[wà:[wàlmbó]], yù[wàlé]\\yù[wǎlmbɔ́]	yùwà-lé	j ù w à + l é	j ù + w ǎ + l + m b ɔ́		0
5161	Tiranige-3994_farmerpeasant-1	Tiranige		farmer, peasant	kùwɔ̀kúwí	kùwɔ̀-kúwí	k ù w ɔ̀ + k ú w í			0
5162	TogoKan-3994_farmerpeasant-1	TogoKan		farmer, peasant	wàrùwárá	wàrù-wárá	w à r ù + w á r á			0
5163	TommoSoTongoTongo-3994_farmerpeasant-1	TommoSoTongoTongo		farmer, peasant	wòlù wálínɛ́	wòlù_wálí-nɛ́	w ò l ù + w á l í + n ɛ́			0
5165	ToroTegu-3994_farmerpeasant-1	ToroTegu		farmer, peasant	wàràwán\\wárúm	wàrà-wán	w à r à + w á n	w à r à + w á r ú + m		0
5166	YandaDom-3994_farmerpeasant-1	YandaDom		farmer, peasant	gɔ̀lɔ̀gɔ̀l\\mù	ɡɔ̀lɔ̀-ɡɔ̀l	ɡ ɔ̀ l ɔ̀ + ɡ ɔ̀ l	ɡ ɔ̀ l ɔ̀ + ɡ ɔ̀ l + m ù		0
5167	YornoSo-3994_farmerpeasant-1	YornoSo		farmer, peasant	wòl[wálánɛ́]	wòl-wálá-nɛ́	w ò l + w á l á + n ɛ́			0
7419	BankanTey-4006_fatcorpulent-1	BankanTey		fat (corpulent)	dómbúróm\\dómbúró	dó-mbú-ró-m	d ó + m b ú + r ó + m	d ó m b ú r ó		1
7420	BenTey-4006_fatcorpulent-1	BenTey		fat (corpulent)	dùgú	dùɡú	d ù ɡ ú			1
7421	Bunoge-4006_fatcorpulent-1	Bunoge		fat (corpulent)	bìgì	bìɡì	b ì ɡ ì			1
7422	DogulDomKundialang-4006_fatcorpulent-1	DogulDomKundialang		fat (corpulent)	bìnúŋ́	bìnú-ŋ	b ì n ú + ŋ			1
7423	DonnoSo-4006_fatcorpulent-1	DonnoSo		fat (corpulent)	pô:	pó-ò	p ó + ò			1
7424	Gourou-4006_fatcorpulent-1	Gourou		fat (corpulent)	déméré	démé-ré	d é m é + r é			1
7425	JamsayDouentza-4006_fatcorpulent-1	JamsayDouentza		fat (corpulent)	déméré, dùgú	démé-ré	d é m é + r é			1
7426	JamsayDouentza-4006_fatcorpulent-2	JamsayDouentza		fat (corpulent)	déméré, dùgú	dùɡú	d ù ɡ ú			1
7428	Mombo-4006_fatcorpulent-1	Mombo		fat (corpulent)	bállà	bál-là	b á l + l à			1
7429	Najamba-4006_fatcorpulent-1	Najamba		fat (corpulent)	bìní:\\bǐmbó	bìní.í	b ì n í í	b ǐ + m b ó		1
7430	Nanga-4006_fatcorpulent-1	Nanga		fat (corpulent)	démbíré, dùgí, ɔ̀wɔ́	dé-mbí-r-é	d é + m b í + r + é			1
7431	Nanga-4006_fatcorpulent-2	Nanga		fat (corpulent)	démbíré, dùgí, ɔ̀wɔ́	ɔ̀wɔ́	ɔ̀ w ɔ́			1
7432	Nanga-4006_fatcorpulent-3	Nanga		fat (corpulent)	démbíré, dùgí, ɔ̀wɔ́	ɔ̀wɔ́	ɔ̀ w ɔ́			1
7433	Penange-4006_fatcorpulent-1	Penange		fat (corpulent)	bàgàlà	bàɡà-là	b à ɡ à + l à			1
7434	PergeTegu-4006_fatcorpulent-1	PergeTegu		fat (corpulent)	démbéré	dé-mbé-r-é	d é + m b é + r + é			1
7435	TebulUre-4006_fatcorpulent-1	TebulUre		fat (corpulent)	bìnɛ́:\\bǐnmbɔ́ (e.g. person, animal)	bìnɛ́.ɛ́	b ì n ɛ́ ɛ́	b ǐ n + m b ɔ́		1
7436	Tiranige-4006_fatcorpulent-1	Tiranige		fat (corpulent)	bíní	bíní	b í n í			1
7437	TogoKan-4006_fatcorpulent-1	TogoKan		fat (corpulent)	déméré, káŋ	démé-ré	d é m é + r é			1
7438	TogoKan-4006_fatcorpulent-2	TogoKan		fat (corpulent)	déméré, káŋ	káŋ	k á ŋ			1
7439	TommoSoTongoTongo-4006_fatcorpulent-1	TommoSoTongoTongo		fat (corpulent)	póó	póó	p ó ó			1
7440	ToroTegu-4006_fatcorpulent-1	ToroTegu		fat (corpulent)	sɛ́w	sɛ́w	s ɛ́ w			1
7441	YandaDom-4006_fatcorpulent-1	YandaDom		fat (corpulent)	bǐn	bǐn	b ǐ n			1
7442	YornoSo-4006_fatcorpulent-1	YornoSo		fat (corpulent)	dùgú	dùɡú	d ù ɡ ú			1
8322	BankanTey-4021_fatherssister-1	BankanTey		father's sister	sɛ̀sɛ̌m\\sɛ̀sɛ́	sɛ̀sɛ̌-m	s ɛ̀ s ɛ̌ + m	s ɛ̀ s ɛ́		0
8323	BenTey-4021_fatherssister-1	BenTey		father's sister	sìsɛ́	sìsɛ́	s ì s ɛ́			0
8324	Bunoge-4021_fatherssister-1	Bunoge		father's sister	tɔ̀lɔ̀	tɔ̀lɔ̀	t ɔ̀ l ɔ̀			0
8325	DogulDomBendiely-4021_fatherssister-1	DogulDomBendiely		father's sister	nɛ́nɛ̀	nɛ́nɛ̀	n ɛ́ n ɛ̀			0
8326	DogulDomKundialang-4021_fatherssister-1	DogulDomKundialang		father's sister	nɛ́nɛ̀	nɛ́nɛ̀	n ɛ́ n ɛ̀			0
8327	DonnoSo-4021_fatherssister-1	DonnoSo		father's sister	nìnɛ́	nìnɛ́	n ì n ɛ́			0
8328	Gourou-4021_fatherssister-1	Gourou		father's sister	nɛ̀rⁿɛ́	nɛ̀r.-nɛ́	n ɛ̀ r + n ɛ́			0
8329	JamsayDouentza-4021_fatherssister-1	JamsayDouentza		father's sister	nɛ̀rⁿɛ́	nɛ̀r.-nɛ́	n ɛ̀ r + n ɛ́			0
8330	Mombo-4021_fatherssister-1	Mombo		father's sister	bɔ́:	bɔ́-ɔ́	b ɔ́ + ɔ́			0
8331	Najamba-4021_fatherssister-1	Najamba		father's sister	sèjí:\\sèjìmbó	sè-dʒ-í.í	s è + d ʒ + í í	s è d ʒ ì + m b ó		0
8332	Nanga-4021_fatherssister-1	Nanga		father's sister	tùsá	tùsá	t ù s á			0
8333	Penange-4021_fatherssister-1	Penange		father's sister	bɔ̀:	bɔ̀-ɔ̀	b ɔ̀ + ɔ̀			0
8334	PergeTegu-4021_fatherssister-1	PergeTegu		father's sister	nɛ̀rⁿɛ́	nɛ̀r.-nɛ́	n ɛ̀ r + n ɛ́			0
8335	TebulUre-4021_fatherssister-1	TebulUre		father's sister	bà sá	bà_sá	b à + s á			0
8336	Tiranige-4021_fatherssister-1	Tiranige		father's sister	nɛ̀njɛ̀	nɛ̀n-jɛ̀	n ɛ̀ n + d ʒ ɛ̀			0
8337	TogoKan-4021_fatherssister-1	TogoKan		father's sister	nìrⁿí ~ nǐ:	nì-í	n ì + í			0
8338	TommoSoTongoTongo-4021_fatherssister-1	TommoSoTongoTongo		father's sister	nìnɛ́	nìnɛ́	n ì n ɛ́			0
8339	ToroTegu-4021_fatherssister-1	ToroTegu		father's sister	nɛ̀rⁿɛ́\\mǎ:	nɛ̀r.-nɛ́	n ɛ̀ r + n ɛ́	n ɛ̀ r ∼ ɛ́ + m à á		0
8340	YandaDom-4021_fatherssister-1	YandaDom		father's sister	nèrⁿá	nèr.-ná	n è r + n á			0
8341	YornoSo-4021_fatherssister-1	YornoSo		father's sister	nɛ̀rⁿɛ́\\nɛ́rⁿɛ́m ~ nɛ̀rⁿɛ̀ bè, nɛ̀nɛ̌:	nɛ̀nɛ̀.ɛ́	n ɛ̀ n ɛ̀ ɛ́			0
8233	BankanTey-4025_fatherdad-1	BankanTey		father, Dad	bâ:	bá-à	b á + à			1
8234	BenTey-4025_fatherdad-1	BenTey		father, Dad	bìbǎ:, bà:bá, bâ:	bá-à	b á + à			1
8235	Bunoge-4025_fatherdad-1	Bunoge		father, Dad	bá:	bá-á	b á + á			1
8236	DogulDomBendiely-4025_fatherdad-1	DogulDomBendiely		father, Dad	ǹdé	ǹdé	n d é			1
8237	DogulDomKundialang-4025_fatherdad-1	DogulDomKundialang		father, Dad	ǹdé:	ǹdé-é	n d é + é			1
8238	DonnoSo-4025_fatherdad-1	DonnoSo		father, Dad	bǎ:	bà-á	b à + á			1
8239	JamsayDouentza-4025_fatherdad-1	JamsayDouentza		father, Dad	bǎ:	bà-á	b à + á			1
8240	Mombo-4025_fatherdad-1	Mombo		father, Dad	bá:	bá-á	b á + á			1
8241	Najamba-4025_fatherdad-1	Najamba		father, Dad	bâ:, ábbà	ábbà	á b b à			1
8242	Najamba-4025_fatherdad-2	Najamba		father, Dad	bâ:, ábbà	ábbà	á b b à			1
8243	Nanga-4025_fatherdad-1	Nanga		father, Dad	bâ:	bá-à	b á + à			1
8244	Penange-4025_fatherdad-1	Penange		father, Dad	ŋ́ bɔ̀bɔ́	ŋ_bɔ̀bɔ́	ŋ + b ɔ̀ b ɔ́			1
8245	TebulUre-4025_fatherdad-1	TebulUre		father, Dad	bá	bá	b á			1
8246	TogoKan-4025_fatherdad-1	TogoKan		father, Dad	dèdê:	dèdé.è	d è d é è			1
8247	TommoSoTongoTongo-4025_fatherdad-1	TommoSoTongoTongo		father, Dad	bàbáá, àbáá, báá	bàbáá	b à b á á ∼			1
8248	TommoSoTongoTongo-4025_fatherdad-2	TommoSoTongoTongo		father, Dad	bàbáá, àbáá, báá	àbáá	à b á á ∼			1
8249	TommoSoTongoTongo-4025_fatherdad-3	TommoSoTongoTongo		father, Dad	bàbáá, àbáá, báá	báá	b á á ∼			1
8250	YandaDom-4025_fatherdad-1	YandaDom		father, Dad	dèdé	dèdé	d è d é			1
8251	YornoSo-4025_fatherdad-1	YornoSo		father, Dad	dê:	dé-è	d é + è			1
12087	BankanTey-4033_fearnoun-1	BankanTey		fear (noun)	wⁿǎn, kǒ:	kò-ó	k ò + ó			0
12088	BenTey-4033_fearnoun-1	BenTey		fear (noun)	ùwǎw	ùwǎw	ù w ǎ w			0
12089	Bunoge-4033_fearnoun-1	Bunoge		fear (noun)	dìwɔ̀	dìwɔ̀	d ì w ɔ̀			0
12090	DogulDomBendiely-4033_fearnoun-1	DogulDomBendiely		fear (noun)	úgììg	úɡììɡ	ú ɡ ì ì ɡ			0
12091	DogulDomKundialang-4033_fearnoun-1	DogulDomKundialang		fear (noun)	ú:gì:g	ú.úɡì.ìɡ	ú ú ɡ ì ì ɡ			0
12092	DonnoSo-4033_fearnoun-1	DonnoSo		fear (noun)	níɲɲɛ̀:dù	níɲ-ɲɛ̀.ɛ̀dù	n í ɲ + ɲ ɛ̀ ɛ̀ d ù			0
12093	Gourou-4033_fearnoun-1	Gourou		fear (noun)	lìlɛ̌:	lìlɛ̀.ɛ́	l ì l ɛ̀ ɛ́			0
12094	JamsayDouentza-4033_fearnoun-1	JamsayDouentza		fear (noun)	lìlɛ̌:	lìlɛ̀.ɛ́	l ì l ɛ̀ ɛ́			0
12096	Mombo-4033_fearnoun-1	Mombo		fear (noun)	níwɔ́	níwɔ́	n í w ɔ́			0
12097	Najamba-4033_fearnoun-1	Najamba		fear (noun)	ìbìnàŋgó, ìbàŋgó	ìbà-ŋɡ-ó	ì b à + ŋ ɡ + ó			0
12098	Nanga-4033_fearnoun-1	Nanga		fear (noun)	ùwá	ùwá	ù w á			0
12099	Penange-4033_fearnoun-1	Penange		fear (noun)	ní:gɔ́	ní.íɡɔ́	n í í ɡ ɔ́			0
12100	PergeTegu-4033_fearnoun-1	PergeTegu		fear (noun)	lɛ̀lɛ̌:	lɛ̀lɛ̀.ɛ́	l ɛ̀ l ɛ̀ ɛ́			0
12101	TebulUre-4033_fearnoun-1	TebulUre		fear (noun)	íríyá:, cɛ̀ndɛ̀pÂy	tʃɛ̀-ndɛ̀-pâ-y	t ʃ ɛ̀ + n d ɛ̀ + p â + j			0
12102	Tiranige-4033_fearnoun-1	Tiranige		fear (noun)	yó:níyó	yó.óní-yó	j ó ó n í + j ó			0
12103	TogoKan-4033_fearnoun-1	TogoKan		fear (noun)	lìwɛ́	lìwɛ́	l ì w ɛ́			0
12104	TommoSoTongoTongo-4033_fearnoun-1	TommoSoTongoTongo		fear (noun)	níyɛ́	níyɛ́	n í j ɛ́			0
12105	ToroTegu-4033_fearnoun-1	ToroTegu		fear (noun)	líwá	líwá	l í w á			0
12106	YandaDom-4033_fearnoun-1	YandaDom		fear (noun)	íbɛ̀	íbɛ̀	í b ɛ̀			0
12107	YornoSo-4033_fearnoun-1	YornoSo		fear (noun)	lìlɛ̌:, lɛ̂:	lɛ́-ɛ̀	l ɛ́ + ɛ̀			0
3036	BankanTey-4040_feather-1	BankanTey		feather	kùyá	kùyá	k ù j á			1
3037	BenTey-4040_feather-1	BenTey		feather	kùkùyɔ́	kùkù-yɔ́	k ù k ù + j ɔ́			1
3038	Bunoge-4040_feather-1	Bunoge		feather	kùlɛ̀ ("hair")	kùlɛ̀	k ù l ɛ̀			1
3039	DogulDomBendiely-4040_feather-1	DogulDomBendiely		feather	kílì	kílì	k í l ì			1
3040	DogulDomKundialang-4040_feather-1	DogulDomKundialang		feather	kîl	kîl	k î l			1
3041	DonnoSo-4040_feather-1	DonnoSo		feather	kèŋgèlé	kè-ŋɡè-l-é	k è + ŋ ɡ è + l + é			1
3042	Gourou-4040_feather-1	Gourou		feather	kúrɔ́	kúrɔ́	k ú r ɔ́			1
3043	JamsayDouentza-4040_feather-1	JamsayDouentza		feather	kúrɔ́	kúrɔ́	k ú r ɔ́			1
3044	Mombo-4040_feather-1	Mombo		feather	ìní kúlɛ̀	ìní_kúlɛ̀	ì n í + k ú l ɛ̀			1
3045	Najamba-4040_feather-1	Najamba		feather	kùlɛ́ŋgó\\kùlɛ́	kùlɛ́-ŋɡ-ó	k ù l ɛ́ + ŋ ɡ + ó	k ù l ɛ́		1
3046	Nanga-4040_feather-1	Nanga		feather	kìyá	kìyá	k ì j á			1
3047	Penange-4040_feather-1	Penange		feather	kúlɛ́	kúlɛ́	k ú l ɛ́			1
3048	PergeTegu-4040_feather-1	PergeTegu		feather	kúrɔ́	kúrɔ́	k ú r ɔ́			1
3049	TebulUre-4040_feather-1	TebulUre		feather	kúlá	kúlá	k ú l á			1
3050	Tiranige-4040_feather-1	Tiranige		feather	kùlɛ̀ŋgè ("hair")	kùlɛ̀-ŋɡ-è	k ù l ɛ̀ + ŋ ɡ + è			1
3051	TogoKan-4040_feather-1	TogoKan		feather	kúrɔ́	kúrɔ́	k ú r ɔ́			1
3052	TommoSoTongoTongo-4040_feather-1	TommoSoTongoTongo		feather	kúló	kúló	k ú l ó			1
3054	ToroTegu-4040_feather-1	ToroTegu		feather	kúrɔ́	kúrɔ́	k ú r ɔ́			1
3055	YandaDom-4040_feather-1	YandaDom		feather	kùlà	kùlà	k ù l à			1
3056	YornoSo-4040_feather-1	YornoSo		feather	kùkûl	kùkû-l	k ù k û + l			1
1144	BankanTey-4052_femalebreast-1	BankanTey		female breast	úrù	úrù	ú r ù			1
1145	BenTey-4052_femalebreast-1	BenTey		female breast	írù	írù	í r ù			1
1146	Bunoge-4052_femalebreast-1	Bunoge		female breast	ʔójjè	ʔó-dʒ-dʒ-è	ʔ ó + d ʒ + d ʒ + è			1
1147	DogulDomBendiely-4052_femalebreast-1	DogulDomBendiely		female breast	ɲ́jù	ɲ-dʒù	ɲ + d ʒ ù			1
1148	DogulDomKundialang-4052_femalebreast-1	DogulDomKundialang		female breast	únjùŋ̀ (únjù yà:)	únjù-ŋ	ú n d ʒ ù + ŋ	ú n d ʒ ù + j à à		1
1149	DonnoSo-4052_femalebreast-1	DonnoSo		female breast	írù	írù	í r ù			1
1150	Gourou-4052_femalebreast-1	Gourou		female breast	írù	írù	í r ù			1
1151	JamsayDouentza-4052_femalebreast-1	JamsayDouentza		female breast	írù	írù	í r ù			1
1152	Mombo-4052_femalebreast-1	Mombo		female breast	ógyé	óɡyé	ó ɡ j é			1
1153	Najamba-4052_femalebreast-1	Najamba		female breast	ónjù:\\ónjì:	ónjù-ù	ó n d ʒ ù + ù	ó n d ʒ ì ì		1
1154	Nanga-4052_femalebreast-1	Nanga		female breast	úrî	úrî	ú r î			1
1155	Penange-4052_femalebreast-1	Penange		female breast	éjjé (y)	é-dʒ-dʒ-é	é + d ʒ + d ʒ + é	j + é d ʒ d ʒ é		1
1156	PergeTegu-4052_femalebreast-1	PergeTegu		female breast	ɛ̂m	ɛ̂-m	ɛ̂ + m			1
1157	TebulUre-4052_femalebreast-1	TebulUre		female breast	ɛ́mnɛ́	ɛ́mnɛ́	ɛ́ m n ɛ́			1
1158	Tiranige-4052_femalebreast-1	Tiranige		female breast	ùnjìgè	ùnjì-ɡè	ù n d ʒ ì + ɡ è			1
1159	TogoKan-4052_femalebreast-1	TogoKan		female breast	írí	írí	í r í			1
1162	ToroTegu-4052_femalebreast-1	ToroTegu		female breast	írù	írù	í r ù			1
1163	YandaDom-4052_femalebreast-1	YandaDom		female breast	ɛ́mɛ́	ɛ́-mɛ́	ɛ́ + m ɛ́			1
1164	YornoSo-4052_femalebreast-1	YornoSo		female breast	írù	írù	í r ù			1
9329	BankanTey-4082_fightverbonly-1	BankanTey		fight (verb only)	zàyá	zày-á	z à j + á			1
9330	BenTey-4082_fightverbonly-1	BenTey		fight (verb only)	jàyá	dʒày-á	d ʒ à j + á			1
9331	Bunoge-4082_fightverbonly-1	Bunoge		fight (verb only)	ɲɔ́ŋɛ̀	ɲɔ́ŋ-ɛ̀	ɲ ɔ́ ŋ + ɛ̀			1
9332	DogulDomKundialang-4082_fightverbonly-1	DogulDomKundialang		fight (verb only)	jà:lyé	dʒà-.àly-é	d ʒ à + à l j + é			1
9333	DonnoSo-4082_fightverbonly-1	DonnoSo		fight (verb only)	jàgùlɛ́:\\jágùlìỳ	dʒà-ɡùl-ɛ́.ɛ́	d ʒ à + ɡ ù l + ɛ́ ɛ́			1
9334	Gourou-4082_fightverbonly-1	Gourou		fight (verb only)	zàyá	zày-á	z à j + á			1
9335	JamsayDouentza-4082_fightverbonly-1	JamsayDouentza		fight (verb only)	jɛ̀yɛ́ ~ jɛ̌:	dʒɛ̀y-ɛ́	d ʒ ɛ̀ j + ɛ́			1
9336	JamsayDouentza-4082_fightverbonly-2	JamsayDouentza		fight (verb only)	jɛ̀yɛ́ ~ jɛ̌:	dʒ-ɛ̀-ɛ́	d ʒ + ɛ̀ + ɛ́			1
9338	Mombo-4082_fightverbonly-1	Mombo		fight (verb only)	jáwⁿyⁿè	dʒá-w.n-è	d ʒ á + w ∼ + è			1
9339	Najamba-4082_fightverbonly-1	Najamba		fight (verb only)	já:ŋíy\\jà:ŋìyè	dʒà-.àŋìy-è	d ʒ à + à ŋ ì j + è			1
9340	Nanga-4082_fightverbonly-1	Nanga		fight (verb only)	jòríyé	dʒò-ríy-é	d ʒ ò + r í j + é			1
9341	Penange-4082_fightverbonly-1	Penange		fight (verb only)	jáyⁿ	dʒ-á	d ʒ + á			1
9342	PergeTegu-4082_fightverbonly-1	PergeTegu		fight (verb only)	jàyá	dʒày-á	d ʒ à j + á			1
9343	TebulUre-4082_fightverbonly-1	TebulUre		fight (verb only)	zèjí (zèjítì)	zèdʒ-í	z è d ʒ + í			1
9344	Tiranige-4082_fightverbonly-1	Tiranige		fight (verb only)	yáŋíyó	yáŋ-í-yó	j á ŋ + í + j ó			1
9345	TogoKan-4082_fightverbonly-1	TogoKan		fight (verb only)	jàyî:	dʒày-í.ì	d ʒ à j + í ì			1
9346	TommoSoTongoTongo-4082_fightverbonly-1	TommoSoTongoTongo		fight (verb only)	jàwíyɛ́	dʒà-wíy-ɛ́	d ʒ à + w í j + ɛ́			1
9347	ToroTegu-4082_fightverbonly-1	ToroTegu		fight (verb only)	zɔ̌ŋ\\zɔ̀ŋɔ́	zɔ̀ŋ-ɔ́	z ɔ̀ ŋ + ɔ́			1
9348	YandaDom-4082_fightverbonly-1	YandaDom		fight (verb only)	zá:níyⁿɛ́\\zà:nìyⁿàlí	zá-.áníɛ́	z á + á n í ɛ́			1
9349	YornoSo-4082_fightverbonly-1	YornoSo		fight (verb only)	jàyɛ́:\\jàyí:	dʒày-ɛ́.ɛ́	d ʒ à j + ɛ́ ɛ́			1
1854	BankanTey-4115_finger-1	BankanTey		finger	nà:sìrî:	nà.àsì-rí.ì	n à à s ì + r í ì			0
1855	BenTey-4115_finger-1	BenTey		finger	nà:sî:ⁿ	nà.àsí.ì-ⁿ	n à à s í ì			0
1856	Bunoge-4115_finger-1	Bunoge		finger	nùmɛ́sè (def sê: nɔ̀, pl sě:gè)	nùmɛ́-sè	n ù m ɛ́ + s è	s è é + ɡ è		0
1857	DogulDomBendiely-4115_finger-1	DogulDomBendiely		finger	nùmɔ̀ sáígù	nùmɔ̀_sáíɡù	n ù m ɔ̀ + s á í ɡ ù			0
1858	DogulDomKundialang-4115_finger-1	DogulDomKundialang		finger	nùmɔ̀sâyg	nùmɔ̀-sây-ɡ	n ù m ɔ̀ + s â j + ɡ			0
1859	DonnoSo-4115_finger-1	DonnoSo		finger	nùmɔ̀ sàý	nùmɔ̀_sàj	n ù m ɔ̀ + s à d ʒ			0
1860	Gourou-4115_finger-1	Gourou		finger	nùmò î:ⁿ	nùmò_í.ì-ⁿ	n ù m ò + í ì			0
1861	JamsayDouentza-4115_finger-1	JamsayDouentza		finger	nùmòî:ⁿ	nùmòí.ì-ⁿ	n ù m ò í ì			0
1862	Mombo-4115_finger-1	Mombo		finger	nɛ̀: sí:	nɛ̀.ɛ̀_sí.í	n ɛ̀ ɛ̀ + s í í			0
1863	Najamba-4115_finger-1	Najamba		finger	nùmàsɛ́ndɔ̀:\\sɛ́ndɛ̀:	nùmà-sɛ́-nd-ɔ̀.ɔ̀	n ù m à + s ɛ́ + n d + ɔ̀ ɔ̀	n ù m à + s ɛ́ n d ɔ̀ ɔ̀ + s ɛ́ n d ɛ̀ ɛ̀		0
1864	Nanga-4115_finger-1	Nanga		finger	làsìrî	làsì-rî	l à s ì + r î			0
1865	Penange-4115_finger-1	Penange		finger	nɛ̀:sé (pl sé:gè)	nɛ̀.ɛ̀sé	n ɛ̀ ɛ̀ s é	n ɛ̀ ɛ̀ + s é é + ɡ è		0
1866	PergeTegu-4115_finger-1	PergeTegu		finger	nùwⁿòšî:ⁿ	nùw.-nòší.ì-ⁿ	n ù w + n ò š í ì			0
1867	TebulUre-4115_finger-1	TebulUre		finger	nùmà:íyɛ́	nùmà.àí-yɛ́	n ù m à à í + j ɛ́			0
1868	TogoKan-4115_finger-1	TogoKan		finger	nùmɔ̀í:ⁿ	nùmɔ̀í.í-ⁿ	n ù m ɔ̀ í í			0
1869	TommoSoTongoTongo-4115_finger-1	TommoSoTongoTongo		finger	nùmɔ̀ sǎy	nùmɔ̀_sǎy	n ù m ɔ̀ + s ǎ j			0
1872	ToroTegu-4115_finger-1	ToroTegu		finger	lɔ̀[ìrⁿú]	lɔ̀ìr.-nú	l ɔ̀ ì r + n ú			0
1873	YandaDom-4115_finger-1	YandaDom		finger	nùmàé:, nùmàyé	nùmà-yé	n ù m à + j é			0
1874	YandaDom-4115_finger-2	YandaDom		finger	nùmàé:, nùmàyé	nùmà-yé	n ù m à + j é			0
1875	YornoSo-4115_finger-1	YornoSo		finger	nɔ̀yⁿsǎy	nɔ̀sǎ-y	n ɔ̀ s ǎ + j			0
1911	BankanTey-4116_fingernail-1	BankanTey		fingernail	nà:sìrì: kɔ́:rɔ̂:	nà.àsì-rì.ì_kɔ́.ɔ́rɔ́.ɔ̀	n à à s ì + r ì ì + k ɔ́ ɔ́ r ɔ́ ɔ̀			0
1912	BenTey-4116_fingernail-1	BenTey		fingernail	nà:sì:ⁿ kɔ̌wⁿrⁿì:	nà.àsì.ìⁿ_kɔ̌w.-nr.-nì.ì	n à à s ì ì ∼ + k ɔ̌ w + n r + n ì ì			0
1913	Bunoge-4116_fingernail-1	Bunoge		fingernail	nùmɛ́kòbálì	nùmɛ́-kòbá-lì	n ù m ɛ́ + k ò b á + l ì			0
1914	DogulDomBendiely-4116_fingernail-1	DogulDomBendiely		fingernail	nùmɔ̀ kóbùlùŋ	nùmɔ̀_kóbù-lùŋ	n ù m ɔ̀ + k ó b ù + l ù ŋ			0
1915	DogulDomKundialang-4116_fingernail-1	DogulDomKundialang		fingernail	nùmɔ̀kóblùŋ̀	nùmɔ̀-kób-lùŋ	n ù m ɔ̀ + k ó b + l ù ŋ			0
1916	DonnoSo-4116_fingernail-1	DonnoSo		fingernail	[nùmɔ̀ŋ]kòmbìlî:	nùmɔ̀-ŋkò-mbì-l-í.ì	n ù m ɔ̀ + ŋ k ò + m b ì + l + í ì			0
1917	Gourou-4116_fingernail-1	Gourou		fingernail	nùmò kǒw	nùmò_kǒw	n ù m ò + k ǒ w			0
1918	JamsayDouentza-4116_fingernail-1	JamsayDouentza		fingernail	nùmò[kìkǒw]	nùmò-kìkǒ-w	n ù m ò + k ì k ǒ + w			0
1919	Mombo-4116_fingernail-1	Mombo		fingernail	nɛ̀: sí: kòbèlè	nɛ̀.ɛ̀_sí.í_kòbè-lè	n ɛ̀ ɛ̀ + s í í + k ò b è + l è			0
1920	Najamba-4116_fingernail-1	Najamba		fingernail	nùmàkóbùlù:\\kóbìlì:	nùmà-kóbù-lù.ù	n ù m à + k ó b ù + l ù ù	n ù m à + k ó b ù l ù ù + k ó b ì l ì ì		0
1921	Nanga-4116_fingernail-1	Nanga		fingernail	làsìrìkɔ̀mɔ́rɔ̂, làsìrìkɔ̀mbɔ́rɔ̂	làsì-rìkɔ̀-mɔ́rɔ̂	l à s ì + r ì k ɔ̀ + m ɔ́ r ɔ̂			0
1922	Nanga-4116_fingernail-2	Nanga		fingernail	làsìrìkɔ̀mɔ́rɔ̂, làsìrìkɔ̀mbɔ́rɔ̂	làsì-r-ìkɔ̀-mbɔ́-r-ɔ̂	l à s ì + r + ì k ɔ̀ + m b ɔ́ + r + ɔ̂			0
1923	Penange-4116_fingernail-1	Penange		fingernail	nɛ̀:kɔ́búlɛ̀	nɛ̀.ɛ̀kɔ́-búlɛ̀	n ɛ̀ ɛ̀ k ɔ́ + b ú l ɛ̀			0
1924	PergeTegu-4116_fingernail-1	PergeTegu		fingernail	nùwⁿòšì:ⁿ kómjó	nùw.-nòšì.ìⁿ_kóm-dʒ-ó	n ù w + n ò š ì ì ∼ + k ó m + d ʒ + ó			0
1925	TebulUre-4116_fingernail-1	TebulUre		fingernail	nùmà:[kòbìlíyɛ́]	nùmà.à-kòbì-líyɛ́	n ù m à à + k ò b ì + l í j ɛ́			0
1926	Tiranige-4116_fingernail-1	Tiranige		fingernail	nùmá kòwàlé ("hand nail")	nùmá_kòwà-lé	n ù m á + k ò w à + l é			0
1927	TogoKan-4116_fingernail-1	TogoKan		fingernail	nùmɔ̀kɔ̀rⁿí:	nùmɔ̀-kɔ̀r.-ní.í	n ù m ɔ̀ + k ɔ̀ r + n í í			0
1928	TommoSoTongoTongo-4116_fingernail-1	TommoSoTongoTongo		fingernail	nùmɔ̀ sày kobìlìyé	nùmɔ̀_sày_kobì-lìyé	n ù m ɔ̀ + s à j + k o b ì + l ì j é			0
1931	ToroTegu-4116_fingernail-1	ToroTegu		fingernail	lɔ̀cèwrěy	lɔ̀tʃè-wrě-y	l ɔ̀ t ʃ è + w r ě + j			0
1932	YandaDom-4116_fingernail-1	YandaDom		fingernail	nùmà[kòmbílyè]	nùmà-kò-mbí-l-y-è	n ù m à + k ò + m b í + l + j + è			0
1933	YornoSo-4116_fingernail-1	YornoSo		fingernail	nɔ̀yⁿ[kòbìlìý]	nɔ̀kò-bìlì-j	n ɔ̀ k ò + b ì l ì + d ʒ			0
8182	BankanTey-4118_finishsth-1	BankanTey		finish (sth)	dùmbìrí	dùmb-ìr-í	d ù m b + ì r + í			0
8183	BenTey-4118_finishsth-1	BenTey		finish (sth)	dùmdí ~ dùmdú	dùm-dí	d ù m + d í			0
8184	BenTey-4118_finishsth-2	BenTey		finish (sth)	dùmdí ~ dùmdú	dùm-dú	d ù m + d ú			0
8185	Bunoge-4118_finishsth-1	Bunoge		finish (sth)	púllè	púl-lè	p ú l + l è			0
8186	DogulDomBendiely-4118_finishsth-1	DogulDomBendiely		finish (sth)	ègùndé	èɡùnd-é	è ɡ ù n d + é			0
8187	DogulDomKundialang-4118_finishsth-1	DogulDomKundialang		finish (sth)	tîl kánè	tîl-kánè	t î l + k á n è			0
8188	DonnoSo-4118_finishsth-1	DonnoSo		finish (sth)	dògó\\dógè, tílù kán(à)	tílù-kánà	t í l ù + k á n à			0
8189	JamsayDouentza-4118_finishsth-1	JamsayDouentza		finish (sth)	dògó	dòɡ-ó	d ò ɡ + ó			0
8190	Mombo-4118_finishsth-1	Mombo		finish (sth)	gɔ́:lɛ̀	ɡɔ́.ɔ́l-ɛ̀	ɡ ɔ́ ɔ́ l + ɛ̀			0
8191	Najamba-4118_finishsth-1	Najamba		finish (sth)	ìgóndí, pór\\pòrè	ìɡónd-í	ì ɡ ó n d + í			0
8192	Nanga-4118_finishsth-1	Nanga		finish (sth)	dìmɛ́ndí	dìm-ɛ́n-dí	d ì m + ɛ́ n + d í			0
8193	Penange-4118_finishsth-1	Penange		finish (sth)	dɛ́ŋgɛ́	dɛ́ŋɡ-ɛ́	d ɛ́ ŋ ɡ + ɛ́			0
8194	PergeTegu-4118_finishsth-1	PergeTegu		finish (sth)	dùmdɔ́	dùm-dɔ́	d ù m + d ɔ́			0
8195	TebulUre-4118_finishsth-1	TebulUre		finish (sth)	dùmdí (dùmdítì)	dùm-dí	d ù m + d í			0
8196	Tiranige-4118_finishsth-1	Tiranige		finish (sth)	póró, íŋgóm(ú)	pór-ó	p ó r + ó			0
8197	Tiranige-4118_finishsth-2	Tiranige		finish (sth)	póró, íŋgóm(ú)	íŋɡóm-ú	í ŋ ɡ ó m + ú			0
8198	TogoKan-4118_finishsth-1	TogoKan		finish (sth)	dògó, kílì\\kílɛ́	dòɡ-ó	d ò ɡ + ó			0
8199	TogoKan-4118_finishsth-2	TogoKan		finish (sth)	dògó, kílì\\kílɛ́	kíl-ɛ́	k í l + ɛ́			0
8200	TommoSoTongoTongo-4118_finishsth-1	TommoSoTongoTongo		finish (sth)	dùmɔ́ndɔ́	dùm-ɔ́nd-ɔ́	d ù m + ɔ́ n d + ɔ́			0
8202	ToroTegu-4118_finishsth-1	ToroTegu		finish (sth)	dùmkú\\dùmkɔ́, dùmkú kám\\káwⁿá = ká:ⁿ, dùmlú\\dùmlɔ́	dùm-lɔ́	d ù m + l ɔ́			0
8203	YandaDom-4118_finishsth-1	YandaDom		finish (sth)	ídé\\ìdèlí	íd-é	í d + é			0
8204	YornoSo-4118_finishsth-1	YornoSo		finish (sth)	kílɛ́	kíl-ɛ́	k í l + ɛ́			0
4759	BankanTey-4122_fire-1	BankanTey		fire	go᷈:	ɡò-ò	ɡ ò + ò			1
4760	BenTey-4122_fire-1	BenTey		fire	go᷈:	ɡò-ò	ɡ ò + ò			1
4761	Bunoge-4122_fire-1	Bunoge		fire	génì	ɡénì	ɡ é n ì			1
4762	DogulDomBendiely-4122_fire-1	DogulDomBendiely		fire	gógó	ɡóɡó	ɡ ó ɡ ó			1
4763	DogulDomKundialang-4122_fire-1	DogulDomKundialang		fire	gògó	ɡòɡó	ɡ ò ɡ ó			1
4764	DonnoSo-4122_fire-1	DonnoSo		fire	ɲa᷈ŋ	ɲǎŋ	ɲ ǎ ŋ			1
4765	Gourou-4122_fire-1	Gourou		fire	núwⁿó	núw.-nó	n ú w + n ó			1
4766	JamsayDouentza-4122_fire-1	JamsayDouentza		fire	núwⁿó, núwⁿɔ́	núw.-nɔ́	n ú w + n ɔ́			1
4768	Mombo-4122_fire-1	Mombo		fire	génì	ɡénì	ɡ é n ì			1
4769	Najamba-4122_fire-1	Najamba		fire	gólò\\gólè	ɡólò	ɡ ó l ò	ɡ ó l è		1
4770	Nanga-4122_fire-1	Nanga		fire	go᷈:	ɡò-ò	ɡ ò + ò			1
4771	Penange-4122_fire-1	Penange		fire	gènì ~ gèn	ɡèn	ɡ è n			1
4772	PergeTegu-4122_fire-1	PergeTegu		fire	núwⁿó	núw.-nó	n ú w + n ó			1
4773	TebulUre-4122_fire-1	TebulUre		fire	gǒ:	ɡò-ó	ɡ ò + ó			1
4774	Tiranige-4122_fire-1	Tiranige		fire	jíyé (Boui), gɛ́ní (Ningo)	ɡɛ́ní	ɡ ɛ́ n í			1
4775	TogoKan-4122_fire-1	TogoKan		fire	ɲɛ́:	ɲɛ́-ɛ́	ɲ ɛ́ + ɛ́			1
4776	TommoSoTongoTongo-4122_fire-1	TommoSoTongoTongo		fire	ɲǎm	ɲǎ-m	ɲ ǎ + m			1
4778	ToroTegu-4122_fire-1	ToroTegu		fire	núwⁿɔ́	núw.-nɔ́	n ú w + n ɔ́			1
4779	YandaDom-4122_fire-1	YandaDom		fire	gòlò	ɡòlò	ɡ ò l ò			1
4780	YornoSo-4122_fire-1	YornoSo		fire	yǎm	yǎ-m	j ǎ + m			1
4794	BankanTey-4125_firewood-1	BankanTey		firewood	tǐn	tǐn	t ǐ n			0
4795	BenTey-4125_firewood-1	BenTey		firewood	tìrⁿú ~ tìrⁿí	tìr.-ní	t ì r + n í			0
4796	Bunoge-4125_firewood-1	Bunoge		firewood	té:ŋgè	té.é-ŋɡ-è	t é é + ŋ ɡ + è			0
4797	DogulDomBendiely-4125_firewood-1	DogulDomBendiely		firewood	tééŋ	tééŋ	t é é ŋ			0
4798	DogulDomKundialang-4125_firewood-1	DogulDomKundialang		firewood	tê:ⁿ	té-èⁿ	t é + è ∼			0
4799	DonnoSo-4125_firewood-1	DonnoSo		firewood	tìnú	tìnú	t ì n ú			0
4800	JamsayDouentza-4125_firewood-1	JamsayDouentza		firewood	tǐn, tìn ɲà:sìrú	tǐn	t ǐ n			0
4801	JamsayDouentza-4125_firewood-2	JamsayDouentza		firewood	tǐn, tìn ɲà:sìrú	tìn_ɲà.àsì-rú	t ì n + ɲ à à s ì + r ú			0
4802	Mombo-4125_firewood-1	Mombo		firewood	té:ŋgé	té.é-ŋɡ-é	t é é + ŋ ɡ + é			0
4803	Najamba-4125_firewood-1	Najamba		firewood	té:ŋgó\\té:	té.é-ŋɡ-ó	t é é + ŋ ɡ + ó	t é é		0
4804	Nanga-4125_firewood-1	Nanga		firewood	tìrⁿí	tìr.-ní	t ì r + n í			0
4805	Penange-4125_firewood-1	Penange		firewood	tè:ŋgè	tè.è-ŋɡ-è	t è è + ŋ ɡ + è			0
4806	PergeTegu-4125_firewood-1	PergeTegu		firewood	tìrⁿí	tìr.-ní	t ì r + n í			0
4807	TebulUre-4125_firewood-1	TebulUre		firewood	tìně:	tìnè.é	t ì n è é			0
4808	Tiranige-4125_firewood-1	Tiranige		firewood	tè:ŋgè (Boui), tě: (Ningo, plural tě:ŋgé)	tè-é	t è + é	t è é + ŋ ɡ é		0
4809	TogoKan-4125_firewood-1	TogoKan		firewood	tǐⁿ	tǐ-ⁿ	t ǐ			0
4810	TommoSoTongoTongo-4125_firewood-1	TommoSoTongoTongo		firewood	tínú	tínú	t í n ú			0
4812	ToroTegu-4125_firewood-1	ToroTegu		firewood	tìrⁿú	tìr.-nú	t ì r + n ú			0
4813	YandaDom-4125_firewood-1	YandaDom		firewood	té:	té-é	t é + é			0
4814	YornoSo-4125_firewood-1	YornoSo		firewood	tǐn	tǐn	t ǐ n			0
11207	BankanTey-4127_firstadj-1	BankanTey		first (adj)	kùyǎm\\kùyá, tùmmá:m\\tùmmá:	kùyǎm\\kùyá	k ù j ǎ m k ù j á			0
11208	BenTey-4127_firstadj-1	BenTey		first (adj)	kùyɔ́:m\\kùyɔ́:	kùyɔ́.ɔ́m	k ù j ɔ́ ɔ́ m	k ù j ɔ́ ɔ́		0
11209	Bunoge-4127_firstadj-1	Bunoge		first (adj)	kàndè	kàndè	k à n d è			0
11210	DogulDomBendiely-4127_firstadj-1	DogulDomBendiely		first (adj)	kòsáá	kòsáá	k ò s á á ∼			0
11211	DogulDomKundialang-4127_firstadj-1	DogulDomKundialang		first (adj)	kɔ̀sá:, gɔ̀sá:	ɡɔ̀sá.á	ɡ ɔ̀ s á á			0
11212	DonnoSo-4127_firstadj-1	DonnoSo		first (adj)	nâ:ŋ, kɛ̌:	kɛ̀-ɛ́	k ɛ̀ + ɛ́			0
11213	Gourou-4127_firstadj-1	Gourou		first (adj)	pɔ́:rɔ́	pɔ́.ɔ́rɔ́	p ɔ́ ɔ́ r ɔ́			0
11214	JamsayDouentza-4127_firstadj-1	JamsayDouentza		first (adj)	pɔ́:rɔ́	pɔ́.ɔ́rɔ́	p ɔ́ ɔ́ r ɔ́			0
11216	Mombo-4127_firstadj-1	Mombo		first (adj)	tá:ŋgù // tégù	tá.áŋɡù	t á á ŋ ɡ ù	t é ɡ ù		0
11217	Najamba-4127_firstadj-1	Najamba		first (adj)	dùlɔ̌:\\dùlɛ̌:	dùlɔ̀.ɔ́	d ù l ɔ̀ ɔ́	d ù l ɛ̀ ɛ́		0
11218	Nanga-4127_firstadj-1	Nanga		first (adj)	kìyá	kìyá	k ì j á			0
11219	Penange-4127_firstadj-1	Penange		first (adj)	páná	páná	p á n á			0
11220	PergeTegu-4127_firstadj-1	PergeTegu		first (adj)	kùyɔ́	kùyɔ́	k ù j ɔ́			0
11221	Tiranige-4127_firstadj-1	Tiranige		first (adj)	dílɔ́ (Ningo), gó: (Boui ??)	ɡó-ó	ɡ ó + ó			0
11222	TogoKan-4127_firstadj-1	TogoKan		first (adj)	kòkɛ̌:	kòkɛ̀.ɛ́	k ò k ɛ̀ ɛ́			0
11223	TommoSoTongoTongo-4127_firstadj-1	TommoSoTongoTongo		first (adj)	kúyɔ́	kúyɔ́	k ú j ɔ́			0
11224	ToroTegu-4127_firstadj-1	ToroTegu		first (adj)	dɛ́wrú	dɛ́wrú	d ɛ́ w r ú			0
11225	YandaDom-4127_firstadj-1	YandaDom		first (adj)	cɛ̀w\\mù	tʃɛ̀w	t ʃ ɛ̀ w	tʃ ɛ̀ w + m ù		0
11226	YornoSo-4127_firstadj-1	YornoSo		first (adj)	tí→, lá:	lá-á	l á + á			0
10944	BankanTey-4147_five-1	BankanTey		five	nùmmǔyⁿ	nùmm-ǔ	n ù m m + ǔ			1
10945	BenTey-4147_five-1	BenTey		five	nùmǔyⁿ	nùm-ǔ	n ù m + ǔ			1
10946	Bunoge-4147_five-1	Bunoge		five	nɔ́:mɔ̀	nɔ́.ɔ́m-ɔ̀	n ɔ́ ɔ́ m + ɔ̀			1
10947	DogulDomBendiely-4147_five-1	DogulDomBendiely		five	ǹnó	ǹn-ó	n n + ó			1
10948	DogulDomKundialang-4147_five-1	DogulDomKundialang		five	ǹnɔ́	ǹn-ɔ́	n n + ɔ́			1
10949	DonnoSo-4147_five-1	DonnoSo		five	ǹnɔ́	ǹn-ɔ́	n n + ɔ́			1
10950	Gourou-4147_five-1	Gourou		five	nǔ:yⁿ	nù-ú	n ù + ú			1
10951	JamsayDouentza-4147_five-1	JamsayDouentza		five	nǔ:yⁿ	nù-ú	n ù + ú			1
10953	Mombo-4147_five-1	Mombo		five	nú:mò	nú.úm-ò	n ú ú m + ò			1
10954	Najamba-4147_five-1	Najamba		five	nùmî:	nùmí.ì	n ù m í ì			1
10955	Nanga-4147_five-1	Nanga		five	nìmǐ:	nìmì.í	n ì m ì í			1
10956	PergeTegu-4147_five-1	PergeTegu		five	nùmǐ:	nùmì.í	n ù m ì í			1
10957	TebulUre-4147_five-1	TebulUre		five	nǔm	nǔm	n ǔ m			1
10958	Tiranige-4147_five-1	Tiranige		five	nú:	nú-ú	n ú + ú			1
10959	TogoKan-4147_five-1	TogoKan		five	núnɛ́: (counting), nùnɛ́: (after noun)	nùnɛ́.ɛ́	n ù n ɛ́ ɛ́			1
10960	TommoSoTongoTongo-4147_five-1	TommoSoTongoTongo		five	ǹnɔ́	ǹn-ɔ́	n n + ɔ́			1
10961	ToroTegu-4147_five-1	ToroTegu		five	nǔ:y	nù.ú-y	n ù ú + j			1
10962	YandaDom-4147_five-1	YandaDom		five	nûm, yènûm	nûm	n û m			1
10963	YandaDom-4147_five-2	YandaDom		five	nûm, yènûm	yènûm	j è n û m			1
10964	YornoSo-4147_five-1	YornoSo		five	nùmɔ́rⁿɔ́	nùmɔ́r.n-ɔ́	n ù m ɔ́ r ∼ + ɔ́			1
4236	BankanTey-4196_flourpowder-1	BankanTey		flour, powder	pìrⁿànàmû:	pìr.-nànà-mú.ù	p ì r + n à n à + m ú ù			0
4237	BenTey-4196_flourpowder-1	BenTey		flour, powder	pìnǎm	pìnǎ-m	p ì n ǎ + m			0
4238	Bunoge-4196_flourpowder-1	Bunoge		flour, powder	pùnàŋgè	pùnà-ŋɡ-è	p ù n à + ŋ ɡ + è			0
4239	DogulDomBendiely-4196_flourpowder-1	DogulDomBendiely		flour, powder	púnó	púnó	p ú n ó			0
4240	DogulDomKundialang-4196_flourpowder-1	DogulDomKundialang		flour, powder	púnò	púnò	p ú n ò			0
4241	DonnoSo-4196_flourpowder-1	DonnoSo		flour, powder	pùnnǎŋ	pùn-nǎŋ	p ù n + n ǎ ŋ			0
4242	Gourou-4196_flourpowder-1	Gourou		flour, powder	pìnǎm	pìnǎ-m	p ì n ǎ + m			0
4243	JamsayDouentza-4196_flourpowder-1	JamsayDouentza		flour, powder	pìnǎm, pìrⁿé	pìnǎ-m	p ì n ǎ + m			0
4244	JamsayDouentza-4196_flourpowder-2	JamsayDouentza		flour, powder	pìnǎm, pìrⁿé	pìr.-né	p ì r + n é			0
4246	Mombo-4196_flourpowder-1	Mombo		flour, powder	púnáŋgé	púná-ŋɡ-é	p ú n á + ŋ ɡ + é			0
4247	Najamba-4196_flourpowder-1	Najamba		flour, powder	púnɛ̀	púnɛ̀	p ú n ɛ̀			0
4248	Nanga-4196_flourpowder-1	Nanga		flour, powder	pírⁿâ	pír.-nâ	p í r + n â			0
4249	Penange-4196_flourpowder-1	Penange		flour, powder	púná, púná:ŋgé	púná	p ú n á			0
4250	Penange-4196_flourpowder-2	Penange		flour, powder	púná, púná:ŋgé	púná.á-ŋɡ-é	p ú n á á + ŋ ɡ + é			0
4251	PergeTegu-4196_flourpowder-1	PergeTegu		flour, powder	pɛ̀rⁿɛ́, pìrⁿɛ́, pìnǎm	pìnǎ-m	p ì n ǎ + m			0
4252	PergeTegu-4196_flourpowder-2	PergeTegu		flour, powder	pɛ̀rⁿɛ́, pìrⁿɛ́, pìnǎm	pìnǎ-m	p ì n ǎ + m			0
4253	TebulUre-4196_flourpowder-1	TebulUre		flour, powder	púrⁿó	púr.-nó	p ú r + n ó			0
4254	Tiranige-4196_flourpowder-1	Tiranige		flour, powder	pùnàŋgè	pùnà-ŋɡ-è	p ù n à + ŋ ɡ + è			0
4255	TogoKan-4196_flourpowder-1	TogoKan		flour, powder	pùnǎyⁿ	pùnǎ	p ù n ǎ			0
4256	TommoSoTongoTongo-4196_flourpowder-1	TommoSoTongoTongo		flour, powder	fárání	fárá-ní	f á r á + n í			0
4258	ToroTegu-4196_flourpowder-1	ToroTegu		flour, powder	pìrⁿá	pìr.-ná	p ì r + n á			0
4259	YandaDom-4196_flourpowder-1	YandaDom		flour, powder	púrⁿá	púr.-ná	p ú r + n á			0
4260	YornoSo-4196_flourpowder-1	YornoSo		flour, powder	pùnǎm	pùnǎ-m	p ù n ǎ + m			0
3281	BankanTey-4197_floweroftreeorherb-1	BankanTey		flower (of tree or herb)	pùrⁿó	pùr.-nó	p ù r + n ó			1
3282	BenTey-4197_floweroftreeorherb-1	BenTey		flower (of tree or herb)	pùrⁿǔy, pùrⁿǐ:	pùr.-nì.í	p ù r + n ì í			1
3283	Bunoge-4197_floweroftreeorherb-1	Bunoge		flower (of tree or herb)	púlò	púlò	p ú l ò			1
3284	DogulDomBendiely-4197_floweroftreeorherb-1	DogulDomBendiely		flower (of tree or herb)	púnú	púnú	p ú n ú			1
3285	DogulDomKundialang-4197_floweroftreeorherb-1	DogulDomKundialang		flower (of tree or herb)	pǔn	pǔn	p ǔ n			1
3286	DonnoSo-4197_floweroftreeorherb-1	DonnoSo		flower (of tree or herb)	pùyó	pùyó	p ù j ó			1
3287	Gourou-4197_floweroftreeorherb-1	Gourou		flower (of tree or herb)	pùrⁿó	pùr.-nó	p ù r + n ó			1
3288	JamsayDouentza-4197_floweroftreeorherb-1	JamsayDouentza		flower (of tree or herb)	pùrⁿó	pùr.-nó	p ù r + n ó			1
3289	Mombo-4197_floweroftreeorherb-1	Mombo		flower (of tree or herb)	púlú	púlú	p ú l ú			1
3290	Najamba-4197_floweroftreeorherb-1	Najamba		flower (of tree or herb)	pùnɛ̌ngó\\pùnɛ̌n	pùnɛ̌-nɡó	p ù n ɛ̌ + n ɡ ó	p ù n ɛ̌ n		1
3291	Nanga-4197_floweroftreeorherb-1	Nanga		flower (of tree or herb)	pùrⁿó	pùr.-nó	p ù r + n ó			1
3292	Penange-4197_floweroftreeorherb-1	Penange		flower (of tree or herb)	púló	púló	p ú l ó			1
3293	PergeTegu-4197_floweroftreeorherb-1	PergeTegu		flower (of tree or herb)	pùrⁿó	pùr.-nó	p ù r + n ó			1
3294	TebulUre-4197_floweroftreeorherb-1	TebulUre		flower (of tree or herb)	pùrⁿó	pùr.-nó	p ù r + n ó			1
3295	Tiranige-4197_floweroftreeorherb-1	Tiranige		flower (of tree or herb)	pùnì	pùnì	p ù n ì			1
3296	TogoKan-4197_floweroftreeorherb-1	TogoKan		flower (of tree or herb)	pìyé	pìyé	p ì j é			1
3297	TommoSoTongoTongo-4197_floweroftreeorherb-1	TommoSoTongoTongo		flower (of tree or herb)	púyó	púyó	p ú j ó			1
3299	ToroTegu-4197_floweroftreeorherb-1	ToroTegu		flower (of tree or herb)	pùró	pùró	p ù r ó			1
3300	YandaDom-4197_floweroftreeorherb-1	YandaDom		flower (of tree or herb)	pùn	pùn	p ù n			1
3301	YornoSo-4197_floweroftreeorherb-1	YornoSo		flower (of tree or herb)	pǔy	pǔy	p ǔ j			1
13313	BankanTey-4211_foldpapergarment-1	BankanTey		fold (paper, garment)	m̀bùndó	mbùnd-ó	m b ù n d + ó			0
13314	BenTey-4211_foldpapergarment-1	BenTey		fold (paper, garment)	mɛ̀lí	mɛ̀l-í	m ɛ̀ l + í			0
13315	Bunoge-4211_foldpapergarment-1	Bunoge		fold (paper, garment)	púndè	púnd-è	p ú n d + è			0
13316	DogulDomBendiely-4211_foldpapergarment-1	DogulDomBendiely		fold (paper, garment)	mùnné	mùn-né	m ù n + n é			0
13317	DogulDomKundialang-4211_foldpapergarment-1	DogulDomKundialang		fold (paper, garment)	mùnné	mùn-né	m ù n + n é			0
13318	DonnoSo-4211_foldpapergarment-1	DonnoSo		fold (paper, garment)	mùnnó\\múnnè	mún-nè	m ú n + n è			0
13319	JamsayDouentza-4211_foldpapergarment-1	JamsayDouentza		fold (paper, garment)	mìné, mìnɛ́	mìn-é	m ì n + é			0
13320	JamsayDouentza-4211_foldpapergarment-2	JamsayDouentza		fold (paper, garment)	mìné, mìnɛ́	mìn-ɛ́	m ì n + ɛ́			0
13321	Mombo-4211_foldpapergarment-1	Mombo		fold (paper, garment)	púndé	púnd-é	p ú n d + é			0
13322	Najamba-4211_foldpapergarment-1	Najamba		fold (paper, garment)	mɛ̀ndɛ́	mɛ̀nd-ɛ́	m ɛ̀ n d + ɛ́			0
13323	Nanga-4211_foldpapergarment-1	Nanga		fold (paper, garment)	mɛ̀ndí	mɛ̀nd-í	m ɛ̀ n d + í			0
13324	Penange-4211_foldpapergarment-1	Penange		fold (paper, garment)	púndé	púnd-é	p ú n d + é			0
13325	PergeTegu-4211_foldpapergarment-1	PergeTegu		fold (paper, garment)	mɛ̀lɛ́	mɛ̀l-ɛ́	m ɛ̀ l + ɛ́			0
13326	TebulUre-4211_foldpapergarment-1	TebulUre		fold (paper, garment)	mɛ̀ndí (mɛ̀ndítì)	mɛ̀nd-í	m ɛ̀ n d + í			0
13327	Tiranige-4211_foldpapergarment-1	Tiranige		fold (paper, garment)	pɛ́lɔ́	pɛ́l-ɔ́	p ɛ́ l + ɔ́			0
13328	TogoKan-4211_foldpapergarment-1	TogoKan		fold (paper, garment)	mìné	mìn-é	m ì n + é			0
13329	TommoSoTongoTongo-4211_foldpapergarment-1	TommoSoTongoTongo		fold (paper, garment)	mɛ̀nnɛ́	mɛ̀-nnɛ́	m ɛ̀ + n n ɛ́			0
13330	ToroTegu-4211_foldpapergarment-1	ToroTegu		fold (paper, garment)	túkú\\túkɔ́	túk-ɔ́	t ú k + ɔ́			0
13331	YandaDom-4211_foldpapergarment-1	YandaDom		fold (paper, garment)	mɛ̀nɛ́\\mɛ̀nàlí	mɛ̀n-ɛ́	m ɛ̀ n + ɛ́			0
13332	YornoSo-4211_foldpapergarment-1	YornoSo		fold (paper, garment)	mɛ̀nɛ́\\mɛ̀nɛ́	mɛ̀n-ɛ́	m ɛ̀ n + ɛ́			0
1749	BankanTey-4223_foot-1	BankanTey		foot	ǹdɔ̀sɔ̂:	ǹdɔ̀sɔ́-ɔ̀	n d ɔ̀ s ɔ́ + ɔ̀			1
1750	BenTey-4223_foot-1	BenTey		foot	lɔ̀sɔ̂:	lɔ̀sɔ́.ɔ̀	l ɔ̀ s ɔ́ ɔ̀			1
1751	Bunoge-4223_foot-1	Bunoge		foot	sè (sè: nɔ́)	sè	s è	s è è + n ɔ́		1
1752	DogulDomBendiely-4223_foot-1	DogulDomBendiely		foot	náágù	nááɡù	n á á ∼ ɡ ù			1
1753	DogulDomKundialang-4223_foot-1	DogulDomKundialang		foot	nǎ:g	nà.áɡ	n à á ɡ			1
1754	DonnoSo-4223_foot-1	DonnoSo		foot	kúbɔ̀	kúbɔ̀	k ú b ɔ̀			1
1755	Gourou-4223_foot-1	Gourou		foot	kúwⁿ́ xxx	kúẃ.-n	k ú ẃ + n			1
1756	JamsayDouentza-4223_foot-1	JamsayDouentza		foot	kɔ́:	kɔ́-ɔ́	k ɔ́ + ɔ́			1
1758	Mombo-4223_foot-1	Mombo		foot	sí:	sí-í	s í + í			1
1759	Najamba-4223_foot-1	Najamba		foot	nà:gó\\nǎ:	nà.àɡó	n à à ɡ ó	n à á		1
1760	Nanga-4223_foot-1	Nanga		foot	lɔ̀sɔ̂	lɔ̀sɔ̂	l ɔ̀ s ɔ̂			1
1761	Penange-4223_foot-1	Penange		foot	sígé	síɡé	s í ɡ é			1
1762	PergeTegu-4223_foot-1	PergeTegu		foot	kúwɔ́	kúwɔ́	k ú w ɔ́			1
1763	TebulUre-4223_foot-1	TebulUre		foot	lǎ:	là-á	l à + á			1
1764	Tiranige-4223_foot-1	Tiranige		foot	tònjè (Boui), tòŋgìyè (Ningo)	tò-ŋɡì-y-è	t ò + ŋ ɡ ì + j + è			1
1765	TogoKan-4223_foot-1	TogoKan		foot	kúwɔ́	kúwɔ́	k ú w ɔ́			1
1766	TommoSoTongoTongo-4223_foot-1	TommoSoTongoTongo		foot	ánú	ánú	á n ú			1
1769	ToroTegu-4223_foot-1	ToroTegu		foot	kúwɔ́, kùwɔ̀tɔ́	kúwɔ́	k ú w ɔ́			1
1770	ToroTegu-4223_foot-2	ToroTegu		foot	kúwɔ́, kùwɔ̀tɔ́	kùwɔ̀-tɔ́	k ù w ɔ̀ + t ɔ́			1
1771	YandaDom-4223_foot-1	YandaDom		foot	nà:	nà-à	n à + à			1
1772	YornoSo-4223_foot-1	YornoSo		foot	kúbɔ́, kùbɔ̀ý	kúbɔ́	k ú b ɔ́			1
1773	YornoSo-4223_foot-2	YornoSo		foot	kúbɔ́, kùbɔ̀ý	kùbɔ̀-j	k ù b ɔ̀ + d ʒ			1
2241	BankanTey-4234_forehead-1	BankanTey		forehead	dìmbêy	dì-mbê-y	d ì + m b ê + j			0
2242	BenTey-4234_forehead-1	BenTey		forehead	dìmbê:	dì-mb-é.è	d ì + m b + é è			0
2243	Bunoge-4234_forehead-1	Bunoge		forehead	géndè	ɡé-nd-è	ɡ é + n d + è			0
2244	DogulDomBendiely-4234_forehead-1	DogulDomBendiely		forehead	kímɔ̀	kí-mɔ̀	k í + m ɔ̀			0
2245	DogulDomKundialang-4234_forehead-1	DogulDomKundialang		forehead	kìmó:	kìmó.ó	k ì m ó ó			0
2246	DonnoSo-4234_forehead-1	DonnoSo		forehead	dìmmèdìmmé	dìm-mèdì-m-mé	d ì m + m è d ì + m + m é			0
2247	Gourou-4234_forehead-1	Gourou		forehead	dǐm	dǐ-m	d ǐ + m			0
2248	JamsayDouentza-4234_forehead-1	JamsayDouentza		forehead	dìmé	dì-mé	d ì + m é			0
2250	Mombo-4234_forehead-1	Mombo		forehead	gíndó	ɡí-nd-ó	ɡ í + n d + ó			0
2251	Najamba-4234_forehead-1	Najamba		forehead	géndèŋgè\\géndè:	ɡé-ndè-ŋɡ-è	ɡ é + n d è + ŋ ɡ + è	ɡ é n d è è		0
2252	Nanga-4234_forehead-1	Nanga		forehead	gímbè	ɡí-mb-è	ɡ í + m b + è			0
2253	Penange-4234_forehead-1	Penange		forehead	géndó	ɡé-nd-ó	ɡ é + n d + ó			0
2254	PergeTegu-4234_forehead-1	PergeTegu		forehead	dìmbé	dì-mb-é	d ì + m b + é			0
2255	TebulUre-4234_forehead-1	TebulUre		forehead	dìmbé	dì-mb-é	d ì + m b + é			0
2256	Tiranige-4234_forehead-1	Tiranige		forehead	pɛ́mbɔ́	pɛ́-mb-ɔ́	p ɛ́ + m b + ɔ́			0
2257	TogoKan-4234_forehead-1	TogoKan		forehead	dìmé	dì-mé	d ì + m é			0
2258	TommoSoTongoTongo-4234_forehead-1	TommoSoTongoTongo		forehead	dìmmú	dìm-mú	d ì m + m ú			0
2261	ToroTegu-4234_forehead-1	ToroTegu		forehead	dìmó	dì-mó	d ì + m ó			0
2262	YandaDom-4234_forehead-1	YandaDom		forehead	dìmè	dì-mè	d ì + m è			0
2263	YornoSo-4234_forehead-1	YornoSo		forehead	dìmɛ́	dì-mɛ́	d ì + m ɛ́			0
10924	BankanTey-4264_four-1	BankanTey		four	nìŋŋěyⁿ	nìŋŋ-ě	n ì ŋ ŋ + ě			1
10925	BenTey-4264_four-1	BenTey		four	nǐ:yⁿ	nì-í	n ì + í			1
10926	Bunoge-4264_four-1	Bunoge		four	nê:wⁿ	né.èw.n	n é è w ∼			1
10927	DogulDomBendiely-4264_four-1	DogulDomBendiely		four	kɛ́ɛ́sɔ̀	kɛ́.ɛ́s-ɔ̀	k ɛ́ ɛ́ s + ɔ̀			1
10928	DogulDomKundialang-4264_four-1	DogulDomKundialang		four	kɛ́:sɔ̀	kɛ́.ɛ́s-ɔ̀	k ɛ́ ɛ́ s + ɔ̀			1
10929	DonnoSo-4264_four-1	DonnoSo		four	nǎ:y	nà.á-y	n à á + j			1
10930	Gourou-4264_four-1	Gourou		four	nǎyⁿ	nǎ	n ǎ			1
10931	JamsayDouentza-4264_four-1	JamsayDouentza		four	nǎyⁿ	nǎ	n ǎ			1
10932	Mombo-4264_four-1	Mombo		four	kɛ́:jɔ́	kɛ́.ɛ́dʒ-ɔ́	k ɛ́ ɛ́ d ʒ + ɔ́			1
10933	Najamba-4264_four-1	Najamba		four	kɛ́:jɛ̀y	kɛ́.ɛ́dʒɛ̀-y	k ɛ́ ɛ́ d ʒ ɛ̀ + j			1
10934	Nanga-4264_four-1	Nanga		four	nɔ̌yⁿ	n-ɔ̌	n + ɔ̌			1
10935	PergeTegu-4264_four-1	PergeTegu		four	nǎyⁿ	nǎ	n ǎ			1
10936	TebulUre-4264_four-1	TebulUre		four	kɛ́dɛ́	kɛ́d-ɛ́	k ɛ́ d + ɛ́			1
10937	Tiranige-4264_four-1	Tiranige		four	cɛ̀:jɔ̀ (Boui), kɛ̀:jɔ̀ (Ningo)	kɛ̀.ɛ̀dʒ-ɔ̀	k ɛ̀ ɛ̀ d ʒ + ɔ̀			1
10938	TogoKan-4264_four-1	TogoKan		four	nǎyⁿ	nǎ	n ǎ			1
10939	TommoSoTongoTongo-4264_four-1	TommoSoTongoTongo		four	nǎy	nǎ-y	n ǎ + j			1
10940	ToroTegu-4264_four-1	ToroTegu		four	nǎy	nǎ-y	n ǎ + j			1
10941	YandaDom-4264_four-1	YandaDom		four	cɛ́zɔ́, yècɛ́zɔ́	yètʃɛ́z-ɔ́	j è t ʃ ɛ́ z + ɔ́			1
10942	YornoSo-4264_four-1	YornoSo		four	nǎyⁿ	nǎ	n ǎ			1
5543	BankanTey-4297_frothfoamontea-1	BankanTey		froth, foam (on tea)	kùkù:rú	kùkù.ù-rú	k ù k ù ù + r ú			0
5544	BenTey-4297_frothfoamontea-1	BenTey		froth, foam (on tea)	yúgúrɔ̀	yúɡú-rɔ̀	j ú ɡ ú + r ɔ̀			0
5545	Bunoge-4297_frothfoamontea-1	Bunoge		froth, foam (on tea)	pùlà	pùlà	p ù l à			0
5546	DogulDomBendiely-4297_frothfoamontea-1	DogulDomBendiely		froth, foam (on tea)	yúbúlɔ́	yúbú-lɔ́	j ú b ú + l ɔ́			0
5547	DogulDomKundialang-4297_frothfoamontea-1	DogulDomKundialang		froth, foam (on tea)	yúblɔ̀, káŋà	yúb-lɔ̀	j ú b + l ɔ̀			0
5548	DogulDomKundialang-4297_frothfoamontea-2	DogulDomKundialang		froth, foam (on tea)	yúblɔ̀, káŋà	káŋà	k á ŋ à			0
5549	DonnoSo-4297_frothfoamontea-1	DonnoSo		froth, foam (on tea)	yúbɔ̀lɔ̀	yúbɔ̀-lɔ̀	j ú b ɔ̀ + l ɔ̀			0
5550	Gourou-4297_frothfoamontea-1	Gourou		froth, foam (on tea)	pútɔ̀	pútɔ̀	p ú t ɔ̀			0
5551	JamsayDouentza-4297_frothfoamontea-1	JamsayDouentza		froth, foam (on tea)	pútɔ̀	pútɔ̀	p ú t ɔ̀			0
5552	Mombo-4297_frothfoamontea-1	Mombo		froth, foam (on tea)	púlɔ́	púlɔ́	p ú l ɔ́			0
5553	Najamba-4297_frothfoamontea-1	Najamba		froth, foam (on tea)	bùjɛ̀bújɛ̀ŋgò\\bùjɛ̀bújɛ̀	bù-dʒɛ̀-búdʒɛ̀-ŋɡ-ò	b ù + d ʒ ɛ̀ + b ú d ʒ ɛ̀ + ŋ ɡ + ò	b ù d ʒ ɛ̀ + b ú d ʒ ɛ̀		0
5554	Nanga-4297_frothfoamontea-1	Nanga		froth, foam (on tea)	músî, yùgùràpúdâ	músî	m ú s î			0
5555	Nanga-4297_frothfoamontea-2	Nanga		froth, foam (on tea)	músî, yùgùràpúdâ	yùɡù-ràpú-dâ	j ù ɡ ù + r à p ú + d â			0
5556	Penange-4297_frothfoamontea-1	Penange		froth, foam (on tea)	púlá	púlá	p ú l á			0
5557	PergeTegu-4297_frothfoamontea-1	PergeTegu		froth, foam (on tea)	yɔ̀gɔ̀rɔ̀pútɔ̀	yɔ̀ɡɔ̀-rɔ̀pú-tɔ̀	j ɔ̀ ɡ ɔ̀ + r ɔ̀ p ú + t ɔ̀			0
5558	TebulUre-4297_frothfoamontea-1	TebulUre		froth, foam (on tea)	yúbdá	yúb-dá	j ú b + d á			0
5559	Tiranige-4297_frothfoamontea-1	Tiranige		froth, foam (on tea)	pùlá	pùlá	p ù l á			0
5560	TogoKan-4297_frothfoamontea-1	TogoKan		froth, foam (on tea)	yùgɔ́rɔ́	yùɡɔ́-rɔ́	j ù ɡ ɔ́ + r ɔ́			0
5561	TommoSoTongoTongo-4297_frothfoamontea-1	TommoSoTongoTongo		froth, foam (on tea)	yúbúdɔ́	yúbú-dɔ́	j ú b ú + d ɔ́			0
5563	ToroTegu-4297_frothfoamontea-1	ToroTegu		froth, foam (on tea)	kùgíy	kùɡí-y	k ù ɡ í + j			0
5564	YandaDom-4297_frothfoamontea-1	YandaDom		froth, foam (on tea)	bùɲá	bùɲá	b ù ɲ á			0
5565	YornoSo-4297_frothfoamontea-1	YornoSo		froth, foam (on tea)	yúgɔ̀rɔ̀	yúɡɔ̀-rɔ̀	j ú ɡ ɔ̀ + r ɔ̀			0
3302	BankanTey-4314_fruitofplant-1	BankanTey		fruit (of plant)	yî:	yí-ì	j í + ì			1
3303	BenTey-4314_fruitofplant-1	BenTey		fruit (of plant)	yî:	yí-ì	j í + ì			1
3304	Bunoge-4314_fruitofplant-1	Bunoge		fruit (of plant)	bè (def bè: nɔ́, pl bě: gè)	bè	b è	b è é + ɡ è		1
3305	DogulDomBendiely-4314_fruitofplant-1	DogulDomBendiely		fruit (of plant)	kíŋìnɔ̀ égù	kíŋì-nɔ̀_éɡù	k í ŋ ì + n ɔ̀ + é ɡ ù			1
3306	DogulDomKundialang-4314_fruitofplant-1	DogulDomKundialang		fruit (of plant)	ěg	ěɡ	ě ɡ			1
3307	DonnoSo-4314_fruitofplant-1	DonnoSo		fruit (of plant)	î:	í.ì	í ì			1
3308	JamsayDouentza-4314_fruitofplant-1	JamsayDouentza		fruit (of plant)	î:ⁿ	í.ì-ⁿ	í ì			1
3309	Mombo-4314_fruitofplant-1	Mombo		fruit (of plant)	wê:	wé-è	w é + è			1
3310	Najamba-4314_fruitofplant-1	Najamba		fruit (of plant)	ɔ̀mɔ̂:\\ɔ̀mɛ̂:	ɔ̀mɔ́-ɔ̀	ɔ̀ m ɔ́ + ɔ̀	ɔ̀ m ɛ́ ɛ̀		1
3311	Nanga-4314_fruitofplant-1	Nanga		fruit (of plant)	nàrⁿá	nàr.-ná	n à r + n á			1
3312	PergeTegu-4314_fruitofplant-1	PergeTegu		fruit (of plant)	î:ⁿ	í.ì-ⁿ	í ì			1
3313	TebulUre-4314_fruitofplant-1	TebulUre		fruit (of plant)	íyɛ́	íyɛ́	í j ɛ́			1
3314	Tiranige-4314_fruitofplant-1	Tiranige		fruit (of plant)	bé:\\bégé, tílŋgɔ́ bě:\\bègé (tree fruit)	tíl-ŋɡɔ́_-b-ě	t í l + ŋ ɡ ɔ́ + b + ě	b è + ɡ é		1
3315	TogoKan-4314_fruitofplant-1	TogoKan		fruit (of plant)	tìmɛ̀í:ⁿ	tìmɛ̀í.í-ⁿ	t ì m ɛ̀ í í			1
3316	TommoSoTongoTongo-4314_fruitofplant-1	TommoSoTongoTongo		fruit (of plant)	íí	íí	í í			1
3318	ToroTegu-4314_fruitofplant-1	ToroTegu		fruit (of plant)	ìrⁿú\\ìmú	ìr-nú	ì r + n ú	ì + m ú		1
3319	YandaDom-4314_fruitofplant-1	YandaDom		fruit (of plant)	é:	é.é	é é			1
3320	YornoSo-4314_fruitofplant-1	YornoSo		fruit (of plant)	î:	í.ì	í ì			1
15638	BenTey-4318_fullcontainer-1	BenTey		full (container)	bâw	bâw	b â w			1
15639	DogulDomKundialang-4318_fullcontainer-1	DogulDomKundialang		full (container)	jô:	dʒ-ó-ò	d ʒ + ó + ò			1
15640	DonnoSo-4318_fullcontainer-1	DonnoSo		full (container)	jùá:dɛ̀	d-ʒùá.ád-ɛ̀	d + ʒ ù á á d + ɛ̀			1
15641	Gourou-4318_fullcontainer-1	Gourou		full (container)	zó:	zó-ó	z ó + ó			1
15642	JamsayDouentza-4318_fullcontainer-1	JamsayDouentza		full (container)	jó:	dʒ-ó-ó	d ʒ + ó + ó			1
15643	Mombo-4318_fullcontainer-1	Mombo		full (container)	jwé:	dʒw-é.é	d ʒ w + é é			1
15644	Najamba-4318_fullcontainer-1	Najamba		full (container)	jòyó:\\jòyé:	dʒòy-ó.ó	d ʒ ò j + ó ó	d ʒ ò j é é		1
15645	Nanga-4318_fullcontainer-1	Nanga		full (container)	bá:	bá-á	b á + á			1
15646	Penange-4318_fullcontainer-1	Penange		full (container)	jwè:	dʒw-è.è	d ʒ w + è è			1
15647	PergeTegu-4318_fullcontainer-1	PergeTegu		full (container)	jó:	dʒ-ó-ó	d ʒ + ó + ó			1
15648	TebulUre-4318_fullcontainer-1	TebulUre		full (container)	bá//bá	bá	b á	b á		1
15649	Tiranige-4318_fullcontainer-1	Tiranige		full (container)	ywé:sá (verb yó:)	ywé.és-á	j w é é s + á			1
15650	TogoKan-4318_fullcontainer-1	TogoKan		full (container)	jó→ káⁿ	dʒó_k-áⁿ	d ʒ ó + k + á ∼			1
15651	TommoSoTongoTongo-4318_fullcontainer-1	TommoSoTongoTongo		full (container)	jòáádɛ̀	d-ʒòáád-ɛ̀	d + ʒ ò á á ∼ d + ɛ̀			1
15652	ToroTegu-4318_fullcontainer-1	ToroTegu		full (container)	zú	zú	z ú			1
15653	YandaDom-4318_fullcontainer-1	YandaDom		full (container)	bǎ:	bà-á	b à + á			1
15654	YornoSo-4318_fullcontainer-1	YornoSo		full (container)	jó:	dʒ-ó-ó	d ʒ + ó + ó			1
3448	BankanTey-4344_garmentclothes-1	BankanTey		garment, clothes	òròzú	òròzú	ò r ò z ú			0
3449	BenTey-4344_garmentclothes-1	BenTey		garment, clothes	dùŋgó:	dù-ŋɡ-ó.ó	d ù + ŋ ɡ + ó ó			0
3450	Bunoge-4344_garmentclothes-1	Bunoge		garment, clothes	bá:gúlè, sɔ́ggè	sɔ́ɡ-ɡè	s ɔ́ ɡ + ɡ è			0
3451	DogulDomBendiely-4344_garmentclothes-1	DogulDomBendiely		garment, clothes	sóógù	sóóɡù	s ó ó ɡ ù			0
3452	DogulDomKundialang-4344_garmentclothes-1	DogulDomKundialang		garment, clothes	sɔ̀:gíyà	sɔ̀.ɔ̀ɡí-yà	s ɔ̀ ɔ̀ ɡ í + j à			0
3453	DonnoSo-4344_garmentclothes-1	DonnoSo		garment, clothes	sɔ̌y	sɔ̌y	s ɔ̌ j			0
3454	Gourou-4344_garmentclothes-1	Gourou		garment, clothes	yìrú	yìrú	j ì r ú			0
3455	JamsayDouentza-4344_garmentclothes-1	JamsayDouentza		garment, clothes	dùŋgó:, yìrú	yìrú	j ì r ú			0
3456	JamsayDouentza-4344_garmentclothes-2	JamsayDouentza		garment, clothes	dùŋgó:, yìrú	yìrú	j ì r ú			0
3457	Mombo-4344_garmentclothes-1	Mombo		garment, clothes	sɔ̂y	sɔ̂y	s ɔ̂ j			0
3458	Najamba-4344_garmentclothes-1	Najamba		garment, clothes	sòŋgó\\swɛ̌:	swɛ̀-ɛ́	s w ɛ̀ + ɛ́			0
3459	Nanga-4344_garmentclothes-1	Nanga		garment, clothes	yùrí, dúŋí	yùrí	j ù r í			0
3460	Nanga-4344_garmentclothes-2	Nanga		garment, clothes	yùrí, dúŋí	dúŋí	d ú ŋ í			0
3461	Penange-4344_garmentclothes-1	Penange		garment, clothes	sɔ̀y	sɔ̀y	s ɔ̀ j			0
3462	PergeTegu-4344_garmentclothes-1	PergeTegu		garment, clothes	dùŋkó:	dù-ŋk-ó.ó	d ù + ŋ k + ó ó			0
3463	TebulUre-4344_garmentclothes-1	TebulUre		garment, clothes	àrgé: (single garment), dùmɛ́: (clothes, wardrobe [collective]), dùŋgɔ́ (set of clothes that one is wearing)	dù-ŋɡ-ɔ́	d ù + ŋ ɡ + ɔ́			0
3464	Tiranige-4344_garmentclothes-1	Tiranige		garment, clothes	sɔ́: (garment)	sɔ́-ɔ́	s ɔ́ + ɔ́			0
3465	TogoKan-4344_garmentclothes-1	TogoKan		garment, clothes	tǔⁿ	tǔ-ⁿ	t ǔ			0
3466	TommoSoTongoTongo-4344_garmentclothes-1	TommoSoTongoTongo		garment, clothes	sɔ̌w	sɔ̌w	s ɔ̌ w			0
3468	ToroTegu-4344_garmentclothes-1	ToroTegu		garment, clothes	yɔ̀rú	yɔ̀rú	j ɔ̀ r ú			0
3469	YandaDom-4344_garmentclothes-1	YandaDom		garment, clothes	sɔ̀ŋ	sɔ̀ŋ	s ɔ̀ ŋ			0
3470	YornoSo-4344_garmentclothes-1	YornoSo		garment, clothes	sɔ̌y	sɔ̌y	s ɔ̌ j			0
10099	BankanTey-4380_getobtain-1	BankanTey		get, obtain	bɛ̀rɛ́	bɛ̀r-ɛ́	b ɛ̀ r + ɛ́			0
10100	BenTey-4380_getobtain-1	BenTey		get, obtain	bɛ̀rɛ́, nɛ́wⁿɛ́	bɛ̀r-ɛ́	b ɛ̀ r + ɛ́			0
10101	BenTey-4380_getobtain-2	BenTey		get, obtain	bɛ̀rɛ́, nɛ́wⁿɛ́	nɛ́-w.nɛ́	n ɛ́ + w ∼ ɛ́			0
10102	Bunoge-4380_getobtain-1	Bunoge		get, obtain	bɛ́:lɛ̀ (neg bélá:lì)	bɛ́.ɛ́l-ɛ̀	b ɛ́ ɛ́ l + ɛ̀			0
10103	DogulDomBendiely-4380_getobtain-1	DogulDomBendiely		get, obtain	bɛ̀lɛ́	bɛ̀l-ɛ́	b ɛ̀ l + ɛ́			0
10104	DogulDomKundialang-4380_getobtain-1	DogulDomKundialang		get, obtain	bɛ̀lɛ́	bɛ̀l-ɛ́	b ɛ̀ l + ɛ́			0
10105	DonnoSo-4380_getobtain-1	DonnoSo		get, obtain	bɛ̀lɛ́\\bɛ́lɛ̀	bɛ̀l-ɛ́	b ɛ̀ l + ɛ́			0
10106	Gourou-4380_getobtain-1	Gourou		get, obtain	bɛ̀rɛ́	bɛ̀r-ɛ́	b ɛ̀ r + ɛ́			0
10107	JamsayDouentza-4380_getobtain-1	JamsayDouentza		get, obtain	bɛ̀rɛ́	bɛ̀r-ɛ́	b ɛ̀ r + ɛ́			0
10108	Mombo-4380_getobtain-1	Mombo		get, obtain	síyè, yɛ́:rɛ̀	síy-è	s í j + è			0
10109	Mombo-4380_getobtain-2	Mombo		get, obtain	síyè, yɛ́:rɛ̀	yɛ́.ɛ́r-ɛ̀	j ɛ́ ɛ́ r + ɛ̀			0
10110	Najamba-4380_getobtain-1	Najamba		get, obtain	dùmɛ́	dùm-ɛ́	d ù m + ɛ́			0
10111	Nanga-4380_getobtain-1	Nanga		get, obtain	bɛ̀rɛ́	bɛ̀r-ɛ́	b ɛ̀ r + ɛ́			0
10112	Penange-4380_getobtain-1	Penange		get, obtain	dínɛ́	dín-ɛ́	d í n + ɛ́			0
10113	PergeTegu-4380_getobtain-1	PergeTegu		get, obtain	bɛ̀rɛ́	bɛ̀r-ɛ́	b ɛ̀ r + ɛ́			0
10114	TebulUre-4380_getobtain-1	TebulUre		get, obtain	bɛ̌: (bɛ̌:dɛ̀, neg bèyǎl)	bɛ̀.ɛ́d-ɛ̀	b ɛ̀ ɛ́ d + ɛ̀			0
10115	Tiranige-4380_getobtain-1	Tiranige		get, obtain	írɛ́, gírɛ́	ír-ɛ́	í r + ɛ́			0
10116	Tiranige-4380_getobtain-2	Tiranige		get, obtain	írɛ́, gírɛ́	ɡír-ɛ́	ɡ í r + ɛ́			0
10117	TogoKan-4380_getobtain-1	TogoKan		get, obtain	bɛ̀rɛ́	bɛ̀r-ɛ́	b ɛ̀ r + ɛ́			0
10118	TommoSoTongoTongo-4380_getobtain-1	TommoSoTongoTongo		get, obtain	bɛ̀lɛ́	bɛ̀l-ɛ́	b ɛ̀ l + ɛ́			0
10119	ToroTegu-4380_getobtain-1	ToroTegu		get, obtain	bɛ̀rú\\bɛ̀rá	bɛ̀r-á	b ɛ̀ r + á			0
10120	YandaDom-4380_getobtain-1	YandaDom		get, obtain	bɛ̀lɛ́\\bèlàlí	bɛ̀l-ɛ́	b ɛ̀ l + ɛ́			0
10121	YornoSo-4380_getobtain-1	YornoSo		get, obtain	bɛ̀lɛ́\\bɛ̀lɛ́	bɛ̀l-ɛ́	b ɛ̀ l + ɛ́			0
581	BankanTey-4397_girl-1	BankanTey		girl	yà:yîm\\yî:	yà.àyî-m	j à à j î + m	j à à + j î + m + j í ì		0
582	BenTey-4397_girl-1	BenTey		girl	yà:yîm\\yà[yìtɛ᷈:] = yà:yî:	yà.àyî-m	j à à j î + m	j à à + j í ì		0
583	Bunoge-4397_girl-1	Bunoge		girl	bé: yɔ̀:yɛ̀	bé.é_yɔ̀.ɔ̀yɛ̀	b é é + j ɔ̀ ɔ̀ j ɛ̀			0
584	DogulDomBendiely-4397_girl-1	DogulDomBendiely		girl	ègù yáá	èɡù_yáá	è ɡ ù + j á á ∼			0
585	DogulDomKundialang-4397_girl-1	DogulDomKundialang		girl	ègì yǎ:	èɡì_yà-á	è ɡ ì + j à + á			0
586	DonnoSo-4397_girl-1	DonnoSo		girl	yà:nàî:, yà:nàý	yà.ànàí.ì	j à à n à í ì			0
587	Gourou-4397_girl-1	Gourou		girl	ɲɛ̌ỳn\\ɲɛ̌:rⁿìm	ɲɛ̌ỳn	ɲ ɛ̌ j n	ɲ ɛ̀ ɛ́ + r ∼ + ì m		0
588	JamsayDouentza-4397_girl-1	JamsayDouentza		girl	ɲɛ̀în\\ɲɛ̌:rⁿùm	ɲɛ̀în	ɲ ɛ̀ î n	ɲ ɛ̀ ɛ́ + r ∼ + ù m		0
590	Mombo-4397_girl-1	Mombo		girl	wè:yǎ:y // wìyɛ̌y // wù:yǎy	wè.èyà.á-y	w è è j à á + j	w ù ù j ǎ j		0
591	Najamba-4397_girl-1	Najamba		girl	èndè: yɛ̌:\\òndò: yàwó:	è-ndè.è_-y-ɛ̀.ɛ́	è + n d è è + j + ɛ̀ ɛ́	ò n d ò ò + j à w ó ó		0
592	Nanga-4397_girl-1	Nanga		girl	yǎỳⁿ\\yàyⁿtɛ̀gɛ̂ ~ yàtɛ̀gɛ̂	yǎỳ-ⁿ	j ǎ j	j à + t ɛ̀ ɡ ɛ̂		0
593	Penange-4397_girl-1	Penange		girl	wè: yɔ̀:	wè.è_yɔ̀.ɔ̀	w è è + j ɔ̀ ɔ̀			0
594	PergeTegu-4397_girl-1	PergeTegu		girl	ɲǎynù\\ɲǎmbèm	ɲǎy-nù	ɲ ǎ j + n ù	ɲ ǎ + m b è + m		0
595	TebulUre-4397_girl-1	TebulUre		girl	ɛ̀dáyɛ́\\ùlà:mbílé	ɛ̀dáyɛ́	ɛ̀ d á j ɛ́	ù l à à + m b + í l é		0
596	Tiranige-4397_girl-1	Tiranige		girl	béyéwè\\béyégé bègé	béyé-wè	b é j é + w è	b é + j é + ɡ é + b è + ɡ é		0
597	TogoKan-4397_girl-1	TogoKan		girl	ɲɛ̌ỳⁿ\\ɲɛ̌ùrⁿù	ɲɛ̌ỳ-ⁿ	ɲ ɛ̌ j	ɲ ɛ̌ + ù r ∼ ù		0
598	TommoSoTongoTongo-4397_girl-1	TommoSoTongoTongo		girl	ìyàý \\ yàà úlùm	ìyàj	ì j à d ʒ	j à à + ú + l + ù m		0
601	ToroTegu-4397_girl-1	ToroTegu		girl	yⁿàrⁿì:rⁿí:\\yⁿàmì:mí:	àr.nì.ì-r.ní.í	à r ∼ ì ì + r ∼ í í	j~ à + m + ì ì + m í í		0
602	YandaDom-4397_girl-1	YandaDom		girl	èníyè	èníyè	è n í j è			0
10021	BankanTey-4401_give-1	BankanTey		give	ní	ní	n í			1
10022	BenTey-4401_give-1	BenTey		give	ní	ní	n í			1
10023	Bunoge-4401_give-1	Bunoge		give	tábè	táb-è	t á b + è			1
10024	DogulDomBendiely-4401_give-1	DogulDomBendiely		give	ǹdɛ́	ǹd-ɛ́	n d + ɛ́			1
10025	DogulDomKundialang-4401_give-1	DogulDomKundialang		give	ńdɛ̀	ńd-ɛ̀	n d + ɛ̀			1
10026	DonnoSo-4401_give-1	DonnoSo		give	óbò\\óbì	ób-ò	ó b + ò			1
10027	Gourou-4401_give-1	Gourou		give	ó:	ó.-ó	ó + ó			1
10028	JamsayDouentza-4401_give-1	JamsayDouentza		give	ó:	ó.-ó	ó + ó			1
10030	Mombo-4401_give-1	Mombo		give	ńdɛ́	ńd-ɛ́	n d + ɛ́			1
10031	Najamba-4401_give-1	Najamba		give	ǹdɛ́, ǹdírɛ́	ǹd-ɛ́	n d + ɛ́			1
10032	Najamba-4401_give-2	Najamba		give	ǹdɛ́, ǹdírɛ́	ǹdír-ɛ́	n d í r + ɛ́			1
10033	Nanga-4401_give-1	Nanga		give	ńdí	ńd-í	n d + í			1
10034	Penange-4401_give-1	Penange		give	tábé	táb-é	t á b + é			1
10035	PergeTegu-4401_give-1	PergeTegu		give	ó:	ó.-ó	ó + ó			1
10036	TebulUre-4401_give-1	TebulUre		give	ńdì (ńdítì, imprt ńdá)	ńd-á	n d + á			1
10037	Tiranige-4401_give-1	Tiranige		give	ndó (imperative ndà:)	nd-ó	n d + ó			1
10038	TogoKan-4401_give-1	TogoKan		give	ó	ó	ó			1
10039	TommoSoTongoTongo-4401_give-1	TommoSoTongoTongo		give	óbó	ób-ó	ó b + ó			1
10040	ToroTegu-4401_give-1	ToroTegu		give	ów\\ów	ów	ó w			1
10041	YandaDom-4401_give-1	YandaDom		give	ńdɛ́\\ǹdàlí	ńd-ɛ́	n d + ɛ́			1
10042	YornoSo-4401_give-1	YornoSo		give	óbó\\óbú	ób-ó	ó b + ó			1
13986	BankanTey-4441_go-1	BankanTey		go	ǹdó	ǹd-ó	n d + ó			0
13987	BenTey-4441_go-1	BenTey		go	ló	ló	l ó			0
13988	Bunoge-4441_go-1	Bunoge		go	gé:ndè	ɡé.énd-è	ɡ é é n d + è			0
13989	DogulDomBendiely-4441_go-1	DogulDomBendiely		go	bɔ̀lɛ́	bɔ̀l-ɛ́	b ɔ̀ l + ɛ́			0
13990	DonnoSo-4441_go-1	DonnoSo		go	bòló\\bólì	bòl-ó	b ò l + ó			0
13991	Gourou-4441_go-1	Gourou		go	yǎ:	yà-á	j à + á			0
13992	JamsayDouentza-4441_go-1	JamsayDouentza		go	yǎ: (Imperative yǎ:)	yà-á	j à + á			0
13993	Mombo-4441_go-1	Mombo		go	ándé	ánd-é	á n d + é			0
13994	Najamba-4441_go-1	Najamba		go	ín\\ìnè	ìn-è	ì n + è			0
13995	Nanga-4441_go-1	Nanga		go	ńné	ńn-é	n n + é			0
13996	Penange-4441_go-1	Penange		go	ándè (ɲá:ndè)	ánd-è	á n d + è			0
13997	PergeTegu-4441_go-1	PergeTegu		go	yǎ:	yà-á	j à + á			0
13998	TebulUre-4441_go-1	TebulUre		go	yǎy (yǎyyà ~ yéyà, perf neg òlí, impf óm̀dɔ̀, impf neg óŋgò, imprt yàdá)	yǎy-	j ǎ j			0
13999	Tiranige-4441_go-1	Tiranige		go	ún(ú) (all dialects), bɔ́lɔ́ (archaic, Boui)	bɔ́l-ɔ́	b ɔ́ l + ɔ́			0
14000	TogoKan-4441_go-1	TogoKan		go	yě\\yǎ:	yě	j ě			0
14001	TommoSoTongoTongo-4441_go-1	TommoSoTongoTongo		go	yàá	yà-á	j à + á			0
14003	ToroTegu-4441_go-1	ToroTegu		go	yǎy\\yàyá	yày-á	j à j + á			0
14004	YandaDom-4441_go-1	YandaDom		go	ún\\úrⁿé\\únlì	úrn-é	ú r n + é			0
14005	YornoSo-4441_go-1	YornoSo		go	yǎ:\\yǎy	yà-á	j à + á			0
6807	BankanTey-4457_godown-1	BankanTey		go down	síyé	síy-é	s í j + é			0
6808	BenTey-4457_godown-1	BenTey		go down	síyé	síy-é	s í j + é			0
6809	Bunoge-4457_godown-1	Bunoge		go down	sígè	síɡ-è	s í ɡ + è			0
6810	DogulDomBendiely-4457_godown-1	DogulDomBendiely		go down	sìgé, sùgé	sìɡ-é	s ì ɡ + é			0
6811	DogulDomBendiely-4457_godown-2	DogulDomBendiely		go down	sìgé, sùgé	sùɡ-é	s ù ɡ + é			0
6812	DogulDomKundialang-4457_godown-1	DogulDomKundialang		go down	sígè	síɡ-è	s í ɡ + è			0
6813	DonnoSo-4457_godown-1	DonnoSo		go down	súgò\\súgè	súɡ-è	s ú ɡ + è			0
6814	Gourou-4457_godown-1	Gourou		go down	sígé	síɡ-é	s í ɡ + é			0
6815	JamsayDouentza-4457_godown-1	JamsayDouentza		go down	súgó	súɡ-ó	s ú ɡ + ó			0
6817	Mombo-4457_godown-1	Mombo		go down	sígé	síɡ-é	s í ɡ + é			0
6818	Najamba-4457_godown-1	Najamba		go down	súgí\\sùgè	sùɡ-è	s ù ɡ + è			0
6819	Nanga-4457_godown-1	Nanga		go down	sígé	síɡ-é	s í ɡ + é			0
6820	Penange-4457_godown-1	Penange		go down	sígé	síɡ-é	s í ɡ + é			0
6821	PergeTegu-4457_godown-1	PergeTegu		go down	sígé	síɡ-é	s í ɡ + é			0
6822	TebulUre-4457_godown-1	TebulUre		go down	súgó (súgà:, imprt súgó)	súɡ-ó	s ú ɡ + ó			0
6823	Tiranige-4457_godown-1	Tiranige		go down	sígó	síɡ-ó	s í ɡ + ó			0
6824	TogoKan-4457_godown-1	TogoKan		go down	súgó	súɡ-ó	s ú ɡ + ó			0
6825	TommoSoTongoTongo-4457_godown-1	TommoSoTongoTongo		go down	súgó	súɡ-ó	s ú ɡ + ó			0
6826	ToroTegu-4457_godown-1	ToroTegu		go down	sígú\\sígó	síɡ-ó	s í ɡ + ó			0
6827	YandaDom-4457_godown-1	YandaDom		go down	súwó\\súwólì	súw-ó	s ú w + ó			0
6828	YornoSo-4457_godown-1	YornoSo		go down	súgó	súɡ-ó	s ú ɡ + ó			0
14132	BankanTey-4474_gooutexit-1	BankanTey		go out, exit	gó\\gô	ɡô	ɡ ô			0
14133	BenTey-4474_gooutexit-1	BenTey		go out, exit	gǒ	ɡǒ	ɡ ǒ			0
14134	Bunoge-4474_gooutexit-1	Bunoge		go out, exit	gê:, gó:ŋgè, gú:ndè	ɡé-è	ɡ é + è			0
14135	Bunoge-4474_gooutexit-2	Bunoge		go out, exit	gê:, gó:ŋgè, gú:ndè	ɡó.óŋɡ-è	ɡ ó ó ŋ ɡ + è			0
14136	Bunoge-4474_gooutexit-3	Bunoge		go out, exit	gê:, gó:ŋgè, gú:ndè	ɡú.únd-è	ɡ ú ú n d + è			0
14137	DogulDomBendiely-4474_gooutexit-1	DogulDomBendiely		go out, exit	gèé	ɡè-é	ɡ è + é			0
14138	DogulDomKundialang-4474_gooutexit-1	DogulDomKundialang		go out, exit	gě:	ɡè-é	ɡ è + é			0
14139	DonnoSo-4474_gooutexit-1	DonnoSo		go out, exit	gǒ:\\góè	ɡó-è	ɡ ó + è			0
14140	Gourou-4474_gooutexit-1	Gourou		go out, exit	gó:	ɡó-ó	ɡ ó + ó			0
14141	JamsayDouentza-4474_gooutexit-1	JamsayDouentza		go out, exit	gǒ:	ɡò-ó	ɡ ò + ó			0
14142	Mombo-4474_gooutexit-1	Mombo		go out, exit	gwé:	ɡw-éé	ɡ w + é é			0
14143	Najamba-4474_gooutexit-1	Najamba		go out, exit	gwé\\gwè	ɡw-è	ɡ w + è			0
14144	Nanga-4474_gooutexit-1	Nanga		go out, exit	gǒ:	ɡò-ó	ɡ ò + ó			0
14145	Penange-4474_gooutexit-1	Penange		go out, exit	gú:ndè ('go out'), gó:ŋgè ('emerge'), gwé: ('leave')	ɡw-éé	ɡ w + é é			0
14146	PergeTegu-4474_gooutexit-1	PergeTegu		go out, exit	gǒ:	ɡò-ó	ɡ ò + ó			0
14147	TebulUre-4474_gooutexit-1	TebulUre		go out, exit	gǒ (gǒyày ~ gwâ:y, imprt gó)	ɡwá-.ày	ɡ w á + à j			0
14148	Tiranige-4474_gooutexit-1	Tiranige		go out, exit	gó:, sàlè gó:	ɡó-ó	ɡ ó + ó			0
14149	Tiranige-4474_gooutexit-2	Tiranige		go out, exit	gó:, sàlè gó:	sàl-è-ɡó.ó	s à l + è + ɡ ó ó			0
14150	TogoKan-4474_gooutexit-1	TogoKan		go out, exit	gǒ:	ɡò-ó	ɡ ò + ó			0
14151	TommoSoTongoTongo-4474_gooutexit-1	TommoSoTongoTongo		go out, exit	gòó	ɡò-ó	ɡ ò + ó			0
14152	ToroTegu-4474_gooutexit-1	ToroTegu		go out, exit	gú\\gó	ɡó	ɡ ó			0
14153	YandaDom-4474_gooutexit-1	YandaDom		go out, exit	gó\\gòlí	ɡó	ɡ ó			0
14154	YornoSo-4474_gooutexit-1	YornoSo		go out, exit	gǒ:\\gǒ:	ɡò-ó	ɡ ò + ó			0
13725	BankanTey-4484_gotosleepfallasleepsleep-1	BankanTey		go to sleep, fall asleep, sleep	níyⁿɛ́	ní-ɛ́	n í + ɛ́			1
13726	BenTey-4484_gotosleepfallasleepsleep-1	BenTey		go to sleep, fall asleep, sleep	jìrènî: ní:yⁿí	dʒìr-è-n-í.ì-n-í.íí	d ʒ ì r + è + n + í ì + n + í í í			1
13727	Bunoge-4484_gotosleepfallasleepsleep-1	Bunoge		go to sleep, fall asleep, sleep	dó:yè	dó.óy-è	d ó ó j + è			1
13728	DogulDomKundialang-4484_gotosleepfallasleepsleep-1	DogulDomKundialang		go to sleep, fall asleep, sleep	nòyyé	nòy-yé	n ò j + j é			1
13729	DonnoSo-4484_gotosleepfallasleepsleep-1	DonnoSo		go to sleep, fall asleep, sleep	gìrî: yéyyè:	ɡìr-í.ì-yéyyè.è	ɡ ì r + í ì + j é j j è è			1
13730	Gourou-4484_gotosleepfallasleepsleep-1	Gourou		go to sleep, fall asleep, sleep	gìní ní:	ɡìní-ní.í	ɡ ì n í + n í í			1
13731	JamsayDouentza-4484_gotosleepfallasleepsleep-1	JamsayDouentza		go to sleep, fall asleep, sleep	jìnî: ní:	dʒìn-í.ì-n-í.í	d ʒ ì n + í ì + n + í í			1
13733	Mombo-4484_gotosleepfallasleepsleep-1	Mombo		go to sleep, fall asleep, sleep	nó:yè	nó.óy-è	n ó ó j + è			1
13734	Najamba-4484_gotosleepfallasleepsleep-1	Najamba		go to sleep, fall asleep, sleep	nóyè nóy\\nòyè	nòy-è	n ò j + è			1
13735	Nanga-4484_gotosleepfallasleepsleep-1	Nanga		go to sleep, fall asleep, sleep	níyⁿɛ́, gìrèníyⁿɛ̂ níyⁿɛ́	ní-ɛ́	n í + ɛ́			1
13736	Nanga-4484_gotosleepfallasleepsleep-2	Nanga		go to sleep, fall asleep, sleep	níyⁿɛ́, gìrèníyⁿɛ̂ níyⁿɛ́	ɡìr-è-níɛ̂-níɛ́	ɡ ì r + è + n í ɛ̂ + n í ɛ́			1
13737	Penange-4484_gotosleepfallasleepsleep-1	Penange		go to sleep, fall asleep, sleep	nó:yè ~ nó:è	nó.óy-è	n ó ó j + è			1
13738	Penange-4484_gotosleepfallasleepsleep-2	Penange		go to sleep, fall asleep, sleep	nó:yè ~ nó:è	nó-óè	n ó + ó è			1
13739	PergeTegu-4484_gotosleepfallasleepsleep-1	PergeTegu		go to sleep, fall asleep, sleep	gìnî: níyⁿé	ɡìn-í.ì-níé	ɡ ì n + í ì + n í é			1
13740	TebulUre-4484_gotosleepfallasleepsleep-1	TebulUre		go to sleep, fall asleep, sleep	jìrè[níŋgí] ní: (ní:yà)	dʒìr-è-n-íŋɡí-n-í.í	d ʒ ì r + è + n + í ŋ ɡ í + n + í í			1
13741	Tiranige-4484_gotosleepfallasleepsleep-1	Tiranige		go to sleep, fall asleep, sleep	nóyó ~ náyó	nóy-ó	n ó j + ó			1
13742	Tiranige-4484_gotosleepfallasleepsleep-2	Tiranige		go to sleep, fall asleep, sleep	nóyó ~ náyó	náy-ó	n á j + ó			1
13743	TogoKan-4484_gotosleepfallasleepsleep-1	TogoKan		go to sleep, fall asleep, sleep	gìnɛ́ nɔ́wⁿì:	ɡìn-ɛ́-nɔ́w.nì.ì	ɡ ì n + ɛ́ + n ɔ́ w ∼ ì ì			1
13744	TommoSoTongoTongo-4484_gotosleepfallasleepsleep-1	TommoSoTongoTongo		go to sleep, fall asleep, sleep	(gìré) yéyíyé	yéy-í-yé	j é j + í + j é			1
13745	ToroTegu-4484_gotosleepfallasleepsleep-1	ToroTegu		go to sleep, fall asleep, sleep	jìró léy\\léyó	léy-ó	l é j + ó			1
13746	YandaDom-4484_gotosleepfallasleepsleep-1	YandaDom		go to sleep, fall asleep, sleep	nìyⁿé\\nìyⁿélì	nì-é	n ì + é			1
13747	YornoSo-4484_gotosleepfallasleepsleep-1	YornoSo		go to sleep, fall asleep, sleep	gìrî: yé:	ɡìr-í.ì-yé.é	ɡ ì r + í ì + j é é			1
6755	BankanTey-4490_gouprise-1	BankanTey		go up, rise	ùrá	ùr-á	ù r + á			0
6756	BenTey-4490_gouprise-1	BenTey		go up, rise	ùrɔ́	ùr-ɔ́	ù r + ɔ́			0
6757	Bunoge-4490_gouprise-1	Bunoge		go up, rise	ʔɔ́llɛ̀	ʔɔ́-llɛ̀	ʔ ɔ́ + l l ɛ̀			0
6758	DogulDomBendiely-4490_gouprise-1	DogulDomBendiely		go up, rise	dàmbɛ́	dàmb-ɛ́	d à m b + ɛ́			0
6759	DogulDomKundialang-4490_gouprise-1	DogulDomKundialang		go up, rise	dàmbé	dàmb-é	d à m b + é			0
6760	DonnoSo-4490_gouprise-1	DonnoSo		go up, rise	dàmbá\\dámbì	dàmb-á	d à m b + á			0
6761	Gourou-4490_gouprise-1	Gourou		go up, rise	ùrɔ́	ùr-ɔ́	ù r + ɔ́			0
6762	JamsayDouentza-4490_gouprise-1	JamsayDouentza		go up, rise	ùrɔ́	ùr-ɔ́	ù r + ɔ́			0
6764	Mombo-4490_gouprise-1	Mombo		go up, rise	dígɛ́	díɡ-ɛ́	d í ɡ + ɛ́			0
6765	Najamba-4490_gouprise-1	Najamba		go up, rise	ìlɛ́	ìl-ɛ́	ì l + ɛ́			0
6766	Nanga-4490_gouprise-1	Nanga		go up, rise	ǹdɛ́	ǹd-ɛ́	n d + ɛ́			0
6767	Penange-4490_gouprise-1	Penange		go up, rise	dígɛ́	díɡ-ɛ́	d í ɡ + ɛ́			0
6768	PergeTegu-4490_gouprise-1	PergeTegu		go up, rise	ùlɔ́	ùl-ɔ́	ù l + ɔ́			0
6769	TebulUre-4490_gouprise-1	TebulUre		go up, rise	ìlɛ́ (ìlâ:, imprt ílá)	ìl-ɛ́	ì l + ɛ́			0
6770	Tiranige-4490_gouprise-1	Tiranige		go up, rise	élégó (go up onto), ílɔ́	íl-ɔ́	í l + ɔ́			0
6771	Tiranige-4490_gouprise-2	Tiranige		go up, rise	élégó (go up onto), ílɔ́	íl-ɔ́	í l + ɔ́			0
6772	TogoKan-4490_gouprise-1	TogoKan		go up, rise	dɔ̀wɔ́	dɔ̀w-ɔ́	d ɔ̀ w + ɔ́			0
6773	TommoSoTongoTongo-4490_gouprise-1	TommoSoTongoTongo		go up, rise	úló	úl-ó	ú l + ó			0
6774	ToroTegu-4490_gouprise-1	ToroTegu		go up, rise	ùnú\\ùnɔ́	ùn-ɔ́	ù n + ɔ́			0
6775	YandaDom-4490_gouprise-1	YandaDom		go up, rise	ʔə́lɛ́\\ʔə̀làlí	ʔə́l-ɛ́	ʔ ə́ l + ɛ́			0
6776	YornoSo-4490_gouprise-1	YornoSo		go up, rise	úló xxx[chaining]	úl-ó	ú l + ó			0
136	BankanTey-4492_goat-1	BankanTey		goat	bɛ́rùm\\bɛ́rù	bɛ́rù-m	b ɛ́ r ù + m	b ɛ́ r ù		0
137	BenTey-4492_goat-1	BenTey		goat	bɛ́rìm ~ bɛ́rùm\\bɛ́rù	bɛ́rì-m	b ɛ́ r ì + m	b ɛ́ r ù		0
138	BenTey-4492_goat-2	BenTey		goat	bɛ́rìm ~ bɛ́rùm\\bɛ́rù	bɛ́rù-m	b ɛ́ r ù + m	b ɛ́ r ù		0
139	Bunoge-4492_goat-1	Bunoge		goat	kílɔ̀	kílɔ̀	k í l ɔ̀	k í l ɔ̀ ɡ è		0
140	DogulDomBendiely-4492_goat-1	DogulDomBendiely		goat	ínàà	ínà-à	í n à + à	í n à à j à à		0
141	DogulDomKundialang-4492_goat-1	DogulDomKundialang		goat	ínà:	ínà-à	í n à + à	í n à à j à à		0
142	DonnoSo-4492_goat-1	DonnoSo		goat	ɛ̀nɛ́	ɛ̀nɛ́	ɛ̀ n ɛ́	ɛ̀ n ɛ́ m b è		0
143	Gourou-4492_goat-1	Gourou		goat	bɛ̀rú	bɛ̀rú	b ɛ̀ r ú	b ɛ̀ r ú b é		0
144	JamsayDouentza-4492_goat-1	JamsayDouentza		goat	bɛ̀rú, bɛ̀nná:, ɛ̀rⁿɛ́	bɛ̀rú	b ɛ̀ r ú	b ɛ̀ r ú b é		0
145	JamsayDouentza-4492_goat-2	JamsayDouentza		goat	bɛ̀rú, bɛ̀nná:, ɛ̀rⁿɛ́	ɛ̀r.nɛ́	ɛ̀ r ∼ ɛ́	ɛ̀ r ∼ ɛ́ b é		0
147	Mombo-4492_goat-1	Mombo		goat	úná	úná	ú n á			0
148	Najamba-4492_goat-1	Najamba		goat	ínè\\ínà:	ínè	í n è	í n à à		0
149	Nanga-4492_goat-1	Nanga		goat	bɛ́rî, mírⁿê ~ mɛ́rⁿɛ̂	bɛ́rî	b ɛ́ r î	b ɛ́ r î		0
150	Nanga-4492_goat-2	Nanga		goat	bɛ́rî, mírⁿê ~ mɛ́rⁿɛ̂	mɛ́r.-nɛ̂	m ɛ́ r + n ɛ̂	m ɛ́ r ∼ ɛ̂		0
151	Penange-4492_goat-1	Penange		goat	úná (ɲ)	úná	ú n á	ɲ + ú n á ɡ è		0
152	PergeTegu-4492_goat-1	PergeTegu		goat	ɛ̀rⁿɛ́	ɛ̀r.nɛ́	ɛ̀ r ∼ ɛ́			0
153	TebulUre-4492_goat-1	TebulUre		goat	írⁿè:\\írⁿìmbɔ̀ ~ ínbɔ̀ (sg also ìn before adjective)	ír-nè-è	í r + n è + è	í n + b ɔ̀		0
154	Tiranige-4492_goat-1	Tiranige		goat	ùnà	ùnà	ù n à	ù n à ɡ è		0
155	TogoKan-4492_goat-1	TogoKan		goat	ɛ̀rⁿɛ́	ɛ̀r.nɛ́	ɛ̀ r ∼ ɛ́	ɛ̀ r ∼ ɛ́ m b è		0
156	TommoSoTongoTongo-4492_goat-1	TommoSoTongoTongo		goat	ɛ̀nɛ́	ɛ̀nɛ́	ɛ̀ n ɛ́	ɛ̀ + n ɛ́ m b e		0
159	ToroTegu-4492_goat-1	ToroTegu		goat	ɛ̀rⁿá	ɛ̀r.ná	ɛ̀ r ∼ á	ɛ̀ r ∼ á m ǎ		0
160	YandaDom-4492_goat-1	YandaDom		goat	ʔə́nɛ́\\mù	ʔə́nɛ́	ʔ ə́ n ɛ́	ʔ ə́ n ɛ́ + m ù		0
161	YornoSo-4492_goat-1	YornoSo		goat	ɛ̀rⁿɛ́	ɛ̀r.nɛ́	ɛ̀ r ∼ ɛ́	ɛ̀ r ∼ ɛ́		0
5809	BankanTey-4498_gold-1	BankanTey		gold	káɲɲè	káɲ-ɲè	k á ɲ + ɲ è			0
5810	BenTey-4498_gold-1	BenTey		gold	káŋŋɛ̀	káŋ-ŋɛ̀	k á ŋ + ŋ ɛ̀			0
5811	Bunoge-4498_gold-1	Bunoge		gold	kánù	kánù	k á n ù			0
5812	DogulDomBendiely-4498_gold-1	DogulDomBendiely		gold	káŋɛ̀	káŋɛ̀	k á ŋ ɛ̀			0
5813	DogulDomKundialang-4498_gold-1	DogulDomKundialang		gold	káŋɛ̀	káŋɛ̀	k á ŋ ɛ̀			0
5814	DonnoSo-4498_gold-1	DonnoSo		gold	káŋŋèŋ	káŋ-ŋèŋ	k á ŋ + ŋ è ŋ			0
5815	JamsayDouentza-4498_gold-1	JamsayDouentza		gold	káŋŋɛ̀, káŋŋà	káŋ-ŋɛ̀	k á ŋ + ŋ ɛ̀			0
5816	JamsayDouentza-4498_gold-2	JamsayDouentza		gold	káŋŋɛ̀, káŋŋà	káŋ-ŋà	k á ŋ + ŋ à			0
5817	Mombo-4498_gold-1	Mombo		gold	káŋè	káŋè	k á ŋ è			0
5818	Najamba-4498_gold-1	Najamba		gold	káŋŋè	káŋ-ŋè	k á ŋ + ŋ è			0
5819	Nanga-4498_gold-1	Nanga		gold	káŋɛ̂	káŋɛ̂	k á ŋ ɛ̂			0
5820	Penange-4498_gold-1	Penange		gold	kán	kán	k á n			0
5821	PergeTegu-4498_gold-1	PergeTegu		gold	káŋɛ̀	káŋɛ̀	k á ŋ ɛ̀			0
5822	TebulUre-4498_gold-1	TebulUre		gold	káɲà	káɲà	k á ɲ à			0
5823	Tiranige-4498_gold-1	Tiranige		gold	kàŋŋɛ́	kàŋ-ŋɛ́	k à ŋ + ŋ ɛ́			0
5824	TogoKan-4498_gold-1	TogoKan		gold	káŋɛ́:	káŋɛ́.ɛ́	k á ŋ ɛ́ ɛ́			0
5825	TommoSoTongoTongo-4498_gold-1	TommoSoTongoTongo		gold	káŋé	káŋé	k á ŋ é			0
5826	ToroTegu-4498_gold-1	ToroTegu		gold	úrà, káŋŋɛ̀	úrà	ú r à			0
5827	ToroTegu-4498_gold-2	ToroTegu		gold	úrà, káŋŋɛ̀	káŋ-ŋɛ̀	k á ŋ + ŋ ɛ̀			0
5828	YandaDom-4498_gold-1	YandaDom		gold	káŋɛ̀	káŋɛ̀	k á ŋ ɛ̀			0
5829	YornoSo-4498_gold-1	YornoSo		gold	káŋá	káŋá	k á ŋ á			0
15677	BankanTey-4499_good-1	BankanTey		good	ɛ̀súm\\ɛ̀sú	ɛ̀súm	ɛ̀ s ú m	ɛ̀ s ú		1
15678	BenTey-4499_good-1	BenTey		good	ɛ̀sú\\ɛ̀súm\\ɛ̀súyɛ̀	ɛ̀s-ú	ɛ̀ s + ú	ɛ̀ s ú + j ɛ̀		1
15679	Bunoge-4499_good-1	Bunoge		good	pɔ̀:lɔ̀ (modifying), néyⁿ bò ('be good', predicative only)	né_b-ò	n é + b + ò			1
15680	DogulDomBendiely-4499_good-1	DogulDomBendiely		good	gɛ̀nɔ́	ɡɛ̀n-ɔ́	ɡ ɛ̀ n + ɔ́			1
15681	DogulDomKundialang-4499_good-1	DogulDomKundialang		good	gɛ̀nɔ̌:	ɡɛ̀nɔ̀.ɔ́	ɡ ɛ̀ n ɔ̀ ɔ́			1
15682	DonnoSo-4499_good-1	DonnoSo		good	sê:ⁿ	sé-èⁿ	s é + è ∼			1
15683	Gourou-4499_good-1	Gourou		good	ɛ̀sú	ɛ̀s-ú	ɛ̀ s + ú			1
15684	JamsayDouentza-4499_good-1	JamsayDouentza		good	ɛ̀jú	ɛ̀d-ʒú	ɛ̀ d + ʒ ú			1
15686	Mombo-4499_good-1	Mombo		good	pɔ́lɔ́	pɔ́l-ɔ́	p ɔ́ l + ɔ́			1
15687	Najamba-4499_good-1	Najamba		good	nálá:\\nálé:, nɛ̌yyè\\nɛ̌yŋgò	nɛ̌yy-è	n ɛ̌ j j + è	n ɛ̌ j + ŋ ɡ ò		1
15688	Nanga-4499_good-1	Nanga		good	ɛ̀sí	ɛ̀s-í	ɛ̀ s + í			1
15689	Penange-4499_good-1	Penange		good	pɔ́:lɔ́	pɔ́.ɔ́l-ɔ́	p ɔ́ ɔ́ l + ɔ́			1
15690	PergeTegu-4499_good-1	PergeTegu		good	ɛ̀sú	ɛ̀s-ú	ɛ̀ s + ú			1
15691	TebulUre-4499_good-1	TebulUre		good	sɛ́//sɛ́ŋgɛ̀//sɛ́mbɔ̀, ɛ́dɛ̀://ɛ́dùŋgɔ̀//ɛ́dùmbɔ̀	s-ɛ́	s + ɛ́			1
15692	TebulUre-4499_good-2	TebulUre		good	sɛ́//sɛ́ŋgɛ̀//sɛ́mbɔ̀, ɛ́dɛ̀://ɛ́dùŋgɔ̀//ɛ́dùmbɔ̀	ɛ́dɛ̀-ɛ̀	ɛ́ d ɛ̀ + ɛ̀			1
15693	Tiranige-4499_good-1	Tiranige		good	mɔ́:	mɔ́-ɔ́	m ɔ́ + ɔ́			1
15694	TogoKan-4499_good-1	TogoKan		good	sɛ́ⁿ	sɛ́.n	s ɛ́ ∼			1
15695	TommoSoTongoTongo-4499_good-1	TommoSoTongoTongo		good	síɛ́, dàgáádɛ̀	síɛ́	s í ɛ́			1
15696	TommoSoTongoTongo-4499_good-2	TommoSoTongoTongo		good	síɛ́, dàgáádɛ̀	dàɡáád-ɛ̀	d à ɡ á á ∼ d + ɛ̀			1
15697	ToroTegu-4499_good-1	ToroTegu		good	jɛ̀rⁿú	dʒɛ̀r.n-ú	d ʒ ɛ̀ r ∼ + ú			1
15698	YandaDom-4499_good-1	YandaDom		good	síyɛ́	síy-ɛ́	s í j + ɛ́			1
15699	YornoSo-4499_good-1	YornoSo		good	ɛ̀jú	ɛ̀d-ʒú	ɛ̀ d + ʒ ú			1
351	BankanTey-4544_grassherbs-1	BankanTey		grass, herbs	bèrú, sàwâ:	bèrú	b è r ú			1
352	BankanTey-4544_grassherbs-2	BankanTey		grass, herbs	bèrú, sàwâ:	sàwá.à	s à w á à			1
353	BenTey-4544_grassherbs-1	BenTey		grass, herbs	bèrú	bèrú	b è r ú			1
354	Bunoge-4544_grassherbs-1	Bunoge		grass, herbs	kɔ́jì	kɔ́-dʒ-ì	k ɔ́ + d ʒ + ì			1
355	DogulDomBendiely-4544_grassherbs-1	DogulDomBendiely		grass, herbs	kɔ́ɔ́gù	kɔ́.ɔ́ɡù	k ɔ́ ɔ́ ɡ ù			1
356	DogulDomKundialang-4544_grassherbs-1	DogulDomKundialang		grass, herbs	kɔ̌:g (kɔ̀:gú), bèlé (fodder)	bèlé	b è l é			1
357	DonnoSo-4544_grassherbs-1	DonnoSo		grass, herbs	bèlé	bèlé	b è l é			1
358	JamsayDouentza-4544_grassherbs-1	JamsayDouentza		grass, herbs	ɔ̀yɔ́	ɔ̀yɔ́	ɔ̀ j ɔ́			1
359	Mombo-4544_grassherbs-1	Mombo		grass, herbs	béléŋgè	bélé-ŋɡ-è	b é l é + ŋ ɡ + è			1
360	Najamba-4544_grassherbs-1	Najamba		grass, herbs	sɔ̌:mɛ̀ŋgò\\sɔ̌:mɛ̀	sɔ̀.ɔ́mɛ̀-ŋɡ-ò	s ɔ̀ ɔ́ m ɛ̀ + ŋ ɡ + ò	s ɔ̀ ɔ́ m ɛ̀		1
361	Nanga-4544_grassherbs-1	Nanga		grass, herbs	bèrí, sàwâ	bèrí	b è r í			1
362	Nanga-4544_grassherbs-2	Nanga		grass, herbs	bèrí, sàwâ	sàwâ	s à w â			1
363	Penange-4544_grassherbs-1	Penange		grass, herbs	kɔ́jí	kɔ́-dʒ-í	k ɔ́ + d ʒ + í			1
364	PergeTegu-4544_grassherbs-1	PergeTegu		grass, herbs	ɔ̀yɔ́	ɔ̀yɔ́	ɔ̀ j ɔ́			1
365	TebulUre-4544_grassherbs-1	TebulUre		grass, herbs	yɔ̀wá	yɔ̀wá	j ɔ̀ w á			1
366	Tiranige-4544_grassherbs-1	Tiranige		grass, herbs	bélŋge (fodder), béléŋgé (Boui), kɔ́y (in nature)	kɔ́y	k ɔ́ j			1
367	TogoKan-4544_grassherbs-1	TogoKan		grass, herbs	gúgúrú	ɡúɡú-rú	ɡ ú ɡ ú + r ú			1
368	TommoSoTongoTongo-4544_grassherbs-1	TommoSoTongoTongo		grass, herbs	kèrú, bèlú	kèrú	k è r ú	k è r ú m b e		1
369	TommoSoTongoTongo-4544_grassherbs-2	TommoSoTongoTongo		grass, herbs	kèrú, bèlú	bèlú	b è l ú	b è l ú m b e		1
372	ToroTegu-4544_grassherbs-1	ToroTegu		grass, herbs	sɔ̀lɔ́	sɔ̀lɔ́	s ɔ̀ l ɔ́			1
373	YandaDom-4544_grassherbs-1	YandaDom		grass, herbs	ɔ̀à	ɔ̀à	ɔ̀ à			1
374	YornoSo-4544_grassherbs-1	YornoSo		grass, herbs	dɔ̀gɔ́	dɔ̀ɡɔ́	d ɔ̀ ɡ ɔ́			1
15105	BankanTey-4556_green-1	BankanTey		green	sàwà ɔ̀rúm	sàwà_ɔ̀rúm	s à w à + ɔ̀ r ú m			1
15106	BenTey-4556_green-1	BenTey		green	sàwà: ɔ̀rú	sàwà.à_ɔ̀r-ú	s à w à à + ɔ̀ r + ú			1
15107	Bunoge-4556_green-1	Bunoge		green	kɔ̀jí kàjì	kɔ̀d-ʒí_kàd-ʒì	k ɔ̀ d + ʒ í + k à d + ʒ ì			1
15108	DogulDomBendiely-4556_green-1	DogulDomBendiely		green	wɛ́ràŋ	wɛ́ràŋ	w ɛ́ r à ŋ			1
15109	DogulDomKundialang-4556_green-1	DogulDomKundialang		green	wɛ́rɛ̀ŋ̀	wɛ́rɛ̀ŋ	w ɛ́ r ɛ̀ ŋ			1
15110	DonnoSo-4556_green-1	DonnoSo		green	wɛ́rù	wɛ́r-ù	w ɛ́ r + ù			1
15111	Gourou-4556_green-1	Gourou		green	ɔ̀yɔ̀ ɔ̀rú	ɔ̀yɔ̀_ɔ̀r-ú	ɔ̀ j ɔ̀ + ɔ̀ r + ú			1
15112	JamsayDouentza-4556_green-1	JamsayDouentza		green	ɔ̀yɔ̀ ɔ̀rú	ɔ̀yɔ̀_ɔ̀r-ú	ɔ̀ j ɔ̀ + ɔ̀ r + ú			1
15113	Mombo-4556_green-1	Mombo		green	kɔ́jí kólò	kɔ́dʒí_kól-ò	k ɔ́ d ʒ í + k ó l + ò			1
15114	Najamba-4556_green-1	Najamba		green	wɛ́rɛ̀\\wɛ́rɛ̀ŋgò	wɛ́r-ɛ̀	w ɛ́ r + ɛ̀	w ɛ́ r ɛ̀ + ŋ ɡ ò		1
15115	Nanga-4556_green-1	Nanga		green	sàwà ɔ̀rí	sàwà_ɔ̀r-í	s à w à + ɔ̀ r + í			1
15116	Penange-4556_green-1	Penange		green	kɔ̀jì kòlò ("grass fresh")	kɔ̀dʒì_kòl-ò	k ɔ̀ d ʒ ì + k ò l + ò			1
15117	PergeTegu-4556_green-1	PergeTegu		green	ɔ̀yɔ̀ ɔ̀rú	ɔ̀yɔ̀_ɔ̀r-ú	ɔ̀ j ɔ̀ + ɔ̀ r + ú			1
15118	TebulUre-4556_green-1	TebulUre		green	wɛ́rɛ̀://wɛ́rgɔ̀	wɛ́rɛ̀.ɛ̀	w ɛ́ r ɛ̀ ɛ̀	w ɛ́ r + ɡ ɔ̀		1
15119	Tiranige-4556_green-1	Tiranige		green	kɔ̀ykóló	kɔ̀ykól-ó	k ɔ̀ j k ó l + ó			1
15120	TogoKan-4556_green-1	TogoKan		green	bèrùɔ̀rú	bèrùɔ̀r-ú	b è r ù ɔ̀ r + ú			1
15121	TommoSoTongoTongo-4556_green-1	TommoSoTongoTongo		green	wɛ́rú	wɛ́r-ú	w ɛ́ r + ú			1
15122	ToroTegu-4556_green-1	ToroTegu		green	sɔ̀lɔ̀ɔ̀rú	sɔ̀lɔ̀ɔ̀r-ú	s ɔ̀ l ɔ̀ ɔ̀ r + ú			1
15123	YandaDom-4556_green-1	YandaDom		green	vɛ̀rú	vɛ̀r-ú	v ɛ̀ r + ú			1
15124	YornoSo-4556_green-1	YornoSo		green	wɛ́r	wɛ́r	w ɛ́ r			1
11399	BankanTey-4624_half-1	BankanTey		half	táŋgá	tá-ŋɡ-á	t á + ŋ ɡ + á			0
11400	BenTey-4624_half-1	BenTey		half	pɛ́cɛ́rɛ̀, gàmbú	ɡà-mb-ú	ɡ à + m b + ú			0
11401	Bunoge-4624_half-1	Bunoge		half	fɛ̀ccɛ̀rɛ́	fɛ̀tʃ-tʃɛ̀rɛ́	f ɛ̀ t ʃ + t ʃ ɛ̀ r ɛ́			0
11402	DogulDomBendiely-4624_half-1	DogulDomBendiely		half	bɛ̀nná	bɛ̀n-ná	b ɛ̀ n + n á			0
11403	DogulDomKundialang-4624_half-1	DogulDomKundialang		half	pɛ́cɛ̀rɛ̀	pɛ́tʃɛ̀-rɛ̀	p ɛ́ t ʃ ɛ̀ + r ɛ̀			0
11404	DonnoSo-4624_half-1	DonnoSo		half	pɛ́jɛ̀rɛ̀	pɛ́-dʒɛ̀-r-ɛ̀	p ɛ́ + d ʒ ɛ̀ + r + ɛ̀			0
11405	Gourou-4624_half-1	Gourou		half	pɛ́ kɛ́rɛ̀	pɛ́_kɛ́rɛ̀	p ɛ́ + k ɛ́ r ɛ̀			0
11406	JamsayDouentza-4624_half-1	JamsayDouentza		half	cìcɛ́nɛ́	tʃìtʃɛ́-nɛ́	t ʃ ì t ʃ ɛ́ + n ɛ́			0
11408	Mombo-4624_half-1	Mombo		half	pékérè	péké-rè	p é k é + r è			0
11409	Najamba-4624_half-1	Najamba		half	bénán	béná-n	b é n á + n			0
11410	Nanga-4624_half-1	Nanga		half	pɛ́jɛ́rɛ̀	pɛ́-dʒɛ́-r-ɛ̀	p ɛ́ + d ʒ ɛ́ + r + ɛ̀			0
11411	Penange-4624_half-1	Penange		half	fɛ́ccɛ́rɛ̀	fɛ́tʃ-tʃɛ́rɛ̀	f ɛ́ t ʃ + t ʃ ɛ́ r ɛ̀			0
11412	PergeTegu-4624_half-1	PergeTegu		half	pɛ́kɛ́rɛ̀	pɛ́kɛ́-rɛ̀	p ɛ́ k ɛ́ + r ɛ̀			0
11413	TebulUre-4624_half-1	TebulUre		half	pɛ́gɛ̀rɛ̀	pɛ́ɡɛ̀-rɛ̀	p ɛ́ ɡ ɛ̀ + r ɛ̀			0
11414	Tiranige-4624_half-1	Tiranige		half	pɛ̀ccɛ̀rɛ́	pɛ̀tʃ-tʃɛ̀rɛ́	p ɛ̀ t ʃ + t ʃ ɛ̀ r ɛ́			0
11415	TogoKan-4624_half-1	TogoKan		half	pɛ́jɛ́rɛ́	pɛ́-dʒɛ́-r-ɛ́	p ɛ́ + d ʒ ɛ́ + r + ɛ́			0
11416	TommoSoTongoTongo-4624_half-1	TommoSoTongoTongo		half	pɛ́jɛ̀	pɛ́-dʒ-ɛ̀	p ɛ́ + d ʒ + ɛ̀			0
11417	ToroTegu-4624_half-1	ToroTegu		half	kàkàrúkà, jérè, hèlú	kàkà-rúkà	k à k à + r ú k à			0
11418	ToroTegu-4624_half-2	ToroTegu		half	kàkàrúkà, jérè, hèlú	hèlú	h è l ú			0
11419	ToroTegu-4624_half-3	ToroTegu		half	kàkàrúkà, jérè, hèlú	hèlú	h è l ú			0
11420	YandaDom-4624_half-1	YandaDom		half	pɛ́jɛ̀rɛ̀	pɛ́-dʒɛ̀-r-ɛ̀	p ɛ́ + d ʒ ɛ̀ + r + ɛ̀			0
11421	YornoSo-4624_half-1	YornoSo		half	pɛ́jɛ̀rɛ̀	pɛ́-dʒɛ̀-r-ɛ̀	p ɛ́ + d ʒ ɛ̀ + r + ɛ̀			0
1675	BankanTey-4638_hand-1	BankanTey		hand	nǎ:	nà-á	n à + á			1
1676	BenTey-4638_hand-1	BenTey		hand	nǎ:	nà-á	n à + á			1
1677	Bunoge-4638_hand-1	Bunoge		hand	númɛ̀	nú-mɛ̀	n ú + m ɛ̀			1
1678	DogulDomBendiely-4638_hand-1	DogulDomBendiely		hand	nùmɔ́	nù-mɔ́	n ù + m ɔ́			1
1679	DonnoSo-4638_hand-1	DonnoSo		hand	nùmɔ́	nù-mɔ́	n ù + m ɔ́			1
1680	JamsayDouentza-4638_hand-1	JamsayDouentza		hand	nùmó	nù-mó	n ù + m ó			1
1682	Najamba-4638_hand-1	Najamba		hand	nùmǎ:\\nùmɛ̌:	nùmà.á	n ù m à á	n ù m ɛ̀ ɛ́		1
1683	Nanga-4638_hand-1	Nanga		hand	nǎ:	nà-á	n à + á			1
1684	Penange-4638_hand-1	Penange		hand	nwɛ̀: ~ nɛ̀:	nɛ̀-ɛ̀	n ɛ̀ + ɛ̀			1
1685	PergeTegu-4638_hand-1	PergeTegu		hand	nùwⁿó	nùw.-nó	n ù w + n ó			1
1686	TebulUre-4638_hand-1	TebulUre		hand	nùmǎ:	nùmà.á	n ù m à á			1
1687	Tiranige-4638_hand-1	Tiranige		hand	númá (Boui), númíyɛ́ (Ningo)	númí-yɛ́	n ú m í + j ɛ́			1
1688	TommoSoTongoTongo-4638_hand-1	TommoSoTongoTongo		hand	nùmɔ́	nù-mɔ́	n ù + m ɔ́			1
1691	ToroTegu-4638_hand-1	ToroTegu		hand	lɔ̀tɔ́	lɔ̀tɔ́	l ɔ̀ t ɔ́			1
1692	YandaDom-4638_hand-1	YandaDom		hand	nùmà	nù-mà	n ù + m à			1
1693	YornoSo-4638_hand-1	YornoSo		hand	nɔ̌yⁿ, nɔ̀ŋɔ́ (YnedoumaAto dialect)	nɔ̌	n ɔ̌			1
12885	BankanTey-4655_hangsthuponahookornail-1	BankanTey		hang (sth) up on a hook or nail	kɔ́lí	kɔ́l-í	k ɔ́ l + í			0
12886	BenTey-4655_hangsthuponahookornail-1	BenTey		hang (sth) up on a hook or nail	kɔ́lí	kɔ́l-í	k ɔ́ l + í			0
12887	Bunoge-4655_hangsthuponahookornail-1	Bunoge		hang (sth) up on a hook or nail	jáŋgè	dʒáŋɡ-è	d ʒ á ŋ ɡ + è			0
12888	DogulDomKundialang-4655_hangsthuponahookornail-1	DogulDomKundialang		hang (sth) up on a hook or nail	gɔ̀ndùrɛ́	ɡɔ̀-ndùr-ɛ́	ɡ ɔ̀ + n d ù r + ɛ́			0
12889	DonnoSo-4655_hangsthuponahookornail-1	DonnoSo		hang (sth) up on a hook or nail	gɔ̀ndɔ̀rɔ́\\gɔ́ndùrì	ɡɔ̀-ndɔ̀r-ɔ́	ɡ ɔ̀ + n d ɔ̀ r + ɔ́			0
12890	Gourou-4655_hangsthuponahookornail-1	Gourou		hang (sth) up on a hook or nail	kólló	kól-ló	k ó l + l ó			0
12891	JamsayDouentza-4655_hangsthuponahookornail-1	JamsayDouentza		hang (sth) up on a hook or nail	kɔ́rɔ́	kɔ́r-ɔ́	k ɔ́ r + ɔ́			0
12893	Mombo-4655_hangsthuponahookornail-1	Mombo		hang (sth) up on a hook or nail	gɔ́ddɛ̀	ɡɔ́-ddɛ̀	ɡ ɔ́ + d d ɛ̀			0
12894	Najamba-4655_hangsthuponahookornail-1	Najamba		hang (sth) up on a hook or nail	gùbɛ́	ɡùb-ɛ́	ɡ ù b + ɛ́			0
12895	Nanga-4655_hangsthuponahookornail-1	Nanga		hang (sth) up on a hook or nail	kɔ́rí	kɔ́r-í	k ɔ́ r + í			0
12896	Penange-4655_hangsthuponahookornail-1	Penange		hang (sth) up on a hook or nail	gɔ́rdɛ̀, yélé	ɡɔ́-rdɛ̀	ɡ ɔ́ + r d ɛ̀			0
12897	Penange-4655_hangsthuponahookornail-2	Penange		hang (sth) up on a hook or nail	gɔ́rdɛ̀, yélé	yél-é	j é l + é			0
12898	PergeTegu-4655_hangsthuponahookornail-1	PergeTegu		hang (sth) up on a hook or nail	kɔ́lɔ́	kɔ́l-ɔ́	k ɔ́ l + ɔ́			0
12899	TebulUre-4655_hangsthuponahookornail-1	TebulUre		hang (sth) up on a hook or nail	gùbú (gùbútì)	ɡùb-ú	ɡ ù b + ú			0
12900	Tiranige-4655_hangsthuponahookornail-1	Tiranige		hang (sth) up on a hook or nail	gúwɔ́	ɡúw-ɔ́	ɡ ú w + ɔ́			0
12901	TogoKan-4655_hangsthuponahookornail-1	TogoKan		hang (sth) up on a hook or nail	jèré	dʒèr-é	d ʒ è r + é			0
12902	TommoSoTongoTongo-4655_hangsthuponahookornail-1	TommoSoTongoTongo		hang (sth) up on a hook or nail	jèlé	dʒèl-é	d ʒ è l + é			0
12903	ToroTegu-4655_hangsthuponahookornail-1	ToroTegu		hang (sth) up on a hook or nail	gùtú\\gùtɔ́	ɡùt-ɔ́	ɡ ù t + ɔ́			0
12904	YandaDom-4655_hangsthuponahookornail-1	YandaDom		hang (sth) up on a hook or nail	kɔ́rdɔ́\\kɔ́rdálì	kɔ́-rdɔ́	k ɔ́ + r d ɔ́			0
12905	YornoSo-4655_hangsthuponahookornail-1	YornoSo		hang (sth) up on a hook or nail	jèlé\\jèlé, kɔ́lɔ́\\kɔ́lɔ́	kɔ́l-ɔ́	k ɔ́ l + ɔ́			0
15190	BankanTey-4682_hardfirmsolidstiffsurfaceobject-1	BankanTey		hard, firm, solid, stiff (surface, object)	ma᷈wⁿ	mǎw.n	m ǎ w ∼			0
15191	BenTey-4682_hardfirmsolidstiffsurfaceobject-1	BenTey		hard, firm, solid, stiff (surface, object)	ma᷈wⁿ	mǎw.n	m ǎ w ∼			0
15192	Bunoge-4682_hardfirmsolidstiffsurfaceobject-1	Bunoge		hard, firm, solid, stiff (surface, object)	ɲà:ŋì ("dry")	ɲà.àŋ-ì	ɲ à à ŋ + ì			0
15193	DogulDomKundialang-4682_hardfirmsolidstiffsurfaceobject-1	DogulDomKundialang		hard, firm, solid, stiff (surface, object)	ɛ́gɛ̀ŋ̀	ɛ́ɡɛ̀ŋ	ɛ́ ɡ ɛ̀ ŋ			0
15194	DonnoSo-4682_hardfirmsolidstiffsurfaceobject-1	DonnoSo		hard, firm, solid, stiff (surface, object)	tónnò	tónn-ò	t ó n n + ò			0
15195	Gourou-4682_hardfirmsolidstiffsurfaceobject-1	Gourou		hard, firm, solid, stiff (surface, object)	déŋ	déŋ	d é ŋ			0
15196	JamsayDouentza-4682_hardfirmsolidstiffsurfaceobject-1	JamsayDouentza		hard, firm, solid, stiff (surface, object)	déŋ	déŋ	d é ŋ			0
15197	Mombo-4682_hardfirmsolidstiffsurfaceobject-1	Mombo		hard, firm, solid, stiff (surface, object)	kéndékéndú	kénd-ékénd-ú	k é n d + é k é n d + ú			0
15198	Najamba-4682_hardfirmsolidstiffsurfaceobject-1	Najamba		hard, firm, solid, stiff (surface, object)	mǎyyè\\mǎyŋgò	mǎyy-è	m ǎ j j + è	m ǎ j + ŋ ɡ ò		0
15199	Nanga-4682_hardfirmsolidstiffsurfaceobject-1	Nanga		hard, firm, solid, stiff (surface, object)	márⁿî, ɛ̌:	ɛ̀.ɛ́	ɛ̀ ɛ́			0
15200	Penange-4682_hardfirmsolidstiffsurfaceobject-1	Penange		hard, firm, solid, stiff (surface, object)	kàmmì	kàmm-ì	k à m m + ì			0
15201	PergeTegu-4682_hardfirmsolidstiffsurfaceobject-1	PergeTegu		hard, firm, solid, stiff (surface, object)	mǎyⁿ	mǎ	m ǎ			0
15202	TebulUre-4682_hardfirmsolidstiffsurfaceobject-1	TebulUre		hard, firm, solid, stiff (surface, object)	márⁿɛ̀://mángɔ̀//mánmbɔ̀	mánmb-ɔ̀	m á n m b + ɔ̀			0
15203	TebulUre-4682_hardfirmsolidstiffsurfaceobject-2	TebulUre		hard, firm, solid, stiff (surface, object)	márⁿɛ̀://mángɔ̀//mánmbɔ̀	mánmb-ɔ̀	m á n m b + ɔ̀			0
15204	Tiranige-4682_hardfirmsolidstiffsurfaceobject-1	Tiranige		hard, firm, solid, stiff (surface, object)	málání	málán-í	m á l á n + í			0
15205	TogoKan-4682_hardfirmsolidstiffsurfaceobject-1	TogoKan		hard, firm, solid, stiff (surface, object)	mǎ, kégú	mǎ	m ǎ			0
15206	TogoKan-4682_hardfirmsolidstiffsurfaceobject-2	TogoKan		hard, firm, solid, stiff (surface, object)	mǎ, kégú	kéɡ-ú	k é ɡ + ú			0
15207	TommoSoTongoTongo-4682_hardfirmsolidstiffsurfaceobject-1	TommoSoTongoTongo		hard, firm, solid, stiff (surface, object)	máyyám, ɛ́ɛ́ⁿ	máyyám	m á j j á m			0
15208	TommoSoTongoTongo-4682_hardfirmsolidstiffsurfaceobject-2	TommoSoTongoTongo		hard, firm, solid, stiff (surface, object)	máyyám, ɛ́ɛ́ⁿ	ɛ́-ɛ́-n	ɛ́ + ɛ́ + n			0
15209	ToroTegu-4682_hardfirmsolidstiffsurfaceobject-1	ToroTegu		hard, firm, solid, stiff (surface, object)	mǎw ~ m̀bǎw	mǎw	m ǎ w			0
15210	ToroTegu-4682_hardfirmsolidstiffsurfaceobject-2	ToroTegu		hard, firm, solid, stiff (surface, object)	mǎw ~ m̀bǎw	mbǎw	m b ǎ w			0
15211	YandaDom-4682_hardfirmsolidstiffsurfaceobject-1	YandaDom		hard, firm, solid, stiff (surface, object)	ʔə̀yⁿàyⁿ	ʔə̀à	ʔ ə̀ à			0
15212	YornoSo-4682_hardfirmsolidstiffsurfaceobject-1	YornoSo		hard, firm, solid, stiff (surface, object)	ɛ̌:ⁿ	ɛ̀-ɛ́-n	ɛ̀ + ɛ́ + n			0
9242	BankanTey-4740_havefunplaysinganddance-1	BankanTey		have fun, play, sing and dance	cɛ̀mìrⁿɛ́ cɛ́mírⁿí	tʃɛ̀m-ì-r.n-ɛ́-tʃɛ́m-í-r.n-í	t ʃ ɛ̀ m + ì + r ∼ + ɛ́ + t ʃ ɛ́ m + í + r ∼ + í			1
9243	BenTey-4740_havefunplaysinganddance-1	BenTey		have fun, play, sing and dance	cɛ̀mnɛ́ cɛ́mnɛ́	tʃɛ̀mnɛ́-tʃɛ́mn-ɛ́	t ʃ ɛ̀ m n ɛ́ + t ʃ ɛ́ m n + ɛ́			1
9244	Bunoge-4740_havefunplaysinganddance-1	Bunoge		have fun, play, sing and dance	mɛ̀rɛ̀gè mérálè	mɛ̀r-ɛ̀ɡè-mérál-è	m ɛ̀ r + ɛ̀ ɡ è + m é r á l + è			1
9245	DogulDomBendiely-4740_havefunplaysinganddance-1	DogulDomBendiely		have fun, play, sing and dance	kɛ́l kɛ̀ndɛ́	kɛ́l-kɛ̀nd-ɛ́	k ɛ́ l + k ɛ̀ n d + ɛ́			1
9246	DogulDomKundialang-4740_havefunplaysinganddance-1	DogulDomKundialang		have fun, play, sing and dance	kɛ̌l kɛ́:ndɛ̀	kɛ̌l-kɛ́.ɛ́nd-ɛ̀	k ɛ̌ l + k ɛ́ ɛ́ n d + ɛ̀			1
9247	DonnoSo-4740_havefunplaysinganddance-1	DonnoSo		have fun, play, sing and dance	kèdèkédè kédè	kèd-èkéd-è-kéd-è	k è d + è k é d + è + k é d + è			1
9248	Gourou-4740_havefunplaysinganddance-1	Gourou		have fun, play, sing and dance	kɛ̀rⁿìwⁿɛ́ kɛ́rⁿíwⁿɛ́	kɛ̀r.nìw.nɛ́-kɛ́r.n-íw.n-ɛ́	k ɛ̀ r ∼ ì w ∼ ɛ́ + k ɛ́ r ∼ + í w ∼ + ɛ́			1
9249	JamsayDouentza-4740_havefunplaysinganddance-1	JamsayDouentza		have fun, play, sing and dance	cɛ̀rⁿɛ̀wⁿɛ́ cɛ́rⁿɛ́wⁿɛ́	tʃɛ̀r.nɛ̀w.nɛ́-tʃɛ́r.n-ɛ́w.n-ɛ́	t ʃ ɛ̀ r ∼ ɛ̀ w ∼ ɛ́ + t ʃ ɛ́ r ∼ + ɛ́ w ∼ + ɛ́			1
9251	Najamba-4740_havefunplaysinganddance-1	Najamba		have fun, play, sing and dance	kèlàmbó kélám	kèl-à-mb-ó-kél-á-m	k è l + à + m b + ó + k é l + á + m			1
9252	Nanga-4740_havefunplaysinganddance-1	Nanga		have fun, play, sing and dance	kɛ̀mìrⁿɛ́ kɛ́mírⁿí	kɛ̀m-ì-r.n-ɛ́-kɛ́m-í-r.n-í	k ɛ̀ m + ì + r ∼ + ɛ́ + k ɛ́ m + í + r ∼ + í			1
9253	Penange-4740_havefunplaysinganddance-1	Penange		have fun, play, sing and dance	mɛ̀rɔ̀ mɛ́rɛ́	mɛ̀r-ɔ̀-mɛ́r-ɛ́	m ɛ̀ r + ɔ̀ + m ɛ́ r + ɛ́			1
9254	PergeTegu-4740_havefunplaysinganddance-1	PergeTegu		have fun, play, sing and dance	kɛ̀mnɛ́ kɛ́mnɛ́	kɛ̀mnɛ́-kɛ́mn-ɛ́	k ɛ̀ m n ɛ́ + k ɛ́ m n + ɛ́			1
9255	TebulUre-4740_havefunplaysinganddance-1	TebulUre		have fun, play, sing and dance	cɛ̀mnɛ́ cɛ́mné: (cɛ́mné:tì)	tʃɛ̀mnɛ́-tʃɛ́mn-é.é	t ʃ ɛ̀ m n ɛ́ + t ʃ ɛ́ m n + é é			1
9256	Tiranige-4740_havefunplaysinganddance-1	Tiranige		have fun, play, sing and dance	nàjì nájó	nàdʒ-ì-nádʒ-ó	n à d ʒ + ì + n á d ʒ + ó			1
9257	TogoKan-4740_havefunplaysinganddance-1	TogoKan		have fun, play, sing and dance	kɛ̀rɛ́ kɛ́nì:	kɛ̀r-ɛ́-kɛ́n-ì.ì	k ɛ̀ r + ɛ́ + k ɛ́ n + ì ì			1
9258	TommoSoTongoTongo-4740_havefunplaysinganddance-1	TommoSoTongoTongo		have fun, play, sing and dance	kílɛ́mɔ́	kíl-ɛ́-mɔ́	k í l + ɛ́ + m ɔ́			1
9259	ToroTegu-4740_havefunplaysinganddance-1	ToroTegu		have fun, play, sing and dance	cɛ̀ná cɛ́nú\\cɛ́ná	cɛ̀ná_cɛ́nú\\cɛ́ná	tʃ ɛ̀ n á + tʃ ɛ́ n ú tʃ ɛ́ n á			1
9260	YandaDom-4740_havefunplaysinganddance-1	YandaDom		have fun, play, sing and dance	cɛ̀mnà cɛ́mnɛ́	tʃɛ̀mnà-tʃɛ́mn-ɛ́	t ʃ ɛ̀ m n à + t ʃ ɛ́ m n + ɛ́			1
9261	YornoSo-4740_havefunplaysinganddance-1	YornoSo		have fun, play, sing and dance	yɔ́gɔ̀rɔ̀ yɔ̀gɔ́rɔ́	yɔ́ɡ-ɔ̀rɔ̀-yɔ̀ɡɔ́r-ɔ́	j ɔ́ ɡ + ɔ̀ r ɔ̀ + j ɔ̀ ɡ ɔ́ r + ɔ́			1
2006	BankanTey-4808_head-1	BankanTey		head	kû:	kú-ù	k ú + ù			1
2007	BenTey-4808_head-1	BenTey		head	kû:, kùtógórò	kùtó-ɡórò	k ù t ó + ɡ ó r ò			1
2008	Bunoge-4808_head-1	Bunoge		head	kò (kò:)	kò	k ò	k ò ò		1
2009	DogulDomBendiely-4808_head-1	DogulDomBendiely		head	kíígù	kííɡù	k í í ɡ ù			1
2010	DogulDomKundialang-4808_head-1	DogulDomKundialang		head	kî:g, dánà:	dánà.à	d á n à à			1
2011	DonnoSo-4808_head-1	DonnoSo		head	kû:, dánà	dánà	d á n à			1
2012	DonnoSo-4808_head-2	DonnoSo		head	kû:, dánà	dánà	d á n à			1
2013	Gourou-4808_head-1	Gourou		head	kú:ⁿ	kú-úⁿ	k ú + ú ∼			1
2014	JamsayDouentza-4808_head-1	JamsayDouentza		head	dárⁿá, kú:ⁿ	kú-úⁿ	k ú + ú ∼			1
2016	Mombo-4808_head-1	Mombo		head	kó:	kó-ó	k ó + ó			1
2017	Najamba-4808_head-1	Najamba		head	kî:ŋgè\\kî:, dánà:\\dánɛ̀:	dánà.à	d á n à à	d á n ɛ̀ ɛ̀		1
2018	Nanga-4808_head-1	Nanga		head	kû:	kú-ù	k ú + ù			1
2019	Penange-4808_head-1	Penange		head	kó:	kó-ó	k ó + ó			1
2020	PergeTegu-4808_head-1	PergeTegu		head	kù:tógóró	kù.ùtó-ɡóró	k ù ù t ó + ɡ ó r ó			1
2021	TebulUre-4808_head-1	TebulUre		head	kúgɔ́, dànàbándá	dànà-bá-nd-á	d à n à + b á + n d + á			1
2022	TebulUre-4808_head-2	TebulUre		head	kúgɔ́, dànàbándá	dànà-bá-nd-á	d à n à + b á + n d + á			1
2023	Tiranige-4808_head-1	Tiranige		head	kógó (Ningo), kògò (Boui), dànà (Boui), dáná (Ningo)	dáná	d á n á			1
2024	TogoKan-4808_head-1	TogoKan		head	kùⁿkɛ́nɛ́, kúⁿ, kùnúgóró	kùⁿkɛ́-nɛ́	k ù ∼ k ɛ́ + n ɛ́			1
2025	TogoKan-4808_head-2	TogoKan		head	kùⁿkɛ́nɛ́, kúⁿ, kùnúgóró	kú-ⁿ	k ú			1
2026	TogoKan-4808_head-3	TogoKan		head	kùⁿkɛ́nɛ́, kúⁿ, kùnúgóró	kùnú-ɡóró	k ù n ú + ɡ ó r ó			1
2027	TommoSoTongoTongo-4808_head-1	TommoSoTongoTongo		head	kúú, dáná	kúú	k ú ú			1
2028	TommoSoTongoTongo-4808_head-2	TommoSoTongoTongo		head	kúú, dáná	dáná	d á n á			1
2031	ToroTegu-4808_head-1	ToroTegu		head	kú, kùbónó	kú	k ú			1
2032	ToroTegu-4808_head-2	ToroTegu		head	kú, kùbónó	kùbó-nó	k ù b ó + n ó			1
2033	YandaDom-4808_head-1	YandaDom		head	dàrⁿàbàndá, kòtógóró, dàrⁿá (also 'top'), kó: (abstractl)	kó-ó	k ó + ó			1
2034	YornoSo-4808_head-1	YornoSo		head	kû:, dárⁿá	dár.-ná	d á r + n á			1
12508	BankanTey-4828_hearsoundvoice-1	BankanTey		hear (sound, voice)	nú	nú	n ú			1
12509	BenTey-4828_hearsoundvoice-1	BenTey		hear (sound, voice)	nǔ	nǔ	n ǔ			1
12510	Bunoge-4828_hearsoundvoice-1	Bunoge		hear (sound, voice)	núndè	nún-dè	n ú n + d è			1
12511	DogulDomBendiely-4828_hearsoundvoice-1	DogulDomBendiely		hear (sound, voice)	nùŋɛ́	nùŋ-ɛ́	n ù ŋ + ɛ́			1
12512	DogulDomKundialang-4828_hearsoundvoice-1	DogulDomKundialang		hear (sound, voice)	nùŋɛ́	nùŋ-ɛ́	n ù ŋ + ɛ́			1
12513	DonnoSo-4828_hearsoundvoice-1	DonnoSo		hear (sound, voice)	ɛ́gɛ̀\\ɛ́gɛ̀	ɛ́ɡ-ɛ̀	ɛ́ ɡ + ɛ̀			1
12514	JamsayDouentza-4828_hearsoundvoice-1	JamsayDouentza		hear (sound, voice)	áɣá	áɣ-á	á ɣ + á			1
12516	Mombo-4828_hearsoundvoice-1	Mombo		hear (sound, voice)	núndé	nún-dé	n ú n + d é			1
12517	Najamba-4828_hearsoundvoice-1	Najamba		hear (sound, voice)	ŋwɛ́\\ŋwɛ̀	ŋw-ɛ̀	ŋ w + ɛ̀			1
12518	Nanga-4828_hearsoundvoice-1	Nanga		hear (sound, voice)	nǔyⁿ	nǔ	n ǔ			1
12519	Penange-4828_hearsoundvoice-1	Penange		hear (sound, voice)	núndé	nún-dé	n ú n + d é			1
12520	PergeTegu-4828_hearsoundvoice-1	PergeTegu		hear (sound, voice)	ɛ́gɛ́	ɛ́ɡ-ɛ́	ɛ́ ɡ + ɛ́			1
12521	TebulUre-4828_hearsoundvoice-1	TebulUre		hear (sound, voice)	nɔ́ (nɔ̀sɔ́, nɔ́bɔ̀)	n-ɔ́	n + ɔ́			1
12522	Tiranige-4828_hearsoundvoice-1	Tiranige		hear (sound, voice)	nú:ndó	nú.ún-dó	n ú ú n + d ó			1
12523	TogoKan-4828_hearsoundvoice-1	TogoKan		hear (sound, voice)	ɛ́gɛ́	ɛ́ɡ-ɛ́	ɛ́ ɡ + ɛ́			1
12524	TommoSoTongoTongo-4828_hearsoundvoice-1	TommoSoTongoTongo		hear (sound, voice)	ɛ́gɛ́	ɛ́ɡ-ɛ́	ɛ́ ɡ + ɛ́			1
12525	ToroTegu-4828_hearsoundvoice-1	ToroTegu		hear (sound, voice)	ɛ́gú\\ɛ́gá	ɛ́ɡ-á	ɛ́ ɡ + á			1
12526	YandaDom-4828_hearsoundvoice-1	YandaDom		hear (sound, voice)	nɔ́\\nwàlí	n-ɔ́	n + ɔ́			1
12527	YornoSo-4828_hearsoundvoice-1	YornoSo		hear (sound, voice)	ɛ́gɛ́	ɛ́ɡ-ɛ́	ɛ́ ɡ + ɛ́			1
1400	BankanTey-4830_heart-1	BankanTey		heart	kɛ̀ndɛ̀ dúwà	kɛ̀-ndɛ̀_-dúw-à	k ɛ̀ + n d ɛ̀ + d ú w + à			1
1401	BenTey-4830_heart-1	BenTey		heart	cɛ̀lɛ̀yî:	tʃɛ̀lɛ̀-yí.ì	t ʃ ɛ̀ l ɛ̀ + j í ì			1
1402	Bunoge-4830_heart-1	Bunoge		heart	dòŋgòbè	dò-ŋɡò-b-è	d ò + ŋ ɡ ò + b + è			1
1403	DogulDomBendiely-4830_heart-1	DogulDomBendiely		heart	kìɲjɔ́ dònnɛ́	kìɲ-dʒɔ́_-dòn-n-ɛ́	k ì ɲ + d ʒ ɔ́ + d ò n + n + ɛ́			1
1404	DogulDomKundialang-4830_heart-1	DogulDomKundialang		heart	kìnjɔ̀dòné:	kì-n-dʒɔ̀-dò-n-é.é	k ì + n + d ʒ ɔ̀ + d ò + n + é é			1
1405	DonnoSo-4830_heart-1	DonnoSo		heart	kíndɛ̀	kí-nd-ɛ̀	k í + n d + ɛ̀			1
1406	Gourou-4830_heart-1	Gourou		heart	kɛ̀nɛ̀ î:ⁿ	kɛ̀nɛ̀_í.ì-ⁿ	k ɛ̀ n ɛ̀ + í ì			1
1407	JamsayDouentza-4830_heart-1	JamsayDouentza		heart	cɛ́nɛ̀	tʃɛ́nɛ̀	t ʃ ɛ́ n ɛ̀			1
1408	Mombo-4830_heart-1	Mombo		heart	dóŋgósí	dó-ŋɡó-s-í	d ó + ŋ ɡ ó + s + í			1
1409	Najamba-4830_heart-1	Najamba		heart	kèndà: sósòrò:\\kɛ̀ndɛ̀: sósòrè:	kè-ndà.à_-sósò-r-ò.ò	k è + n d à à + s ó s ò + r + ò ò	k ɛ̀ + n + d ɛ̀ ɛ̀ + s ó s ò r è è		1
1410	Nanga-4830_heart-1	Nanga		heart	kɛ̀ndɛ̀sóró	kɛ̀-ndɛ̀-só-r-ó	k ɛ̀ + n d ɛ̀ + s ó + r + ó			1
1411	Penange-4830_heart-1	Penange		heart	dòŋgòsê:	dò-ŋɡò-s-é.è	d ò + ŋ ɡ ò + s + é è			1
1412	PergeTegu-4830_heart-1	PergeTegu		heart	kɛ̀lɛ̀î:ⁿ	kɛ̀lɛ̀í.ì-ⁿ	k ɛ̀ l ɛ̀ í ì			1
1413	TebulUre-4830_heart-1	TebulUre		heart	cɛ̀ndɛ̀dùgáyɛ́	tʃɛ̀-ndɛ̀-dù-ɡá-y-ɛ́	t ʃ ɛ̀ + n d ɛ̀ + d ù + ɡ á + j + ɛ́			1
1414	Tiranige-4830_heart-1	Tiranige		heart	dòŋgòsě:	dò-ŋɡò-s-è.é	d ò + ŋ ɡ ò + s + è é			1
1415	TogoKan-4830_heart-1	TogoKan		heart	kɛ̀nɛ̀jógó	kɛ̀nɛ̀-dʒó-ɡ-ó	k ɛ̀ n ɛ̀ + d ʒ ó + ɡ + ó			1
1416	TommoSoTongoTongo-4830_heart-1	TommoSoTongoTongo		heart	kìndɛ̀ dúgɔ́	kì-ndɛ̀_-dúɡ-ɔ́	k ì + n d ɛ̀ + d ú ɡ + ɔ́			1
1419	ToroTegu-4830_heart-1	ToroTegu		heart	cɛ̀làtóŋó	tʃɛ̀là-tóŋó	t ʃ ɛ̀ l à + t ó ŋ ó			1
1420	YandaDom-4830_heart-1	YandaDom		heart	cìndààndònò, cìndà dùgá	tʃì-ndà_-dùɡ-á	t ʃ ì + n d à + d ù ɡ + á			1
1421	YornoSo-4830_heart-1	YornoSo		heart	lòŋgá	lò-ŋɡ-á	l ò + ŋ ɡ + á			1
9044	BankanTey-4840_heaven-1	BankanTey		heaven	àljɛ́nnà, àljɛ́nnɛ̀	àl-dʒɛ́-n-n-ɛ̀	à l + d ʒ ɛ́ + n + n + ɛ̀			0
9045	BenTey-4840_heaven-1	BenTey		heaven	àrjɛ́nnɛ̀	àr-dʒɛ́-n-n-ɛ̀	à r + d ʒ ɛ́ + n + n + ɛ̀			0
9046	Bunoge-4840_heaven-1	Bunoge		heaven	ʔàljɛ̀nnɛ́	ʔàl-dʒɛ̀-n-n-ɛ́	ʔ à l + d ʒ ɛ̀ + n + n + ɛ́			0
9047	DogulDomBendiely-4840_heaven-1	DogulDomBendiely		heaven	àlàjénné, àlàjénná	àlà-dʒé-n-n-á	à l à + d ʒ é + n + n + á			0
9048	DogulDomKundialang-4840_heaven-1	DogulDomKundialang		heaven	àljɛ́nnɛ̀	àl-dʒɛ́-n-n-ɛ̀	à l + d ʒ ɛ́ + n + n + ɛ̀			0
9049	DonnoSo-4840_heaven-1	DonnoSo		heaven	àrùkɛ́nnɛ̀	àrùkɛ́-nnɛ̀	à r ù k ɛ́ + n n ɛ̀			0
9050	JamsayDouentza-4840_heaven-1	JamsayDouentza		heaven	àrjɛ́nɛ̀, àrùjɛ́nɛ̀	àrù-dʒɛ́-n-ɛ̀	à r ù + d ʒ ɛ́ + n + ɛ̀			0
9051	Mombo-4840_heaven-1	Mombo		heaven	àlìgènné	àlìɡè-nné	à l ì ɡ è + n n é			0
9052	Najamba-4840_heaven-1	Najamba		heaven	àlgénnà	àlɡé-nnà	à l ɡ é + n n à			0
9053	Nanga-4840_heaven-1	Nanga		heaven	àrgínɛ̂	àrɡí-nɛ̂	à r ɡ í + n ɛ̂			0
9054	Penange-4840_heaven-1	Penange		heaven	àljɛ́nnɛ̀	àl-dʒɛ́-n-n-ɛ̀	à l + d ʒ ɛ́ + n + n + ɛ̀			0
9055	PergeTegu-4840_heaven-1	PergeTegu		heaven	àrgínɛ̀	àrɡí-nɛ̀	à r ɡ í + n ɛ̀			0
9056	TebulUre-4840_heaven-1	TebulUre		heaven	àljɛ́nɛ̀	àl-dʒɛ́-n-ɛ̀	à l + d ʒ ɛ́ + n + ɛ̀			0
9057	Tiranige-4840_heaven-1	Tiranige		heaven	àljɛ́nɛ̀	àl-dʒɛ́-n-ɛ̀	à l + d ʒ ɛ́ + n + ɛ̀			0
9058	TogoKan-4840_heaven-1	TogoKan		heaven	àrùjɛ́nɛ́	àrù-dʒɛ́-n-ɛ́	à r ù + d ʒ ɛ́ + n + ɛ́			0
9059	TommoSoTongoTongo-4840_heaven-1	TommoSoTongoTongo		heaven	àlìjɛ́nnɛ́	àlì-dʒɛ́-n-n-ɛ́	à l ì + d ʒ ɛ́ + n + n + ɛ́			0
9060	ToroTegu-4840_heaven-1	ToroTegu		heaven	àljɛ̌mnà	àl-dʒɛ̌-mn-à	à l + d ʒ ɛ̌ + m n + à			0
9061	YandaDom-4840_heaven-1	YandaDom		heaven	àlgɛ́nɛ̀	àlɡɛ́-nɛ̀	à l ɡ ɛ́ + n ɛ̀			0
9062	YornoSo-4840_heaven-1	YornoSo		heaven	àrùjɛ́nɛ̀	àrù-dʒɛ́-n-ɛ̀	à r ù + d ʒ ɛ́ + n + ɛ̀			0
15469	BankanTey-4842_heavy-1	BankanTey		heavy	dùsúm\\dùsû:	dùsúm	d ù s ú m	d ù s ú ù		1
15470	BenTey-4842_heavy-1	BenTey		heavy	dùsú	dùs-ú	d ù s + ú			1
15471	Bunoge-4842_heavy-1	Bunoge		heavy	nìnjì	nìnj-ì	n ì n d ʒ + ì			1
15472	DogulDomBendiely-4842_heavy-1	DogulDomBendiely		heavy	dógùsò	dóɡùs-ò	d ó ɡ ù s + ò			1
15473	DogulDomKundialang-4842_heavy-1	DogulDomKundialang		heavy	dógsò	dóɡs-ò	d ó ɡ s + ò			1
15474	DonnoSo-4842_heavy-1	DonnoSo		heavy	dógòdò	dóɡòd-ò	d ó ɡ ò d + ò			1
15475	Gourou-4842_heavy-1	Gourou		heavy	dùsú	dùs-ú	d ù s + ú			1
15476	JamsayDouentza-4842_heavy-1	JamsayDouentza		heavy	dùjú	dùd-ʒú	d ù d + ʒ ú			1
15478	Mombo-4842_heavy-1	Mombo		heavy	dɔ́ŋgá	dɔ́ŋɡ-á	d ɔ́ ŋ ɡ + á			1
15479	Najamba-4842_heavy-1	Najamba		heavy	nìmíyè\\nǐmgò	nìmíy-è	n ì m í j + è	n ǐ m + ɡ ò		1
15480	Nanga-4842_heavy-1	Nanga		heavy	dúsî	dús-î	d ú s + î			1
15481	Penange-4842_heavy-1	Penange		heavy	dɔ́ŋgá	dɔ́ŋɡ-á	d ɔ́ ŋ ɡ + á			1
15482	PergeTegu-4842_heavy-1	PergeTegu		heavy	dùsú	dùs-ú	d ù s + ú			1
15483	TebulUre-4842_heavy-1	TebulUre		heavy	dúdɛ̀://dúdùŋgɔ̀//dúdùmbɔ̀	dúdùmb-ɔ̀	d ú d ù m b + ɔ̀			1
15484	TebulUre-4842_heavy-2	TebulUre		heavy	dúdɛ̀://dúdùŋgɔ̀//dúdùmbɔ̀	dúdùmb-ɔ̀	d ú d ù m b + ɔ̀			1
15485	Tiranige-4842_heavy-1	Tiranige		heavy	né:ŋgó:	né.éŋɡ-ó.ó	n é é ŋ ɡ + ó ó			1
15486	TogoKan-4842_heavy-1	TogoKan		heavy	dògú	dòɡ-ú	d ò ɡ + ú			1
15487	TommoSoTongoTongo-4842_heavy-1	TommoSoTongoTongo		heavy	túgóm	túɡóm	t ú ɡ ó m			1
15488	ToroTegu-4842_heavy-1	ToroTegu		heavy	dùsú	dùs-ú	d ù s + ú			1
15489	YandaDom-4842_heavy-1	YandaDom		heavy	tùjù	tùd-ʒù	t ù d + ʒ ù			1
15490	YornoSo-4842_heavy-1	YornoSo		heavy	démɛ́	dém-ɛ́	d é m + ɛ́			1
9063	BankanTey-4854_hell-1	BankanTey		hell	go᷈:, jàhánàmà	dʒà-há-nà-m-à	d ʒ à + h á + n à + m + à			0
9064	BenTey-4854_hell-1	BenTey		hell	go᷈:, jàhánnámà	dʒà-há-nná-m-à	d ʒ à + h á + n n á + m + à			0
9065	Bunoge-4854_hell-1	Bunoge		hell	génì	ɡénì	ɡ é n ì			0
9066	DogulDomBendiely-4854_hell-1	DogulDomBendiely		hell	gógó	ɡóɡó	ɡ ó ɡ ó			0
9067	DogulDomKundialang-4854_hell-1	DogulDomKundialang		hell	gògó, jàhánnàmà	dʒà-há-nnà-m-à	d ʒ à + h á + n n à + m + à			0
9068	DonnoSo-4854_hell-1	DonnoSo		hell	ɲa᷈ŋ	ɲǎŋ	ɲ ǎ ŋ			0
9069	JamsayDouentza-4854_hell-1	JamsayDouentza		hell	núwⁿó	núw.-nó	n ú w + n ó			0
9070	Mombo-4854_hell-1	Mombo		hell	génì	ɡénì	ɡ é n ì			0
9071	Najamba-4854_hell-1	Najamba		hell	gólò	ɡólò	ɡ ó l ò			0
9072	Nanga-4854_hell-1	Nanga		hell	go᷈:, jàhánámà	dʒà-há-ná-m-à	d ʒ à + h á + n á + m + à			0
9073	Penange-4854_hell-1	Penange		hell	gènì ~ gèn	ɡèn	ɡ è n			0
9074	PergeTegu-4854_hell-1	PergeTegu		hell	núwⁿó	núw.-nó	n ú w + n ó			0
9075	TebulUre-4854_hell-1	TebulUre		hell	gǒ:	ɡò-ó	ɡ ò + ó			0
9076	Tiranige-4854_hell-1	Tiranige		hell	jé: ("fire")	dʒ-é-é	d ʒ + é + é			0
9077	TogoKan-4854_hell-1	TogoKan		hell	ɲɛ̀:gìrⁿí	ɲɛ̀.ɛ̀ɡì-r.ní	ɲ ɛ̀ ɛ̀ ɡ ì + r ∼ í			0
9078	TommoSoTongoTongo-4854_hell-1	TommoSoTongoTongo		hell	ɲǎm	ɲǎ-m	ɲ ǎ + m			0
9079	ToroTegu-4854_hell-1	ToroTegu		hell	jǎ:nnámà, núwⁿɔ́	núw.-nɔ́	n ú w + n ɔ́			0
9080	YandaDom-4854_hell-1	YandaDom		hell	gòlò	ɡòlò	ɡ ò l ò			0
9081	YornoSo-4854_hell-1	YornoSo		hell	jàⁿhánnàmà, yǎm	yǎ-m	j ǎ + m			0
9082	YornoSo-4854_hell-2	YornoSo		hell	jàⁿhánnàmà, yǎm	yǎ-m	j ǎ + m			0
8668	BankanTey-4856_helpsb-1	BankanTey		help (sb)	bàrí	bàr-í	b à r + í			0
8669	BenTey-4856_helpsb-1	BenTey		help (sb)	bàrí	bàr-í	b à r + í			0
8670	Bunoge-4856_helpsb-1	Bunoge		help (sb)	bánnè	bán-nè	b á n + n è			0
8671	DogulDomBendiely-4856_helpsb-1	DogulDomBendiely		help (sb)	bàrɛ́	bàr-ɛ́	b à r + ɛ́			0
8672	DogulDomKundialang-4856_helpsb-1	DogulDomKundialang		help (sb)	bàré	bàr-é	b à r + é			0
8673	DonnoSo-4856_helpsb-1	DonnoSo		help (sb)	bàrá\\bárì	bàr-á	b à r + á			0
8674	Gourou-4856_helpsb-1	Gourou		help (sb)	bàrá	bàr-á	b à r + á			0
8675	JamsayDouentza-4856_helpsb-1	JamsayDouentza		help (sb)	bàrá	bàr-á	b à r + á			0
8676	Najamba-4856_helpsb-1	Najamba		help (sb)	bǎr\\bàrè	bàr-è	b à r + è			0
8677	Nanga-4856_helpsb-1	Nanga		help (sb)	bǎ:rí	bà.ár-í	b à á r + í			0
8678	Penange-4856_helpsb-1	Penange		help (sb)	bárgè	bár-ɡè	b á r + ɡ è			0
8679	PergeTegu-4856_helpsb-1	PergeTegu		help (sb)	bàrá	bàr-á	b à r + á			0
8680	TebulUre-4856_helpsb-1	TebulUre		help (sb)	bàrá (bàrátì)	bàr-á	b à r + á			0
8681	Tiranige-4856_helpsb-1	Tiranige		help (sb)	báró	bár-ó	b á r + ó			0
8682	TogoKan-4856_helpsb-1	TogoKan		help (sb)	bàrá	bàr-á	b à r + á			0
8683	TommoSoTongoTongo-4856_helpsb-1	TommoSoTongoTongo		help (sb)	bàrá	bàr-á	b à r + á			0
8684	ToroTegu-4856_helpsb-1	ToroTegu		help (sb)	bàrú\\bàrá	bàr-á	b à r + á			0
8685	YandaDom-4856_helpsb-1	YandaDom		help (sb)	bàdú\\bàdàlí	bàdú\\bàdàlí	b à d ú b à d à l í			0
8686	YornoSo-4856_helpsb-1	YornoSo		help (sb)	bàrá\\bàrú	bàr-á	b à r + á			0
12418	BankanTey-4883_hideconcealsth-1	BankanTey		hide, conceal (sth)	zɔ̀rí	zɔ̀r-í	z ɔ̀ r + í			0
12419	BenTey-4883_hideconcealsth-1	BenTey		hide, conceal (sth)	bàŋgìrí, jɔ̀:yí	bàŋɡ-ìr-í	b à ŋ ɡ + ì r + í			0
12420	BenTey-4883_hideconcealsth-2	BenTey		hide, conceal (sth)	bàŋgìrí, jɔ̀:yí	dʒɔ̀.ɔ̀y-í	d ʒ ɔ̀ ɔ̀ j + í			0
12421	Bunoge-4883_hideconcealsth-1	Bunoge		hide, conceal (sth)	yɔ́gɛ̀	yɔ́ɡ-ɛ̀	j ɔ́ ɡ + ɛ̀			0
12422	DogulDomBendiely-4883_hideconcealsth-1	DogulDomBendiely		hide, conceal (sth)	jɔ̀yɛ́	dʒɔ̀y-ɛ́	d ʒ ɔ̀ j + ɛ́			0
12423	DogulDomKundialang-4883_hideconcealsth-1	DogulDomKundialang		hide, conceal (sth)	jɔ̀:rɛ́	dʒɔ̀.ɔ̀r-ɛ́	d ʒ ɔ̀ ɔ̀ r + ɛ́			0
12424	DonnoSo-4883_hideconcealsth-1	DonnoSo		hide, conceal (sth)	jɔ̀:rɔ́\\jɔ́:rì	dʒɔ̀.ɔ̀r-ɔ́	d ʒ ɔ̀ ɔ̀ r + ɔ́			0
12425	Gourou-4883_hideconcealsth-1	Gourou		hide, conceal (sth)	bàŋàrⁿá	bàŋ-à-r.ná	b à ŋ + à + r ∼ á			0
12426	JamsayDouentza-4883_hideconcealsth-1	JamsayDouentza		hide, conceal (sth)	bàŋàrⁿá	bàŋ-à-r.ná	b à ŋ + à + r ∼ á			0
12427	Mombo-4883_hideconcealsth-1	Mombo		hide, conceal (sth)	dábúrè, kú:rɛ̀	kú.úr-ɛ̀	k ú ú r + ɛ̀			0
12428	Mombo-4883_hideconcealsth-2	Mombo		hide, conceal (sth)	dábúrè, kú:rɛ̀	kú.úr-ɛ̀	k ú ú r + ɛ̀			0
12429	Najamba-4883_hideconcealsth-1	Najamba		hide, conceal (sth)	síbír\\sìbìrè	sìb-ì-rè	s ì b + ì + r è			0
12430	Nanga-4883_hideconcealsth-1	Nanga		hide, conceal (sth)	dǎwrí, ké:ndé	dǎw-rí	d ǎ w + r í			0
12431	Nanga-4883_hideconcealsth-2	Nanga		hide, conceal (sth)	dǎwrí, ké:ndé	ké.énd-é	k é é n d + é			0
12432	Penange-4883_hideconcealsth-1	Penange		hide, conceal (sth)	kúyrɛ̀	kúy-rɛ̀	k ú j + r ɛ̀			0
12433	PergeTegu-4883_hideconcealsth-1	PergeTegu		hide, conceal (sth)	súgúró	súɡ-ú-ró	s ú ɡ + ú + r ó			0
12434	TebulUre-4883_hideconcealsth-1	TebulUre		hide, conceal (sth)	bàŋgìrí (bàŋgìrítì)	bàŋɡ-ìr-í	b à ŋ ɡ + ì r + í			0
12435	Tiranige-4883_hideconcealsth-1	Tiranige		hide, conceal (sth)	jínáŋgó	dʒí-náŋɡ-ó	d ʒ í + n á ŋ ɡ + ó			0
12436	TogoKan-4883_hideconcealsth-1	TogoKan		hide, conceal (sth)	bàŋúrⁿù\\bàŋárⁿá	bàŋ-á-r.ná	b à ŋ + á + r ∼ á			0
12437	TommoSoTongoTongo-4883_hideconcealsth-1	TommoSoTongoTongo		hide, conceal (sth)	bàŋúndá	bàŋ-ú-nd-á	b à ŋ + ú + n d + á			0
12438	ToroTegu-4883_hideconcealsth-1	ToroTegu		hide, conceal (sth)	sútú\\sútó	sút-ó	s ú t + ó			0
12439	YandaDom-4883_hideconcealsth-1	YandaDom		hide, conceal (sth)	bá:ndɛ́\\bà:ndàlí	bá.ánd-ɛ́	b á á n d + ɛ́			0
12440	YornoSo-4883_hideconcealsth-1	YornoSo		hide, conceal (sth)	bàŋárá\\bàŋúrú	bàŋ-á-rá	b à ŋ + á + r á			0
6226	BankanTey-4899_highwaywideroad-1	BankanTey		highway, wide road	m̀bɛ́ddà	mbɛ́-d-d-à	m b ɛ́ + d + d + à			1
6227	BenTey-4899_highwaywideroad-1	BenTey		highway, wide road	bɛ́dɛ̀	bɛ́dɛ̀	b ɛ́ d ɛ̀			1
6228	DogulDomKundialang-4899_highwaywideroad-1	DogulDomKundialang		highway, wide road	bɛ́ddɛ̀	bɛ́d-dɛ̀	b ɛ́ d + d ɛ̀			1
6229	DonnoSo-4899_highwaywideroad-1	DonnoSo		highway, wide road	bɛ́ddɛ̀	bɛ́d-dɛ̀	b ɛ́ d + d ɛ̀			1
6230	JamsayDouentza-4899_highwaywideroad-1	JamsayDouentza		highway, wide road	bɛ́dɛ̀	bɛ́dɛ̀	b ɛ́ d ɛ̀			1
6231	Mombo-4899_highwaywideroad-1	Mombo		highway, wide road	bédè	bédè	b é d è			1
6232	Najamba-4899_highwaywideroad-1	Najamba		highway, wide road	m̀bɛ́ddà\\m̀bɛ́ddɛ̀	mbɛ́-d-d-à	m b ɛ́ + d + d + à	m b ɛ́ d d ɛ̀		1
6233	Nanga-4899_highwaywideroad-1	Nanga		highway, wide road	bɛ́tɛ̂, bɛ́dɛ̂	bɛ́tɛ̂	b ɛ́ t ɛ̂			1
6234	Nanga-4899_highwaywideroad-2	Nanga		highway, wide road	bɛ́tɛ̂, bɛ́dɛ̂	bɛ́dɛ̂	b ɛ́ d ɛ̂			1
6235	PergeTegu-4899_highwaywideroad-1	PergeTegu		highway, wide road	bɛ́dɛ̀	bɛ́dɛ̀	b ɛ́ d ɛ̀			1
6236	TebulUre-4899_highwaywideroad-1	TebulUre		highway, wide road	bɛ́dɛ̀	bɛ́dɛ̀	b ɛ́ d ɛ̀			1
6237	TogoKan-4899_highwaywideroad-1	TogoKan		highway, wide road	òjù wá:	ò-dʒù_-w-á.á	ò + d ʒ ù + w + á á			1
6238	TommoSoTongoTongo-4899_highwaywideroad-1	TommoSoTongoTongo		highway, wide road	òdùnàà wánnú, bɛ́dɛ́	òdùnàà_wán-nú	ò d ù n à à + w á n + n ú			1
6239	TommoSoTongoTongo-4899_highwaywideroad-2	TommoSoTongoTongo		highway, wide road	òdùnàà wánnú, bɛ́dɛ́	bɛ́dɛ́	b ɛ́ d ɛ́			1
6240	ToroTegu-4899_highwaywideroad-1	ToroTegu		highway, wide road	bɛ́ddà	bɛ́d-dà	b ɛ́ d + d à			1
6241	YandaDom-4899_highwaywideroad-1	YandaDom		highway, wide road	bɛ́dɛ̀	bɛ́dɛ̀	b ɛ́ d ɛ̀			1
6242	YornoSo-4899_highwaywideroad-1	YornoSo		highway, wide road	bɛ́dɛ̀, òjùná:	bɛ́dɛ̀	b ɛ́ d ɛ̀			1
6243	YornoSo-4899_highwaywideroad-2	YornoSo		highway, wide road	bɛ́dɛ̀, òjùná:	ò-dʒù-n-á.á	ò + d ʒ ù + n + á á			1
1226	BankanTey-4903_hip-1	BankanTey		hip	dǒ:	dò-ó	d ò + ó			0
1227	BenTey-4903_hip-1	BenTey		hip	dǒ:	dò-ó	d ò + ó			0
1228	Bunoge-4903_hip-1	Bunoge		hip	kìbà	kìbà	k ì b à			0
1229	DogulDomKundialang-4903_hip-1	DogulDomKundialang		hip	péŋ (pl péŋ yà:)	péŋ	p é ŋ	p é ŋ + j à à		0
1230	DonnoSo-4903_hip-1	DonnoSo		hip	dǒŋ	dǒŋ	d ǒ ŋ			0
1231	Gourou-4903_hip-1	Gourou		hip	dɔ̌yⁿ, nàrⁿî:, dáŋárⁿá	dáŋá-r.ná	d á ŋ á + r ∼ á			0
1232	JamsayDouentza-4903_hip-1	JamsayDouentza		hip	dɔ̌yⁿ	dɔ̌	d ɔ̌			0
1234	Mombo-4903_hip-1	Mombo		hip	péŋgélí	pé-ŋɡé-l-í	p é + ŋ ɡ é + l + í			0
1235	Najamba-4903_hip-1	Najamba		hip	tínì:ŋgò\\tínì:	tínì.ì-ŋɡ-ò	t í n ì ì + ŋ ɡ + ò	t í n ì ì		0
1236	Nanga-4903_hip-1	Nanga		hip	dǒ:	dò-ó	d ò + ó			0
1237	Penange-4903_hip-1	Penange		hip	kíbá	kíbá	k í b á			0
1238	PergeTegu-4903_hip-1	PergeTegu		hip	dɛ̌:ⁿ	dɛ̀.ɛ́.n	d ɛ̀ ɛ́ ∼			0
1239	TebulUre-4903_hip-1	TebulUre		hip	dáŋgá:	dá-ŋɡ-á.á	d á + ŋ ɡ + á á			0
1240	Tiranige-4903_hip-1	Tiranige		hip	dé:ŋgé	dé.é-ŋɡ-é	d é é + ŋ ɡ + é			0
1241	TogoKan-4903_hip-1	TogoKan		hip	dǐⁿ	dǐ-ⁿ	d ǐ			0
1242	TommoSoTongoTongo-4903_hip-1	TommoSoTongoTongo		hip	kéú	kéú	k é ú			0
1245	ToroTegu-4903_hip-1	ToroTegu		hip	péŋó	péŋó	p é ŋ ó			0
1246	YandaDom-4903_hip-1	YandaDom		hip	dày	dày	d à j			0
1247	YornoSo-4903_hip-1	YornoSo		hip	dǒm, kéw	dǒ-m	d ǒ + m			0
1248	YornoSo-4903_hip-2	YornoSo		hip	dǒm, kéw	kéw	k é w			0
3905	BankanTey-4963_honey-1	BankanTey		honey	yěy	yěy	j ě j			0
3906	BenTey-4963_honey-1	BenTey		honey	yěy	yěy	j ě j			0
3907	Bunoge-4963_honey-1	Bunoge		honey	ʔígè	ʔíɡè	ʔ í ɡ è			0
3908	DogulDomBendiely-4963_honey-1	DogulDomBendiely		honey	úwùŋ	úwùŋ	ú w ù ŋ			0
3909	DogulDomKundialang-4963_honey-1	DogulDomKundialang		honey	ǔ:ŋ	ù-úŋ	ù + ú ŋ			0
3910	DonnoSo-4963_honey-1	DonnoSo		honey	ìgɛ́	ìɡɛ́	ì ɡ ɛ́			0
3911	Gourou-4963_honey-1	Gourou		honey	yùŋú	yùŋú	j ù ŋ ú			0
3912	JamsayDouentza-4963_honey-1	JamsayDouentza		honey	yùŋní:, yǔŋ	yǔŋ	j ǔ ŋ			0
3913	JamsayDouentza-4963_honey-2	JamsayDouentza		honey	yùŋní:, yǔŋ	yǔŋ	j ǔ ŋ			0
3914	Mombo-4963_honey-1	Mombo		honey	ígè	íɡè	í ɡ è			0
3915	Najamba-4963_honey-1	Najamba		honey	ǹjǐ:	ǹdʒ-ì-í	n d ʒ + ì + í			0
3916	Nanga-4963_honey-1	Nanga		honey	ò:ndó, ò:ndònî:	ò.ò-n-dò-n-í.ì	ò ò + n + d ò + n + í ì			0
3917	Penange-4963_honey-1	Penange		honey	ìgè (y)	ìɡè	ì ɡ è	j + ì ɡ è		0
3918	PergeTegu-4963_honey-1	PergeTegu		honey	kàwⁿàyòŋgú, kàwⁿàyǒŋ	kàw.-nàyǒ-ŋ	k à w + n à j ǒ + ŋ			0
3919	TebulUre-4963_honey-1	TebulUre		honey	ìdé	ìdé	ì d é			0
3920	Tiranige-4963_honey-1	Tiranige		honey	í:gé	í-íɡé	í + í ɡ é			0
3921	TogoKan-4963_honey-1	TogoKan		honey	tɛ̌:	tɛ̀-ɛ́	t ɛ̀ + ɛ́			0
3922	TommoSoTongoTongo-4963_honey-1	TommoSoTongoTongo		honey	ììyé	ììyé	ì ì j é			0
3924	ToroTegu-4963_honey-1	ToroTegu		honey	ìwó	ìwó	ì w ó			0
3925	YandaDom-4963_honey-1	YandaDom		honey	ìzèŋ	ìzèŋ	ì z è ŋ			0
3926	YornoSo-4963_honey-1	YornoSo		honey	yɛ̌yⁿ, ɲɛ̌yⁿ	ɲɛ̌	ɲ ɛ̌			0
3012	BankanTey-4978_hornofanimal-1	BankanTey		horn (of animal)	kíyà, cíyà	kíyà	k í j à			1
3013	BankanTey-4978_hornofanimal-2	BankanTey		horn (of animal)	kíyà, cíyà	tʃíyà	t ʃ í j à			1
3014	BenTey-4978_hornofanimal-1	BenTey		horn (of animal)	cíyà	tʃíyà	t ʃ í j à			1
3015	Bunoge-4978_hornofanimal-1	Bunoge		horn (of animal)	kɛ́lɛ̀	kɛ́lɛ̀	k ɛ́ l ɛ̀			1
3016	DogulDomBendiely-4978_hornofanimal-1	DogulDomBendiely		horn (of animal)	kɛ̀lɔ́	kɛ̀lɔ́	k ɛ̀ l ɔ́			1
3017	DogulDomKundialang-4978_hornofanimal-1	DogulDomKundialang		horn (of animal)	kɛ́lɔ̀:	kɛ́lɔ̀.ɔ̀	k ɛ́ l ɔ̀ ɔ̀			1
3018	DonnoSo-4978_hornofanimal-1	DonnoSo		horn (of animal)	kílɛ̀	kílɛ̀	k í l ɛ̀			1
3019	Gourou-4978_hornofanimal-1	Gourou		horn (of animal)	kírɛ́	kírɛ́	k í r ɛ́			1
3020	JamsayDouentza-4978_hornofanimal-1	JamsayDouentza		horn (of animal)	círɛ́	tʃírɛ́	t ʃ í r ɛ́			1
3021	Mombo-4978_hornofanimal-1	Mombo		horn (of animal)	kɛ́lɛ́	kɛ́lɛ́	k ɛ́ l ɛ́			1
3022	Najamba-4978_hornofanimal-1	Najamba		horn (of animal)	kɛ́lɔ̀:\\kɛ́lɛ̀:	kɛ́lɔ̀.ɔ̀	k ɛ́ l ɔ̀ ɔ̀	k ɛ́ l ɛ̀ ɛ̀		1
3023	Nanga-4978_hornofanimal-1	Nanga		horn (of animal)	kírâ	kírâ	k í r â			1
3024	Penange-4978_hornofanimal-1	Penange		horn (of animal)	kɛ́lɛ́	kɛ́lɛ́	k ɛ́ l ɛ́			1
3025	PergeTegu-4978_hornofanimal-1	PergeTegu		horn (of animal)	kírɛ́	kírɛ́	k í r ɛ́			1
3026	TebulUre-4978_hornofanimal-1	TebulUre		horn (of animal)	cílá ~ kílá	kílá	k í l á			1
3027	TebulUre-4978_hornofanimal-2	TebulUre		horn (of animal)	cílá ~ kílá	kílá	k í l á			1
3028	Tiranige-4978_hornofanimal-1	Tiranige		horn (of animal)	kɛ̀:lɛ̀ŋgè (Boui), kɛ̀:lɛ̀wⁿ (Ningo, Pl kɛ̀:lɛ̀ŋgè)	kɛ̀.ɛ̀lɛ̀-w.n	k ɛ̀ ɛ̀ l ɛ̀ + w ∼	k ɛ̀ ɛ̀ l ɛ̀ ŋ + ɡ è		1
3029	TogoKan-4978_hornofanimal-1	TogoKan		horn (of animal)	kírɛ́	kírɛ́	k í r ɛ́			1
3030	TommoSoTongoTongo-4978_hornofanimal-1	TommoSoTongoTongo		horn (of animal)	kɛ́lɛ́	kɛ́lɛ́	k ɛ́ l ɛ́			1
3032	ToroTegu-4978_hornofanimal-1	ToroTegu		horn (of animal)	círá	tʃírá	t ʃ í r á			1
3033	YandaDom-4978_hornofanimal-1	YandaDom		horn (of animal)	célá, cɛ́lɛ́	tʃɛ́lɛ́	t ʃ ɛ́ l ɛ́			1
3034	YornoSo-4978_hornofanimal-1	YornoSo		horn (of animal)	kílɛ̀	kílɛ̀	k í l ɛ̀			1
4669	BankanTey-4993_hotchilipepper-1	BankanTey		hot chili pepper	cɛ̀pɛ̂l	tʃɛ̀pɛ̂-l	t ʃ ɛ̀ p ɛ̂ + l			0
4670	BenTey-4993_hotchilipepper-1	BenTey		hot chili pepper	kɛ̀pɛ̂l	kɛ̀pɛ̂-l	k ɛ̀ p ɛ̂ + l			0
4671	Bunoge-4993_hotchilipepper-1	Bunoge		hot chili pepper	dándì	dá-nd-ì	d á + n d + ì			0
4672	DogulDomBendiely-4993_hotchilipepper-1	DogulDomBendiely		hot chili pepper	kɛ̀bɛ́ɛ́r	kɛ̀bɛ́.ɛ́-r	k ɛ̀ b ɛ́ ɛ́ + r			0
4673	DogulDomKundialang-4993_hotchilipepper-1	DogulDomKundialang		hot chili pepper	kɛ̀:bɛ̂r	kɛ̀.ɛ̀bɛ̂-r	k ɛ̀ ɛ̀ b ɛ̂ + r			0
4674	DonnoSo-4993_hotchilipepper-1	DonnoSo		hot chili pepper	kɛ̀:bɛ́rù	kɛ̀.ɛ̀bɛ́-rù	k ɛ̀ ɛ̀ b ɛ́ + r ù			0
4675	Gourou-4993_hotchilipepper-1	Gourou		hot chili pepper	kɛ̀pɛ̂l	kɛ̀pɛ̂-l	k ɛ̀ p ɛ̂ + l			0
4676	JamsayDouentza-4993_hotchilipepper-1	JamsayDouentza		hot chili pepper	cɛ̀pɛ̂l	tʃɛ̀pɛ̂-l	t ʃ ɛ̀ p ɛ̂ + l			0
4677	Mombo-4993_hotchilipepper-1	Mombo		hot chili pepper	kè:bèré	kè.èbè-ré	k è è b è + r é			0
4678	Najamba-4993_hotchilipepper-1	Najamba		hot chili pepper	pɛ̀rɛ́ndɛ̀ŋgò\\pɛ̀rɛ́ndɛ̀	pɛ̀rɛ́-ndɛ̀-ŋɡ-ò	p ɛ̀ r ɛ́ + n d ɛ̀ + ŋ ɡ + ò	p ɛ̀ r ɛ́ n d ɛ̀		0
4679	Nanga-4993_hotchilipepper-1	Nanga		hot chili pepper	tɛ̀bɛ́rî	tɛ̀bɛ́-rî	t ɛ̀ b ɛ́ + r î			0
4680	Penange-4993_hotchilipepper-1	Penange		hot chili pepper	dàndì	dà-nd-ì	d à + n d + ì			0
4681	PergeTegu-4993_hotchilipepper-1	PergeTegu		hot chili pepper	kɛ̀pɛ̂l	kɛ̀pɛ̂-l	k ɛ̀ p ɛ̂ + l			0
4682	TebulUre-4993_hotchilipepper-1	TebulUre		hot chili pepper	sàpɛ̀rɛ́ndɛ́	sàpɛ̀-rɛ́-nd-ɛ́	s à p ɛ̀ + r ɛ́ + n d + ɛ́			0
4683	Tiranige-4993_hotchilipepper-1	Tiranige		hot chili pepper	pɛ́dɛ̀	pɛ́dɛ̀	p ɛ́ d ɛ̀			0
4684	TogoKan-4993_hotchilipepper-1	TogoKan		hot chili pepper	kɛ̀pɛ́lú	kɛ̀pɛ́-lú	k ɛ̀ p ɛ́ + l ú			0
4685	TommoSoTongoTongo-4993_hotchilipepper-1	TommoSoTongoTongo		hot chili pepper	pɛ̀rɛ́ndɛ́	pɛ̀rɛ́-nd-ɛ́	p ɛ̀ r ɛ́ + n d + ɛ́			0
4687	ToroTegu-4993_hotchilipepper-1	ToroTegu		hot chili pepper	cɛ̀cɛ̀rú	tʃɛ̀tʃɛ̀-rú	t ʃ ɛ̀ t ʃ ɛ̀ + r ú			0
4688	YandaDom-4993_hotchilipepper-1	YandaDom		hot chili pepper	sáptɛ́rɛ̀	sáp-tɛ́rɛ̀	s á p + t ɛ́ r ɛ̀			0
4689	YornoSo-4993_hotchilipepper-1	YornoSo		hot chili pepper	tɛ̀mtɛ́:rɛ̀, tìtɛ́:rɛ̀	tìtɛ́.ɛ́-rɛ̀	t ì t ɛ́ ɛ́ + r ɛ̀			0
5951	BankanTey-4999_house-1	BankanTey		house	úrò	úrò	ú r ò			0
5952	BenTey-4999_house-1	BenTey		house	úrò	úrò	ú r ò			0
5953	Bunoge-4999_house-1	Bunoge		house	ʔòbò	ʔòbò	ʔ ò b ò			0
5954	DogulDomBendiely-4999_house-1	DogulDomBendiely		house	ḿbùŋ	ḿbùŋ	ḿ b ù ŋ			0
5955	DogulDomKundialang-4999_house-1	DogulDomKundialang		house	ḿbùŋ (pl ḿbù yà:), gùsá (with a single room)	ɡùsá	ɡ ù s á			0
5956	DonnoSo-4999_house-1	DonnoSo		house	gìnɛ́	ɡìnɛ́	ɡ ì n ɛ́			0
5957	Gourou-4999_house-1	Gourou		house	úró	úró	ú r ó			0
5958	JamsayDouentza-4999_house-1	JamsayDouentza		house	úró	úró	ú r ó			0
5960	Mombo-4999_house-1	Mombo		house	débù	débù	d é b ù			0
5961	Najamba-4999_house-1	Najamba		house	ólé ~ óló\\ólé	ólé	ó l é			0
5962	Najamba-4999_house-2	Najamba		house	ólé ~ óló\\ólé	óló	ó l ó	ó l é		0
5963	Nanga-4999_house-1	Nanga		house	ńdô ~ índô	ńdô	n d ô			0
5964	Nanga-4999_house-2	Nanga		house	ńdô ~ índô	í-nd-ô	í + n d + ô			0
5965	Penange-4999_house-1	Penange		house	dèm	dè-m	d è + m			0
5966	PergeTegu-4999_house-1	PergeTegu		house	íré	íré	í r é			0
5967	TebulUre-4999_house-1	TebulUre		house	úló	úló	ú l ó			0
5968	Tiranige-4999_house-1	Tiranige		house	jíwá ~ gíbá	ɡíbá	ɡ í b á			0
5969	TogoKan-4999_house-1	TogoKan		house	gìrⁿí	ɡìr.-ní	ɡ ì r + n í			0
5970	TommoSoTongoTongo-4999_house-1	TommoSoTongoTongo		house	gìnɛ́	ɡìnɛ́	ɡ ì n ɛ́			0
5971	ToroTegu-4999_house-1	ToroTegu		house	íló	íló	í l ó			0
5972	YandaDom-4999_house-1	YandaDom		house	ʔə́ló	ʔə́ló	ʔ ə́ l ó			0
5973	YornoSo-4999_house-1	YornoSo		house	gɛ̀rⁿɛ́	ɡɛ̀r.-nɛ́	ɡ ɛ̀ r + n ɛ́			0
10805	BankanTey-5015_how-1	BankanTey		how?	àŋgây	àŋɡây	à ŋ ɡ â j			1
10806	BenTey-5015_how-1	BenTey		how?	àŋây	àŋây	à ŋ â j			1
10807	Bunoge-5015_how-1	Bunoge		how?	nánjì	nánjì	n á n d ʒ ì			1
10808	DogulDomBendiely-5015_how-1	DogulDomBendiely		how?	àyáŋ	àyáŋ	à j á ŋ			1
10809	DogulDomKundialang-5015_how-1	DogulDomKundialang		how?	àg yáŋ, à yáŋ	à_yáŋ	à + j á ŋ			1
10810	DogulDomKundialang-5015_how-2	DogulDomKundialang		how?	àg yáŋ, à yáŋ	à_yáŋ	à + j á ŋ			1
10811	DonnoSo-5015_how-1	DonnoSo		how?	yɔ̀gɔ́njì:	yɔ̀ɡɔ́njì.ì	j ɔ̀ ɡ ɔ́ n d ʒ ì ì			1
10812	JamsayDouentza-5015_how-1	JamsayDouentza		how?	yɔ̌:jǐn	yɔ̀.ɔ́dʒǐn	j ɔ̀ ɔ́ d ʒ ǐ n			1
10814	Mombo-5015_how-1	Mombo		how?	mánà	mánà	m á n à			1
10815	Najamba-5015_how-1	Najamba		how?	ànnɛ́, àŋìnɛ́	ànnɛ́	à n n ɛ́			1
10816	Najamba-5015_how-2	Najamba		how?	ànnɛ́, àŋìnɛ́	àŋìnɛ́	à ŋ ì n ɛ́			1
10817	Nanga-5015_how-1	Nanga		how?	àmâyⁿ	àmâ	à m â			1
10818	Penange-5015_how-1	Penange		how?	wɛ̀nɛ̀	wɛ̀nɛ̀	w ɛ̀ n ɛ̀			1
10819	PergeTegu-5015_how-1	PergeTegu		how?	yǎwɲɛ̀:	yǎwɲɛ̀.ɛ̀	j ǎ w ɲ ɛ̀ ɛ̀			1
10820	TebulUre-5015_how-1	TebulUre		how?	áyⁿ	á	á			1
10821	Tiranige-5015_how-1	Tiranige		how?	árá, áráárá	árá	á r á			1
10822	Tiranige-5015_how-2	Tiranige		how?	árá, áráárá	áráárá	á r á á ∼ r á			1
10823	TogoKan-5015_how-1	TogoKan		how?	ɲâŋ	ɲâŋ	ɲ â ŋ			1
10824	TommoSoTongoTongo-5015_how-1	TommoSoTongoTongo		how?	yàŋgéni	yàŋɡéni	j à ŋ ɡ é n i			1
10825	ToroTegu-5015_how-1	ToroTegu		how?	yⁿàŋêy	àŋêy	à ŋ ê j			1
10826	YandaDom-5015_how-1	YandaDom		how?	ànjǎ:	ànjà-á	à n d ʒ à + á			1
10827	YornoSo-5015_how-1	YornoSo		how?	yàŋín, ɲáŋ, yáŋ	yàŋín	j à ŋ í n			1
10828	YornoSo-5015_how-2	YornoSo		how?	yàŋín, ɲáŋ, yáŋ	ɲáŋ	ɲ á ŋ			1
10829	YornoSo-5015_how-3	YornoSo		how?	yàŋín, ɲáŋ, yáŋ	yáŋ	j á ŋ			1
11138	BankanTey-5028_hundred-1	BankanTey		hundred	tɛ́:mbɛ̀ndɛ́rɛ̀, tɛ́:mɛ̀dɛ́rɛ̀	tɛ́.ɛ́mɛ̀dɛ́r-ɛ̀	t ɛ́ ɛ́ m ɛ̀ d ɛ́ r + ɛ̀			0
11139	BenTey-5028_hundred-1	BenTey		hundred	tɛ́:mɛ́dɛ́rɛ̀	tɛ́.ɛ́mɛ́dɛ́r-ɛ̀	t ɛ́ ɛ́ m ɛ́ d ɛ́ r + ɛ̀			0
11140	Bunoge-5028_hundred-1	Bunoge		hundred	tɛ̀:mɛ̀ndɛ́rɛ́	tɛ̀.ɛ̀mɛ̀ndɛ́r-ɛ́	t ɛ̀ ɛ̀ m ɛ̀ n d ɛ́ r + ɛ́			0
11141	DogulDomBendiely-5028_hundred-1	DogulDomBendiely		hundred	tɛ́ɛ́mdɛ̀rɛ̀	tɛ́.ɛ́mdɛ̀r-ɛ̀	t ɛ́ ɛ́ m d ɛ̀ r + ɛ̀			0
11142	DogulDomKundialang-5028_hundred-1	DogulDomKundialang		hundred	tɛ́:mdɛ̀rɛ̀	tɛ́.ɛ́mdɛ̀r-ɛ̀	t ɛ́ ɛ́ m d ɛ̀ r + ɛ̀			0
11143	DonnoSo-5028_hundred-1	DonnoSo		hundred	tɛ́mdɛ̀rɛ̀	tɛ́mdɛ̀r-ɛ̀	t ɛ́ m d ɛ̀ r + ɛ̀			0
11144	Gourou-5028_hundred-1	Gourou		hundred	sùŋú	sùŋ-ú	s ù ŋ + ú			0
11145	JamsayDouentza-5028_hundred-1	JamsayDouentza		hundred	sǔŋ, tɛ́:mdɛ́rɛ̀	sǔŋ	s ǔ ŋ			0
11146	JamsayDouentza-5028_hundred-2	JamsayDouentza		hundred	sǔŋ, tɛ́:mdɛ́rɛ̀	tɛ́.ɛ́mdɛ́r-ɛ̀	t ɛ́ ɛ́ m d ɛ́ r + ɛ̀			0
11147	Mombo-5028_hundred-1	Mombo		hundred	sìŋgì ndó pɛ́:nɛ́:ŋgà	sìŋɡ-ì_ndó_pɛ́.ɛ́nɛ́.ɛ́ŋɡ-à	s ì ŋ ɡ + ì + n d ó + p ɛ́ ɛ́ n ɛ́ ɛ́ ŋ ɡ + à			0
11148	Najamba-5028_hundred-1	Najamba		hundred	kɛ̀:sǔm má pɔ̌:nɔ̀y, tɛ́:mɛ̀ndɛ́rɛ̀	tɛ́.ɛ́mɛ̀ndɛ́r-ɛ̀	t ɛ́ ɛ́ m ɛ̀ n d ɛ́ r + ɛ̀			0
11149	Nanga-5028_hundred-1	Nanga		hundred	tɛ́:mɛ́dérɛ̀, tɛ́:mdɛ́rɛ̀	tɛ́.ɛ́mdɛ́r-ɛ̀	t ɛ́ ɛ́ m d ɛ́ r + ɛ̀			0
11150	Penange-5028_hundred-1	Penange		hundred	tɛ̀:mdɛ́rɛ̀	tɛ̀.ɛ̀mdɛ́r-ɛ̀	t ɛ̀ ɛ̀ m d ɛ́ r + ɛ̀			0
11151	PergeTegu-5028_hundred-1	PergeTegu		hundred	tɛ́:mdɛ́rɛ̀	tɛ́.ɛ́mdɛ́r-ɛ̀	t ɛ́ ɛ́ m d ɛ́ r + ɛ̀			0
11152	TebulUre-5028_hundred-1	TebulUre		hundred	tɛ́:mdɛ̀rɛ̀	tɛ́.ɛ́mdɛ̀r-ɛ̀	t ɛ́ ɛ́ m d ɛ̀ r + ɛ̀			0
11153	Tiranige-5028_hundred-1	Tiranige		hundred	tɛ̀:mdɛ̀rɛ́	tɛ̀.ɛ̀mdɛ̀r-ɛ́	t ɛ̀ ɛ̀ m d ɛ̀ r + ɛ́			0
11154	TogoKan-5028_hundred-1	TogoKan		hundred	tɛ́mdɛ́rɛ̀	tɛ́mdɛ́r-ɛ̀	t ɛ́ m d ɛ́ r + ɛ̀			0
11155	TommoSoTongoTongo-5028_hundred-1	TommoSoTongoTongo		hundred	tɛ́mìndɛ̀, kɛ̀ɛ̀súm lé pɛ̀ɛ̀néé, súm	tɛ́mìnd-ɛ̀	t ɛ́ m ì n d + ɛ̀			0
11156	TommoSoTongoTongo-5028_hundred-2	TommoSoTongoTongo		hundred	tɛ́mìndɛ̀, kɛ̀ɛ̀súm lé pɛ̀ɛ̀néé, súm	súm	s ú m			0
11157	TommoSoTongoTongo-5028_hundred-3	TommoSoTongoTongo		hundred	tɛ́mìndɛ̀, kɛ̀ɛ̀súm lé pɛ̀ɛ̀néé, súm	súm	s ú m			0
11158	ToroTegu-5028_hundred-1	ToroTegu		hundred	zǎŋ, zàŋú, zàŋgú	zǎŋ	z ǎ ŋ			0
11159	ToroTegu-5028_hundred-2	ToroTegu		hundred	zǎŋ, zàŋú, zàŋgú	zàŋ-ú	z à ŋ + ú			0
11160	ToroTegu-5028_hundred-3	ToroTegu		hundred	zǎŋ, zàŋú, zàŋgú	zàŋɡ-ú	z à ŋ ɡ + ú			0
11161	YandaDom-5028_hundred-1	YandaDom		hundred	tɛ́mɛ̀dɛ̀rɛ̀	tɛ́mɛ̀dɛ̀r-ɛ̀	t ɛ́ m ɛ̀ d ɛ̀ r + ɛ̀			0
11162	YornoSo-5028_hundred-1	YornoSo		hundred	sǔm, tɛ́mtɛ̀rɛ̀	sǔm	s ǔ m			0
11163	YornoSo-5028_hundred-2	YornoSo		hundred	sǔm, tɛ́mtɛ̀rɛ̀	tɛ́mtɛ̀r-ɛ̀	t ɛ́ m t ɛ̀ r + ɛ̀			0
3985	BankanTey-5029_hungernoun-1	BankanTey		hunger (noun)	kɔ̂:	kɔ́-ɔ̀	k ɔ́ + ɔ̀			0
3986	BenTey-5029_hungernoun-1	BenTey		hunger (noun)	kɔ̂:	kɔ́-ɔ̀	k ɔ́ + ɔ̀			0
3987	Bunoge-5029_hungernoun-1	Bunoge		hunger (noun)	kògà	kòɡà	k ò ɡ à			0
3988	DogulDomBendiely-5029_hungernoun-1	DogulDomBendiely		hunger (noun)	gìyá	ɡìyá	ɡ ì j á			0
3989	DogulDomKundialang-5029_hungernoun-1	DogulDomKundialang		hunger (noun)	gìyǎ:	ɡìyà.á	ɡ ì j à á			0
3990	DonnoSo-5029_hungernoun-1	DonnoSo		hunger (noun)	gɛ̌:	ɡɛ̀-ɛ́	ɡ ɛ̀ + ɛ́			0
3991	Gourou-5029_hungernoun-1	Gourou		hunger (noun)	gɛ̌:	ɡɛ̀-ɛ́	ɡ ɛ̀ + ɛ́			0
3992	JamsayDouentza-5029_hungernoun-1	JamsayDouentza		hunger (noun)	jɛ̌:	dʒ-ɛ̀-ɛ́	d ʒ + ɛ̀ + ɛ́			0
3994	Mombo-5029_hungernoun-1	Mombo		hunger (noun)	kúgɔ́	kúɡɔ́	k ú ɡ ɔ́			0
3995	Najamba-5029_hungernoun-1	Najamba		hunger (noun)	gà:gó\\gà:gé	ɡà.àɡó	ɡ à à ɡ ó	ɡ à à ɡ é		0
3996	Nanga-5029_hungernoun-1	Nanga		hunger (noun)	gìyá	ɡìyá	ɡ ì j á			0
3997	Penange-5029_hungernoun-1	Penange		hunger (noun)	kùgà	kùɡà	k ù ɡ à			0
3998	PergeTegu-5029_hungernoun-1	PergeTegu		hunger (noun)	gɛ̌:	ɡɛ̀-ɛ́	ɡ ɛ̀ + ɛ́			0
3999	TebulUre-5029_hungernoun-1	TebulUre		hunger (noun)	jǎ:	dʒ-à-á	d ʒ + à + á			0
4000	Tiranige-5029_hungernoun-1	Tiranige		hunger (noun)	kɔ̀rɛ̀	kɔ̀rɛ̀	k ɔ̀ r ɛ̀			0
4001	TogoKan-5029_hungernoun-1	TogoKan		hunger (noun)	gɛ̌:	ɡɛ̀-ɛ́	ɡ ɛ̀ + ɛ́			0
4002	TommoSoTongoTongo-5029_hungernoun-1	TommoSoTongoTongo		hunger (noun)	gíyɛ́	ɡíyɛ́	ɡ í j ɛ́			0
4004	ToroTegu-5029_hungernoun-1	ToroTegu		hunger (noun)	àrkírì	àrkí-rì	à r k í + r ì			0
4005	YandaDom-5029_hungernoun-1	YandaDom		hunger (noun)	jà:	dʒ-à-à	d ʒ + à + à			0
4006	YornoSo-5029_hungernoun-1	YornoSo		hunger (noun)	gɛ̌:	ɡɛ̀-ɛ́	ɡ ɛ̀ + ɛ́			0
4298	BankanTey-5032_huntverbonly-1	BankanTey		hunt (verb only)	òsíyé	òsíy-é	ò s í j + é			1
4299	BenTey-5032_huntverbonly-1	BenTey		hunt (verb only)	dànní	dàn-ní	d à n + n í			1
4300	Gourou-5032_huntverbonly-1	Gourou		hunt (verb only)	dàná	dàn-á	d à n + á			1
4301	JamsayDouentza-5032_huntverbonly-1	JamsayDouentza		hunt (verb only)	dàná	dàn-á	d à n + á			1
4302	Mombo-5032_huntverbonly-1	Mombo		hunt (verb only)	dà:nà ǹkálúmá kání	dà.àn-àǹkál-ú-mák-ání	d à à n + à n k á l + ú + m á k + á n í			1
4303	Najamba-5032_huntverbonly-1	Najamba		hunt (verb only)	tálɛ́	tál-ɛ́	t á l + ɛ́			1
4304	Nanga-5032_huntverbonly-1	Nanga		hunt (verb only)	tá:rí	tá.ár-í	t á á r + í			1
4305	TebulUre-5032_huntverbonly-1	TebulUre		hunt (verb only)	dàndí (dàndítì)	dànd-í	d à n d + í			1
4306	Tiranige-5032_huntverbonly-1	Tiranige		hunt (verb only)	tá:nó	tá.án-ó	t á á n + ó			1
4307	TogoKan-5032_huntverbonly-1	TogoKan		hunt (verb only)	dàná	dàn-á	d à n + á			1
4308	TommoSoTongoTongo-5032_huntverbonly-1	TommoSoTongoTongo		hunt (verb only)	àntólú táálá	ànt-ó-l-ú-táá-l-á	à n t + ó + l + ú + t á á ∼ + l + á			1
4310	ToroTegu-5032_huntverbonly-1	ToroTegu		hunt (verb only)	ósú\\ósó	ós-ó	ó s + ó			1
4311	YandaDom-5032_huntverbonly-1	YandaDom		hunt (verb only)	dànú\\dànàlí	dàn-à-lí	d à n + à + l í			1
4312	YornoSo-5032_huntverbonly-1	YornoSo		hunt (verb only)	dàná\\dànú	dàn-á	d à n + á			1
8490	BankanTey-5041_husband-1	BankanTey		husband	ɔ̀ŋgɔ̀rɔ̌m\\ɔ̀ŋgɔ̀rɔ́	ɔ̀-ŋɡɔ̀-rɔ̌-m	ɔ̀ + ŋ ɡ ɔ̀ + r ɔ̌ + m	ɔ̀ ŋ ɡ ɔ̀ r ɔ́		1
8491	BenTey-5041_husband-1	BenTey		husband	ɔ̀ŋgɔ̀rɔ́ ~ ɔ̀ŋɔ̀rɔ́	ɔ̀ŋɔ̀rɔ́	ɔ̀ ŋ ɔ̀ r ɔ́			1
8492	BenTey-5041_husband-2	BenTey		husband	ɔ̀ŋgɔ̀rɔ́ ~ ɔ̀ŋɔ̀rɔ́	ɔ̀ŋɔ̀rɔ́	ɔ̀ ŋ ɔ̀ r ɔ́			1
8493	Bunoge-5041_husband-1	Bunoge		husband	bàlà	bàlà	b à l à			1
8494	DogulDomBendiely-5041_husband-1	DogulDomBendiely		husband	ánà	ánà	á n à			1
8495	DogulDomKundialang-5041_husband-1	DogulDomKundialang		husband	ánà	ánà	á n à			1
8496	DonnoSo-5041_husband-1	DonnoSo		husband	ígɛ̀	íɡɛ̀	í ɡ ɛ̀			1
8497	Gourou-5041_husband-1	Gourou		husband	àɣá	àɣá	à ɣ á			1
8498	JamsayDouentza-5041_husband-1	JamsayDouentza		husband	àɣá	àɣá	à ɣ á			1
8500	Mombo-5041_husband-1	Mombo		husband	wálá	wálá	w á l á			1
8501	Najamba-5041_husband-1	Najamba		husband	nɔ̀gɔ̌:\\nɔ̀gɔ̀mbó	nɔ̀ɡɔ̀.ɔ́	n ɔ̀ ɡ ɔ̀ ɔ́	n ɔ̀ ɡ ɔ̀ + m b ó		1
8502	Nanga-5041_husband-1	Nanga		husband	lɔ̀gɔ̂	lɔ̀ɡɔ̂	l ɔ̀ ɡ ɔ̂			1
8503	Penange-5041_husband-1	Penange		husband	wàlà	wàlà	w à l à			1
8504	PergeTegu-5041_husband-1	PergeTegu		husband	ɛ̀gɛ́	ɛ̀ɡɛ́	ɛ̀ ɡ ɛ́			1
8505	TebulUre-5041_husband-1	TebulUre		husband	ɔ̀ngɔ́\\ɔ̀ngɔ́mbɔ́	ɔ̀nɡɔ́	ɔ̀ n ɡ ɔ́	ɔ̀ n ɡ ɔ́ + m b ɔ́		1
8506	Tiranige-5041_husband-1	Tiranige		husband	bànà ("man")	bànà	b à n à			1
8507	TogoKan-5041_husband-1	TogoKan		husband	ɛ̀gɛ́	ɛ̀ɡɛ́	ɛ̀ ɡ ɛ́			1
8508	TommoSoTongoTongo-5041_husband-1	TommoSoTongoTongo		husband	ígɛ́	íɡɛ́	í ɡ ɛ́			1
8509	ToroTegu-5041_husband-1	ToroTegu		husband	ɛ̀gá\\mǎ:	ɛ̀ɡá	ɛ̀ ɡ á	ɛ̀ ɡ á + m à á		1
8510	YandaDom-5041_husband-1	YandaDom		husband	nùŋɔ̀n\\mù	nùŋɔ̀-n	n ù ŋ ɔ̀ + n	n ù ŋ ɔ̀ + n + m ù		1
8511	YornoSo-5041_husband-1	YornoSo		husband	ígɛ́	íɡɛ́	í ɡ ɛ́			1
15388	Najamba-5090_inacircleroundadverb-1	Najamba		in a circle, round (adverb)	dòndòló→ nɛ̀, dèndèlé→ nɛ̀	dèn-dèlé_n-ɛ̀	d è n + d è l é + n + ɛ̀			1
15389	TogoKan-5090_inacircleroundadverb-1	TogoKan		in a circle, round (adverb)	kólówⁿ	kólów.n	k ó l ó w ∼			1
15390	TommoSoTongoTongo-5090_inacircleroundadverb-1	TommoSoTongoTongo		in a circle, round (adverb)	dénnélégó	dénnéléɡ-ó	d é n n é l é ɡ + ó			1
14682	BankanTey-5166_installnameachief-1	BankanTey		install, name (a chief)	éwré	éwré	é w r é			1
14683	BenTey-5166_installnameachief-1	BenTey		install, name (a chief)	éwré	éwré	é w r é			1
14684	DonnoSo-5166_installnameachief-1	DonnoSo		install, name (a chief)	kúndò\\kúndì	kú-nd-ò	k ú + n d + ò	k ú n d + ì		1
14685	JamsayDouentza-5166_installnameachief-1	JamsayDouentza		install, name (a chief)	tánáŋá	táná-ŋá	t á n á + ŋ á			1
14686	Najamba-5166_installnameachief-1	Najamba		install, name (a chief)	óbír\\òbìrè	óbír	ó b í r	ò b ì + r è		1
14687	Nanga-5166_installnameachief-1	Nanga		install, name (a chief)	wǒ:	wò-ó	w ò + ó			1
14688	PergeTegu-5166_installnameachief-1	PergeTegu		install, name (a chief)	dà:lá	dà.àlá	d à à l á			1
14689	TogoKan-5166_installnameachief-1	TogoKan		install, name (a chief)	dǎ:ǹ\\dá:ná	dà-áǹ	d à + á n	d á á + n á		1
14690	TommoSoTongoTongo-5166_installnameachief-1	TommoSoTongoTongo		install, name (a chief)	dààndá, gòríló, kúndó	dàà-nd-á	d à à + n d + á			1
14691	TommoSoTongoTongo-5166_installnameachief-2	TommoSoTongoTongo		install, name (a chief)	dààndá, gòríló, kúndó	gòríló	ɡ ò r í l ó			1
14692	ToroTegu-5166_installnameachief-1	ToroTegu		install, name (a chief)	táŋgúrú\\táŋgúrá	tá-ŋɡú-r-ú	t á + ŋ ɡ ú + r + ú	t á ŋ ɡ ú + r á		1
14693	YandaDom-5166_installnameachief-1	YandaDom		install, name (a chief)	gòndó\\gòndòlí	ɡò-nd-ó	ɡ ò + n d + ó	ɡ ò + n d ò + l í		1
14694	YornoSo-5166_installnameachief-1	YornoSo		install, name (a chief)	dǎ:ná\\dǎ:nú	dà.áná	d à á n á	d à á + n ú		1
9709	BankanTey-5235_jailprison-1	BankanTey		jail, prison	kásù	kásù	k á s ù			0
9710	BenTey-5235_jailprison-1	BenTey		jail, prison	kásù	kásù	k á s ù			0
9711	Bunoge-5235_jailprison-1	Bunoge		jail, prison	kàsú	kàsú	k à s ú			0
9712	DogulDomBendiely-5235_jailprison-1	DogulDomBendiely		jail, prison	kásù	kásù	k á s ù			0
9713	DogulDomKundialang-5235_jailprison-1	DogulDomKundialang		jail, prison	kâs	kâs	k â s			0
9714	DonnoSo-5235_jailprison-1	DonnoSo		jail, prison	kàdùgìnɛ́	kàdù-ɡìnɛ́	k à d ù + ɡ ì n ɛ́			0
9715	Gourou-5235_jailprison-1	Gourou		jail, prison	kásù	kásù	k á s ù			0
9716	JamsayDouentza-5235_jailprison-1	JamsayDouentza		jail, prison	kásù	kásù	k á s ù			0
9717	Mombo-5235_jailprison-1	Mombo		jail, prison	kásì	kásì	k á s ì			0
9718	Najamba-5235_jailprison-1	Najamba		jail, prison	kàsùólé	kàsùó-lé	k à s ù ó + l é			0
9719	Nanga-5235_jailprison-1	Nanga		jail, prison	kásî	kásî	k á s î			0
9720	Penange-5235_jailprison-1	Penange		jail, prison	kásù	kásù	k á s ù			0
9721	PergeTegu-5235_jailprison-1	PergeTegu		jail, prison	kásù	kásù	k á s ù			0
9722	TebulUre-5235_jailprison-1	TebulUre		jail, prison	kàdùúló	kàdùú-ló	k à d ù ú + l ó			0
9723	Tiranige-5235_jailprison-1	Tiranige		jail, prison	kàsówⁿ	kàsó-w.n	k à s ó + w ∼			0
9724	TogoKan-5235_jailprison-1	TogoKan		jail, prison	kájú	ká-dʒ-ú	k á + d ʒ + ú			0
9725	TommoSoTongoTongo-5235_jailprison-1	TommoSoTongoTongo		jail, prison	kàdù gìnɛ́, kádú	kádú	k á d ú			0
9726	TommoSoTongoTongo-5235_jailprison-2	TommoSoTongoTongo		jail, prison	kàdù gìnɛ́, kádú	kádú	k á d ú			0
9727	ToroTegu-5235_jailprison-1	ToroTegu		jail, prison	kásù	kásù	k á s ù			0
9728	YandaDom-5235_jailprison-1	YandaDom		jail, prison	kázù	kázù	k á z ù			0
9729	YornoSo-5235_jailprison-1	YornoSo		jail, prison	kájù	ká-dʒù	k á + d ʒ ù			0
1319	BankanTey-5237_jawlower-1	BankanTey		jaw (lower)	àndì: cìrⁿěyⁿ, àndî:	à-nd-í.ì	à + n d + í ì			0
1320	BenTey-5237_jawlower-1	BenTey		jaw (lower)	áŋgí	á-ŋɡ-í	á + ŋ ɡ + í			0
1321	Bunoge-5237_jawlower-1	Bunoge		jaw (lower)	ŋá:ŋà:	ŋá.áŋà.à	ŋ á á ŋ à à			0
1322	DogulDomBendiely-5237_jawlower-1	DogulDomBendiely		jaw (lower)	áŋá	áŋá	á ŋ á			0
1323	DogulDomKundialang-5237_jawlower-1	DogulDomKundialang		jaw (lower)	àŋgá:	à-ŋɡ-á.á	à + ŋ ɡ + á á			0
1324	DonnoSo-5237_jawlower-1	DonnoSo		jaw (lower)	áŋà	áŋà	á ŋ à			0
1325	Gourou-5237_jawlower-1	Gourou		jaw (lower)	ɛ̀wⁿɛ̀ kɛ̀nɛ́	ɛ̀w.nɛ̀_kɛ̀nɛ́	ɛ̀ w ∼ ɛ̀ + k ɛ̀ n ɛ́			0
1326	JamsayDouentza-5237_jawlower-1	JamsayDouentza		jaw (lower)	ɛ̀wⁿɛ́	ɛ̀w.nɛ́	ɛ̀ w ∼ ɛ́			0
1327	Mombo-5237_jawlower-1	Mombo		jaw (lower)	áwⁿà // àwⁿà gá:wⁿè:	áw-nà	á w + n à	àu ∼ à + ɡ á á w ~ è è		0
1328	Najamba-5237_jawlower-1	Najamba		jaw (lower)	jàjàgâ:\\jàjàgɛ̂:	dʒà-dʒà-ɡ-á.à	d ʒ à + d ʒ à + ɡ + á à	d ʒ à d ʒ à ɡ ɛ́ ɛ̀		0
1329	Nanga-5237_jawlower-1	Nanga		jaw (lower)	ǎŋ, àŋí, àŋdògí, àŋgòndí	ǎŋ	ǎ ŋ			0
1330	Nanga-5237_jawlower-2	Nanga		jaw (lower)	ǎŋ, àŋí, àŋdògí, àŋgòndí	àŋí	à ŋ í			0
1331	Nanga-5237_jawlower-3	Nanga		jaw (lower)	ǎŋ, àŋí, àŋdògí, àŋgòndí	à-ŋɡò-nd-í	à + ŋ ɡ ò + n d + í			0
1332	Penange-5237_jawlower-1	Penange		jaw (lower)	ágálá (y)	áɡálá	á ɡ á l á	j + á ɡ á l á		0
1333	PergeTegu-5237_jawlower-1	PergeTegu		jaw (lower)	áŋú	áŋú	á ŋ ú			0
1334	TebulUre-5237_jawlower-1	TebulUre		jaw (lower)	àŋgǎ:	à-ŋɡ-à.á	à + ŋ ɡ + à á			0
1335	Tiranige-5237_jawlower-1	Tiranige		jaw (lower)	áná	áná	á n á			0
1336	TogoKan-5237_jawlower-1	TogoKan		jaw (lower)	ɛ̀wⁿɛ́	ɛ̀w.nɛ́	ɛ̀ w ∼ ɛ́			0
1337	TommoSoTongoTongo-5237_jawlower-1	TommoSoTongoTongo		jaw (lower)	àŋgàà dúú	à-ŋɡàà_-d-úú	à + ŋ ɡ à à + d + ú ú			0
1340	ToroTegu-5237_jawlower-1	ToroTegu		jaw (lower)	kàpèŋgùró	kàpè-ŋɡù-r-ó	k à p è + ŋ ɡ ù + r + ó			0
1341	YandaDom-5237_jawlower-1	YandaDom		jaw (lower)	àŋgà	à-ŋɡ-à	à + ŋ ɡ + à			0
1342	YornoSo-5237_jawlower-1	YornoSo		jaw (lower)	àŋgǎ:ⁿ	à-ŋɡ-à.á-ⁿ	à + ŋ ɡ + à á			0
14343	BankanTey-5263_jumpverbonly-1	BankanTey		jump (verb only)	pótó	pót-ó	p ó t + ó			0
14344	BenTey-5263_jumpverbonly-1	BenTey		jump (verb only)	péré, pété	pér-é	p é r + é			0
14345	BenTey-5263_jumpverbonly-2	BenTey		jump (verb only)	péré, pété	pét-é	p é t + é			0
14346	Bunoge-5263_jumpverbonly-1	Bunoge		jump (verb only)	tómbè	tómb-è	t ó m b + è			0
14347	DogulDomBendiely-5263_jumpverbonly-1	DogulDomBendiely		jump (verb only)	tòmbé	tòmb-é	t ò m b + é			0
14348	DogulDomKundialang-5263_jumpverbonly-1	DogulDomKundialang		jump (verb only)	tómbè	tómb-è	t ó m b + è			0
14349	DonnoSo-5263_jumpverbonly-1	DonnoSo		jump (verb only)	tómbò\\tómbè	tómb-è	t ó m b + è			0
14350	Gourou-5263_jumpverbonly-1	Gourou		jump (verb only)	péré	pér-é	p é r + é			0
14351	JamsayDouentza-5263_jumpverbonly-1	JamsayDouentza		jump (verb only)	péré	pér-é	p é r + é			0
14352	Mombo-5263_jumpverbonly-1	Mombo		jump (verb only)	tómbé	tómb-é	t ó m b + é			0
14353	Najamba-5263_jumpverbonly-1	Najamba		jump (verb only)	tómbí	tómb-í	t ó m b + í			0
14354	Nanga-5263_jumpverbonly-1	Nanga		jump (verb only)	tómbó	tómb-ó	t ó m b + ó			0
14355	Penange-5263_jumpverbonly-1	Penange		jump (verb only)	tómbé	tómb-é	t ó m b + é			0
14356	PergeTegu-5263_jumpverbonly-1	PergeTegu		jump (verb only)	pété	pét-é	p é t + é			0
14357	TebulUre-5263_jumpverbonly-1	TebulUre		jump (verb only)	tómbó (tómbótì)	tómb-ó	t ó m b + ó			0
14358	Tiranige-5263_jumpverbonly-1	Tiranige		jump (verb only)	tómbó	tómb-ó	t ó m b + ó			0
14359	TogoKan-5263_jumpverbonly-1	TogoKan		jump (verb only)	kírì:\\kíré:	kír-é.é	k í r + é é			0
14360	TommoSoTongoTongo-5263_jumpverbonly-1	TommoSoTongoTongo		jump (verb only)	tómbó	tómb-ó	t ó m b + ó			0
14361	ToroTegu-5263_jumpverbonly-1	ToroTegu		jump (verb only)	tórú\\tóró	tór-ó	t ó r + ó			0
14362	YandaDom-5263_jumpverbonly-1	YandaDom		jump (verb only)	tómbó\\tómbólì	tóm-ɔ́	t ó m + ɔ́			0
14363	YornoSo-5263_jumpverbonly-1	YornoSo		jump (verb only)	tómɔ́\\tómú	tóm-ɔ́	t ó m + ɔ́			0
823	BankanTey-5291_kill-1	BankanTey		kill	jɛ́\\jâ	dʒ-ɛ́	d ʒ + ɛ́			1
824	BenTey-5291_kill-1	BenTey		kill	jìyɛ́	dʒìy-ɛ́	d ʒ ì j + ɛ́			1
825	Bunoge-5291_kill-1	Bunoge		kill	gɛ́:wɛ̀ (imperative gèwà)	ɡɛ́.ɛ́w-ɛ̀	ɡ ɛ́ ɛ́ w + ɛ̀			1
826	DogulDomBendiely-5291_kill-1	DogulDomBendiely		kill	gɛ̀wɛ́, sɛ̀mɛ́	ɡɛ̀w-ɛ́	ɡ ɛ̀ w + ɛ́			1
827	DogulDomBendiely-5291_kill-2	DogulDomBendiely		kill	gɛ̀wɛ́, sɛ̀mɛ́	sɛ̀m-ɛ́	s ɛ̀ m + ɛ́			1
828	DogulDomKundialang-5291_kill-1	DogulDomKundialang		kill	gɛ̀wɛ́	ɡɛ̀w-ɛ́	ɡ ɛ̀ w + ɛ́			1
829	DonnoSo-5291_kill-1	DonnoSo		kill	dǎ:\\dáỳ	dà-á	d à + á			1
830	Gourou-5291_kill-1	Gourou		kill	wɔ̌:	wɔ̀-ɔ́	w ɔ̀ + ɔ́			1
831	JamsayDouentza-5291_kill-1	JamsayDouentza		kill	wɔ̌:	wɔ̀-ɔ́	w ɔ̀ + ɔ́			1
833	Mombo-5291_kill-1	Mombo		kill	gyɛ́:	ɡy-ɛ́ɛ́	ɡ j + ɛ́ ɛ́			1
834	Najamba-5291_kill-1	Najamba		kill	jìyɛ́, gìyɛ́	dʒìy-ɛ́	d ʒ ì j + ɛ́			1
835	Najamba-5291_kill-2	Najamba		kill	jìyɛ́, gìyɛ́	ɡìy-ɛ́	ɡ ì j + ɛ́			1
836	Nanga-5291_kill-1	Nanga		kill	jìyɛ́, gìyɛ́	dʒìy-ɛ́	d ʒ ì j + ɛ́			1
837	Nanga-5291_kill-2	Nanga		kill	jìyɛ́, gìyɛ́	ɡìy-ɛ́	ɡ ì j + ɛ́			1
838	Penange-5291_kill-1	Penange		kill	gíyɛ́	ɡíy-ɛ́	ɡ í j + ɛ́			1
839	PergeTegu-5291_kill-1	PergeTegu		kill	wɔ̌:	wɔ̀-ɔ́	w ɔ̀ + ɔ́			1
840	TebulUre-5291_kill-1	TebulUre		kill	jɛ̌\\jàlí (jɛ́tì, jɛ̀sɔ́)	dʒ-ɛ̌	d ʒ + ɛ̌			1
841	Tiranige-5291_kill-1	Tiranige		kill	jɛ́yɔ́	dʒɛ́y-ɔ́	d ʒ ɛ́ j + ɔ́			1
842	TogoKan-5291_kill-1	TogoKan		kill	dàrⁿá	dàr-.ná	d à r + n á			1
843	TommoSoTongoTongo-5291_kill-1	TommoSoTongoTongo		kill	dàá	dà-á	d à + á			1
846	ToroTegu-5291_kill-1	ToroTegu		kill	wɔ̌w\\wɔ̌:	wɔ̀-ɔ́	w ɔ̀ + ɔ́			1
847	YandaDom-5291_kill-1	YandaDom		kill	jɛ́\\jàlí	dʒ-ɛ́	d ʒ + ɛ́			1
848	YornoSo-5291_kill-1	YornoSo		kill	dǎ:\\dǎy	dà-á	d à + á			1
1596	BankanTey-5307_knee-1	BankanTey		knee	kízì	kízì	k í z ì			1
1597	BenTey-5307_knee-1	BenTey		knee	sínjì:, síŋgì:	sín-jì.ì	s í n + d ʒ ì ì			1
1598	Bunoge-5307_knee-1	Bunoge		knee	kùnjúgà	kùn-júɡà	k ù n + d ʒ ú ɡ à			1
1599	DogulDomBendiely-5307_knee-1	DogulDomBendiely		knee	kúɲjù	kúɲ-dʒù	k ú ɲ + d ʒ ù			1
1600	DogulDomKundialang-5307_knee-1	DogulDomKundialang		knee	kúnjùŋ̀ (pl kúnjù yà:)	kún-jùŋ	k ú n + d ʒ ù ŋ	k ú n d ʒ ù + j à à		1
1601	DonnoSo-5307_knee-1	DonnoSo		knee	yóŋùnù	yóŋù-nù	j ó ŋ ù + n ù			1
1602	Gourou-5307_knee-1	Gourou		knee	nèŋé	nèŋé	n è ŋ é			1
1603	JamsayDouentza-5307_knee-1	JamsayDouentza		knee	nɛ̀ŋɛ́, nɛ̀ŋɛ̀ béré	nɛ̀ŋɛ́	n ɛ̀ ŋ ɛ́			1
1604	JamsayDouentza-5307_knee-2	JamsayDouentza		knee	nɛ̀ŋɛ́, nɛ̀ŋɛ̀ béré	nɛ̀ŋɛ̀_béré	n ɛ̀ ŋ ɛ̀ + b é r é			1
1606	Mombo-5307_knee-1	Mombo		knee	kúnjúgà	kún-júɡà	k ú n + d ʒ ú ɡ à			1
1607	Najamba-5307_knee-1	Najamba		knee	nà:kínjìŋgè\\nà:kínjì:	nà.àkí-njì-ŋɡ-è	n à à k í + n d ʒ ì + ŋ ɡ + è	n à à + k í n d ʒ ì ì		1
1608	Nanga-5307_knee-1	Nanga		knee	kùnjòkúnjô	kùn-jòkú-njô	k ù n + d ʒ ò k ú + n d ʒ ô			1
1609	Penange-5307_knee-1	Penange		knee	kùnjùgà	kùn-jùɡà	k ù n + d ʒ ù ɡ à			1
1610	PergeTegu-5307_knee-1	PergeTegu		knee	nìŋgé	nì-ŋɡ-é	n ì + ŋ ɡ + é			1
1611	TebulUre-5307_knee-1	TebulUre		knee	kúndú	kú-nd-ú	k ú + n d + ú			1
1612	Tiranige-5307_knee-1	Tiranige		knee	kúnjúgɔ́	kún-júɡɔ́	k ú n + d ʒ ú ɡ ɔ́			1
1613	TogoKan-5307_knee-1	TogoKan		knee	nèŋèrèkúⁿ	nèŋè-rèkú-ⁿ	n è ŋ è + r è k ú			1
1614	TommoSoTongoTongo-5307_knee-1	TommoSoTongoTongo		knee	ànù yóŋóló	ànù_yóŋó-ló	à n ù + j ó ŋ ó + l ó			1
1617	ToroTegu-5307_knee-1	ToroTegu		knee	nìŋó	nìŋó	n ì ŋ ó			1
1618	YandaDom-5307_knee-1	YandaDom		knee	kúnzú	kún-zú	k ú n + z ú			1
1619	YornoSo-5307_knee-1	YornoSo		knee	yúŋóló	yúŋó-ló	j ú ŋ ó + l ó			1
13923	BankanTey-5310_knife-1	BankanTey		knife	pǒ:	pò-ó	p ò + ó			0
13924	BenTey-5310_knife-1	BenTey		knife	pǒ:	pò-ó	p ò + ó			0
13925	Bunoge-5310_knife-1	Bunoge		knife	dólì	dólì	d ó l ì			0
13926	DogulDomBendiely-5310_knife-1	DogulDomBendiely		knife	pòlògó	pòlò-ɡó	p ò l ò + ɡ ó			0
13927	DogulDomKundialang-5310_knife-1	DogulDomKundialang		knife	pòlgó	pòl-ɡó	p ò l + ɡ ó			0
13928	DonnoSo-5310_knife-1	DonnoSo		knife	pòlú	pòlú	p ò l ú			0
13929	Gourou-5310_knife-1	Gourou		knife	sìrú	sìrú	s ì r ú			0
13930	JamsayDouentza-5310_knife-1	JamsayDouentza		knife	sìrú	sìrú	s ì r ú			0
13932	Mombo-5310_knife-1	Mombo		knife	tálá	tálá	t á l á			0
13933	Najamba-5310_knife-1	Najamba		knife	pòlé\\pǒlmbó	pòlé	p ò l é	p ǒ l + m b ó		0
13934	Nanga-5310_knife-1	Nanga		knife	pòrí	pòrí	p ò r í			0
13935	Penange-5310_knife-1	Penange		knife	tálá	tálá	t á l á			0
13936	PergeTegu-5310_knife-1	PergeTegu		knife	sìrú	sìrú	s ì r ú			0
13937	TebulUre-5310_knife-1	TebulUre		knife	pólgó\\pólé:	pól-ɡó	p ó l + ɡ ó	p ó l é é		0
13938	Tiranige-5310_knife-1	Tiranige		knife	tànà	tànà	t à n à			0
13939	TogoKan-5310_knife-1	TogoKan		knife	sí:nɛ́	sí.ínɛ́	s í í n ɛ́			0
13940	TommoSoTongoTongo-5310_knife-1	TommoSoTongoTongo		knife	pòlú	pòlú	p ò l ú			0
13941	ToroTegu-5310_knife-1	ToroTegu		knife	pèrú	pèrú	p è r ú			0
13942	YandaDom-5310_knife-1	YandaDom		knife	pòl	pòl	p ò l			0
13943	YornoSo-5310_knife-1	YornoSo		knife	pǒl	pǒl	p ǒ l			0
2706	BankanTey-5474_laughgiveoutalaugh-1	BankanTey		laugh, give out a laugh	mánù màní	mánù-màní	m á n ù + m à n í			1
2707	BenTey-5474_laughgiveoutalaugh-1	BenTey		laugh, give out a laugh	mánù màní	mánù-màní	m á n ù + m à n í			1
2708	Bunoge-5474_laughgiveoutalaugh-1	Bunoge		laugh, give out a laugh	màndù mándè	mànd-ù-mánd-è	m à n d + ù + m á n d + è			1
2709	DogulDomKundialang-5474_laughgiveoutalaugh-1	DogulDomKundialang		laugh, give out a laugh	màndé	mànd-é	m à n d + é			1
2710	DonnoSo-5474_laughgiveoutalaugh-1	DonnoSo		laugh, give out a laugh	mo᷈y mò:ndó	mò.òy-mò.ònd-ó	m ò ò j + m ò ò n d + ó			1
2711	Gourou-5474_laughgiveoutalaugh-1	Gourou		laugh, give out a laugh	mɔ́wⁿ mɔ̀wⁿɔ́	mɔ́w.n-mɔ̀w.n-ɔ́	m ɔ́ w ∼ + m ɔ̀ w ∼ + ɔ́			1
2712	JamsayDouentza-5474_laughgiveoutalaugh-1	JamsayDouentza		laugh, give out a laugh	mɔ́wⁿ mɔ̀wⁿɔ́	mɔ́w.n-mɔ̀w.n-ɔ́	m ɔ́ w ∼ + m ɔ̀ w ∼ + ɔ́			1
2714	Najamba-5474_laughgiveoutalaugh-1	Najamba		laugh, give out a laugh	màndû: màndí	mànd-ú.ù-mànd-í	m à n d + ú ù + m à n d + í			1
2715	Nanga-5474_laughgiveoutalaugh-1	Nanga		laugh, give out a laugh	mɔ́ndì màndí	mɔ́nd-ì-mànd-í	m ɔ́ n d + ì + m à n d + í			1
2716	Penange-5474_laughgiveoutalaugh-1	Penange		laugh, give out a laugh	mándí mándé	mánd-í-mánd-é	m á n d + í + m á n d + é			1
2717	PergeTegu-5474_laughgiveoutalaugh-1	PergeTegu		laugh, give out a laugh	mɔ́:ⁿ mɔ̌:ⁿ	mɔ́.ɔ́.n-mɔ̀.ɔ́.n	m ɔ́ ɔ́ ∼ + m ɔ̀ ɔ́ ∼			1
2718	TebulUre-5474_laughgiveoutalaugh-1	TebulUre		laugh, give out a laugh	móndúgó màndí (màndítì)	mónd-úɡ-ó-mànd-í	m ó n d + ú ɡ + ó + m à n d + í			1
2719	Tiranige-5474_laughgiveoutalaugh-1	Tiranige		laugh, give out a laugh	mándó	mánd-ó	m á n d + ó			1
2720	TogoKan-5474_laughgiveoutalaugh-1	TogoKan		laugh, give out a laugh	mɔ́ mɔ̌:	mɔ́m-ɔ̀.ɔ́	m ɔ́ m + ɔ̀ ɔ́			1
2721	TommoSoTongoTongo-5474_laughgiveoutalaugh-1	TommoSoTongoTongo		laugh, give out a laugh	mómú mòmó	mómú-mòmó	m ó m ú + m ò m ó			1
2724	YandaDom-5474_laughgiveoutalaugh-1	YandaDom		laugh, give out a laugh	màndù màndú	mànd-ù-mànd-ú	m à n d + ù + m à n d + ú			1
2725	YornoSo-5474_laughgiveoutalaugh-1	YornoSo		laugh, give out a laugh	mɔ̂yⁿ mɔ̌:	mɔ̂m-ɔ̀.ɔ́	m ɔ̂ m + ɔ̀ ɔ́			1
3259	BankanTey-5505_leafofplant-1	BankanTey		leaf (of plant)	jɛ̀ndɛ̂: ~ gɛ̀ndɛ̂:	ɡɛ̀-nd-ɛ́.ɛ̀	ɡ ɛ̀ + n d + ɛ́ ɛ̀			1
3260	BenTey-5505_leafofplant-1	BenTey		leaf (of plant)	jɛ̀lɛ̂:, jɛ̀lɛ̂y, jìjɛ̀lɛ̂:, jìjɛ̀lɛ̂y	dʒì-dʒɛ̀-lɛ̂-y	d ʒ ì + d ʒ ɛ̀ + l ɛ̂ + j			1
3261	Bunoge-5505_leafofplant-1	Bunoge		leaf (of plant)	kóbà	kóbà	k ó b à			1
3262	DogulDomBendiely-5505_leafofplant-1	DogulDomBendiely		leaf (of plant)	kómbò, kíl	kó-mb-ò	k ó + m b + ò			1
3263	DogulDomBendiely-5505_leafofplant-2	DogulDomBendiely		leaf (of plant)	kómbò, kíl	kíl	k í l			1
3264	DogulDomKundialang-5505_leafofplant-1	DogulDomKundialang		leaf (of plant)	kîl	kîl	k î l			1
3265	DonnoSo-5505_leafofplant-1	DonnoSo		leaf (of plant)	núŋɔ̀	núŋɔ̀	n ú ŋ ɔ̀			1
3266	Gourou-5505_leafofplant-1	Gourou		leaf (of plant)	kúrɔ́	kúrɔ́	k ú r ɔ́			1
3267	JamsayDouentza-5505_leafofplant-1	JamsayDouentza		leaf (of plant)	kúrɔ́	kúrɔ́	k ú r ɔ́			1
3268	Mombo-5505_leafofplant-1	Mombo		leaf (of plant)	kúbɛ̀	kúbɛ̀	k ú b ɛ̀			1
3269	Najamba-5505_leafofplant-1	Najamba		leaf (of plant)	kòmbáŋgó\\kòmbá	kò-mbá-ŋɡ-ó	k ò + m b á + ŋ ɡ + ó	k ò m b á		1
3270	Nanga-5505_leafofplant-1	Nanga		leaf (of plant)	úwâ	úwâ	ú w â			1
3271	Penange-5505_leafofplant-1	Penange		leaf (of plant)	kɔ̀bɛ̀	kɔ̀bɛ̀	k ɔ̀ b ɛ̀			1
3272	PergeTegu-5505_leafofplant-1	PergeTegu		leaf (of plant)	kúrɔ́	kúrɔ́	k ú r ɔ́			1
3273	TebulUre-5505_leafofplant-1	TebulUre		leaf (of plant)	kúlá	kúlá	k ú l á			1
3274	Tiranige-5505_leafofplant-1	Tiranige		leaf (of plant)	kómbá	kó-mb-á	k ó + m b + á			1
3275	TogoKan-5505_leafofplant-1	TogoKan		leaf (of plant)	kúrɔ́	kúrɔ́	k ú r ɔ́			1
3276	TommoSoTongoTongo-5505_leafofplant-1	TommoSoTongoTongo		leaf (of plant)	núyɔ́	núyɔ́	n ú j ɔ́			1
3278	ToroTegu-5505_leafofplant-1	ToroTegu		leaf (of plant)	kɔ̀tɔ́	kɔ̀tɔ́	k ɔ̀ t ɔ́			1
3279	YandaDom-5505_leafofplant-1	YandaDom		leaf (of plant)	kùlà	kùlà	k ù l à			1
3280	YornoSo-5505_leafofplant-1	YornoSo		leaf (of plant)	lɛ̂:	lɛ́-ɛ̀	l ɛ́ + ɛ̀			1
6717	BankanTey-5525_lefthandetc-1	BankanTey		left (hand, etc.)	bàndǎy	bàndǎ-y	b à n d ǎ + j			1
6718	BenTey-5525_lefthandetc-1	BenTey		left (hand, etc.)	bànǎyⁿ	bàn-ǎ	b à n + ǎ			1
6719	DogulDomBendiely-5525_lefthandetc-1	DogulDomBendiely		left (hand, etc.)	nàndáŋ	nàndáŋ	n à n d á ŋ			1
6720	DogulDomKundialang-5525_lefthandetc-1	DogulDomKundialang		left (hand, etc.)	nà:g nàndàŋ́	nà.àɡ_nàndàŋ	n à à ɡ + n à n d à ŋ			1
6721	DonnoSo-5525_lefthandetc-1	DonnoSo		left (hand, etc.)	nà:ndá	nà.ànd-á	n à à n d + á			1
6722	Gourou-5525_lefthandetc-1	Gourou		left (hand, etc.)	bàná	bàn-á	b à n + á			1
6723	JamsayDouentza-5525_lefthandetc-1	JamsayDouentza		left (hand, etc.)	bàná	bàn-á	b à n + á			1
6724	Mombo-5525_lefthandetc-1	Mombo		left (hand, etc.)	ná:gà	ná.áɡ-à	n á á ɡ + à			1
6725	Najamba-5525_lefthandetc-1	Najamba		left (hand, etc.)	nàndǎ:\\nàndɛ̌:	nànd-à.á	n à n d + à á	n à n d ɛ̀ ɛ́		1
6726	Nanga-5525_lefthandetc-1	Nanga		left (hand, etc.)	bàrìyɛ́	bàrìy-ɛ́	b à r ì j + ɛ́			1
6727	Penange-5525_lefthandetc-1	Penange		left (hand, etc.)	nwá:gá	nwá.áɡ-á	n w á á ɡ + á			1
6728	PergeTegu-5525_lefthandetc-1	PergeTegu		left (hand, etc.)	bàlá	bàl-á	b à l + á			1
6729	TebulUre-5525_lefthandetc-1	TebulUre		left (hand, etc.)	bàndá	bànd-á	b à n d + á			1
6730	Tiranige-5525_lefthandetc-1	Tiranige		left (hand, etc.)	nɔ́:ndɔ́	nɔ́.ɔ́nd-ɔ́	n ɔ́ ɔ́ n d + ɔ́			1
6731	TogoKan-5525_lefthandetc-1	TogoKan		left (hand, etc.)	nàná	nàn-á	n à n + á			1
6732	TommoSoTongoTongo-5525_lefthandetc-1	TommoSoTongoTongo		left (hand, etc.)	nààndá	nàànd-á	n à à n d + á			1
6733	ToroTegu-5525_lefthandetc-1	ToroTegu		left (hand, etc.)	bàrⁿíyⁿà	bàr.n-íà	b à r ∼ + í à			1
6734	YandaDom-5525_lefthandetc-1	YandaDom		left (hand, etc.)	nàndà	nànd-à	n à n d + à			1
6735	YornoSo-5525_lefthandetc-1	YornoSo		left (hand, etc.)	nàná, bàlàgá	nàn-á	n à n + á			1
6736	YornoSo-5525_lefthandetc-2	YornoSo		left (hand, etc.)	nàná, bàlàgá	bàlàɡ-á	b à l à ɡ + á			1
1774	BankanTey-5530_leg-1	BankanTey		leg	ǹdɔ̀sɔ̂:	ǹdɔ̀sɔ́-ɔ̀	n d ɔ̀ s ɔ́ + ɔ̀			1
1775	BenTey-5530_leg-1	BenTey		leg	lɔ̀sɔ̂:	lɔ̀sɔ́.ɔ̀	l ɔ̀ s ɔ́ ɔ̀			1
1776	Bunoge-5530_leg-1	Bunoge		leg	sè (sè: nɔ́)	sè	s è	s è è + n ɔ́		1
1777	DogulDomKundialang-5530_leg-1	DogulDomKundialang		leg	nǎ:g	nà.áɡ	n à á ɡ			1
1778	DonnoSo-5530_leg-1	DonnoSo		leg	kúbɔ̀, ánù	kúbɔ̀	k ú b ɔ̀			1
1779	DonnoSo-5530_leg-2	DonnoSo		leg	kúbɔ̀, ánù	ánù	á n ù			1
1780	Gourou-5530_leg-1	Gourou		leg	kúwⁿ́ xxx	kúẃ.-n_xxx	k ú ẃ + n + x x x			1
1781	JamsayDouentza-5530_leg-1	JamsayDouentza		leg	kɔ́:	kɔ́-ɔ́	k ɔ́ + ɔ́			1
1782	Najamba-5530_leg-1	Najamba		leg	nà:gó\\nǎ:	nà.àɡó	n à à ɡ ó	n à á		1
1783	Nanga-5530_leg-1	Nanga		leg	lɔ̀sɔ̂	lɔ̀sɔ̂	l ɔ̀ s ɔ̂			1
1784	PergeTegu-5530_leg-1	PergeTegu		leg	kúwɔ́	kúwɔ́	k ú w ɔ́			1
1785	Tiranige-5530_leg-1	Tiranige		leg	tònjè (Boui), tòŋgìyè (Ningo)	tò-ŋɡì-y-è	t ò + ŋ ɡ ì + j + è			1
1786	TogoKan-5530_leg-1	TogoKan		leg	pàgá	pàɡá	p à ɡ á			1
1787	TommoSoTongoTongo-5530_leg-1	TommoSoTongoTongo		leg	ánú	ánú	á n ú			1
1790	ToroTegu-5530_leg-1	ToroTegu		leg	kúwɔ́	kúwɔ́	k ú w ɔ́			1
1791	YandaDom-5530_leg-1	YandaDom		leg	nà:	nà-à	n à + à			1
1792	YornoSo-5530_leg-1	YornoSo		leg	kúbɔ́	kúbɔ́	k ú b ɔ́			1
4021	BankanTey-5559_lick-1	BankanTey		lick	dɛ̌:	dɛ̀-ɛ́	d ɛ̀ + ɛ́			0
4022	BenTey-5559_lick-1	BenTey		lick	dɛ̀gɛ́	dɛ̀ɡ-ɛ́	d ɛ̀ ɡ + ɛ́			0
4023	Bunoge-5559_lick-1	Bunoge		lick	dɛ́lɛ̀	dɛ́l-ɛ̀	d ɛ́ l + ɛ̀			0
4024	DogulDomBendiely-5559_lick-1	DogulDomBendiely		lick	dɛ̀gɛ́	dɛ̀ɡ-ɛ́	d ɛ̀ ɡ + ɛ́			0
4025	DogulDomKundialang-5559_lick-1	DogulDomKundialang		lick	dɛ̀gɛ́	dɛ̀ɡ-ɛ́	d ɛ̀ ɡ + ɛ́			0
4026	DonnoSo-5559_lick-1	DonnoSo		lick	dɛ̀gɛ́\\dɛ́gɛ̀	dɛ̀ɡ-ɛ́	d ɛ̀ ɡ + ɛ́			0
4027	Gourou-5559_lick-1	Gourou		lick	dɛ̀gɛ́	dɛ̀ɡ-ɛ́	d ɛ̀ ɡ + ɛ́			0
4028	JamsayDouentza-5559_lick-1	JamsayDouentza		lick	dɛ̀gɛ́	dɛ̀ɡ-ɛ́	d ɛ̀ ɡ + ɛ́			0
4029	Mombo-5559_lick-1	Mombo		lick	nɛ́lɛ́	nɛ́l-ɛ́	n ɛ́ l + ɛ́			0
4030	Najamba-5559_lick-1	Najamba		lick	nɛ́gɛ́	nɛ́ɡ-ɛ́	n ɛ́ ɡ + ɛ́			0
4031	Nanga-5559_lick-1	Nanga		lick	dɛ̀gɛ́	dɛ̀ɡ-ɛ́	d ɛ̀ ɡ + ɛ́			0
4032	Penange-5559_lick-1	Penange		lick	nɛ́lɛ́	nɛ́l-ɛ́	n ɛ́ l + ɛ́			0
4033	PergeTegu-5559_lick-1	PergeTegu		lick	dɛ̀gɛ́	dɛ̀ɡ-ɛ́	d ɛ̀ ɡ + ɛ́			0
4034	TebulUre-5559_lick-1	TebulUre		lick	dɛ̀gɛ́ (dɛ̀gɛ́tì)	dɛ̀ɡ-ɛ́	d ɛ̀ ɡ + ɛ́			0
4035	Tiranige-5559_lick-1	Tiranige		lick	nɛ́lɔ́	nɛ́l-ɔ́	n ɛ́ l + ɔ́			0
4036	TogoKan-5559_lick-1	TogoKan		lick	dɛ̀gɛ́	dɛ̀ɡ-ɛ́	d ɛ̀ ɡ + ɛ́			0
4037	TommoSoTongoTongo-5559_lick-1	TommoSoTongoTongo		lick	dɛ̀gɛ́	dɛ̀ɡ-ɛ́	d ɛ̀ ɡ + ɛ́			0
4039	ToroTegu-5559_lick-1	ToroTegu		lick	dɛ̀gú\\dɛ̀gá	dɛ̀ɡ-á	d ɛ̀ ɡ + á			0
4040	YandaDom-5559_lick-1	YandaDom		lick	dɛ̀gɛ́	dɛ̀ɡ-ɛ́	d ɛ̀ ɡ + ɛ́			0
4041	YornoSo-5559_lick-1	YornoSo		lick	dɛ̀gɛ́	dɛ̀ɡ-ɛ́	d ɛ̀ ɡ + ɛ́			0
12528	BankanTey-5627_listentosthsb-1	BankanTey		listen to (sth, sb)	dìndé	dìnd-é	d ì n d + é			0
12529	BenTey-5627_listentosthsb-1	BenTey		listen to (sth, sb)	dìlé	dìl-é	d ì l + é			0
12530	Bunoge-5627_listentosthsb-1	Bunoge		listen to (sth, sb)	núndè	nún-dè	n ú n + d è			0
12531	DogulDomBendiely-5627_listentosthsb-1	DogulDomBendiely		listen to (sth, sb)	nèndìyé, nèndí	nèn-d-ì-yé	n è n + d + ì + j é			0
12532	DogulDomBendiely-5627_listentosthsb-2	DogulDomBendiely		listen to (sth, sb)	nèndìyé, nèndí	nèn-dí	n è n + d í			0
12533	DogulDomKundialang-5627_listentosthsb-1	DogulDomKundialang		listen to (sth, sb)	nè:ndyé	nè-.èn-d-yé	n è + è n + d + j é			0
12534	DonnoSo-5627_listentosthsb-1	DonnoSo		listen to (sth, sb)	kéɲɲè:\\kéɲɲìỳ	kéɲ--ɲè.è	k é ɲ + + ɲ è è			0
12535	Gourou-5627_listentosthsb-1	Gourou		listen to (sth, sb)	kégéré	kéɡ-é-ré	k é ɡ + é + r é			0
12536	JamsayDouentza-5627_listentosthsb-1	JamsayDouentza		listen to (sth, sb)	cégéré	tʃé-ɡ-é-ré	t ʃ é + ɡ + é + r é			0
12537	Mombo-5627_listentosthsb-1	Mombo		listen to (sth, sb)	núndyê:	nún-d-yé.è	n ú n + d + j é è			0
12538	Najamba-5627_listentosthsb-1	Najamba		listen to (sth, sb)	ǹdíy\\ǹdìyè	ǹdìy-è	n d ì j + è			0
12539	Nanga-5627_listentosthsb-1	Nanga		listen to (sth, sb)	dèndé	dènd-é	d è n d + é			0
12540	Penange-5627_listentosthsb-1	Penange		listen to (sth, sb)	núndyè	núnd-y-è	n ú n d + j + è			0
12541	PergeTegu-5627_listentosthsb-1	PergeTegu		listen to (sth, sb)	cégéré	tʃé-ɡ-é-ré	t ʃ é + ɡ + é + r é			0
12542	TebulUre-5627_listentosthsb-1	TebulUre		listen to (sth, sb)	nùndí: (nùndí:bù)	nùn-dí.í	n ù n + d í í			0
12543	Tiranige-5627_listentosthsb-1	Tiranige		listen to (sth, sb)	dá:ríyó	dá-.áríyó	d á + á r í j ó			0
12544	TogoKan-5627_listentosthsb-1	TogoKan		listen to (sth, sb)	kéŋìrì\\kéŋéré	kéŋ-é-ré	k é ŋ + é + r é			0
12545	TommoSoTongoTongo-5627_listentosthsb-1	TommoSoTongoTongo		listen to (sth, sb)	kééníyé	kéé-níyé	k é é + n í j é			0
12546	ToroTegu-5627_listentosthsb-1	ToroTegu		listen to (sth, sb)	cérú\\céré, hɛ́ttìnà kárⁿú\\kárⁿá	hɛ́ttìn-à-kár.ná	h ɛ́ t t ì n + à + k á r ∼ á			0
12547	YandaDom-5627_listentosthsb-1	YandaDom		listen to (sth, sb)	nìndíyó\\nìndìyòlí	nìn-d-í-yó	n ì n + d + í + j ó			0
12548	YornoSo-5627_listentosthsb-1	YornoSo		listen to (sth, sb)	kíŋɛ́:\\kíŋí:	kíŋ-ɛ́.ɛ́	k í ŋ + ɛ́ ɛ́			0
1376	BankanTey-5631_liver-1	BankanTey		liver	kɛ́ndɛ̀	kɛ́-nd-ɛ̀	k ɛ́ + n d + ɛ̀			1
1377	BenTey-5631_liver-1	BenTey		liver	cɛ́lɛ̀ ~ kɛ́lɛ̀	kɛ́lɛ̀	k ɛ́ l ɛ̀			1
1378	BenTey-5631_liver-2	BenTey		liver	cɛ́lɛ̀ ~ kɛ́lɛ̀	kɛ́lɛ̀	k ɛ́ l ɛ̀			1
1379	Bunoge-5631_liver-1	Bunoge		liver	kìndà	kì-nd-à	k ì + n d + à			1
1380	DogulDomBendiely-5631_liver-1	DogulDomBendiely		liver	kíndà	kí-nd-à	k í + n d + à			1
1381	DogulDomKundialang-5631_liver-1	DogulDomKundialang		liver	kíndà:	kí-nd-à.à	k í + n d + à à			1
1382	DonnoSo-5631_liver-1	DonnoSo		liver	kìndɛ̀ gɛ̂ŋ	kì-ndɛ̀_-ɡɛ̂ŋ	k ì + n d ɛ̀ + ɡ ɛ̂ ŋ			1
1383	Gourou-5631_liver-1	Gourou		liver	kɛ́nɛ̀	kɛ́nɛ̀	k ɛ́ n ɛ̀			1
1384	JamsayDouentza-5631_liver-1	JamsayDouentza		liver	cɛ́nɛ̀	tʃɛ́nɛ̀	t ʃ ɛ́ n ɛ̀			1
1386	Mombo-5631_liver-1	Mombo		liver	kíndá	kí-nd-á	k í + n d + á			1
1387	Najamba-5631_liver-1	Najamba		liver	kéndà:\\kɛ́ndɛ̀:	ké-nd-à.à	k é + n d + à à	k ɛ́ + n + d ɛ̀ ɛ̀		1
1388	Nanga-5631_liver-1	Nanga		liver	kɛ́ndɛ̀	kɛ́-nd-ɛ̀	k ɛ́ + n d + ɛ̀			1
1389	Penange-5631_liver-1	Penange		liver	kìndà	kì-nd-à	k ì + n d + à			1
1390	PergeTegu-5631_liver-1	PergeTegu		liver	kɛ́lɛ̀	kɛ́lɛ̀	k ɛ́ l ɛ̀			1
1391	TebulUre-5631_liver-1	TebulUre		liver	cɛ́ndɛ́	tʃɛ́-nd-ɛ́	t ʃ ɛ́ + n d + ɛ́			1
1392	Tiranige-5631_liver-1	Tiranige		liver	cìndà (Boui), kìndà (Ningo)	kì-nd-à	k ì + n d + à			1
1393	TogoKan-5631_liver-1	TogoKan		liver	kɛ́nɛ́	kɛ́nɛ́	k ɛ́ n ɛ́			1
1396	ToroTegu-5631_liver-1	ToroTegu		liver	cɛ́lá	tʃɛ́lá	t ʃ ɛ́ l á			1
1397	YandaDom-5631_liver-1	YandaDom		liver	cíndá	tʃí-nd-á	t ʃ í + n d + á			1
1398	YornoSo-5631_liver-1	YornoSo		liver	kínɛ́	kínɛ́	k í n ɛ́			1
7356	BankanTey-5656_longegrope-1	BankanTey		long (e.g. rope)	gùrⁿǎwⁿ	ɡùr.nǎw.n	ɡ ù r ∼ ǎ w ∼			1
7357	BenTey-5656_longegrope-1	BenTey		long (e.g. rope)	gùrɔ̂w	ɡùrɔ̂w	ɡ ù r ɔ̂ w			1
7358	Bunoge-5656_longegrope-1	Bunoge		long (e.g. rope)	gòlò	ɡòl-ò	ɡ ò l + ò			1
7359	DogulDomKundialang-5656_longegrope-1	DogulDomKundialang		long (e.g. rope)	jàlǎŋ	dʒàlǎŋ	d ʒ à l ǎ ŋ			1
7360	DonnoSo-5656_longegrope-1	DonnoSo		long (e.g. rope)	pàlá	pàl-á	p à l + á			1
7361	Gourou-5656_longegrope-1	Gourou		long (e.g. rope)	gùrú	ɡùr-ú	ɡ ù r + ú			1
7362	JamsayDouentza-5656_longegrope-1	JamsayDouentza		long (e.g. rope)	gùrú	ɡùr-ú	ɡ ù r + ú			1
7364	Mombo-5656_longegrope-1	Mombo		long (e.g. rope)	góllò	ɡóll-ò	ɡ ó l l + ò			1
7365	Najamba-5656_longegrope-1	Najamba		long (e.g. rope)	jàlɛ́:\\jàláŋgó	dʒàl-ɛ́.ɛ́	d ʒ à l + ɛ́ ɛ́	d ʒ à l á + ŋ ɡ ó		1
7366	Nanga-5656_longegrope-1	Nanga		long (e.g. rope)	gùrɔ́	ɡùr-ɔ́	ɡ ù r + ɔ́			1
7367	Penange-5656_longegrope-1	Penange		long (e.g. rope)	gòlò	ɡòl-ò	ɡ ò l + ò			1
7368	PergeTegu-5656_longegrope-1	PergeTegu		long (e.g. rope)	gùrú	ɡùr-ú	ɡ ù r + ú			1
7369	TebulUre-5656_longegrope-1	TebulUre		long (e.g. rope)	pá:\\pá:ŋgɔ̀\\pá:mbɔ̀	pá-á	p á + á	p á á + m b ɔ̀		1
7370	Tiranige-5656_longegrope-1	Tiranige		long (e.g. rope)	yálá	yál-á	j á l + á			1
7371	TogoKan-5656_longegrope-1	TogoKan		long (e.g. rope)	gùrú	ɡùr-ú	ɡ ù r + ú			1
7372	TommoSoTongoTongo-5656_longegrope-1	TommoSoTongoTongo		long (e.g. rope)	pàlá	pàl-á	p à l + á			1
7373	ToroTegu-5656_longegrope-1	ToroTegu		long (e.g. rope)	gùrú	ɡùr-ú	ɡ ù r + ú			1
7374	YandaDom-5656_longegrope-1	YandaDom		long (e.g. rope)	zàlà	zàl-à	z à l + à			1
7375	YornoSo-5656_longegrope-1	YornoSo		long (e.g. rope)	pàlá	pàl-á	p à l + á			1
12319	BankanTey-5681_lookat-1	BankanTey		look at	tíní	tín-í	t í n + í			0
12320	BenTey-5681_lookat-1	BenTey		look at	tíní	tín-í	t í n + í			0
12321	Bunoge-5681_lookat-1	Bunoge		look at	té:jè	té.édʒ-è	t é é d ʒ + è			0
12322	DogulDomBendiely-5681_lookat-1	DogulDomBendiely		look at	wùlɛ́	wùl-ɛ́	w ù l + ɛ́			0
12323	DogulDomKundialang-5681_lookat-1	DogulDomKundialang		look at	wùlɛ́	wùl-ɛ́	w ù l + ɛ́			0
12324	DonnoSo-5681_lookat-1	DonnoSo		look at	gɛ̀ndɛ́\\gɛ́ndì	ɡɛ̀nd-ɛ́	ɡ ɛ̀ n d + ɛ́			0
12325	Gourou-5681_lookat-1	Gourou		look at	ìŋá	ìŋ-á	ì ŋ + á			0
12326	JamsayDouentza-5681_lookat-1	JamsayDouentza		look at	yàŋá (Imperative yàŋá)	yàŋ-á	j à ŋ + á			0
12328	Mombo-5681_lookat-1	Mombo		look at	mályê:	mál--yé.è	m á l + + j é è			0
12329	Najamba-5681_lookat-1	Najamba		look at	tár\\tàrè	tàr-è	t à r + è			0
12330	Nanga-5681_lookat-1	Nanga		look at	ŋìrⁿɛ́	ŋìr-.nɛ́	ŋ ì r + n ɛ́			0
12331	Penange-5681_lookat-1	Penange		look at	sé:mì ~ sê:m	sé.ém-ì	s é é m + ì			0
12332	Penange-5681_lookat-2	Penange		look at	sé:mì ~ sê:m	sé.èm-	s é è m			0
12333	PergeTegu-5681_lookat-1	PergeTegu		look at	yɛ̀lɛ́	yɛ̀l-ɛ́	j ɛ̀ l + ɛ́			0
12334	TebulUre-5681_lookat-1	TebulUre		look at	jɛ̀rí (jɛ̀rítì ~ jɛ̌rtì, jèràlí)	dʒɛ̀r-í	d ʒ ɛ̀ r + í			0
12335	Tiranige-5681_lookat-1	Tiranige		look at	já:ló	dʒá.ál-ó	d ʒ á á l + ó			0
12336	TogoKan-5681_lookat-1	TogoKan		look at	gɛ̀rî:\\gɛ̀rɛ́	ɡɛ̀r-ɛ́	ɡ ɛ̀ r + ɛ́			0
12337	TommoSoTongoTongo-5681_lookat-1	TommoSoTongoTongo		look at	yɛ̀ndɛ́	yɛ̀nd-ɛ́	j ɛ̀ n d + ɛ́			0
12338	ToroTegu-5681_lookat-1	ToroTegu		look at	ɛ̀lú\\ɛ̀lá	ɛ̀l-á	ɛ̀ l + á			0
12339	YandaDom-5681_lookat-1	YandaDom		look at	tígɛ́\\tígálì	tíɡ-ɛ́	t í ɡ + ɛ́			0
12340	YornoSo-5681_lookat-1	YornoSo		look at	yɛ̀nɛ́	yɛ̀n-ɛ́	j ɛ̀ n + ɛ́			0
12441	BankanTey-5685_lookforseek-1	BankanTey		look for, seek	zɔ̀rɔ́	zɔ̀r-ɔ́	z ɔ̀ r + ɔ́			0
12442	BenTey-5685_lookforseek-1	BenTey		look for, seek	jɔ̀rɔ́, lúgúró	dʒɔ̀r-ɔ́	d ʒ ɔ̀ r + ɔ́			0
12443	BenTey-5685_lookforseek-2	BenTey		look for, seek	jɔ̀rɔ́, lúgúró	lúɡ-ú-ró	l ú ɡ + ú + r ó			0
12444	Bunoge-5685_lookforseek-1	Bunoge		look for, seek	tégólè	téɡ-ó-lè	t é ɡ + ó + l è			0
12445	DogulDomBendiely-5685_lookforseek-1	DogulDomBendiely		look for, seek	dɛ̀nnɛ́	dɛ̀-nnɛ́	d ɛ̀ + n n ɛ́			0
12446	DogulDomKundialang-5685_lookforseek-1	DogulDomKundialang		look for, seek	dɛ̀nnɛ́	dɛ̀-nnɛ́	d ɛ̀ + n n ɛ́			0
12447	DonnoSo-5685_lookforseek-1	DonnoSo		look for, seek	dɛ̀nnɛ́\\dɛ́nnɛ̀	dɛ́-nnɛ̀	d ɛ́ + n n ɛ̀			0
12448	Gourou-5685_lookforseek-1	Gourou		look for, seek	pówó	pów-ó	p ó w + ó			0
12449	JamsayDouentza-5685_lookforseek-1	JamsayDouentza		look for, seek	lúgúró	lúɡ-ú-ró	l ú ɡ + ú + r ó			0
12450	Mombo-5685_lookforseek-1	Mombo		look for, seek	yɔ́lɛ́	yɔ́l-ɛ́	j ɔ́ l + ɛ́			0
12451	Najamba-5685_lookforseek-1	Najamba		look for, seek	dùndɛ́	dùnd-ɛ́	d ù n d + ɛ́			0
12452	Nanga-5685_lookforseek-1	Nanga		look for, seek	jɔ̀rɔ́, lúgúró, dùrⁿɔ́	dʒɔ̀r-ɔ́	d ʒ ɔ̀ r + ɔ́			0
12453	Nanga-5685_lookforseek-2	Nanga		look for, seek	jɔ̀rɔ́, lúgúró, dùrⁿɔ́	lúɡ-ú-ró	l ú ɡ + ú + r ó			0
12454	Nanga-5685_lookforseek-3	Nanga		look for, seek	jɔ̀rɔ́, lúgúró, dùrⁿɔ́	dùr-.nɔ́	d ù r + n ɔ́			0
12455	Penange-5685_lookforseek-1	Penange		look for, seek	dúndɛ́	dúnd-ɛ́	d ú n d + ɛ́			0
12456	PergeTegu-5685_lookforseek-1	PergeTegu		look for, seek	lúgúró	lúɡ-ú-ró	l ú ɡ + ú + r ó			0
12457	TebulUre-5685_lookforseek-1	TebulUre		look for, seek	zɔ̌: (zɔ̌:tì)	zɔ̀-ɔ́	z ɔ̀ + ɔ́			0
12458	Tiranige-5685_lookforseek-1	Tiranige		look for, seek	yɔ́lɔ́ (Boui), jɔ́lɔ́ (Ningo)	dʒɔ́l-ɔ́	d ʒ ɔ́ l + ɔ́			0
12459	TogoKan-5685_lookforseek-1	TogoKan		look for, seek	dɛ̀nɛ́	dɛ̀n-ɛ́	d ɛ̀ n + ɛ́			0
12460	TommoSoTongoTongo-5685_lookforseek-1	TommoSoTongoTongo		look for, seek	dɛ̀nnɛ́	dɛ̀-nnɛ́	d ɛ̀ + n n ɛ́			0
12461	ToroTegu-5685_lookforseek-1	ToroTegu		look for, seek	yⁿǒm\\yⁿòmó	dùn-ó	d ù n + ó			0
12462	YandaDom-5685_lookforseek-1	YandaDom		look for, seek	dùnó\\dùnòlí	dɛ̀n-ɛ́	d ɛ̀ n + ɛ́			0
12463	YornoSo-5685_lookforseek-1	YornoSo		look for, seek	dɛ̀nɛ́\\dɛ̀nɛ́	yí	j í			0
4175	BankanTey-5746_lunch-1	BankanTey		lunch	m̀bùrɔ̀mbúrɔ̀	mbù-r-ɔ̀-mbúr-ɔ̀	m b ù + r + ɔ̀ + m b ú r + ɔ̀			0
4176	BenTey-5746_lunch-1	BenTey		lunch	kɛ̀lɛ̀tɛ᷈y	kɛ̀lɛ̀-tɛ̌y	k ɛ̀ l ɛ̀ + t ɛ̌ j			0
4177	Bunoge-5746_lunch-1	Bunoge		lunch	bámpànàŋgè	bá-mpà-nà-ŋɡ-è	b á + m p à + n à + ŋ ɡ + è			0
4178	DogulDomBendiely-5746_lunch-1	DogulDomBendiely		lunch	ìsìgà páná	ìsìɡà_páná	ì s ì ɡ à + p á n á			0
4179	DogulDomKundialang-5746_lunch-1	DogulDomKundialang		lunch	ìsìgà:pàná	ìsìɡà.à-pàná	ì s ì ɡ à à + p à n á			0
4180	DonnoSo-5746_lunch-1	DonnoSo		lunch	à:gàpàná	à.àɡàpà-ná	à à ɡ à p à + n á			0
4181	Gourou-5746_lunch-1	Gourou		lunch	nìnúwⁿò kɛ̀ntɛ̀gú	nìnú-w.nò_kɛ̀-ntɛ̀-ɡ-ú	n ì n ú + w ∼ ò + k ɛ̀ + n t ɛ̀ + ɡ + ú			0
4182	JamsayDouentza-5746_lunch-1	JamsayDouentza		lunch	cɛ̀ntɛ̀gú	tʃɛ̀-ntɛ̀-ɡ-ú	t ʃ ɛ̀ + n t ɛ̀ + ɡ + ú			0
4183	Mombo-5746_lunch-1	Mombo		lunch	gílí	ɡílí	ɡ í l í			0
4184	Najamba-5746_lunch-1	Najamba		lunch	kèn[těŋgò]\\kèn[tègî:], kèndà[těŋgò]\\kèndà[tègî:]	kè-ndà-tě-ŋɡ-ò	k è + n d à + t ě + ŋ ɡ + ò	k è n d à + t è ɡ + í ì		0
4185	Nanga-5746_lunch-1	Nanga		lunch	kɔ̀rⁿɔ̀ŋɔ̀yⁿ pàndá	kɔ̀r.-nɔ̀ŋɔ̀_pà-nd-á	k ɔ̀ r + n ɔ̀ ŋ ɔ̀ + p à + n d + á			0
4186	Penange-5746_lunch-1	Penange		lunch	dòyà:lò	dòyà.à-lò	d ò j à à + l ò			0
4187	PergeTegu-5746_lunch-1	PergeTegu		lunch	kɛ̀lɛ̀tɛ̀gú	kɛ̀lɛ̀-tɛ̀ɡú	k ɛ̀ l ɛ̀ + t ɛ̀ ɡ ú			0
4188	TebulUre-5746_lunch-1	TebulUre		lunch	ùdùnòmdó	ùdùnò-mdó	ù d ù n ò + m d ó			0
4189	Tiranige-5746_lunch-1	Tiranige		lunch	páníŋgé (Boui), pánígé (Ningo)	pání-ɡé	p á n í + ɡ é			0
4190	TogoKan-5746_lunch-1	TogoKan		lunch	ìsìgɛ̀pàná	ìsìɡɛ̀-pàná	ì s ì ɡ ɛ̀ + p à n á			0
4191	TommoSoTongoTongo-5746_lunch-1	TommoSoTongoTongo		lunch	(kìndɛ̀) tégú, àgà pànnú	àɡà_pàn-nú	à ɡ à + p à n + n ú			0
4193	ToroTegu-5746_lunch-1	ToroTegu		lunch	kòlú	kòlú	k ò l ú			0
4194	YandaDom-5746_lunch-1	YandaDom		lunch	wà:pànù	wà.àpà-nù	w à à p à + n ù			0
4195	YornoSo-5746_lunch-1	YornoSo		lunch	nàmlè kìnègú	nàm-lè_kìnè-ɡú	n à m + l è + k ì n è + ɡ ú			0
1422	BankanTey-5747_lung-1	BankanTey		lung	pùsùpàsá	pùsù-pàsá	p ù s ù + p à s á			0
1423	BenTey-5747_lung-1	BenTey		lung	pù:sùpà:sá, cɛ̀lɛ̀pù:sùpà:sá	tʃɛ̀lɛ̀-pù.ùsù-pà.àsá	t ʃ ɛ̀ l ɛ̀ + p ù ù s ù + p à à s á			0
1424	Bunoge-5747_lung-1	Bunoge		lung	pùsùpùsú	pùsù-pùsú	p ù s ù + p ù s ú			0
1425	DogulDomBendiely-5747_lung-1	DogulDomBendiely		lung	búsbàs	bús-bàs	b ú s + b à s			0
1426	DogulDomKundialang-5747_lung-1	DogulDomKundialang		lung	búsbà:s	bús-bà.às	b ú s + b à à s			0
1427	DonnoSo-5747_lung-1	DonnoSo		lung	kìndɛ̀sógù	kì-ndɛ̀-só-ɡù	k ì + n d ɛ̀ + s ó + ɡ ù			0
1428	Gourou-5747_lung-1	Gourou		lung	pù:zùpà:zú	pù.ùzù-pà.àzú	p ù ù z ù + p à à z ú			0
1429	JamsayDouentza-5747_lung-1	JamsayDouentza		lung	pù:júpà:jú	pù.ù-dʒ-ú-pà.àdʒ-ú	p ù ù + d ʒ + ú + p à à d ʒ + ú			0
1431	Mombo-5747_lung-1	Mombo		lung	pùjùpájù	pù-dʒù-pádʒù	p ù + d ʒ ù + p á d ʒ ù			0
1432	Najamba-5747_lung-1	Najamba		lung	búbùjû:\\búbùjì:	búbù-dʒ-ú.ù	b ú b ù + d ʒ + ú ù	b ú b ù d ʒ ì ì		0
1433	Nanga-5747_lung-1	Nanga		lung	kɛ̀ndɛ̀[pú:sùpâ:s]	kɛ̀-ndɛ̀-pú.ú-sù-pá.à-s	k ɛ̀ + n d ɛ̀ + p ú ú + s ù + p á à + s			0
1434	Penange-5747_lung-1	Penange		lung	pùgùjáⁿpùgùjáⁿ	pùɡù-dʒ-áⁿ-pù-ɡù-dʒ-á-ⁿ	p ù ɡ ù + d ʒ + á ∼ + p ù + ɡ ù + d ʒ + á			0
1435	PergeTegu-5747_lung-1	PergeTegu		lung	pù:sùpà:sá	pù.ùsù-pà.àsá	p ù ù s ù + p à à s á			0
1436	TebulUre-5747_lung-1	TebulUre		lung	pùdùpá:dù	pùdù-pá.ádù	p ù d ù + p á á d ù			0
1437	Tiranige-5747_lung-1	Tiranige		lung	àlpús (Boui), àlpú:sì (Ningo), ùlùpú:jù (Boui),	àlpú.ú-sì	à l p ú ú + s ì			0
1438	TogoKan-5747_lung-1	TogoKan		lung	pú:jùpá:jù	pú.ú-dʒù-pá.ádʒù	p ú ú + d ʒ ù + p á á d ʒ ù			0
1439	TommoSoTongoTongo-5747_lung-1	TommoSoTongoTongo		lung	kìndɛ̀ bùúdúbààdù	kì-ndɛ̀_-bùúdú-bààdù	k ì + n d ɛ̀ + b ù ú d ú + b à à d ù			0
1442	ToroTegu-5747_lung-1	ToroTegu		lung	kùpà:ⁿsú	kùpà.àⁿ-sú	k ù p à à ∼ + s ú			0
1443	YandaDom-5747_lung-1	YandaDom		lung	pú:zùpá:zù	pú.úzù-pá.ázù	p ú ú z ù + p á á z ù			0
1444	YornoSo-5747_lung-1	YornoSo		lung	bǔ:jùbà:jù	bù.ú-dʒù-bà.àdʒù	b ù ú + d ʒ ù + b à à d ʒ ù			0
619	BankanTey-5884_manmaleperson-1	BankanTey		man, male person	árⁿàm\\árⁿà	ár.nà-m	á r ∼ à + m	á r ∼ à		0
620	BenTey-5884_manmaleperson-1	BenTey		man, male person	árⁿàm\\árⁿà	ár.nà-m	á r ∼ à + m	á r ∼ à		0
621	Bunoge-5884_manmaleperson-1	Bunoge		man, male person	nólò	nólò	n ó l ò			0
622	DogulDomBendiely-5884_manmaleperson-1	DogulDomBendiely		man, male person	ánà, nòò ánà	ánà	á n à			0
623	DogulDomBendiely-5884_manmaleperson-2	DogulDomBendiely		man, male person	ánà, nòò ánà	nòò_ánà	n ò ò + á n à			0
624	DogulDomKundialang-5884_manmaleperson-1	DogulDomKundialang		man, male person	ánà (pl ánàwè)	ánà	á n à	á n à + w è		0
625	DonnoSo-5884_manmaleperson-1	DonnoSo		man, male person	ánná\\ànǎŋ	ánná	á n n á	à n ǎ + ŋ		0
626	Gourou-5884_manmaleperson-1	Gourou		man, male person	ǎn\\ànúm	ǎn	ǎ n	à n + ú m		0
627	JamsayDouentza-5884_manmaleperson-1	JamsayDouentza		man, male person	ǎn\\àrⁿúm	ǎn	ǎ n	à r ∼ + ú m		0
629	Mombo-5884_manmaleperson-1	Mombo		man, male person	wálá	wálá	w á l á			0
630	Najamba-5884_manmaleperson-1	Najamba		man, male person	ánè\\ánà:, ánì\\ánà:	ánì	á n ì	á n à à		0
631	Nanga-5884_manmaleperson-1	Nanga		man, male person	árⁿâ	ár-nâ	á r + n â			0
632	Penange-5884_manmaleperson-1	Penange		man, male person	wálá	wálá	w á l á			0
633	PergeTegu-5884_manmaleperson-1	PergeTegu		man, male person	ànú\\ànúm	ànú	à n ú	à n ú + m		0
634	TebulUre-5884_manmaleperson-1	TebulUre		man, male person	árⁿá\\árⁿámbɔ̀	ár-ná	á r + n á	á r ∼ á + m b ɔ̀		0
635	Tiranige-5884_manmaleperson-1	Tiranige		man, male person	ndàbáná\\bánágé ('man'), bànà\\bànàgè ('man'), báná ('male', as adj)	báná	b á n á			0
636	TogoKan-5884_manmaleperson-1	TogoKan		man, male person	àrⁿá	àr	à r			0
637	TommoSoTongoTongo-5884_manmaleperson-1	TommoSoTongoTongo		man, male person	ànná	ànná	à n n á			0
639	ToroTegu-5884_manmaleperson-1	ToroTegu		man, male person	ànú\\àrǎm	ànú	à n ú	à r ǎ + m		0
640	YandaDom-5884_manmaleperson-1	YandaDom		man, male person	án\\ánmù	án	á n	á n + m ù		0
641	YornoSo-5884_manmaleperson-1	YornoSo		man, male person	áynɛ́\\árⁿúm	áynɛ́	á j n ɛ́	á r ∼ ú + m		0
11297	BankanTey-5898_manynumerous-1	BankanTey		many, numerous	báyⁿ	bá	b á			1
11298	BenTey-5898_manynumerous-1	BenTey		many, numerous	ba᷈yⁿ→, jó→	dʒó	d ʒ ó			1
11299	Bunoge-5898_manynumerous-1	Bunoge		many, numerous	tɛ̀:bú→ (pred tɛ̀:bú bò)	tɛ̀.ɛ̀bú	t ɛ̀ ɛ̀ b ú			1
11300	DogulDomKundialang-5898_manynumerous-1	DogulDomKundialang		many, numerous	káybòn, kúrɔ̀:	káybòn	k á j b ò n			1
11301	DogulDomKundialang-5898_manynumerous-2	DogulDomKundialang		many, numerous	káybòn, kúrɔ̀:	kúrɔ̀.ɔ̀	k ú r ɔ̀ ɔ̀			1
11302	DonnoSo-5898_manynumerous-1	DonnoSo		many, numerous	gǎ:w, sámì	sámì	s á m ì			1
11303	DonnoSo-5898_manynumerous-2	DonnoSo		many, numerous	gǎ:w, sámì	sámì	s á m ì			1
11304	Gourou-5898_manynumerous-1	Gourou		many, numerous	zó:	zó-ó	z ó + ó			1
11305	JamsayDouentza-5898_manynumerous-1	JamsayDouentza		many, numerous	jó:	dʒó-ó	d ʒ ó + ó			1
11306	Mombo-5898_manynumerous-1	Mombo		many, numerous	jwá:, bâyⁿ	bâ	b â			1
11307	Najamba-5898_manynumerous-1	Najamba		many, numerous	ségín	séɡín	s é ɡ í n			1
11308	Nanga-5898_manynumerous-1	Nanga		many, numerous	jó:, ɔ̀wɔ́	ɔ̀wɔ́	ɔ̀ w ɔ́			1
11309	Nanga-5898_manynumerous-2	Nanga		many, numerous	jó:, ɔ̀wɔ́	ɔ̀wɔ́	ɔ̀ w ɔ́			1
11310	Penange-5898_manynumerous-1	Penange		many, numerous	jwá→	dʒwá	d ʒ w á			1
11311	PergeTegu-5898_manynumerous-1	PergeTegu		many, numerous	jó:	dʒó-ó	d ʒ ó + ó			1
11312	TebulUre-5898_manynumerous-1	TebulUre		many, numerous	mɛ̌m→, gǎy→	ɡǎy	ɡ ǎ j			1
11313	Tiranige-5898_manynumerous-1	Tiranige		many, numerous	kùnú→	kùnú	k ù n ú			1
11314	TogoKan-5898_manynumerous-1	TogoKan		many, numerous	jó→	dʒó	d ʒ ó			1
11315	TommoSoTongoTongo-5898_manynumerous-1	TommoSoTongoTongo		many, numerous	jóóni wɔ̀, kálé sɛ̀lɛ́	kálé_sɛ̀lɛ́	k á l é + s ɛ̀ l ɛ́			1
11316	TommoSoTongoTongo-5898_manynumerous-2	TommoSoTongoTongo		many, numerous	jóóni wɔ̀, kálé sɛ̀lɛ́	kálé_sɛ̀lɛ́	k á l é + s ɛ̀ l ɛ́			1
11317	ToroTegu-5898_manynumerous-1	ToroTegu		many, numerous	mútú	mútú	m ú t ú			1
11318	YandaDom-5898_manynumerous-1	YandaDom		many, numerous	ségú, sègíⁿ→	sèɡíⁿ	s è ɡ í ∼			1
11319	YornoSo-5898_manynumerous-1	YornoSo		many, numerous	jó→, jìjǒ: gɔ̀	dʒìdʒò.ó_ɡɔ̀	d ʒ ì d ʒ ò ó + ɡ ɔ̀			1
6181	BankanTey-5920_mat-1	BankanTey		mat	kàrá	kàrá	k à r á			0
6182	BenTey-5920_mat-1	BenTey		mat	kàrá	kàrá	k à r á			0
6183	Bunoge-5920_mat-1	Bunoge		mat	bí:ŋgè	bí.í-ŋɡ-è	b í í + ŋ ɡ + è			0
6184	DogulDomBendiely-5920_mat-1	DogulDomBendiely		mat	nìí	nìí	n ì í			0
6185	DogulDomKundialang-5920_mat-1	DogulDomKundialang		mat	nǐ:ŋ (pl nǐ: yà:)	nì.í_yà.à	n ì í + j à à	n ì í + j à à		0
6186	DonnoSo-5920_mat-1	DonnoSo		mat	yɛ̀ŋɛ́	yɛ̀ŋɛ́	j ɛ̀ ŋ ɛ́			0
6187	Gourou-5920_mat-1	Gourou		mat	gùgó	ɡùɡó	ɡ ù ɡ ó			0
6188	JamsayDouentza-5920_mat-1	JamsayDouentza		mat	kàrá	kàrá	k à r á			0
6190	Mombo-5920_mat-1	Mombo		mat	kágà	káɡà	k á ɡ à			0
6191	Najamba-5920_mat-1	Najamba		mat	ká:bú\\ká:bí	ká.ábú	k á á b ú	k á á b í		0
6192	Nanga-5920_mat-1	Nanga		mat	kágá	káɡá	k á ɡ á			0
6193	Penange-5920_mat-1	Penange		mat	bí:ŋgò	bí.í-ŋɡ-ò	b í í + ŋ ɡ + ò			0
6194	PergeTegu-5920_mat-1	PergeTegu		mat	sùgɔ́	sùɡɔ́	s ù ɡ ɔ́			0
6195	TebulUre-5920_mat-1	TebulUre		mat	nìŋgé	nì-ŋɡ-é	n ì + ŋ ɡ + é			0
6196	Tiranige-5920_mat-1	Tiranige		mat	bí:ŋgó (Ningo), bì: (Boui)	bì-ì	b ì + ì			0
6197	TogoKan-5920_mat-1	TogoKan		mat	sùgɔ́	sùɡɔ́	s ù ɡ ɔ́			0
6198	TommoSoTongoTongo-5920_mat-1	TommoSoTongoTongo		mat	ǹjó	ǹ-dʒ-ó	n + d ʒ + ó			0
6199	ToroTegu-5920_mat-1	ToroTegu		mat	kàrá	kàrá	k à r á			0
6200	YandaDom-5920_mat-1	YandaDom		mat	nìŋ	nìŋ	n ì ŋ			0
6201	YornoSo-5920_mat-1	YornoSo		mat	sùgɔ́	sùɡɔ́	s ù ɡ ɔ́			0
4262	BankanTey-5957_meat-1	BankanTey		meat	nàmâ:	nàmá.à	n à m á à			0
4263	BenTey-5957_meat-1	BenTey		meat	nàwⁿâ:	nàw.-ná.à	n à w + n á à			0
4264	Bunoge-5957_meat-1	Bunoge		meat	námà	ná-mà	n á + m à			0
4265	DogulDomBendiely-5957_meat-1	DogulDomBendiely		meat	nàmáá	nà-máá	n à + m á á ∼			0
4266	DogulDomKundialang-5957_meat-1	DogulDomKundialang		meat	nàmá:	nàmá.á	n à m á á			0
4267	DonnoSo-5957_meat-1	DonnoSo		meat	nàmá	nà-má	n à + m á			0
4268	Gourou-5957_meat-1	Gourou		meat	nɔ̀wⁿɔ́	nɔ̀w.-nɔ́	n ɔ̀ w + n ɔ́			0
4269	JamsayDouentza-5957_meat-1	JamsayDouentza		meat	nɔ̀wⁿɔ́	nɔ̀w.-nɔ́	n ɔ̀ w + n ɔ́			0
4271	Mombo-5957_meat-1	Mombo		meat	námà	ná-mà	n á + m à			0
4272	Najamba-5957_meat-1	Najamba		meat	nàmâ:\\nàmɛ̂:	nàmá.à	n à m á à	n à m ɛ́ ɛ̀		0
4273	Nanga-5957_meat-1	Nanga		meat	nàmâ	nà-mâ	n à + m â			0
4274	Penange-5957_meat-1	Penange		meat	nàmà	nà-mà	n à + m à			0
4275	PergeTegu-5957_meat-1	PergeTegu		meat	nàwⁿá	nàw.-ná	n à w + n á			0
4276	TebulUre-5957_meat-1	TebulUre		meat	nàmá	nà-má	n à + m á			0
4277	Tiranige-5957_meat-1	Tiranige		meat	námá	ná-má	n á + m á			0
4278	TogoKan-5957_meat-1	TogoKan		meat	nɔ̀wⁿɔ́	nɔ̀w.-nɔ́	n ɔ̀ w + n ɔ́			0
4279	TommoSoTongoTongo-5957_meat-1	TommoSoTongoTongo		meat	nàmá	nà-má	n à + m á			0
4281	ToroTegu-5957_meat-1	ToroTegu		meat	nàwⁿá	nàw.-ná	n à w + n á			0
4282	YandaDom-5957_meat-1	YandaDom		meat	nàmà	nà-mà	n à + m à			0
4283	YornoSo-5957_meat-1	YornoSo		meat	nàwⁿá	nàw.-ná	n à w + n á			0
3861	BankanTey-6042_milk-1	BankanTey		milk	ɛ́mmɛ̀yⁿ	ɛ́m-mɛ̀	ɛ́ m + m ɛ̀			0
3862	BenTey-6042_milk-1	BenTey		milk	ɛ́wⁿɛ̀yⁿ	ɛ́w.nɛ̀	ɛ́ w ∼ ɛ̀			0
3863	Bunoge-6042_milk-1	Bunoge		milk	ʔɛ̀mɛ̀ŋgè	ʔɛ̀mɛ̀-ŋɡ-è	ʔ ɛ̀ m ɛ̀ + ŋ ɡ + è			0
3864	DogulDomBendiely-6042_milk-1	DogulDomBendiely		milk	éèm, íìm	éè-m	é è + m			0
3865	DogulDomBendiely-6042_milk-2	DogulDomBendiely		milk	éèm, íìm	íì-m	í ì + m			0
3866	DogulDomKundialang-6042_milk-1	DogulDomKundialang		milk	êm	ê-m	ê + m			0
3867	DonnoSo-6042_milk-1	DonnoSo		milk	írù	írù	í r ù			0
3868	Gourou-6042_milk-1	Gourou		milk	ɛ̂m	ɛ̂-m	ɛ̂ + m			0
3869	JamsayDouentza-6042_milk-1	JamsayDouentza		milk	ɛ̂m	ɛ̂-m	ɛ̂ + m			0
3871	Mombo-6042_milk-1	Mombo		milk	ɛ́mɛ́	ɛ́-mɛ́	ɛ́ + m ɛ́			0
3872	Najamba-6042_milk-1	Najamba		milk	ɛ́mɛ̀:\\ɛ́mɛ̀:	ɛ́mɛ̀-ɛ̀	ɛ́ m ɛ̀ + ɛ̀	ɛ́ m ɛ̀ ɛ̀		0
3873	Nanga-6042_milk-1	Nanga		milk	ɛ́mɛ̂	ɛ́-mɛ̂	ɛ́ + m ɛ̂			0
3874	Penange-6042_milk-1	Penange		milk	ɛ́mɛ́:ŋgé (ɲ)	ɛ́mɛ́.ɛ́-ŋɡ-é	ɛ́ m ɛ́ ɛ́ + ŋ ɡ + é	ɲ + ɛ́ m ɛ́ ɛ́ + ŋ ɡ é		0
3875	PergeTegu-6042_milk-1	PergeTegu		milk	ɛ̂m	ɛ̂-m	ɛ̂ + m			0
3876	TebulUre-6042_milk-1	TebulUre		milk	ɛ́mnɛ́	ɛ́mnɛ́	ɛ́ m n ɛ́			0
3877	Tiranige-6042_milk-1	Tiranige		milk	ɛ̀mɛ̀ŋgè	ɛ̀mɛ̀-ŋɡ-è	ɛ̀ m ɛ̀ + ŋ ɡ + è			0
3878	TogoKan-6042_milk-1	TogoKan		milk	írí	írí	í r í			0
3879	TommoSoTongoTongo-6042_milk-1	TommoSoTongoTongo		milk	ém	é-m	é + m			0
3881	ToroTegu-6042_milk-1	ToroTegu		milk	ɛ̂m	ɛ̂-m	ɛ̂ + m			0
3882	YandaDom-6042_milk-1	YandaDom		milk	ɛ́mɛ́	ɛ́-mɛ́	ɛ́ + m ɛ́			0
3883	YornoSo-6042_milk-1	YornoSo		milk	ɛ̂m	ɛ̂-m	ɛ̂ + m			0
6574	BankanTey-6090_mistfog-1	BankanTey		mist, fog	kùkùndú	kùkù-nd-ú	k ù k ù + n d + ú			1
6575	BenTey-6090_mistfog-1	BenTey		mist, fog	ɲáŋá	ɲáŋá	ɲ á ŋ á			1
6576	Bunoge-6090_mistfog-1	Bunoge		mist, fog	kùnàkùnà	kùnà-kùnà	k ù n à + k ù n à			1
6577	DogulDomKundialang-6090_mistfog-1	DogulDomKundialang		mist, fog	bà:púrè:g	bà.àpú-rè.èɡ	b à à p ú + r è è ɡ			1
6578	DonnoSo-6090_mistfog-1	DonnoSo		mist, fog	símnè	sím-nè	s í m + n è			1
6579	JamsayDouentza-6090_mistfog-1	JamsayDouentza		mist, fog	jìrⁿebɔ̀nɔ́	dʒì-r.-n-e-bɔ̀-n-ɔ́	d ʒ ì + r + n + e + b ɔ̀ + n + ɔ́			1
6580	Mombo-6090_mistfog-1	Mombo		mist, fog	ùgùlù kúmbé	ùɡùlù_kú-mb-é	ù ɡ ù l ù + k ú + m b + é			1
6581	Najamba-6090_mistfog-1	Najamba		mist, fog	tà:kùmbó:\\tà:kùmbé:	tà.àkù-mb-ó.ó	t à à k ù + m b + ó ó	t à à + k ù m b é é		1
6582	Nanga-6090_mistfog-1	Nanga		mist, fog	tà:kùmbó	tà.àkù-mb-ó	t à à k ù + m b + ó			1
6583	PergeTegu-6090_mistfog-1	PergeTegu		mist, fog	bùgùrùkùmbó, yàrúɲàɲâ:	yàrú-ɲàɲá.à	j à r ú + ɲ à ɲ á à			1
6584	TebulUre-6090_mistfog-1	TebulUre		mist, fog	tà:kùmbó ("hyenasmoke")	tà.àkù-mb-ó	t à à k ù + m b + ó			1
6585	Tiranige-6090_mistfog-1	Tiranige		mist, fog	sùdí	sùdí	s ù d í			1
6586	TogoKan-6090_mistfog-1	TogoKan		mist, fog	ɲàpúrúgú	ɲàpú-rúɡú	ɲ à p ú + r ú ɡ ú			1
6587	TommoSoTongoTongo-6090_mistfog-1	TommoSoTongoTongo		mist, fog	bàà úggúnnɔ́	bàà_úɡɡú-nnɔ́	b à à + ú ɡ ɡ ú + n n ɔ́			1
6588	ToroTegu-6090_mistfog-1	ToroTegu		mist, fog	àrúmòmó	àrúmò-mó	à r ú m ò + m ó			1
6589	YandaDom-6090_mistfog-1	YandaDom		mist, fog	bàúrⁿá	bàúr.-ná	b à ú r + n á			1
6308	BankanTey-6146_moon-1	BankanTey		moon	wǎ:	wà-á	w à + á			1
6309	BenTey-6146_moon-1	BenTey		moon	ùwɔ́	ùwɔ́	ù w ɔ́			1
6310	Bunoge-6146_moon-1	Bunoge		moon	yá:sìmà	yá.ásì-mà	j á á s ì + m à			1
6311	DogulDomBendiely-6146_moon-1	DogulDomBendiely		moon	wɔ́ɔ́gù	wɔ́.ɔ́ɡù	w ɔ́ ɔ́ ɡ ù			1
6312	DogulDomKundialang-6146_moon-1	DogulDomKundialang		moon	wɔ̌:g	wɔ̀.ɔ́ɡ	w ɔ̀ ɔ́ ɡ			1
6313	DonnoSo-6146_moon-1	DonnoSo		moon	ùgɔ́	ùɡɔ́	ù ɡ ɔ́			1
6314	Gourou-6146_moon-1	Gourou		moon	ɛ̌:	ɛ̀.ɛ́	ɛ̀ ɛ́			1
6315	JamsayDouentza-6146_moon-1	JamsayDouentza		moon	ɛ̌:	ɛ̀.ɛ́	ɛ̀ ɛ́			1
6317	Mombo-6146_moon-1	Mombo		moon	wɛ̂:	wɛ́-ɛ̀	w ɛ́ + ɛ̀			1
6318	Najamba-6146_moon-1	Najamba		moon	sà:gé\\sà:gúmbó	sà.àɡé	s à à ɡ é	s à à ɡ ú m b ó		1
6319	Nanga-6146_moon-1	Nanga		moon	wǎ:	wà-á	w à + á			1
6320	Penange-6146_moon-1	Penange		moon	wɛ̀:	wɛ̀-ɛ̀	w ɛ̀ + ɛ̀			1
6321	PergeTegu-6146_moon-1	PergeTegu		moon	ɛ̌:	ɛ̀.ɛ́	ɛ̀ ɛ́			1
6322	TebulUre-6146_moon-1	TebulUre		moon	swǎ:	swà-á	s w à + á			1
6323	Tiranige-6146_moon-1	Tiranige		moon	éŋání	éŋání	é ŋ á n í			1
6324	TogoKan-6146_moon-1	TogoKan		moon	ɔ̌:	ɔ̀.ɔ́	ɔ̀ ɔ́			1
6325	TommoSoTongoTongo-6146_moon-1	TommoSoTongoTongo		moon	ììyɛ́	ììyɛ́	ì ì j ɛ́			1
6326	ToroTegu-6146_moon-1	ToroTegu		moon	ìwá	ìwá	ì w á			1
6327	YandaDom-6146_moon-1	YandaDom		moon	swà:	swà-à	s w à + à			1
6328	YornoSo-6146_moon-1	YornoSo		moon	yè: píl, yě:	yè-é	j è + é			1
8252	BankanTey-6160_mother-1	BankanTey		mother	nàrⁿá, nàrⁿǎm	nàr.-nǎ-m	n à r + n ǎ + m			1
8253	BenTey-6160_mother-1	BenTey		mother	nàrⁿá	nàr.-ná	n à r + n á			1
8254	Bunoge-6160_mother-1	Bunoge		mother	nìnì	nìnì	n ì n ì			1
8255	DogulDomBendiely-6160_mother-1	DogulDomBendiely		mother	dààrá	dààrá	d à à r á			1
8256	DogulDomKundialang-6160_mother-1	DogulDomKundialang		mother	dà:rá:	dà.àrá.á	d à à r á á			1
8257	DonnoSo-6160_mother-1	DonnoSo		mother	nǎ:	nà-á	n à + á			1
8258	Gourou-6160_mother-1	Gourou		mother	nǎ:	nà-á	n à + á			1
8259	JamsayDouentza-6160_mother-1	JamsayDouentza		mother	nǎ:	nà-á	n à + á			1
8261	Mombo-6160_mother-1	Mombo		mother	ní:	ní-í	n í + í			1
8262	Najamba-6160_mother-1	Najamba		mother	nǐ:\\nì:mbó	nì-í	n ì + í	n ì ì + m b ó		1
8263	Nanga-6160_mother-1	Nanga		mother	dě:	dè-é	d è + é			1
8264	Penange-6160_mother-1	Penange		mother	ní:	ní-í	n í + í			1
8265	PergeTegu-6160_mother-1	PergeTegu		mother	nǎ:	nà-á	n à + á			1
8266	TebulUre-6160_mother-1	TebulUre		mother	nàrⁿá	nàr.-ná	n à r + n á			1
8267	Tiranige-6160_mother-1	Tiranige		mother	nɛ̀nɛ̀, nɛ̀:, nì: (Ningo)	nɛ̀nɛ̀	n ɛ̀ n ɛ̀			1
8268	Tiranige-6160_mother-2	Tiranige		mother	nɛ̀nɛ̀, nɛ̀:, nì: (Ningo)	nì-ì	n ì + ì			1
8269	TogoKan-6160_mother-1	TogoKan		mother	ìnǎ:	ìnà-á	ì n à + á			1
8270	TommoSoTongoTongo-6160_mother-1	TommoSoTongoTongo		mother	nnáá	nnáá	n n á á ∼			1
8271	ToroTegu-6160_mother-1	ToroTegu		mother	ná	ná	n á			1
8272	YandaDom-6160_mother-1	YandaDom		mother	nì:	nì-ì	n ì + ì			1
8273	YornoSo-6160_mother-1	YornoSo		mother	ná:	ná-á	n á + á			1
8281	BankanTey-6163_mothersbrother-1	BankanTey		mother's brother	ǹdòsǐm\\ǹdòsí	ǹdòsǐ-m	n d ò s ǐ + m	n d ò s í		0
8282	BenTey-6163_mothersbrother-1	BenTey		mother's brother	lèsú ~ lòsú	lèsú	l è s ú			0
8283	BenTey-6163_mothersbrother-2	BenTey		mother's brother	lèsú ~ lòsú	lòsú	l ò s ú			0
8284	Bunoge-6163_mothersbrother-1	Bunoge		mother's brother	bɔ̀bɔ̀	bɔ̀bɔ̀	b ɔ̀ b ɔ̀			0
8285	DogulDomBendiely-6163_mothersbrother-1	DogulDomBendiely		mother's brother	lɛ́sù, nɛ́sù	lɛ́sù	l ɛ́ s ù			0
8286	DogulDomBendiely-6163_mothersbrother-2	DogulDomBendiely		mother's brother	lɛ́sù, nɛ́sù	nɛ́sù	n ɛ́ s ù			0
8287	DogulDomKundialang-6163_mothersbrother-1	DogulDomKundialang		mother's brother	nês	nês	n ê s			0
8288	DonnoSo-6163_mothersbrother-1	DonnoSo		mother's brother	lédù	lédù	l é d ù			0
8289	Gourou-6163_mothersbrother-1	Gourou		mother's brother	lèsé	lèsé	l è s é			0
8290	JamsayDouentza-6163_mothersbrother-1	JamsayDouentza		mother's brother	lèjé	lè-dʒ-é	l è + d ʒ + é			0
8292	Mombo-6163_mothersbrother-1	Mombo		mother's brother	nɛ́jí	nɛ́-dʒ-í	n ɛ́ + d ʒ + í			0
8293	Najamba-6163_mothersbrother-1	Najamba		mother's brother	nèjǐ:\\nèjùmbó	nè-dʒ-ì.í	n è + d ʒ + ì í	n è d ʒ ù + m b ó		0
8294	Nanga-6163_mothersbrother-1	Nanga		mother's brother	lèsí	lèsí	l è s í			0
8295	Penange-6163_mothersbrother-1	Penange		mother's brother	nèjì	nè-dʒ-ì	n è + d ʒ + ì			0
8296	PergeTegu-6163_mothersbrother-1	PergeTegu		mother's brother	lèsú	lèsú	l è s ú			0
8297	TebulUre-6163_mothersbrother-1	TebulUre		mother's brother	lèdú	lèdú	l è d ú			0
8298	Tiranige-6163_mothersbrother-1	Tiranige		mother's brother	nèjì	nè-dʒ-ì	n è + d ʒ + ì			0
8299	TogoKan-6163_mothersbrother-1	TogoKan		mother's brother	níɲí	níɲí	n í ɲ í			0
8300	TommoSoTongoTongo-6163_mothersbrother-1	TommoSoTongoTongo		mother's brother	nínjú	nín-jú	n í n + d ʒ ú			0
8301	ToroTegu-6163_mothersbrother-1	ToroTegu		mother's brother	lìsí\\mǎ:	lìsí	l ì s í	l ì s í + m à á		0
8302	YandaDom-6163_mothersbrother-1	YandaDom		mother's brother	lèzù	lèzù	l è z ù			0
8303	YornoSo-6163_mothersbrother-1	YornoSo		mother's brother	níɲù\\níɲù bè	níɲù	n í ɲ ù	n í ɲ ù + b è		0
2120	BankanTey-6180_mouth-1	BankanTey		mouth	mbǔ:	mb-ù-ú	m b + ù + ú			1
2121	BenTey-6180_mouth-1	BenTey		mouth	mǒ: ~ m̀bǒ:	mb-ò-ó	m b + ò + ó			1
2122	Bunoge-6180_mouth-1	Bunoge		mouth	tònì	tònì	t ò n ì			1
2123	DogulDomBendiely-6180_mouth-1	DogulDomBendiely		mouth	kɛ́nnù	kɛ́n-nù	k ɛ́ n + n ù			1
2124	DogulDomKundialang-6180_mouth-1	DogulDomKundialang		mouth	kɛ̀nnúŋ́ (kɛ̀nnù yà:)	kɛ̀n-núŋ	k ɛ̀ n + n ú ŋ	k ɛ̀ n n ù + j à à		1
2125	DonnoSo-6180_mouth-1	DonnoSo		mouth	kɛ̀nnɛ́	kɛ̀n-nɛ́	k ɛ̀ n + n ɛ́			1
2126	Gourou-6180_mouth-1	Gourou		mouth	ká:	ká-á	k á + á			1
2127	JamsayDouentza-6180_mouth-1	JamsayDouentza		mouth	ká:	ká-á	k á + á			1
2128	Mombo-6180_mouth-1	Mombo		mouth	dónì	dónì	d ó n ì			1
2129	Najamba-6180_mouth-1	Najamba		mouth	ìbíŋgé\\ìbí	ìbí-ŋɡ-é	ì b í + ŋ ɡ + é	ì b í		1
2130	Nanga-6180_mouth-1	Nanga		mouth	nɔ̌:	nɔ̀-ɔ́	n ɔ̀ + ɔ́			1
2131	Penange-6180_mouth-1	Penange		mouth	dòn	dòn	d ò n			1
2132	PergeTegu-6180_mouth-1	PergeTegu		mouth	ká:	ká-á	k á + á			1
2133	TebulUre-6180_mouth-1	TebulUre		mouth	m̀bùgɔ́	mbù-ɡ-ɔ́	m b ù + ɡ + ɔ́			1
2134	Tiranige-6180_mouth-1	Tiranige		mouth	ɔ̀mɔ̀	ɔ̀-mɔ̀	ɔ̀ + m ɔ̀			1
2135	TogoKan-6180_mouth-1	TogoKan		mouth	káⁿ	ká-ⁿ	k á			1
2136	TommoSoTongoTongo-6180_mouth-1	TommoSoTongoTongo		mouth	kɛ̀nnɛ́, áŋá	kɛ̀n-nɛ́	k ɛ̀ n + n ɛ́			1
2137	TommoSoTongoTongo-6180_mouth-2	TommoSoTongoTongo		mouth	kɛ̀nnɛ́, áŋá	áŋá	á ŋ á			1
2140	ToroTegu-6180_mouth-1	ToroTegu		mouth	ká	ká	k á			1
2141	YandaDom-6180_mouth-1	YandaDom		mouth	cɛ́nɛ́, m̀bò (chiefly in compounds)	mb-ò	m b + ò			1
2142	YornoSo-6180_mouth-1	YornoSo		mouth	kɛ̀nɛ́, áŋá	kɛ̀nɛ́	k ɛ̀ n ɛ́			1
2143	YornoSo-6180_mouth-2	YornoSo		mouth	kɛ̀nɛ́, áŋá	áŋá	á ŋ á			1
15546	BankanTey-6262_narrowpassagewayroad-1	BankanTey		narrow (passageway, road)	pɛ̀ŋgú	pɛ̀ŋɡ-ú	p ɛ̀ ŋ ɡ + ú			1
15547	BenTey-6262_narrowpassagewayroad-1	BenTey		narrow (passageway, road)	pɛ̀ngûw	pɛ̀nɡûw	p ɛ̀ n ɡ û w			1
15548	Bunoge-6262_narrowpassagewayroad-1	Bunoge		narrow (passageway, road)	pɛ̀ŋgɛ̀ (predicate pɛ́ŋgɛ̀: bò)	pɛ̀ŋɡ-ɛ̀	p ɛ̀ ŋ ɡ + ɛ̀			1
15549	DonnoSo-6262_narrowpassagewayroad-1	DonnoSo		narrow (passageway, road)	èmmú	èmm-ú	è m m + ú			1
15550	JamsayDouentza-6262_narrowpassagewayroad-1	JamsayDouentza		narrow (passageway, road)	ɛ̌m	ɛ̌m	ɛ̌ m			1
15552	Mombo-6262_narrowpassagewayroad-1	Mombo		narrow (passageway, road)	pémbù	pémb-ù	p é m b + ù			1
15553	Najamba-6262_narrowpassagewayroad-1	Najamba		narrow (passageway, road)	pɛ̀mbíyè	pɛ̀mbíy-è	p ɛ̀ m b í j + è			1
15554	Nanga-6262_narrowpassagewayroad-1	Nanga		narrow (passageway, road)	ɛ̀mbí, péŋî	ɛ̀mb-í	ɛ̀ m b + í			1
15555	Nanga-6262_narrowpassagewayroad-2	Nanga		narrow (passageway, road)	ɛ̀mbí, péŋî	péŋ-î	p é ŋ + î			1
15556	Penange-6262_narrowpassagewayroad-1	Penange		narrow (passageway, road)	pɛ̀ŋgɛ̀	pɛ̀ŋɡ-ɛ̀	p ɛ̀ ŋ ɡ + ɛ̀			1
15557	PergeTegu-6262_narrowpassagewayroad-1	PergeTegu		narrow (passageway, road)	ɛ̀mbú	ɛ̀mb-ú	ɛ̀ m b + ú			1
15558	TebulUre-6262_narrowpassagewayroad-1	TebulUre		narrow (passageway, road)	ɛ̀mbɛ̌://ɛ̀mbùgɔ́	ɛ̀mb-ɛ̀.ɛ́	ɛ̀ m b + ɛ̀ ɛ́	ɛ̀ m b ù + ɡ ɔ́		1
15559	Tiranige-6262_narrowpassagewayroad-1	Tiranige		narrow (passageway, road)	wéníwè ("small")	wéníw-è	w é n í w + è			1
15560	TogoKan-6262_narrowpassagewayroad-1	TogoKan		narrow (passageway, road)	dègé	dèɡ-é	d è ɡ + é			1
15561	TommoSoTongoTongo-6262_narrowpassagewayroad-1	TommoSoTongoTongo		narrow (passageway, road)	ɛ̀mmú	ɛ̀mm-ú	ɛ̀ m m + ú			1
15562	ToroTegu-6262_narrowpassagewayroad-1	ToroTegu		narrow (passageway, road)	cɛ̌m	tʃɛ̌m	t ʃ ɛ̌ m			1
15563	YandaDom-6262_narrowpassagewayroad-1	YandaDom		narrow (passageway, road)	ɛ̀mù	ɛ̀m-ù	ɛ̀ m + ù			1
15564	YornoSo-6262_narrowpassagewayroad-1	YornoSo		narrow (passageway, road)	ɛ̀mìýⁿ, ɛ̀mú	ɛ̀m-ú	ɛ̀ m + ú			1
15565	YornoSo-6262_narrowpassagewayroad-2	YornoSo		narrow (passageway, road)	ɛ̀mìýⁿ, ɛ̀mú	ɛ̀m-ú	ɛ̀ m + ú			1
1100	BankanTey-6283_navel-1	BankanTey		navel	kón	kón	k ó n			0
1101	BenTey-6283_navel-1	BenTey		navel	bɔ̀ŋgɔ́	bɔ̀-ŋɡ-ɔ́	b ɔ̀ + ŋ ɡ + ɔ́			0
1102	Bunoge-6283_navel-1	Bunoge		navel	bɔ́ŋgɛ́lɛ̀	bɔ́-ŋɡɛ́-l-ɛ̀	b ɔ́ + ŋ ɡ ɛ́ + l + ɛ̀			0
1103	DogulDomBendiely-6283_navel-1	DogulDomBendiely		navel	bɔ́ŋgɔ̀	bɔ́-ŋɡ-ɔ̀	b ɔ́ + ŋ ɡ + ɔ̀			0
1104	DogulDomKundialang-6283_navel-1	DogulDomKundialang		navel	bɔ̀ŋgɔ́	bɔ̀-ŋɡ-ɔ́	b ɔ̀ + ŋ ɡ + ɔ́			0
1105	DonnoSo-6283_navel-1	DonnoSo		navel	bɔ̀ŋgî:	bɔ̀-ŋɡ-í.ì	b ɔ̀ + ŋ ɡ + í ì			0
1106	Gourou-6283_navel-1	Gourou		navel	kón	kón	k ó n			0
1107	JamsayDouentza-6283_navel-1	JamsayDouentza		navel	kón	kón	k ó n			0
1109	Mombo-6283_navel-1	Mombo		navel	bòŋgèlé	bò-ŋɡè-l-é	b ò + ŋ ɡ è + l + é			0
1110	Najamba-6283_navel-1	Najamba		navel	bɔ́ŋgɔ̀:\\bɔ́ŋgɛ̀:	bɔ́-ŋɡ-ɔ̀.ɔ̀	b ɔ́ + ŋ ɡ + ɔ̀ ɔ̀	b ɔ́ ŋ ɡ ɛ̀ ɛ̀		0
1111	Nanga-6283_navel-1	Nanga		navel	bɔ̀ŋgɔ́	bɔ̀-ŋɡ-ɔ́	b ɔ̀ + ŋ ɡ + ɔ́			0
1112	Penange-6283_navel-1	Penange		navel	bɔ̀ŋgɔ̀	bɔ̀-ŋɡ-ɔ̀	b ɔ̀ + ŋ ɡ + ɔ̀			0
1113	PergeTegu-6283_navel-1	PergeTegu		navel	bɔ̀ŋgɔ́	bɔ̀-ŋɡ-ɔ́	b ɔ̀ + ŋ ɡ + ɔ́			0
1114	TebulUre-6283_navel-1	TebulUre		navel	bɔ̀ŋgɔ́	bɔ̀-ŋɡ-ɔ́	b ɔ̀ + ŋ ɡ + ɔ́			0
1115	Tiranige-6283_navel-1	Tiranige		navel	bɔ̀ŋgùlɔ̀ (Boui), bɔ́ŋgɔ́lɔ́ (Ningo)	bɔ́-ŋɡɔ́-l-ɔ́	b ɔ́ + ŋ ɡ ɔ́ + l + ɔ́			0
1116	TogoKan-6283_navel-1	TogoKan		navel	bɔ̀gú	bɔ̀ɡú	b ɔ̀ ɡ ú			0
1117	TommoSoTongoTongo-6283_navel-1	TommoSoTongoTongo		navel	bɔ̀ŋgɔ̀ý	bɔ̀-ŋɡɔ̀-j	b ɔ̀ + ŋ ɡ ɔ̀ + d ʒ			0
1120	ToroTegu-6283_navel-1	ToroTegu		navel	kórú	kórú	k ó r ú			0
1121	YandaDom-6283_navel-1	YandaDom		navel	bɔ̀ŋɔ̀	bɔ̀ŋɔ̀	b ɔ̀ ŋ ɔ̀			0
1122	YornoSo-6283_navel-1	YornoSo		navel	bɔ̀gìý	bɔ̀ɡì-j	b ɔ̀ ɡ ì + d ʒ			0
7047	BenTey-6285_nearclose-1	BenTey		near, close	sɔ̀sûw\\sɔ̀sûm\\sɔ̀súyɛ̀	sɔ̀sûw	s ɔ̀ s û w	s ɔ̀ s ú + j ɛ̀		1
7048	Bunoge-6285_nearclose-1	Bunoge		near, close	tɔ́:ⁿtɔ́:ⁿ bò	tɔ́.ɔ́.ntɔ́.ɔ́.n_b-ò	t ɔ́ ɔ́ ∼ t ɔ́ ɔ́ ∼ + b + ò			1
7049	DogulDomBendiely-6285_nearclose-1	DogulDomBendiely		near, close	bɛ̀rɛ́g	bɛ̀rɛ́ɡ	b ɛ̀ r ɛ́ ɡ			1
7050	DogulDomKundialang-6285_nearclose-1	DogulDomKundialang		near, close	bɛ̀rùgú (bɛ̀rǔg)	bɛ̀rǔɡ	b ɛ̀ r ǔ ɡ			1
7051	DonnoSo-6285_nearclose-1	DonnoSo		near, close	bɛ̀rú, bɛ̀rǔ: (adverb)	bɛ̀r-ú	b ɛ̀ r + ú			1
7052	DonnoSo-6285_nearclose-2	DonnoSo		near, close	bɛ̀rú, bɛ̀rǔ: (adverb)	bɛ̀rù.ú	b ɛ̀ r ù ú			1
7053	Gourou-6285_nearclose-1	Gourou		near, close	ɛ́:ŋí, é:ŋí: kɔ̀	é.éŋí.í_k-ɔ̀	é é ŋ í í + k + ɔ̀			1
7054	JamsayDouentza-6285_nearclose-1	JamsayDouentza		near, close	é:ŋ	é-éŋ	é + é ŋ			1
7056	Mombo-6285_nearclose-1	Mombo		near, close	bɛ́rù, péŋgú	bɛ́r-ù	b ɛ́ r + ù			1
7057	Mombo-6285_nearclose-2	Mombo		near, close	bɛ́rù, péŋgú	péŋɡ-ú	p é ŋ ɡ + ú			1
7058	Najamba-6285_nearclose-1	Najamba		near, close	dùmíyè\\dǔmgè	dùmíy-è	d ù m í j + è	d ǔ m + ɡ è		1
7059	Nanga-6285_nearclose-1	Nanga		near, close	bɛ̀rí	bɛ̀r-í	b ɛ̀ r + í			1
7060	Penange-6285_nearclose-1	Penange		near, close	jámá	dʒám-á	d ʒ á m + á			1
7061	PergeTegu-6285_nearclose-1	PergeTegu		near, close	bɛ̀rú	bɛ̀r-ú	b ɛ̀ r + ú			1
7062	TebulUre-6285_nearclose-1	TebulUre		near, close	bɛ̀rɛ́:\\bɛ̀rgɔ́\\bɛ̀rmbɔ́	bɛ̀rɛ́.ɛ́	b ɛ̀ r ɛ́ ɛ́	b ɛ̀ r + m b ɔ́		1
7063	Tiranige-6285_nearclose-1	Tiranige		near, close	bɛ́:rí	bɛ́.ɛ́r-í	b ɛ́ ɛ́ r + í			1
7064	TogoKan-6285_nearclose-1	TogoKan		near, close	ɛ́:ŋú	ɛ́-ɛ́ŋú	ɛ́ + ɛ́ ŋ ú			1
7065	TommoSoTongoTongo-6285_nearclose-1	TommoSoTongoTongo		near, close	bɛ̀rúgó	bɛ̀rúɡ-ó	b ɛ̀ r ú ɡ + ó			1
7066	ToroTegu-6285_nearclose-1	ToroTegu		near, close	bɛ̀rú	bɛ̀r-ú	b ɛ̀ r + ú			1
7067	YandaDom-6285_nearclose-1	YandaDom		near, close	bɛ̀dú	bɛ̀d-ú	b ɛ̀ d + ú			1
7068	YornoSo-6285_nearclose-1	YornoSo		near, close	bɛ̀rú	bɛ̀r-ú	b ɛ̀ r + ú			1
2374	BankanTey-6292_neck-1	BankanTey		neck	kɔ̀rɔ́	kɔ̀rɔ́	k ɔ̀ r ɔ́			1
2375	BenTey-6292_neck-1	BenTey		neck	kɔ̀rɔ́	kɔ̀rɔ́	k ɔ̀ r ɔ́			1
2376	Bunoge-6292_neck-1	Bunoge		neck	kóláŋgè	kólá-ŋɡ-è	k ó l á + ŋ ɡ + è			1
2377	DogulDomBendiely-6292_neck-1	DogulDomBendiely		neck	mɔ́ɔ́gù	mɔ́.ɔ́ɡù	m ɔ́ ɔ́ ɡ ù			1
2378	DogulDomKundialang-6292_neck-1	DogulDomKundialang		neck	mɔ̌:g	mɔ̀.ɔ́ɡ	m ɔ̀ ɔ́ ɡ			1
2379	DonnoSo-6292_neck-1	DonnoSo		neck	kɔ̀lɔ̀kɔ̀lɔ́	kɔ̀lɔ̀-kɔ̀lɔ́	k ɔ̀ l ɔ̀ + k ɔ̀ l ɔ́			1
2380	Gourou-6292_neck-1	Gourou		neck	kɔ̀rɔ́	kɔ̀rɔ́	k ɔ̀ r ɔ́			1
2381	JamsayDouentza-6292_neck-1	JamsayDouentza		neck	kɔ̀rɔ́	kɔ̀rɔ́	k ɔ̀ r ɔ́			1
2382	Mombo-6292_neck-1	Mombo		neck	párù	párù	p á r ù			1
2383	Najamba-6292_neck-1	Najamba		neck	mɔ᷈:\\mɔ̌ɛ̀	mɔ̀-ɔ̀-	m ɔ̀ + ɔ̀	m ɔ̌ ɛ̀		1
2384	Nanga-6292_neck-1	Nanga		neck	kɔ̀rɔ́	kɔ̀rɔ́	k ɔ̀ r ɔ́			1
2385	Penange-6292_neck-1	Penange		neck	pàrò	pàrò	p à r ò			1
2386	PergeTegu-6292_neck-1	PergeTegu		neck	kɔ̀rɔ́	kɔ̀rɔ́	k ɔ̀ r ɔ́			1
2387	TebulUre-6292_neck-1	TebulUre		neck	kwǎ:	kwà-á	k w à + á			1
2388	Tiranige-6292_neck-1	Tiranige		neck	mɔ́:	mɔ́-ɔ́	m ɔ́ + ɔ́			1
2389	TogoKan-6292_neck-1	TogoKan		neck	kɔ̀rɔ́	kɔ̀rɔ́	k ɔ̀ r ɔ́			1
2390	TommoSoTongoTongo-6292_neck-1	TommoSoTongoTongo		neck	ɔ̀dɔ́	ɔ̀dɔ́	ɔ̀ d ɔ́			1
2393	ToroTegu-6292_neck-1	ToroTegu		neck	kɔ̀rɔ́	kɔ̀rɔ́	k ɔ̀ r ɔ́			1
2394	YandaDom-6292_neck-1	YandaDom		neck	kɔ̀lɔ̀	kɔ̀lɔ̀	k ɔ̀ l ɔ̀			1
2395	YornoSo-6292_neck-1	YornoSo		neck	kùkɔ̀lɔ́	kùkɔ̀-lɔ́	k ù k ɔ̀ + l ɔ́			1
3713	BankanTey-6296_necklace-1	BankanTey		necklace	kɔ̀rɔ̀dúwà	kɔ̀rɔ̀-dúwà	k ɔ̀ r ɔ̀ + d ú w à			0
3714	BenTey-6296_necklace-1	BenTey		necklace	kɔ̀rɔ̀ dúwɔ̀	kɔ̀rɔ̀_dúwɔ̀	k ɔ̀ r ɔ̀ + d ú w ɔ̀			0
3715	Bunoge-6296_necklace-1	Bunoge		necklace	kɔ́llɛ̀	kɔ́l-lɛ̀	k ɔ́ l + l ɛ̀			0
3716	DogulDomBendiely-6296_necklace-1	DogulDomBendiely		necklace	dùgéégù	dùɡéé-ɡù	d ù ɡ é é + ɡ ù			0
3717	DogulDomKundialang-6296_necklace-1	DogulDomKundialang		necklace	dùgɛ̌:g	dùɡɛ̀.ɛ́-ɡ	d ù ɡ ɛ̀ ɛ́ + ɡ			0
3718	DonnoSo-6296_necklace-1	DonnoSo		necklace	dùgɛ̌y	dùɡɛ̌-y	d ù ɡ ɛ̌ + j			0
3719	Gourou-6296_necklace-1	Gourou		necklace	dùgɔ́	dùɡɔ́	d ù ɡ ɔ́			0
3720	JamsayDouentza-6296_necklace-1	JamsayDouentza		necklace	dúgɔ́, kɔ̀rɔ́dúgɔ̀	kɔ̀rɔ́-dúɡɔ̀	k ɔ̀ r ɔ́ + d ú ɡ ɔ̀			0
3721	Mombo-6296_necklace-1	Mombo		necklace	kí:ŋgú	kí.í-ŋɡ-ú	k í í + ŋ ɡ + ú			0
3722	Najamba-6296_necklace-1	Najamba		necklace	dúgà:\\dúgɛ̀:	dúɡà.à	d ú ɡ à à	d ú ɡ ɛ̀ ɛ̀		0
3723	Nanga-6296_necklace-1	Nanga		necklace	dùgàǹjâ	dùɡàǹ-dʒ-â	d ù ɡ à n + d ʒ + â			0
3724	Penange-6296_necklace-1	Penange		necklace	páryè	pár-yè	p á r + j è			0
3725	PergeTegu-6296_necklace-1	PergeTegu		necklace	dùgɔ̀î:ⁿ, dùgɔ̀ì:ⁿkɔ̀rɔ́	dùɡɔ̀ì.ìⁿ-kɔ̀rɔ́	d ù ɡ ɔ̀ ì ì ∼ + k ɔ̀ r ɔ́			0
3726	TebulUre-6296_necklace-1	TebulUre		necklace	dùgàíyɛ̀	dùɡàí-yɛ̀	d ù ɡ à í + j ɛ̀			0
3727	Tiranige-6296_necklace-1	Tiranige		necklace	dùjɛ̀	dù-dʒ-ɛ̀	d ù + d ʒ + ɛ̀			0
3728	TogoKan-6296_necklace-1	TogoKan		necklace	kɔ̀rɔ̀dìŋɛ̌:	kɔ̀rɔ̀-dìŋɛ̀.ɛ́	k ɔ̀ r ɔ̀ + d ì ŋ ɛ̀ ɛ́			0
3729	TommoSoTongoTongo-6296_necklace-1	TommoSoTongoTongo		necklace	dúgɔ́	dúɡɔ́	d ú ɡ ɔ́			0
3731	ToroTegu-6296_necklace-1	ToroTegu		necklace	dùgɔ́	dùɡɔ́	d ù ɡ ɔ́			0
3732	YandaDom-6296_necklace-1	YandaDom		necklace	kɔ̀lɔ̀dùgɔ̌y, kɔ̀lɔ̀dùgá	kɔ̀lɔ̀-dùɡá	k ɔ̀ l ɔ̀ + d ù ɡ á			0
3733	YornoSo-6296_necklace-1	YornoSo		necklace	dùgɔ̀ý, dúgɔ́	dúɡɔ́	d ú ɡ ɔ́			0
758	BankanTey-6327_new-1	BankanTey		new	kándà	kánd-à	k á n d + à			1
759	BenTey-6327_new-1	BenTey		new	kálà	kál-à	k á l + à			1
760	Bunoge-6327_new-1	Bunoge		new	kàndà	kànd-à	k à n d + à			1
761	DogulDomBendiely-6327_new-1	DogulDomBendiely		new	kásá	kás-á	k á s + á			1
762	DogulDomKundialang-6327_new-1	DogulDomKundialang		new	kàsǎ:	kàsà.á	k à s à á			1
763	DonnoSo-6327_new-1	DonnoSo		new	kàndá	kànd-á	k à n d + á			1
764	Gourou-6327_new-1	Gourou		new	kàná	kàn-á	k à n + á			1
765	JamsayDouentza-6327_new-1	JamsayDouentza		new	kàná	kàn-á	k à n + á			1
767	Mombo-6327_new-1	Mombo		new	kándá	kánd-á	k á n d + á			1
768	Najamba-6327_new-1	Najamba		new	kàndǎ:\\kàndɛ̌:	kànd-à.á	k à n d + à á	k à n d ɛ̀ ɛ́		1
769	Nanga-6327_new-1	Nanga		new	kándà	kánd-à	k á n d + à			1
770	Penange-6327_new-1	Penange		new	kàndà	kànd-à	k à n d + à			1
771	PergeTegu-6327_new-1	PergeTegu		new	kàlá	kàl-á	k à l + á			1
772	TebulUre-6327_new-1	TebulUre		new	kàndá	kànd-á	k à n d + á			1
773	Tiranige-6327_new-1	Tiranige		new	kándá	kánd-á	k á n d + á			1
774	TogoKan-6327_new-1	TogoKan		new	kàná	kàn-á	k à n + á			1
775	TommoSoTongoTongo-6327_new-1	TommoSoTongoTongo		new	kàndá	kànd-á	k à n d + á			1
778	ToroTegu-6327_new-1	ToroTegu		new	kàlá	kàl-á	k à l + á			1
779	YandaDom-6327_new-1	YandaDom		new	kàndà\\mù	kànd-à	k à n d + à	k à n d à + m ù		1
780	YornoSo-6327_new-1	YornoSo		new	kàná	kàn-á	k à n + á			1
7885	BankanTey-6349_night-1	BankanTey		night	ɲân	ɲân	ɲ â n			1
7886	BenTey-6349_night-1	BenTey		night	ɲárⁿù	ɲár.-nù	ɲ á r + n ù			1
7887	Bunoge-6349_night-1	Bunoge		night	yà (yà:)	yà	j à	j à à		1
7888	DogulDomBendiely-6349_night-1	DogulDomBendiely		night	yáágà	yááɡà	j á á ∼ ɡ à			1
7889	DogulDomKundialang-6349_night-1	DogulDomKundialang		night	yá:gà"	yá.áɡà	j á á ɡ à			1
7890	DonnoSo-6349_night-1	DonnoSo		night	yáŋà	yáŋà	j á ŋ à			1
7891	Gourou-6349_night-1	Gourou		night	dà:ɣá	dà.àɣá	d à à ɣ á			1
7892	JamsayDouentza-6349_night-1	JamsayDouentza		night	dà:ɣá	dà.àɣá	d à à ɣ á			1
7894	Mombo-6349_night-1	Mombo		night	dó:	dó-ó	d ó + ó			1
7895	Najamba-6349_night-1	Najamba		night	ɲám	ɲá-m	ɲ á + m			1
7896	Nanga-6349_night-1	Nanga		night	dɛ̀:ndɛ̂	dɛ̀.ɛ̀-nd-ɛ̂	d ɛ̀ ɛ̀ + n d + ɛ̂			1
7897	Penange-6349_night-1	Penange		night	dógó	dóɡó	d ó ɡ ó			1
7898	PergeTegu-6349_night-1	PergeTegu		night	dɛ̀:gɛ́	dɛ̀.ɛ̀ɡɛ́	d ɛ̀ ɛ̀ ɡ ɛ́			1
7899	TebulUre-6349_night-1	TebulUre		night	dɛ̀ndɛ́	dɛ̀-nd-ɛ́	d ɛ̀ + n d + ɛ́			1
7900	Tiranige-6349_night-1	Tiranige		night	yà:gù	yà.àɡù	j à à ɡ ù			1
7901	TogoKan-6349_night-1	TogoKan		night	dà:gá	dà.àɡá	d à à ɡ á			1
7902	TommoSoTongoTongo-6349_night-1	TommoSoTongoTongo		night	yáŋá, dìgɛ́, bàà dɛ̀nɛ́	yáŋá	j á ŋ á			1
7903	TommoSoTongoTongo-6349_night-2	TommoSoTongoTongo		night	yáŋá, dìgɛ́, bàà dɛ̀nɛ́	bàà_dɛ̀nɛ́	b à à + d ɛ̀ n ɛ́			1
7904	TommoSoTongoTongo-6349_night-3	TommoSoTongoTongo		night	yáŋá, dìgɛ́, bàà dɛ̀nɛ́	bàà_dɛ̀nɛ́	b à à + d ɛ̀ n ɛ́			1
7907	ToroTegu-6349_night-1	ToroTegu		night	yⁿà:ŋá	à-àŋá	à + à ŋ á			1
7908	YandaDom-6349_night-1	YandaDom		night	dèndà:, nàyŋ (entire night)	này-ŋ	n à j + ŋ			1
7909	YornoSo-6349_night-1	YornoSo		night	dìgɛ́	dìɡɛ́	d ì ɡ ɛ́			1
2185	BankanTey-6375_nose-1	BankanTey		nose	círⁿè	tʃír.-nè	t ʃ í r + n è			1
2186	BenTey-6375_nose-1	BenTey		nose	círⁿì	tʃír.-nì	t ʃ í r + n ì			1
2187	Bunoge-6375_nose-1	Bunoge		nose	kìnà	kìnà	k ì n à			1
2188	DogulDomBendiely-6375_nose-1	DogulDomBendiely		nose	kìnjɔ́	kìn-jɔ́	k ì n + d ʒ ɔ́			1
2189	DogulDomKundialang-6375_nose-1	DogulDomKundialang		nose	kìnjɔ́:	kìn-jɔ́.ɔ́	k ì n + d ʒ ɔ́ ɔ́			1
2190	DonnoSo-6375_nose-1	DonnoSo		nose	kínù	kínù	k í n ù			1
2191	Gourou-6375_nose-1	Gourou		nose	kírⁿé	kír.-né	k í r + n é			1
2192	JamsayDouentza-6375_nose-1	JamsayDouentza		nose	círⁿé	tʃír.-né	t ʃ í r + n é			1
2194	Mombo-6375_nose-1	Mombo		nose	kínjà	kín-jà	k í n + d ʒ à			1
2195	Najamba-6375_nose-1	Najamba		nose	kìnjâ:\\kìnjɛ̂:	kìn-já.à	k ì n + d ʒ á à	k ì n d ʒ ɛ́ ɛ̀		1
2196	Nanga-6375_nose-1	Nanga		nose	kírⁿê	kír.-nê	k í r + n ê			1
2197	Penange-6375_nose-1	Penange		nose	kìmjà	kìm-dʒ-à	k ì m + d ʒ + à			1
2198	PergeTegu-6375_nose-1	PergeTegu		nose	kírⁿé	kír.-né	k í r + n é			1
2199	TebulUre-6375_nose-1	TebulUre		nose	cíné	tʃíné	t ʃ í n é			1
2200	Tiranige-6375_nose-1	Tiranige		nose	cínjɔ́	tʃín-jɔ́	t ʃ í n + d ʒ ɔ́			1
2201	TogoKan-6375_nose-1	TogoKan		nose	kírⁿí	kír.-ní	k í r + n í			1
2202	TommoSoTongoTongo-6375_nose-1	TommoSoTongoTongo		nose	kínú	kínú	k í n ú			1
2205	ToroTegu-6375_nose-1	ToroTegu		nose	cìrⁿòká	tʃìr.-nòká	t ʃ ì r + n ò k á			1
2206	YandaDom-6375_nose-1	YandaDom		nose	cìnzà	tʃìn-zà	t ʃ ì n + z à			1
2207	YornoSo-6375_nose-1	YornoSo		nose	kín	kín	k í n			1
704	BankanTey-6430_oldthinganimal-1	BankanTey		old (thing, animal)	pɛ̌:	pɛ̀-ɛ́	p ɛ̀ + ɛ́			1
705	BenTey-6430_oldthinganimal-1	BenTey		old (thing, animal)	pɛ̌:	pɛ̀-ɛ́	p ɛ̀ + ɛ́			1
706	Bunoge-6430_oldthinganimal-1	Bunoge		old (thing, animal)	ʔìlɛ̀	ʔìl-ɛ̀	ʔ ì l + ɛ̀			1
707	DogulDomBendiely-6430_oldthinganimal-1	DogulDomBendiely		old (thing, animal)	dìyɔ́	dìy-ɔ́	d ì j + ɔ́			1
708	DogulDomKundialang-6430_oldthinganimal-1	DogulDomKundialang		old (thing, animal)	dìyɔ̌:	dìyɔ̀.ɔ́	d ì j ɔ̀ ɔ́			1
709	DonnoSo-6430_oldthinganimal-1	DonnoSo		old (thing, animal)	pɛ̌y	pɛ̌-y	p ɛ̌ + j			1
710	Gourou-6430_oldthinganimal-1	Gourou		old (thing, animal)	kó:ró, pɛ́yⁿ	p-ɛ́	p + ɛ́			1
711	JamsayDouentza-6430_oldthinganimal-1	JamsayDouentza		old (thing, animal)	pɛ̌yⁿ	p-ɛ̌	p + ɛ̌			1
713	Mombo-6430_oldthinganimal-1	Mombo		old (thing, animal)	ká:nú	ká.án-ú	k á á n + ú			1
714	Najamba-6430_oldthinganimal-1	Najamba		old (thing, animal)	kúnjɔ́:\\kúnjɛ́:	kúnjɔ́.ɔ́	k ú n d ʒ ɔ́ ɔ́	k ú n d ʒ ɛ́ ɛ́		1
715	Nanga-6430_oldthinganimal-1	Nanga		old (thing, animal)	pɛ̌:	pɛ̀-ɛ́	p ɛ̀ + ɛ́			1
716	Penange-6430_oldthinganimal-1	Penange		old (thing, animal)	ká:mnɔ́	ká.ámn-ɔ́	k á á m n + ɔ́			1
717	PergeTegu-6430_oldthinganimal-1	PergeTegu		old (thing, animal)	pɛ̌y	pɛ̌-y	p ɛ̌ + j			1
718	TebulUre-6430_oldthinganimal-1	TebulUre		old (thing, animal)	pɛ̀ygɔ́\\pɛ̌: (inan), pɛ̌:\\pɛ̀:mbɔ́ (animal)	pɛ̀-ɛ́	p ɛ̀ + ɛ́	p ɛ̀ ɛ̀ + m b ɔ́		1
719	Tiranige-6430_oldthinganimal-1	Tiranige		old (thing, animal)	kúnjú	kúnj-ú	k ú n d ʒ + ú			1
720	TogoKan-6430_oldthinganimal-1	TogoKan		old (thing, animal)	pɛ̌ⁿ	pɛ̌.n	p ɛ̌ ∼			1
721	TommoSoTongoTongo-6430_oldthinganimal-1	TommoSoTongoTongo		old (thing, animal)	pɛ̌y	pɛ̌-y	p ɛ̌ + j			1
724	ToroTegu-6430_oldthinganimal-1	ToroTegu		old (thing, animal)	yɔ̌:, wá:gú	wá.áɡ-ú	w á á ɡ + ú			1
725	YandaDom-6430_oldthinganimal-1	YandaDom		old (thing, animal)	pɛ̀y\\mù	pɛ̀-y	p ɛ̀ + j	p ɛ̀ j + m ù		1
726	YornoSo-6430_oldthinganimal-1	YornoSo		old (thing, animal)	pɛ̌y	pɛ̌-y	p ɛ̌ + j			1
10861	BankanTey-6469_one-1	BankanTey		one	tùmá	tùm-á	t ù m + á			1
10862	BenTey-6469_one-1	BenTey		one	tùwⁿɔ́\\tùwⁿɔ̂m\\tùwⁿɔ́yɛ̀	tùw.n-ɔ́	t ù w ∼ + ɔ́	t ù w ~ ɔ́ + j ɛ̀		1
10863	Bunoge-6469_one-1	Bunoge		one	tó:lè	tó.ól-è	t ó ó l + è			1
10864	DogulDomBendiely-6469_one-1	DogulDomBendiely		one	tɔ́mɔ̀	tɔ́m-ɔ̀	t ɔ́ m + ɔ̀			1
10865	DogulDomKundialang-6469_one-1	DogulDomKundialang		one	tɔ́mɔ̀	tɔ́m-ɔ̀	t ɔ́ m + ɔ̀			1
10866	DonnoSo-6469_one-1	DonnoSo		one	túrù	túr-ù	t ú r + ù			1
10867	Gourou-6469_one-1	Gourou		one	túrú	túr-ú	t ú r + ú			1
10868	JamsayDouentza-6469_one-1	JamsayDouentza		one	túrú	túr-ú	t ú r + ú			1
10869	Mombo-6469_one-1	Mombo		one	yɛ̀: tá:ŋgù	yɛ̀.ɛ̀_tá.áŋɡ-ù	j ɛ̀ ɛ̀ + t á á ŋ ɡ + ù			1
10870	Najamba-6469_one-1	Najamba		one	kúndé	kúnd-é	k ú n d + é			1
10871	Nanga-6469_one-1	Nanga		one	tùmâ	tùm-â	t ù m + â			1
10872	Penange-6469_one-1	Penange		one	tà:ŋgà	tà.àŋɡ-à	t à à ŋ ɡ + à			1
10873	PergeTegu-6469_one-1	PergeTegu		one	túrú	túr-ú	t ú r + ú			1
10874	TebulUre-6469_one-1	TebulUre		one	túrɛ̀:\\túrgɔ̀	túrɛ̀.ɛ̀	t ú r ɛ̀ ɛ̀	t ú r + ɡ ɔ̀		1
10875	Tiranige-6469_one-1	Tiranige		one	tò:mà	tò.òm-à	t ò ò m + à			1
10876	TogoKan-6469_one-1	TogoKan		one	túrú (numeral), túnɔ́ (adjective)	tún-ɔ́	t ú n + ɔ́			1
10877	TommoSoTongoTongo-6469_one-1	TommoSoTongoTongo		one	túrú	túr-ú	t ú r + ú			1
10878	ToroTegu-6469_one-1	ToroTegu		one	túrú	túr-ú	t ú r + ú			1
10879	YandaDom-6469_one-1	YandaDom		one	tùmá→	tùm-á	t ù m + á			1
10880	YornoSo-6469_one-1	YornoSo		one	túrú	túr-ú	t ú r + ú			1
7211	BankanTey-6491_openadoor-1	BankanTey		open (a door)	pí:rⁿí gòndó	pí.ír.ní-ɡònd-ó	p í í r ∼ í + ɡ ò n d + ó			0
7212	BenTey-6491_openadoor-1	BenTey		open (a door)	pí:rⁿí	pí.-í-r-.-ní	p í + í + r + + n í			0
7213	Bunoge-6491_openadoor-1	Bunoge		open (a door)	dɛ́ŋúlɛ̀	dɛ́-ŋ-ú-lɛ̀	d ɛ́ + ŋ + ú + l ɛ̀			0
7214	DogulDomBendiely-6491_openadoor-1	DogulDomBendiely		open (a door)	ìllé, ìrèlé	ìll-é	ì l l + é			0
7215	DogulDomBendiely-6491_openadoor-2	DogulDomBendiely		open (a door)	ìllé, ìrèlé	ìrèl-é	ì r è l + é			0
7216	DogulDomKundialang-6491_openadoor-1	DogulDomKundialang		open (a door)	í:llè	í.íll-è	í í l l + è			0
7217	DonnoSo-6491_openadoor-1	DonnoSo		open (a door)	píɲèlè\\píɲèlì, píŋèlè\\píŋèlì	píŋ-è-lè	p í ŋ + è + l è			0
7218	Gourou-6491_openadoor-1	Gourou		open (a door)	pínírⁿé	pín-í-r.né	p í n + í + r ∼ é			0
7219	JamsayDouentza-6491_openadoor-1	JamsayDouentza		open (a door)	pínírⁿé, líllé	pín-í-r.né	p í n + í + r ∼ é			0
7220	JamsayDouentza-6491_openadoor-2	JamsayDouentza		open (a door)	pínírⁿé, líllé	líl-lé	l í l + l é			0
7223	Mombo-6491_openadoor-1	Mombo		open (a door)	bá:ⁿwúlè	bá.áⁿw-ú-lè	b á á ∼ w + ú + l è			0
7224	Najamba-6491_openadoor-1	Najamba		open (a door)	níŋgílɛ́	níŋɡ-íl-ɛ́	n í ŋ ɡ + í l + ɛ́			0
7225	Nanga-6491_openadoor-1	Nanga		open (a door)	pí:rⁿí	pí.-í-r-.-ní	p í + í + r + + n í			0
7226	Penange-6491_openadoor-1	Penange		open (a door)	báŋgúlè	báŋɡ-úl-è	b á ŋ ɡ + ú l + è			0
7227	PergeTegu-6491_openadoor-1	PergeTegu		open (a door)	lé:ré	lé.ér-é	l é é r + é			0
7228	TebulUre-6491_openadoor-1	TebulUre		open (a door)	píŋgíl (píŋgíltì, imprt píŋgílá)	píŋɡ-íl-á	p í ŋ ɡ + í l + á			0
7229	Tiranige-6491_openadoor-1	Tiranige		open (a door)	ímbílɔ́ (Boui), jáyló (Ningo)	dʒá-yl-ó	d ʒ á + j l + ó			0
7230	TogoKan-6491_openadoor-1	TogoKan		open (a door)	pínìrⁿì\\pínɛ́rⁿɛ́	pín-ɛ́r.nɛ́	p í n + ɛ́ r ∼ ɛ́			0
7231	TommoSoTongoTongo-6491_openadoor-1	TommoSoTongoTongo		open (a door)	píllé	píl-lé	p í l + l é			0
7232	ToroTegu-6491_openadoor-1	ToroTegu		open (a door)	tínnú\\tínná ~ tímnú\\tímná	tím-ná	t í m + n á			0
7233	YandaDom-6491_openadoor-1	YandaDom		open (a door)	píllé, pílló	píl-lé	p í l + l é			0
7234	YandaDom-6491_openadoor-2	YandaDom		open (a door)	píllé, pílló	píl-ló	p í l + l ó			0
7235	YornoSo-6491_openadoor-1	YornoSo		open (a door)	pínɛ́lɛ́\\píníl	pín-ɛ́-lɛ́	p í n + ɛ́ + l ɛ́			0
537	BankanTey-6661_personhumanbeing-1	BankanTey		person, human being	àsùmǎm\\àsùmǎ:	àsùmǎ-m	à s ù m ǎ + m	à s ù m à á		1
538	BenTey-6661_personhumanbeing-1	BenTey		person, human being	nǔm\\nǔ:	nǔ-m	n ǔ + m	n ù ú		1
539	Bunoge-6661_personhumanbeing-1	Bunoge		person, human being	sójò	só-dʒ-ò	s ó + d ʒ + ò			1
540	DogulDomBendiely-6661_personhumanbeing-1	DogulDomBendiely		person, human being	nóó	nóó	n ó ó			1
541	DogulDomKundialang-6661_personhumanbeing-1	DogulDomKundialang		person, human being	nǒ: (pl nòwé)	nò-ó	n ò + ó	n ò + w é		1
542	DonnoSo-6661_personhumanbeing-1	DonnoSo		person, human being	ǹdɛ́\\ǹdɛ́(ŋ́)mbè	ǹdɛ́	n d ɛ́	n d ɛ́ + ŋ + m b è		1
543	Gourou-6661_personhumanbeing-1	Gourou		person, human being	ínén	ínén	í n é n			1
544	JamsayDouentza-6661_personhumanbeing-1	JamsayDouentza		person, human being	ínén\\íném	ínén	í n é n	í n é + m		1
546	Mombo-6661_personhumanbeing-1	Mombo		person, human being	ńdá	ńdá	n d á			1
547	Najamba-6661_personhumanbeing-1	Najamba		person, human being	nǒ:\\nòmbó	nò-ó	n ò + ó	n ò + m b ó		1
548	Nanga-6661_personhumanbeing-1	Nanga		person, human being	nǔ:	nù-ú	n ù + ú			1
549	Penange-6661_personhumanbeing-1	Penange		person, human being	ntá	nt-á	n t + á			1
550	PergeTegu-6661_personhumanbeing-1	PergeTegu		person, human being	ínérⁿú\\íném	ínér.-nú	í n é r + n ú	í n é + m		1
551	TebulUre-6661_personhumanbeing-1	TebulUre		person, human being	ɲě\\nùmbɔ́	ɲě	ɲ ě	n ù + m b ɔ́		1
552	Tiranige-6661_personhumanbeing-1	Tiranige		person, human being	ndà:\\ndà: gè	nd-à-à	n d + à + à	n d à à + ɡ è		1
553	TogoKan-6661_personhumanbeing-1	TogoKan		person, human being	nǎ	nǎ	n ǎ			1
554	TommoSoTongoTongo-6661_personhumanbeing-1	TommoSoTongoTongo		person, human being	ńdɛ́	ńdɛ́	n d ɛ́			1
557	ToroTegu-6661_personhumanbeing-1	ToroTegu		person, human being	nùrⁿú\\nùmú ~ nǔm, nùnû:rⁿú\\nùmû:mú	nùnú.ù-r.nú	n ù n ú ù + r ∼ ú	n ù m ú ù m ú		1
558	YandaDom-6661_personhumanbeing-1	YandaDom		person, human being	nò\\nòmó (DefSg nó gɛ̀)	nò	n ò	n ò + m ó		1
559	YornoSo-6661_personhumanbeing-1	YornoSo		person, human being	ìnɛ́\\ìnɛ́m	ìnɛ́	ì n ɛ́	ì n ɛ́ + m		1
4431	BankanTey-6668_pestleforpoundinginamortar-1	BankanTey		pestle (for pounding in a mortar)	tàndây	tà-ndâ-y	t à + n d â + j			0
4432	BenTey-6668_pestleforpoundinginamortar-1	BenTey		pestle (for pounding in a mortar)	tàlây	tàlâ-y	t à l â + j			0
4433	Bunoge-6668_pestleforpoundinginamortar-1	Bunoge		pestle (for pounding in a mortar)	dɔ́:bè	dɔ́.ɔ́bè	d ɔ́ ɔ́ b è			0
4434	DogulDomBendiely-6668_pestleforpoundinginamortar-1	DogulDomBendiely		pestle (for pounding in a mortar)	kùnéégù	kùnéé-ɡù	k ù n é é + ɡ ù			0
4435	DogulDomKundialang-6668_pestleforpoundinginamortar-1	DogulDomKundialang		pestle (for pounding in a mortar)	kùně:g	kùnè.é-ɡ	k ù n è é + ɡ			0
4436	DonnoSo-6668_pestleforpoundinginamortar-1	DonnoSo		pestle (for pounding in a mortar)	dɔ̌y	dɔ̌y	d ɔ̌ j			0
4437	Gourou-6668_pestleforpoundinginamortar-1	Gourou		pestle (for pounding in a mortar)	mɔ̀tî:ⁿ	mɔ̀tí.ì-ⁿ	m ɔ̀ t í ì			0
4438	JamsayDouentza-6668_pestleforpoundinginamortar-1	JamsayDouentza		pestle (for pounding in a mortar)	mɔ̀tî:ⁿ	mɔ̀tí.ì-ⁿ	m ɔ̀ t í ì			0
4440	Mombo-6668_pestleforpoundinginamortar-1	Mombo		pestle (for pounding in a mortar)	dɔ̌y // dɔ̌y wè:	dɔ̌y	d ɔ̌ j	d ɔ̌ j + w è è		0
4441	Mombo-6668_pestleforpoundinginamortar-2	Mombo		pestle (for pounding in a mortar)	dɔ̌y // dɔ̌y wè:	dɔ̌y	d ɔ̌ j	d ɔ̌ j + w è è		0
4442	Najamba-6668_pestleforpoundinginamortar-1	Najamba		pestle (for pounding in a mortar)	tùmàndô:\\tùmàndê:, tùmmɔ̂:\\tùmmɛ̂:	tùm-mɔ́.ɔ̀	t ù m + m ɔ́ ɔ̀	t ù m m ɛ́ ɛ̀		0
4443	Nanga-6668_pestleforpoundinginamortar-1	Nanga		pestle (for pounding in a mortar)	tàrⁿìyɛ̀rⁿî	tàr.-nìyɛ̀-r.nî	t à r + n ì j ɛ̀ + r ∼ î			0
4444	Penange-6668_pestleforpoundinginamortar-1	Penange		pestle (for pounding in a mortar)	dɔ̀:wê:	dɔ̀.ɔ̀wé.è	d ɔ̀ ɔ̀ w é è			0
4445	PergeTegu-6668_pestleforpoundinginamortar-1	PergeTegu		pestle (for pounding in a mortar)	mòtî:ⁿ	mòtí.ì-ⁿ	m ò t í ì			0
4446	TebulUre-6668_pestleforpoundinginamortar-1	TebulUre		pestle (for pounding in a mortar)	tìníyɛ́	tìní-yɛ́	t ì n í + j ɛ́			0
4447	Tiranige-6668_pestleforpoundinginamortar-1	Tiranige		pestle (for pounding in a mortar)	túŋgú bě: (pl bègé)	tú-ŋɡú_-b-è.é	t ú + ŋ ɡ ú + b + è é	b è + ɡ é		0
4448	TogoKan-6668_pestleforpoundinginamortar-1	TogoKan		pestle (for pounding in a mortar)	dɔ̌yⁿ	dɔ̌	d ɔ̌			0
4449	TommoSoTongoTongo-6668_pestleforpoundinginamortar-1	TommoSoTongoTongo		pestle (for pounding in a mortar)	kúy	kúy	k ú j			0
4451	ToroTegu-6668_pestleforpoundinginamortar-1	ToroTegu		pestle (for pounding in a mortar)	bɔ̀nɔ̀[ìrⁿí:]	bɔ̀nɔ̀ì-r.ní.í	b ɔ̀ n ɔ̀ ì + r ∼ í í			0
4452	YandaDom-6668_pestleforpoundinginamortar-1	YandaDom		pestle (for pounding in a mortar)	kǔnyè	kǔn-yè	k ǔ n + j è			0
4453	YornoSo-6668_pestleforpoundinginamortar-1	YornoSo		pestle (for pounding in a mortar)	kùyî:	kùyí.ì	k ù j í ì			0
7138	BankanTey-6753_placelocation-1	BankanTey		place, location	ɔ́rⁿɔ̀	ɔ́r.nɔ̀	ɔ́ r ∼ ɔ̀			0
7139	BenTey-6753_placelocation-1	BenTey		place, location	ɔ́rⁿɔ̀	ɔ́r.nɔ̀	ɔ́ r ∼ ɔ̀			0
7140	Bunoge-6753_placelocation-1	Bunoge		place, location	kɛ́ (kɛ̂:)	kɛ́	k ɛ́	k ɛ́ ɛ̀		0
7141	DogulDomBendiely-6753_placelocation-1	DogulDomBendiely		place, location	yàlúg	yàlú-ɡ	j à l ú + ɡ			0
7142	DogulDomKundialang-6753_placelocation-1	DogulDomKundialang		place, location	yǎl, yàlúg	yǎl	j ǎ l			0
7143	DogulDomKundialang-6753_placelocation-2	DogulDomKundialang		place, location	yǎl, yàlúg	yàlú-ɡ	j à l ú + ɡ			0
7144	DonnoSo-6753_placelocation-1	DonnoSo		place, location	yàlú	yàlú	j à l ú			0
7145	Gourou-6753_placelocation-1	Gourou		place, location	děyⁿ	dě	d ě			0
7146	JamsayDouentza-6753_placelocation-1	JamsayDouentza		place, location	dǐ:ⁿ, děyⁿ	dě	d ě			0
7148	Mombo-6753_placelocation-1	Mombo		place, location	gê: // gêwⁿ, tɛ́bɔ́, ɛ́ŋgɔ̀, ó:ŋgò, dó:ŋgé	dó.ó-ŋɡ-é	d ó ó + ŋ ɡ + é			0
7149	Mombo-6753_placelocation-2	Mombo		place, location	gê: // gêwⁿ, tɛ́bɔ́, ɛ́ŋgɔ̀, ó:ŋgò, dó:ŋgé	tɛ́bɔ́	t ɛ́ b ɔ́			0
7150	Najamba-6753_placelocation-1	Najamba		place, location	kéŋgè\\kéŋgè	ké-ŋɡ-è	k é + ŋ ɡ + è	k é ŋ ɡ è		0
7151	Nanga-6753_placelocation-1	Nanga		place, location	ɔ̂:	ɔ́.ɔ̀	ɔ́ ɔ̀			0
7152	Penange-6753_placelocation-1	Penange		place, location	géŋ	ɡéŋ	ɡ é ŋ			0
7153	PergeTegu-6753_placelocation-1	PergeTegu		place, location	dɛ̌:ⁿ	dɛ̀.ɛ́.n	d ɛ̀ ɛ́ ∼			0
7154	TebulUre-6753_placelocation-1	TebulUre		place, location	gándá	ɡá-nd-á	ɡ á + n d + á			0
7155	Tiranige-6753_placelocation-1	Tiranige		place, location	jɛ́lɛ́ (Boui), gɛ́lɛ́ (Ningo)	ɡɛ́lɛ́	ɡ ɛ́ l ɛ́			0
7156	TogoKan-6753_placelocation-1	TogoKan		place, location	dèŋú ~ děŋ, ɲá	dèŋú	d è ŋ ú			0
7157	TogoKan-6753_placelocation-2	TogoKan		place, location	dèŋú ~ děŋ, ɲá	děŋ	d ě ŋ			0
7158	TogoKan-6753_placelocation-3	TogoKan		place, location	dèŋú ~ děŋ, ɲá	ɲá	ɲ á			0
7159	TommoSoTongoTongo-6753_placelocation-1	TommoSoTongoTongo		place, location	yàlú, gándá	yàlú	j à l ú			0
7160	TommoSoTongoTongo-6753_placelocation-2	TommoSoTongoTongo		place, location	yàlú, gándá	ɡá-nd-á	ɡ á + n d + á			0
7161	ToroTegu-6753_placelocation-1	ToroTegu		place, location	děŋ	děŋ	d ě ŋ			0
7162	YandaDom-6753_placelocation-1	YandaDom		place, location	ɔ̀mɔ́	ɔ̀-mɔ́	ɔ̀ + m ɔ́			0
7163	YornoSo-6753_placelocation-1	YornoSo		place, location	dɛ̌yⁿ	dɛ̌	d ɛ̌			0
4409	BankanTey-6855_poundingmortaranykind-1	BankanTey		pounding mortar (any kind)	túndú	tú-nd-ú	t ú + n d + ú			0
4410	BenTey-6855_poundingmortaranykind-1	BenTey		pounding mortar (any kind)	túní:	túní.í	t ú n í í			0
4411	Bunoge-6855_poundingmortaranykind-1	Bunoge		pounding mortar (any kind)	dɔ́ (dɔ̂:)	dɔ́	d ɔ́	d ɔ́ ɔ̀		0
4412	DogulDomBendiely-6855_poundingmortaranykind-1	DogulDomBendiely		pounding mortar (any kind)	kùnnúŋ	kùn-núŋ	k ù n + n ú ŋ			0
4413	DogulDomKundialang-6855_poundingmortaranykind-1	DogulDomKundialang		pounding mortar (any kind)	kùnnúŋ (pl kùnnú yà:)	kùn-núŋ	k ù n + n ú ŋ	k ù n n ú + j à à		0
4414	DonnoSo-6855_poundingmortaranykind-1	DonnoSo		pounding mortar (any kind)	dònǎ:	dònà.á	d ò n à á			0
4415	Gourou-6855_poundingmortaranykind-1	Gourou		pounding mortar (any kind)	màná:	màná.á	m à n á á			0
4416	JamsayDouentza-6855_poundingmortaranykind-1	JamsayDouentza		pounding mortar (any kind)	màná:	màná.á	m à n á á			0
4418	Mombo-6855_poundingmortaranykind-1	Mombo		pounding mortar (any kind)	dɔ̀:ní	dɔ̀.ɔ̀ní	d ɔ̀ ɔ̀ n í			0
4419	Najamba-6855_poundingmortaranykind-1	Najamba		pounding mortar (any kind)	túngó\\túní:	tún-ɡó	t ú n + ɡ ó	t ú n í í		0
4420	Nanga-6855_poundingmortaranykind-1	Nanga		pounding mortar (any kind)	túndí	tú-nd-í	t ú + n d + í			0
4421	Penange-6855_poundingmortaranykind-1	Penange		pounding mortar (any kind)	dɔ̀:	dɔ̀-ɔ̀	d ɔ̀ + ɔ̀			0
4422	PergeTegu-6855_poundingmortaranykind-1	PergeTegu		pounding mortar (any kind)	mòná:	mòná.á	m ò n á á			0
4423	TebulUre-6855_poundingmortaranykind-1	TebulUre		pounding mortar (any kind)	tíníŋgó~ tíngò (pl tínè:, also 'ladder'), tìnìŋgò tòltòlúŋgò	tìnì-ŋɡ-ò_-tòl-tòlú-ŋɡ-ò	t ì n ì + ŋ ɡ + ò + t ò l + t ò l ú + ŋ ɡ + ò			0
4424	Tiranige-6855_poundingmortaranykind-1	Tiranige		pounding mortar (any kind)	túŋgú	tú-ŋɡ-ú	t ú + ŋ ɡ + ú			0
4425	TogoKan-6855_poundingmortaranykind-1	TogoKan		pounding mortar (any kind)	dògóró	dòɡó-ró	d ò ɡ ó + r ó			0
4426	TommoSoTongoTongo-6855_poundingmortaranykind-1	TommoSoTongoTongo		pounding mortar (any kind)	kùy náá\\kùnáá	kùy_náá	k ù j + n á á ∼	k ù + n á á ∼		0
4428	ToroTegu-6855_poundingmortaranykind-1	ToroTegu		pounding mortar (any kind)	bɔ̀nɔ́	bɔ̀nɔ́	b ɔ̀ n ɔ́			0
4429	YandaDom-6855_poundingmortaranykind-1	YandaDom		pounding mortar (any kind)	kún	kún	k ú n			0
4430	YornoSo-6855_poundingmortaranykind-1	YornoSo		pounding mortar (any kind)	kǔy	kǔy	k ǔ j			0
13206	BankanTey-6941_pullsth-1	BankanTey		pull (sth)	bàsá	bàs-á	b à s + á			1
13207	BenTey-6941_pullsth-1	BenTey		pull (sth)	bàsá	bàs-á	b à s + á			1
13208	Bunoge-6941_pullsth-1	Bunoge		pull (sth)	gímbɛ̀	ɡímb-ɛ̀	ɡ í m b + ɛ̀			1
13209	DogulDomBendiely-6941_pullsth-1	DogulDomBendiely		pull (sth)	jìmbɛ́	dʒìmb-ɛ́	d ʒ ì m b + ɛ́			1
13210	DogulDomKundialang-6941_pullsth-1	DogulDomKundialang		pull (sth)	jìmbɛ́	dʒìmb-ɛ́	d ʒ ì m b + ɛ́			1
13211	DonnoSo-6941_pullsth-1	DonnoSo		pull (sth)	jìmbɛ́\\jímbɛ̀	dʒìmb-ɛ́	d ʒ ì m b + ɛ́			1
13212	Gourou-6941_pullsth-1	Gourou		pull (sth)	bàsá	bàs-á	b à s + á			1
13213	JamsayDouentza-6941_pullsth-1	JamsayDouentza		pull (sth)	bàjá	bàdʒ-á	b à d ʒ + á			1
13215	Mombo-6941_pullsth-1	Mombo		pull (sth)	gímbɛ́ // gɔ́bɛ́	ɡɔ́b-ɛ́	ɡ ɔ́ b + ɛ́			1
13216	Mombo-6941_pullsth-2	Mombo		pull (sth)	gímbɛ́ // gɔ́bɛ́	ɡɔ́b-ɛ́	ɡ ɔ́ b + ɛ́			1
13217	Najamba-6941_pullsth-1	Najamba		pull (sth)	jùmbɛ́	dʒùmb-ɛ́	d ʒ ù m b + ɛ́			1
13218	Nanga-6941_pullsth-1	Nanga		pull (sth)	bàsá	bàs-á	b à s + á			1
13219	Penange-6941_pullsth-1	Penange		pull (sth)	gímbɛ́	ɡímb-ɛ́	ɡ í m b + ɛ́			1
13220	PergeTegu-6941_pullsth-1	PergeTegu		pull (sth)	bàsá	bàs-á	b à s + á			1
13221	TebulUre-6941_pullsth-1	TebulUre		pull (sth)	bàdá (bàdátì)	bàd-á	b à d + á			1
13222	Tiranige-6941_pullsth-1	Tiranige		pull (sth)	ímbɛ́	ímb-ɛ́	í m b + ɛ́			1
13223	TogoKan-6941_pullsth-1	TogoKan		pull (sth)	bàjá	bàdʒ-á	b à d ʒ + á			1
13224	TommoSoTongoTongo-6941_pullsth-1	TommoSoTongoTongo		pull (sth)	bìnjé	bìn-jé	b ì n + d ʒ é			1
13225	ToroTegu-6941_pullsth-1	ToroTegu		pull (sth)	gàgú\\gàgá	ɡàɡ-á	ɡ à ɡ + á			1
13226	YandaDom-6941_pullsth-1	YandaDom		pull (sth)	dìlíyó\\dìlìyòlí	dìl-í-yó	d ì l + í + j ó			1
13227	YornoSo-6941_pullsth-1	YornoSo		pull (sth)	bìɲɛ́\\bìɲɛ́	bìɲ-ɛ́	b ì ɲ + ɛ́			1
13185	BankanTey-6979_push-1	BankanTey		push	dàmbí	dàmb-í	d à m b + í			1
13186	BenTey-6979_push-1	BenTey		push	dàmbí	dàmb-í	d à m b + í			1
13187	Bunoge-6979_push-1	Bunoge		push	dúnjúrè	dún-júrè	d ú n + d ʒ ú r è			1
13188	DogulDomBendiely-6979_push-1	DogulDomBendiely		push	dɔ̀ŋgɛ́	dɔ̀ŋɡ-ɛ́	d ɔ̀ ŋ ɡ + ɛ́			1
13189	DonnoSo-6979_push-1	DonnoSo		push	dɔ̀ŋgɔ́\\dɔ́ŋgɛ̀	dɔ́ŋɡ-ɛ̀	d ɔ́ ŋ ɡ + ɛ̀			1
13190	Gourou-6979_push-1	Gourou		push	dàmá	dàm-á	d à m + á			1
13191	JamsayDouentza-6979_push-1	JamsayDouentza		push	dàmá	dàm-á	d à m + á			1
13193	Mombo-6979_push-1	Mombo		push	túmbyê:	túmb-y-é.è	t ú m b + j + é è			1
13194	Najamba-6979_push-1	Najamba		push	dàmbí\\dàmbè	dàmb-è	d à m b + è			1
13195	Nanga-6979_push-1	Nanga		push	dàmbí	dàmb-í	d à m b + í			1
13196	Penange-6979_push-1	Penange		push	túmbúgè, túmbè	túmb-úɡ-è	t ú m b + ú ɡ + è			1
13197	Penange-6979_push-2	Penange		push	túmbúgè, túmbè	túmb-è	t ú m b + è			1
13198	PergeTegu-6979_push-1	PergeTegu		push	dàmbá	dàmb-á	d à m b + á			1
13199	TebulUre-6979_push-1	TebulUre		push	dàmbí (dàmbítì)	dàmb-í	d à m b + í			1
13200	Tiranige-6979_push-1	Tiranige		push	dámbó	dámb-ó	d á m b + ó			1
13201	TogoKan-6979_push-1	TogoKan		push	dèmé	dèm-é	d è m + é			1
13202	TommoSoTongoTongo-6979_push-1	TommoSoTongoTongo		push	dàmbá	dàmb-á	d à m b + á			1
13203	ToroTegu-6979_push-1	ToroTegu		push	dǎm\\dàwⁿá	dàw-.ná	d à w + n á			1
13204	YandaDom-6979_push-1	YandaDom		push	dàmbú\\dàmbàlí	dàmb-àl-í	d à m b + à l + í			1
13205	YornoSo-6979_push-1	YornoSo		push	dàmá\\dàmú	dàm-á	d à m + á			1
6384	BankanTey-7056_rainnoun-1	BankanTey		rain (noun)	bòndú	bò-nd-ú	b ò + n d + ú			0
6385	BenTey-7056_rainnoun-1	BenTey		rain (noun)	bòlú ~ bǒl	bòlú	b ò l ú			0
6386	BenTey-7056_rainnoun-2	BenTey		rain (noun)	bòlú ~ bǒl	bǒl	b ǒ l			0
6387	Bunoge-7056_rainnoun-1	Bunoge		rain (noun)	ʔáyà	ʔáyà	ʔ á j à			0
6388	DogulDomBendiely-7056_rainnoun-1	DogulDomBendiely		rain (noun)	áláà	áláà	á l á à			0
6389	DogulDomKundialang-7056_rainnoun-1	DogulDomKundialang		rain (noun)	àlá:	àlá-á	à l á + á			0
6390	DonnoSo-7056_rainnoun-1	DonnoSo		rain (noun)	àná	àná	à n á			0
6391	Gourou-7056_rainnoun-1	Gourou		rain (noun)	àrⁿá	àr-ná	à r + n á			0
6392	JamsayDouentza-7056_rainnoun-1	JamsayDouentza		rain (noun)	àrⁿá	àr-ná	à r + n á			0
6393	Mombo-7056_rainnoun-1	Mombo		rain (noun)	kúmáŋgà	kúmá-ŋɡ-à	k ú m á + ŋ ɡ + à			0
6394	Najamba-7056_rainnoun-1	Najamba		rain (noun)	ǎ:lŋgé\\à:lé	à.ál-ŋɡ-é	à á l + ŋ ɡ + é	à à l é		0
6395	Nanga-7056_rainnoun-1	Nanga		rain (noun)	bòndí	bò-nd-í	b ò + n d + í			0
6396	Penange-7056_rainnoun-1	Penange		rain (noun)	kùmà:ŋgà	kùmà.à-ŋɡ-à	k ù m à à + ŋ ɡ + à			0
6397	PergeTegu-7056_rainnoun-1	PergeTegu		rain (noun)	àrⁿá	àr-ná	à r + n á			0
6398	TebulUre-7056_rainnoun-1	TebulUre		rain (noun)	àrⁿá	àr-ná	à r + n á			0
6399	Tiranige-7056_rainnoun-1	Tiranige		rain (noun)	á:mì	á-ámì	á + á m ì			0
6400	TogoKan-7056_rainnoun-1	TogoKan		rain (noun)	àrⁿú	àr-nú	à r + n ú			0
6401	TommoSoTongoTongo-7056_rainnoun-1	TommoSoTongoTongo		rain (noun)	àná	àná	à n á			0
6402	ToroTegu-7056_rainnoun-1	ToroTegu		rain (noun)	àrⁿá	àr-ná	à r + n á			0
6403	YandaDom-7056_rainnoun-1	YandaDom		rain (noun)	àrⁿùŋ	àr.nù-ŋ	à r ∼ ù + ŋ			0
6404	YornoSo-7056_rainnoun-1	YornoSo		rain (noun)	àrⁿá	àr-ná	à r + n á			0
15147	BankanTey-7144_redincludingbrownandorange-1	BankanTey		red (including brown and orange)	bàrⁿâyⁿ	bàr.n-â	b à r ∼ + â			1
15148	BenTey-7144_redincludingbrownandorange-1	BenTey		red (including brown and orange)	bárⁿàwⁿ\\bárⁿàm\\bárⁿàyɛ̀	bár.nàw.n	b á r ∼ à w ∼	b á r ∼ à + m		1
15149	Bunoge-7144_redincludingbrownandorange-1	Bunoge		red (including brown and orange)	bɔ̀w	bɔ̀w	b ɔ̀ w			1
15150	DogulDomBendiely-7144_redincludingbrownandorange-1	DogulDomBendiely		red (including brown and orange)	bánùŋ	bánùŋ	b á n ù ŋ			1
15151	DogulDomKundialang-7144_redincludingbrownandorange-1	DogulDomKundialang		red (including brown and orange)	bánùŋ̀	bánùŋ	b á n ù ŋ			1
15152	DonnoSo-7144_redincludingbrownandorange-1	DonnoSo		red (including brown and orange)	bánù	bán-ù	b á n + ù			1
15153	Gourou-7144_redincludingbrownandorange-1	Gourou		red (including brown and orange)	bán	bán	b á n			1
15154	JamsayDouentza-7144_redincludingbrownandorange-1	JamsayDouentza		red (including brown and orange)	bán	bán	b á n			1
15156	Mombo-7144_redincludingbrownandorange-1	Mombo		red (including brown and orange)	búnú	bún-ú	b ú n + ú			1
15157	Najamba-7144_redincludingbrownandorange-1	Najamba		red (including brown and orange)	bánè\\bángò	bán-è	b á n + è	b á n + ɡ ò		1
15158	Nanga-7144_redincludingbrownandorange-1	Nanga		red (including brown and orange)	bárⁿí	bár.n-í	b á r ∼ + í			1
15159	Penange-7144_redincludingbrownandorange-1	Penange		red (including brown and orange)	bɔ̀mbɛ̀	bɔ̀mb-ɛ̀	b ɔ̀ m b + ɛ̀			1
15160	PergeTegu-7144_redincludingbrownandorange-1	PergeTegu		red (including brown and orange)	bárⁿú	bár.n-ú	b á r ∼ + ú			1
15161	TebulUre-7144_redincludingbrownandorange-1	TebulUre		red (including brown and orange)	bárⁿɛ̀:\\bárⁿmbɔ̀\\bángɔ̀	bár.nɛ̀.ɛ̀	b á r ∼ ɛ̀ ɛ̀	b á n + ɡ ɔ̀		1
15162	Tiranige-7144_redincludingbrownandorange-1	Tiranige		red (including brown and orange)	búní	bún-í	b ú n + í			1
15163	TogoKan-7144_redincludingbrownandorange-1	TogoKan		red (including brown and orange)	báⁿ	b-áⁿ	b + á ∼			1
15164	TommoSoTongoTongo-7144_redincludingbrownandorange-1	TommoSoTongoTongo		red (including brown and orange)	bánú	bán-ú	b á n + ú			1
15165	ToroTegu-7144_redincludingbrownandorange-1	ToroTegu		red (including brown and orange)	bárⁿú	bár.n-ú	b á r ∼ + ú			1
15166	YandaDom-7144_redincludingbrownandorange-1	YandaDom		red (including brown and orange)	bǎn	bǎn	b ǎ n			1
15167	YornoSo-7144_redincludingbrownandorange-1	YornoSo		red (including brown and orange)	bán	bán	b á n			1
4954	BankanTey-7270_rice-1	BankanTey		rice	árá	árá	á r á			0
4955	BenTey-7270_rice-1	BenTey		rice	á:rá	á-árá	á + á r á			0
4956	Bunoge-7270_rice-1	Bunoge		rice	ʔɛ̀ndɛ̀gè	ʔɛ̀-ndɛ̀-ɡ-è	ʔ ɛ̀ + n d ɛ̀ + ɡ + è			0
4957	DogulDomBendiely-7270_rice-1	DogulDomBendiely		rice	árà	árà	á r à			0
4958	DogulDomKundialang-7270_rice-1	DogulDomKundialang		rice	árà	árà	á r à			0
4959	DonnoSo-7270_rice-1	DonnoSo		rice	árà	árà	á r à			0
4960	Gourou-7270_rice-1	Gourou		rice	árá	árá	á r á			0
4961	JamsayDouentza-7270_rice-1	JamsayDouentza		rice	árá	árá	á r á			0
4963	Mombo-7270_rice-1	Mombo		rice	ɛ́rɛ́	ɛ́rɛ́	ɛ́ r ɛ́			0
4964	Najamba-7270_rice-1	Najamba		rice	ɔ̌:rɛ̀	ɔ̀-ɔ́rɛ̀	ɔ̀ + ɔ́ r ɛ̀			0
4965	Nanga-7270_rice-1	Nanga		rice	á:rá	á-árá	á + á r á			0
4966	Penange-7270_rice-1	Penange		rice	ɛ́rɛ́:ŋgé (y)	ɛ́rɛ́.ɛ́-ŋɡ-é	ɛ́ r ɛ́ ɛ́ + ŋ ɡ + é	j + ɛ́ r ɛ́ ɛ́ ŋ ɡ é		0
4967	PergeTegu-7270_rice-1	PergeTegu		rice	á:rá	á-árá	á + á r á			0
4968	TebulUre-7270_rice-1	TebulUre		rice	árá	árá	á r á			0
4969	Tiranige-7270_rice-1	Tiranige		rice	ɛ̀rɛ̀gè	ɛ̀rɛ̀ɡè	ɛ̀ r ɛ̀ ɡ è			0
4970	TogoKan-7270_rice-1	TogoKan		rice	árá	árá	á r á			0
4971	TommoSoTongoTongo-7270_rice-1	TommoSoTongoTongo		rice	árá	árá	á r á			0
4973	ToroTegu-7270_rice-1	ToroTegu		rice	mɔ́	mɔ́	m ɔ́			0
4974	YandaDom-7270_rice-1	YandaDom		rice	ádá	ádá	á d á			0
4975	YornoSo-7270_rice-1	YornoSo		rice	árá	árá	á r á			0
6737	BankanTey-7284_righthandetc-1	BankanTey		right (hand, etc.)	ɲɛ̌yⁿ	ɲ-ɛ̌	ɲ + ɛ̌			1
6738	BenTey-7284_righthandetc-1	BenTey		right (hand, etc.)	ɲɛ̌yⁿ	ɲ-ɛ̌	ɲ + ɛ̌			1
6739	DogulDomBendiely-7284_righthandetc-1	DogulDomBendiely		right (hand, etc.)	ŋáàŋ	ŋáàŋ	ŋ á à ŋ			1
6740	DonnoSo-7284_righthandetc-1	DonnoSo		right (hand, etc.)	ɲǎ:	ɲà-á	ɲ à + á			1
6741	Gourou-7284_righthandetc-1	Gourou		right (hand, etc.)	yⁿǎ:	à.á	à á			1
6742	JamsayDouentza-7284_righthandetc-1	JamsayDouentza		right (hand, etc.)	ɲǎ:	ɲà-á	ɲ à + á			1
6743	Mombo-7284_righthandetc-1	Mombo		right (hand, etc.)	núyⁿà	n-úà	n + ú à			1
6744	Najamba-7284_righthandetc-1	Najamba		right (hand, etc.)	ɲɛ̀ŋgó\\ɲɛ̌:	ɲɛ̀ŋɡ-ó	ɲ ɛ̀ ŋ ɡ + ó	ɲ ɛ̀ ɛ́		1
6745	Nanga-7284_righthandetc-1	Nanga		right (hand, etc.)	nàrⁿìyⁿɛ́	nàr.nìɛ́	n à r ∼ ì ɛ́			1
6746	Penange-7284_righthandetc-1	Penange		right (hand, etc.)	ɲà:	ɲà-à	ɲ à + à			1
6747	PergeTegu-7284_righthandetc-1	PergeTegu		right (hand, etc.)	ɲɛ̌:	ɲɛ̀-ɛ́	ɲ ɛ̀ + ɛ́			1
6748	TebulUre-7284_righthandetc-1	TebulUre		right (hand, etc.)	ɲɛ̀ŋgɛ́	ɲɛ̀ŋɡ-ɛ́	ɲ ɛ̀ ŋ ɡ + ɛ́			1
6749	Tiranige-7284_righthandetc-1	Tiranige		right (hand, etc.)	ɲɔ́:	ɲɔ́-ɔ́	ɲ ɔ́ + ɔ́			1
6750	TogoKan-7284_righthandetc-1	TogoKan		right (hand, etc.)	ɲǎ:	ɲà-á	ɲ à + á			1
6751	TommoSoTongoTongo-7284_righthandetc-1	TommoSoTongoTongo		right (hand, etc.)	ɲ̀ɲɛ́	ɲɲ-ɛ́	ɲ ɲ + ɛ́			1
6752	ToroTegu-7284_righthandetc-1	ToroTegu		right (hand, etc.)	nǒyⁿ	nǒ	n ǒ			1
6753	YandaDom-7284_righthandetc-1	YandaDom		right (hand, etc.)	ʔə̀ɲɛ̀	ʔə̀ɲ-ɛ̀	ʔ ə̀ ɲ + ɛ̀			1
6754	YornoSo-7284_righthandetc-1	YornoSo		right (hand, etc.)	ɲɛ̌:	ɲɛ̀-ɛ́	ɲ ɛ̀ + ɛ́			1
6126	BankanTey-7341_roof-1	BankanTey		roof	tèmbèkû:	tè-mbè-k-ú.ù	t è + m b è + k + ú ù			0
6127	BenTey-7341_roof-1	BenTey		roof	tèmbèkû: ~ tèmkû:	tèm-kú.ù	t è m + k ú ù			0
6128	Bunoge-7341_roof-1	Bunoge		roof	gá:ŋgù	ɡá.á-ŋɡù	ɡ á á + ŋ ɡ ù			0
6129	DogulDomBendiely-7341_roof-1	DogulDomBendiely		roof	dálà	dálà	d á l à			0
6130	DogulDomKundialang-7341_roof-1	DogulDomKundialang		roof	dálà	dálà	d á l à			0
6131	DonnoSo-7341_roof-1	DonnoSo		roof	témbù	té-mbù	t é + m b ù			0
6132	Gourou-7341_roof-1	Gourou		roof	tɛ̀mɛ̀ kú:ⁿ	tɛ̀mɛ̀_kú.ú-ⁿ	t ɛ̀ m ɛ̀ + k ú ú			0
6133	JamsayDouentza-7341_roof-1	JamsayDouentza		roof	tɛ̀mɛ̀kú:ⁿ	tɛ̀mɛ̀-kú.ú-ⁿ	t ɛ̀ m ɛ̀ + k ú ú			0
6134	Mombo-7341_roof-1	Mombo		roof	sà:súgú	sà.àsú-ɡú	s à à s ú + ɡ ú			0
6135	Najamba-7341_roof-1	Najamba		roof	dèbí\\dèbí	dèbí	d è b í	d è b í		0
6136	Nanga-7341_roof-1	Nanga		roof	dɛ̌w ~ dɛ̀wí	dɛ̌w	d ɛ̌ w			0
6137	Nanga-7341_roof-2	Nanga		roof	dɛ̌w ~ dɛ̀wí	dɛ̀wí	d ɛ̀ w í			0
6138	Penange-7341_roof-1	Penange		roof	dógó	dóɡó	d ó ɡ ó			0
6139	PergeTegu-7341_roof-1	PergeTegu		roof	tèmbèkú:	tè-mbè-k-ú.ú	t è + m b è + k + ú ú			0
6140	TebulUre-7341_roof-1	TebulUre		roof	ládúgɔ́	ládú-ɡɔ́	l á d ú + ɡ ɔ́			0
6141	Tiranige-7341_roof-1	Tiranige		roof	tèmbè	tè-mb-è	t è + m b + è			0
6142	TogoKan-7341_roof-1	TogoKan		roof	kùⁿmɔ̀rú	kùⁿmɔ̀-rú	k ù ∼ m ɔ̀ + r ú			0
6143	TommoSoTongoTongo-7341_roof-1	TommoSoTongoTongo		roof	dɛ̀mbɛ́	dɛ̀-mb-ɛ́	d ɛ̀ + m b + ɛ́			0
6144	ToroTegu-7341_roof-1	ToroTegu		roof	dómókù	dómó-kù	d ó m ó + k ù			0
6145	YandaDom-7341_roof-1	YandaDom		roof	dɛ̀bù	dɛ̀bù	d ɛ̀ b ù			0
6146	YornoSo-7341_roof-1	YornoSo		roof	dǎ:, dà:kû:	dà.àkú.ù	d à à k ú ù			0
3198	BankanTey-7348_root-1	BankanTey		root	wòrú	wòrú	w ò r ú			1
3199	BenTey-7348_root-1	BenTey		root	wé:rí	wé.érí	w é é r í			1
3200	Bunoge-7348_root-1	Bunoge		root	kàjè ("tendon"), bùsùllè	bùsù-llè	b ù s ù + l l è			1
3201	Bunoge-7348_root-2	Bunoge		root	kàjè ("tendon"), bùsùllè	bùsù-llè	b ù s ù + l l è			1
3202	DogulDomBendiely-7348_root-1	DogulDomBendiely		root	kásò	kásò	k á s ò			1
3203	DogulDomKundialang-7348_root-1	DogulDomKundialang		root	kásò:	kásò.ò	k á s ò ò			1
3204	DonnoSo-7348_root-1	DonnoSo		root	kádù	kádù	k á d ù			1
3205	Gourou-7348_root-1	Gourou		root	ké:ⁿ	ké-éⁿ	k é + é ∼			1
3206	JamsayDouentza-7348_root-1	JamsayDouentza		root	bɔ̀rɔ̀cé:ŋ, cé:ŋ	tʃé.éŋ	t ʃ é é ŋ			1
3207	Mombo-7348_root-1	Mombo		root	kágì	káɡì	k á ɡ ì			1
3208	Najamba-7348_root-1	Najamba		root	wǒlŋgó\\wòlé	wǒl-ŋɡ-ó	w ǒ l + ŋ ɡ + ó	w ò l é		1
3209	Nanga-7348_root-1	Nanga		root	wè:rî	wè.èrî	w è è r î			1
3210	Penange-7348_root-1	Penange		root	dúl	dúl	d ú l			1
3211	PergeTegu-7348_root-1	PergeTegu		root	ké:ŋgú	ké.é-ŋɡ-ú	k é é + ŋ ɡ + ú			1
3212	TebulUre-7348_root-1	TebulUre		root	díné	díné	d í n é			1
3213	Tiranige-7348_root-1	Tiranige		root	yìlìŋgè	yìlì-ŋɡ-è	j ì l ì + ŋ ɡ + è			1
3214	TogoKan-7348_root-1	TogoKan		root	bɔ̀rɔ̀dí: ~ bɔ̀:dí:	bɔ̀.ɔ̀dí.í	b ɔ̀ ɔ̀ d í í			1
3215	TommoSoTongoTongo-7348_root-1	TommoSoTongoTongo		root	wélú	wélú	w é l ú			1
3217	ToroTegu-7348_root-1	ToroTegu		root	wóró	wóró	w ó r ó			1
3218	YandaDom-7348_root-1	YandaDom		root	dìlú, dǐl	dìlú	d ì l ú			1
3219	YandaDom-7348_root-2	YandaDom		root	dìlú, dǐl	dǐl	d ǐ l			1
3220	YornoSo-7348_root-1	YornoSo		root	wél	wél	w é l			1
12945	BankanTey-7356_ropecord-1	BankanTey		rope, cord	sòŋgú	sò-ŋɡ-ú	s ò + ŋ ɡ + ú			1
12946	BenTey-7356_ropecord-1	BenTey		rope, cord	sùŋgú	sù-ŋɡ-ú	s ù + ŋ ɡ + ú			1
12947	Bunoge-7356_ropecord-1	Bunoge		rope, cord	síŋgì	sí-ŋɡ-ì	s í + ŋ ɡ + ì			1
12948	DogulDomBendiely-7356_ropecord-1	DogulDomBendiely		rope, cord	síyìŋ	síyì-ŋ	s í j ì + ŋ			1
12949	DogulDomKundialang-7356_ropecord-1	DogulDomKundialang		rope, cord	sǐ:ŋ (sǐ:ŋ yà:)	sì.íŋ	s ì í ŋ	s ì í ŋ + j à à		1
12950	DonnoSo-7356_ropecord-1	DonnoSo		rope, cord	sǔŋ	sǔŋ	s ǔ ŋ			1
12951	Gourou-7356_ropecord-1	Gourou		rope, cord	sùŋú	sùŋú	s ù ŋ ú			1
12952	JamsayDouentza-7356_ropecord-1	JamsayDouentza		rope, cord	sǔŋ	sǔŋ	s ǔ ŋ			1
12954	Mombo-7356_ropecord-1	Mombo		rope, cord	síŋgì	sí-ŋɡ-ì	s í + ŋ ɡ + ì			1
12955	Najamba-7356_ropecord-1	Najamba		rope, cord	sǐ:ŋgó\\sǐ:	sì.í-ŋɡ-ó	s ì í + ŋ ɡ + ó	s ì í		1
12956	Nanga-7356_ropecord-1	Nanga		rope, cord	sěŋ ~ sèŋí	sěŋ	s ě ŋ			1
12957	Nanga-7356_ropecord-2	Nanga		rope, cord	sěŋ ~ sèŋí	sèŋí	s è ŋ í			1
12958	Penange-7356_ropecord-1	Penange		rope, cord	síŋgì	sí-ŋɡ-ì	s í + ŋ ɡ + ì			1
12959	PergeTegu-7356_ropecord-1	PergeTegu		rope, cord	sùŋgú	sù-ŋɡ-ú	s ù + ŋ ɡ + ú			1
12960	TebulUre-7356_ropecord-1	TebulUre		rope, cord	sùŋgó	sù-ŋɡ-ó	s ù + ŋ ɡ + ó			1
12961	Tiranige-7356_ropecord-1	Tiranige		rope, cord	síŋgí	sí-ŋɡ-í	s í + ŋ ɡ + í			1
12962	TogoKan-7356_ropecord-1	TogoKan		rope, cord	sùŋú	sùŋú	s ù ŋ ú			1
12963	TommoSoTongoTongo-7356_ropecord-1	TommoSoTongoTongo		rope, cord	súm	sú-m	s ú + m			1
12964	ToroTegu-7356_ropecord-1	ToroTegu		rope, cord	sǔŋ	sǔŋ	s ǔ ŋ			1
12965	YandaDom-7356_ropecord-1	YandaDom		rope, cord	sùŋ	sùŋ	s ù ŋ			1
12966	YornoSo-7356_ropecord-1	YornoSo		rope, cord	sǔm	sǔ-m	s ǔ + m			1
12739	BankanTey-7365_rottenadjective-1	BankanTey		rotten (adjective)	gɔ̀mú	ɡɔ̀m-ú	ɡ ɔ̀ m + ú			1
12740	BenTey-7365_rottenadjective-1	BenTey		rotten (adjective)	ɔ̀mbú	ɔ̀mb-ú	ɔ̀ m b + ú			1
12741	Bunoge-7365_rottenadjective-1	Bunoge		rotten (adjective)	gɔ̀mɛ̀	ɡɔ̀m-ɛ̀	ɡ ɔ̀ m + ɛ̀			1
12742	DogulDomKundialang-7365_rottenadjective-1	DogulDomKundialang		rotten (adjective)	ɔ́mmɔ̀ŋ̀	ɔ́mmɔ̀ŋ	ɔ́ m m ɔ̀ ŋ			1
12743	DonnoSo-7365_rottenadjective-1	DonnoSo		rotten (adjective)	ɔ́mmù	ɔ́mm-ù	ɔ́ m m + ù			1
12744	JamsayDouentza-7365_rottenadjective-1	JamsayDouentza		rotten (adjective)	ɔ̌y	ɔ̌-y	ɔ̌ + j			1
12746	Mombo-7365_rottenadjective-1	Mombo		rotten (adjective)	ɔ́mbɛ́	ɔ́mb-ɛ́	ɔ́ m b + ɛ́			1
12747	Najamba-7365_rottenadjective-1	Najamba		rotten (adjective)	gɔ̀mɔ̂:\\gɔ̀mɛ̂:	ɡɔ̀mɔ́.ɔ̀	ɡ ɔ̀ m ɔ́ ɔ̀	ɡ ɔ̀ m ɛ́ ɛ̀		1
12748	Nanga-7365_rottenadjective-1	Nanga		rotten (adjective)	ɔ̀mbí	ɔ̀mb-í	ɔ̀ m b + í			1
12749	Penange-7365_rottenadjective-1	Penange		rotten (adjective)	gɔ̀mɛ̀	ɡɔ̀m-ɛ̀	ɡ ɔ̀ m + ɛ̀			1
12750	PergeTegu-7365_rottenadjective-1	PergeTegu		rotten (adjective)	ɔ̀mbú	ɔ̀mb-ú	ɔ̀ m b + ú			1
12751	TebulUre-7365_rottenadjective-1	TebulUre		rotten (adjective)	gɔ́mɛ̀://gɔ́mgɔ̀//gɔ́mbɔ̀	ɡɔ́mɛ̀.ɛ̀	ɡ ɔ́ m ɛ̀ ɛ̀	ɡ ɔ́ m + b ɔ̀		1
12752	Tiranige-7365_rottenadjective-1	Tiranige		rotten (adjective)	gɔ́mɛ́sá	ɡɔ́mɛ́s-á	ɡ ɔ́ m ɛ́ s + á			1
12753	TogoKan-7365_rottenadjective-1	TogoKan		rotten (adjective)	ɔ̀mú	ɔ̀m-ú	ɔ̀ m + ú			1
12754	TommoSoTongoTongo-7365_rottenadjective-1	TommoSoTongoTongo		rotten (adjective)	ɔ́mmáádɛ̀, ɲɔ̌m	ɔ́mmáád-ɛ̀	ɔ́ m m á á ∼ d + ɛ̀			1
12755	TommoSoTongoTongo-7365_rottenadjective-2	TommoSoTongoTongo		rotten (adjective)	ɔ́mmáádɛ̀, ɲɔ̌m	ɲɔ̌m	ɲ ɔ̌ m			1
12756	ToroTegu-7365_rottenadjective-1	ToroTegu		rotten (adjective)	ɔ́rɔ́	ɔ́r-ɔ́	ɔ́ r + ɔ́			1
12757	YandaDom-7365_rottenadjective-1	YandaDom		rotten (adjective)	gɔ̌m	ɡɔ̌m	ɡ ɔ̌ m			1
12758	YornoSo-7365_rottenadjective-1	YornoSo		rotten (adjective)	ɔ̀mú	ɔ̀m-ú	ɔ̀ m + ú			1
4691	BankanTey-7445_salt-1	BankanTey		salt	nɛ̌m	nɛ̌-m	n ɛ̌ + m			1
4692	BenTey-7445_salt-1	BenTey		salt	nɛ̌m	nɛ̌-m	n ɛ̌ + m			1
4693	Bunoge-7445_salt-1	Bunoge		salt	kómúnù	kómú-nù	k ó m ú + n ù			1
4694	DogulDomBendiely-7445_salt-1	DogulDomBendiely		salt	nèém	nèé-m	n è é + m			1
4695	DogulDomKundialang-7445_salt-1	DogulDomKundialang		salt	něm	ně-m	n ě + m			1
4696	DonnoSo-7445_salt-1	DonnoSo		salt	něŋ	něŋ	n ě ŋ			1
4697	Gourou-7445_salt-1	Gourou		salt	nɛ̌m	nɛ̌-m	n ɛ̌ + m			1
4698	JamsayDouentza-7445_salt-1	JamsayDouentza		salt	nɛ̌m	nɛ̌-m	n ɛ̌ + m			1
4699	Mombo-7445_salt-1	Mombo		salt	nêwⁿ	nêw.-n	n ê w + n			1
4700	Najamba-7445_salt-1	Najamba		salt	nɛ̌mgó\\nɛ̀mɛ́	nɛ̌m-ɡó	n ɛ̌ m + ɡ ó	n ɛ̀ m ɛ́		1
4701	Nanga-7445_salt-1	Nanga		salt	nɛ̀:mí	nɛ̀.ɛ̀-mí	n ɛ̀ ɛ̀ + m í			1
4702	Penange-7445_salt-1	Penange		salt	nɛ̀m	nɛ̀-m	n ɛ̀ + m			1
4703	PergeTegu-7445_salt-1	PergeTegu		salt	nɛ̌m	nɛ̌-m	n ɛ̌ + m			1
4704	TebulUre-7445_salt-1	TebulUre		salt	nèmé	nè-mé	n è + m é			1
4705	Tiranige-7445_salt-1	Tiranige		salt	nɛ́wⁿ	nɛ́w.-n	n ɛ́ w + n			1
4706	TogoKan-7445_salt-1	TogoKan		salt	mɛ̌:	mɛ̀-ɛ́	m ɛ̀ + ɛ́			1
4707	TommoSoTongoTongo-7445_salt-1	TommoSoTongoTongo		salt	nɛ̌m	nɛ̌-m	n ɛ̌ + m			1
4709	ToroTegu-7445_salt-1	ToroTegu		salt	nɛ̌ŋ	nɛ̌ŋ	n ɛ̌ ŋ			1
4710	YandaDom-7445_salt-1	YandaDom		salt	nɛ̀m	nɛ̀-m	n ɛ̀ + m			1
4711	YornoSo-7445_salt-1	YornoSo		salt	nɛ̌m	nɛ̌-m	n ɛ̌ + m			1
5649	BankanTey-7459_sandsandysoil-1	BankanTey		sand, sandy soil	sùmbày bú:rù	sù-mbà-y_-bú.úrù	s ù + m b à + j + b ú ú r ù			1
5650	BenTey-7459_sandsandysoil-1	BenTey		sand, sandy soil	sùmòysô:	sùmò-ysó.ò	s ù m ò + j s ó ò			1
5651	Bunoge-7459_sandsandysoil-1	Bunoge		sand, sandy soil	só:njà	só.ón-jà	s ó ó n + d ʒ à			1
5652	DogulDomBendiely-7459_sandsandysoil-1	DogulDomBendiely		sand, sandy soil	sòònnò ísílɛ́	sòòn-nò_ísílɛ́	s ò ò n + n ò + í s í l ɛ́			1
5653	DogulDomKundialang-7459_sandsandysoil-1	DogulDomKundialang		sand, sandy soil	sɔ̀nnɔ̀ ísìlè	sɔ̀n-nɔ̀_ísìlè	s ɔ̀ n + n ɔ̀ + í s ì l è			1
5654	DonnoSo-7459_sandsandysoil-1	DonnoSo		sand, sandy soil	sɔ̀lɔ̀mmɔ́	sɔ̀lɔ̀-m-mɔ́	s ɔ̀ l ɔ̀ + m + m ɔ́			1
5655	Gourou-7459_sandsandysoil-1	Gourou		sand, sandy soil	sìsɔ̌m	sìsɔ̌-m	s ì s ɔ̌ + m			1
5656	JamsayDouentza-7459_sandsandysoil-1	JamsayDouentza		sand, sandy soil	sìsɔ̌m, sùsɔ̌m	sìsɔ̌-m	s ì s ɔ̌ + m			1
5657	JamsayDouentza-7459_sandsandysoil-2	JamsayDouentza		sand, sandy soil	sìsɔ̌m, sùsɔ̌m	sùsɔ̌-m	s ù s ɔ̌ + m			1
5659	Mombo-7459_sandsandysoil-1	Mombo		sand, sandy soil	sóyndà	sóy-nd-à	s ó j + n d + à			1
5660	Najamba-7459_sandsandysoil-1	Najamba		sand, sandy soil	sɔ̀ⁿnɛ́ndɛ̀	sɔ̀.n-nɛ́-nd-ɛ̀	s ɔ̀ ∼ + n ɛ́ + n d + ɛ̀			1
5661	Nanga-7459_sandsandysoil-1	Nanga		sand, sandy soil	sɔ̀:mbɔ̀ sɛ́:rⁿɛ̀, sɛ́:rⁿɛ̀	sɛ́.ɛ́r.-nɛ̀	s ɛ́ ɛ́ r + n ɛ̀			1
5662	Penange-7459_sandsandysoil-1	Penange		sand, sandy soil	sòyndà	sòy-nd-à	s ò j + n d + à			1
5663	PergeTegu-7459_sandsandysoil-1	PergeTegu		sand, sandy soil	sùsǔm	sùsǔ-m	s ù s ǔ + m			1
5664	TebulUre-7459_sandsandysoil-1	TebulUre		sand, sandy soil	sɔ̀lmɔ́	sɔ̀l-mɔ́	s ɔ̀ l + m ɔ́			1
5665	Tiranige-7459_sandsandysoil-1	Tiranige		sand, sandy soil	síyɔ́wⁿ	síyɔ́-w.n	s í j ɔ́ + w ∼			1
5666	TogoKan-7459_sandsandysoil-1	TogoKan		sand, sandy soil	sɔ̀ⁿ̀sɔ̀nɔ́	sɔ̀.n-sɔ̀nɔ́	s ɔ̀ ∼ + s ɔ̀ n ɔ́			1
5667	TommoSoTongoTongo-7459_sandsandysoil-1	TommoSoTongoTongo		sand, sandy soil	sɔ̀lùmɔ́	sɔ̀lù-mɔ́	s ɔ̀ l ù + m ɔ́			1
5668	ToroTegu-7459_sandsandysoil-1	ToroTegu		sand, sandy soil	ìsòsúměy	ìsòsú-měy	ì s ò s ú + m ě j			1
5669	YandaDom-7459_sandsandysoil-1	YandaDom		sand, sandy soil	sɔ̀nzɔ̀m	sɔ̀n-zɔ̀-m	s ɔ̀ n + z ɔ̀ + m			1
5670	YornoSo-7459_sandsandysoil-1	YornoSo		sand, sandy soil	sùsǒm	sùsǒ-m	s ù s ǒ + m			1
10301	BenTey-7475_say-1	BenTey		say	gǔyⁿ	ɡǔ	ɡ ǔ			1
10302	Bunoge-7475_say-1	Bunoge		say	ʔúnɛ̀, tá:yè	ʔún-ɛ̀	ʔ ú n + ɛ̀			1
10303	Bunoge-7475_say-2	Bunoge		say	ʔúnɛ̀, tá:yè	tá.áy-è	t á á j + è			1
10304	DogulDomBendiely-7475_say-1	DogulDomBendiely		say	gìnɛ́, pòlé	ɡìn-ɛ́	ɡ ì n + ɛ́			1
10305	DogulDomBendiely-7475_say-2	DogulDomBendiely		say	gìnɛ́, pòlé	pòl-é	p ò l + é			1
10306	DogulDomKundialang-7475_say-1	DogulDomKundialang		say	gìnɛ́, pɔ́lɛ̀	ɡìn-ɛ́	ɡ ì n + ɛ́			1
10307	DogulDomKundialang-7475_say-2	DogulDomKundialang		say	gìnɛ́, pɔ́lɛ̀	pɔ́l-ɛ̀	p ɔ́ l + ɛ̀			1
10308	DonnoSo-7475_say-1	DonnoSo		say	gɛ̌:	ɡɛ̀-ɛ́	ɡ ɛ̀ + ɛ́			1
10309	Gourou-7475_say-1	Gourou		say	gɛ̀	ɡ-ɛ̀	ɡ + ɛ̀			1
10310	JamsayDouentza-7475_say-1	JamsayDouentza		say	gá:, gà, jɛ̀	ɡá-á	ɡ á + á			1
10311	JamsayDouentza-7475_say-2	JamsayDouentza		say	gá:, gà, jɛ̀	ɡà	ɡ à			1
10312	JamsayDouentza-7475_say-3	JamsayDouentza		say	gá:, gà, jɛ̀	dʒ-ɛ̀	d ʒ + ɛ̀			1
10315	Najamba-7475_say-1	Najamba		say	gìnɛ́	ɡìn-ɛ́	ɡ ì n + ɛ́			1
10316	Nanga-7475_say-1	Nanga		say	kíyɛ́	kíy-ɛ́	k í j + ɛ́			1
10317	Penange-7475_say-1	Penange		say	dám ('speak, say'), nɛ́ ('say')	n-ɛ́	n + ɛ́			1
10318	PergeTegu-7475_say-1	PergeTegu		say	gá:	ɡá-á	ɡ á + á			1
10319	TebulUre-7475_say-1	TebulUre		say	tágá (tágátì), jǐn (jǐntì), ɔ́rú (ɔ́rtì)	ɔ́r-ú	ɔ́ r + ú			1
10320	TogoKan-7475_say-1	TogoKan		say	pórù\\pɔ́nɔ́	pɔ́n-ɔ́	p ɔ́ n + ɔ́			1
10321	TommoSoTongoTongo-7475_say-1	TommoSoTongoTongo		say	gɛ̀	ɡ-ɛ̀	ɡ + ɛ̀			1
10322	ToroTegu-7475_say-1	ToroTegu		say	gá\\gá	ɡá	ɡ á			1
10323	YandaDom-7475_say-1	YandaDom		say	dǎm\\dàmàlí, gǔn\\gùnɛ́ ~ gùrⁿɛ́	ɡùr-.nɛ́	ɡ ù r + n ɛ́			1
10324	YandaDom-7475_say-2	YandaDom		say	dǎm\\dàmàlí, gǔn\\gùnɛ́ ~ gùrⁿɛ́	ɡùr-.nɛ́	ɡ ù r + n ɛ́			1
10325	YornoSo-7475_say-1	YornoSo		say	gɛ̌\\gɛ̌	ɡ-ɛ̌	ɡ + ɛ̌			1
14966	BankanTey-7537_scrubwetclothinginwashingsuchthattwosurfacesofthegarmentrubtogetherbackandforth-1	BankanTey		scrub (wet clothing, in washing) such that two surfaces of the garment rub together back and forth	túkúsú xxx	túk-ú-sú	t ú k + ú + s ú			1
14967	BenTey-7537_scrubwetclothinginwashingsuchthattwosurfacesofthegarmentrubtogetherbackandforth-1	BenTey		scrub (wet clothing, in washing) such that two surfaces of the garment rub together back and forth	túgúsó, púgúsí	túɡ-ú-só	t ú ɡ + ú + s ó			1
14968	BenTey-7537_scrubwetclothinginwashingsuchthattwosurfacesofthegarmentrubtogetherbackandforth-2	BenTey		scrub (wet clothing, in washing) such that two surfaces of the garment rub together back and forth	túgúsó, púgúsí	púɡ-ú-sí	p ú ɡ + ú + s í			1
14969	Bunoge-7537_scrubwetclothinginwashingsuchthattwosurfacesofthegarmentrubtogetherbackandforth-1	Bunoge		scrub (wet clothing, in washing) such that two surfaces of the garment rub together back and forth	gígɛ̀	ɡíɡ-ɛ̀	ɡ í ɡ + ɛ̀			1
14970	DonnoSo-7537_scrubwetclothinginwashingsuchthattwosurfacesofthegarmentrubtogetherbackandforth-1	DonnoSo		scrub (wet clothing, in washing) such that two surfaces of the garment rub together back and forth	púgòdò\\púgùdì	púɡ-ò-dò	p ú ɡ + ò + d ò			1
14971	JamsayDouentza-7537_scrubwetclothinginwashingsuchthattwosurfacesofthegarmentrubtogetherbackandforth-1	JamsayDouentza		scrub (wet clothing, in washing) such that two surfaces of the garment rub together back and forth	púgújɔ́	púɡ-ú-dʒ-ɔ́	p ú ɡ + ú + d ʒ + ɔ́			1
14972	Mombo-7537_scrubwetclothinginwashingsuchthattwosurfacesofthegarmentrubtogetherbackandforth-1	Mombo		scrub (wet clothing, in washing) such that two surfaces of the garment rub together back and forth	gúgɛ́	ɡúɡ-ɛ́	ɡ ú ɡ + ɛ́			1
14973	Najamba-7537_scrubwetclothinginwashingsuchthattwosurfacesofthegarmentrubtogetherbackandforth-1	Najamba		scrub (wet clothing, in washing) such that two surfaces of the garment rub together back and forth	túgújɛ́	túɡ-ú-dʒ-ɛ́	t ú ɡ + ú + d ʒ + ɛ́			1
14974	Nanga-7537_scrubwetclothinginwashingsuchthattwosurfacesofthegarmentrubtogetherbackandforth-1	Nanga		scrub (wet clothing, in washing) such that two surfaces of the garment rub together back and forth	túgúsó	túɡ-ú-só	t ú ɡ + ú + s ó			1
14975	Penange-7537_scrubwetclothinginwashingsuchthattwosurfacesofthegarmentrubtogetherbackandforth-1	Penange		scrub (wet clothing, in washing) such that two surfaces of the garment rub together back and forth	gúŋgɛ́	ɡúŋɡ-ɛ́	ɡ ú ŋ ɡ + ɛ́			1
14976	PergeTegu-7537_scrubwetclothinginwashingsuchthattwosurfacesofthegarmentrubtogetherbackandforth-1	PergeTegu		scrub (wet clothing, in washing) such that two surfaces of the garment rub together back and forth	púgúsɔ́	púɡ-ú-sɔ́	p ú ɡ + ú + s ɔ́			1
14977	TebulUre-7537_scrubwetclothinginwashingsuchthattwosurfacesofthegarmentrubtogetherbackandforth-1	TebulUre		scrub (wet clothing, in washing) such that two surfaces of the garment rub together back and forth	túgúdú (túgúdútì)	túɡ-ú-dú	t ú ɡ + ú + d ú			1
14978	Tiranige-7537_scrubwetclothinginwashingsuchthattwosurfacesofthegarmentrubtogetherbackandforth-1	Tiranige		scrub (wet clothing, in washing) such that two surfaces of the garment rub together back and forth	gígɔ́	ɡíɡ-ɔ́	ɡ í ɡ + ɔ́			1
14979	TogoKan-7537_scrubwetclothinginwashingsuchthattwosurfacesofthegarmentrubtogetherbackandforth-1	TogoKan		scrub (wet clothing, in washing) such that two surfaces of the garment rub together back and forth	bùwɔ́	bùw-ɔ́	b ù w + ɔ́			1
14980	TommoSoTongoTongo-7537_scrubwetclothinginwashingsuchthattwosurfacesofthegarmentrubtogetherbackandforth-1	TommoSoTongoTongo		scrub (wet clothing, in washing) such that two surfaces of the garment rub together back and forth	túgúdɔ́	túɡ-ú-dɔ́	t ú ɡ + ú + d ɔ́			1
14981	ToroTegu-7537_scrubwetclothinginwashingsuchthattwosurfacesofthegarmentrubtogetherbackandforth-1	ToroTegu		scrub (wet clothing, in washing) such that two surfaces of the garment rub together back and forth	púgúsú\\púgúsɔ́	púɡ-ú-sɔ́	p ú ɡ + ú + s ɔ́			1
14982	YandaDom-7537_scrubwetclothinginwashingsuchthattwosurfacesofthegarmentrubtogetherbackandforth-1	YandaDom		scrub (wet clothing, in washing) such that two surfaces of the garment rub together back and forth	túgúzɔ́\\túgúzálì	túɡ-ú-zɔ́	t ú ɡ + ú + z ɔ́			1
14983	YornoSo-7537_scrubwetclothinginwashingsuchthattwosurfacesofthegarmentrubtogetherbackandforth-1	YornoSo		scrub (wet clothing, in washing) such that two surfaces of the garment rub together back and forth	yǎmɲɛ́\\yǎmɲú	yǎm-ɲɛ́	j ǎ m + ɲ ɛ́			1
12298	BankanTey-7566_see-1	BankanTey		see	yí	yí	j í			1
12299	BenTey-7566_see-1	BenTey		see	yǐ	yǐ	j ǐ			1
12300	Bunoge-7566_see-1	Bunoge		see	tégè	téɡ-è	t é ɡ + è			1
12301	DogulDomBendiely-7566_see-1	DogulDomBendiely		see	wɛ̀ɛ́	wɛ̀-ɛ́	w ɛ̀ + ɛ́			1
12302	DogulDomKundialang-7566_see-1	DogulDomKundialang		see	wɛ̌:	wɛ̀-ɛ́	w ɛ̀ + ɛ́			1
12303	DonnoSo-7566_see-1	DonnoSo		see	wǎ:\\wɛ́ɛ̀	wɛ́-ɛ̀	w ɛ́ + ɛ̀			1
12304	Gourou-7566_see-1	Gourou		see	ɛ́:	ɛ́.-ɛ́	ɛ́ + ɛ́			1
12305	JamsayDouentza-7566_see-1	JamsayDouentza		see	ɛ̌:	ɛ̀.-ɛ́	ɛ̀ + ɛ́			1
12307	Mombo-7566_see-1	Mombo		see	mályê:	mál--yé.è	m á l + + j é è			1
12308	Najamba-7566_see-1	Najamba		see	yɛ́\\yɛ̀	y-ɛ́	j + ɛ́			1
12309	Nanga-7566_see-1	Nanga		see	yǐ:	yì-í	j ì + í			1
12310	Penange-7566_see-1	Penange		see	málgè	mál-ɡè	m á l + ɡ è			1
12311	PergeTegu-7566_see-1	PergeTegu		see	yɛ̌:\\yɛ̀rí	yɛ̀-ɛ́	j ɛ̀ + ɛ́			1
12312	TebulUre-7566_see-1	TebulUre		see	yí (yíbì or yìsɔ́, neg yǎl)	yí	j í			1
12313	Tiranige-7566_see-1	Tiranige		see	bálíyó	bál-í-yó	b á l + í + j ó			1
12314	TogoKan-7566_see-1	TogoKan		see	ɔ̌:	ɔ̀.-ɔ́	ɔ̀ + ɔ́			1
12315	TommoSoTongoTongo-7566_see-1	TommoSoTongoTongo		see	yɛ̀	y-ɛ̀	j + ɛ̀			1
12316	ToroTegu-7566_see-1	ToroTegu		see	wɔ́\\wɔ́ (Perf2 wɔ̀sɔ́)	w-ɔ́	w + ɔ́			1
12317	YandaDom-7566_see-1	YandaDom		see	wɔ́\\wàlí	w-ɔ́	w + ɔ́			1
12318	YornoSo-7566_see-1	YornoSo		see	yé:\\yé: xxx[chaining yéy ?]	yé-é	j é + é			1
5255	BankanTey-7569_seedstockseedsforsowing-1	BankanTey		seedstock, seeds for sowing	tǒy, kɔ̀ntǒy	tǒy	t ǒ j			1
5256	BankanTey-7569_seedstockseedsforsowing-2	BankanTey		seedstock, seeds for sowing	tǒy, kɔ̀ntǒy	kɔ̀-ntǒ-y	k ɔ̀ + n t ǒ + j			1
5257	BenTey-7569_seedstockseedsforsowing-1	BenTey		seedstock, seeds for sowing	tǒy	tǒy	t ǒ j			1
5258	Bunoge-7569_seedstockseedsforsowing-1	Bunoge		seedstock, seeds for sowing	ʔámgè	ʔám-ɡè	ʔ á m + ɡ è			1
5259	DogulDomKundialang-7569_seedstockseedsforsowing-1	DogulDomKundialang		seedstock, seeds for sowing	núwò	núwò	n ú w ò			1
5260	DonnoSo-7569_seedstockseedsforsowing-1	DonnoSo		seedstock, seeds for sowing	yùgě:	yùɡè.é	j ù ɡ è é			1
5261	Gourou-7569_seedstockseedsforsowing-1	Gourou		seedstock, seeds for sowing	tǒy	tǒy	t ǒ j			1
5262	JamsayDouentza-7569_seedstockseedsforsowing-1	JamsayDouentza		seedstock, seeds for sowing	tǒy	tǒy	t ǒ j			1
5263	Mombo-7569_seedstockseedsforsowing-1	Mombo		seedstock, seeds for sowing	nùgùjí	nùɡù-dʒ-í	n ù ɡ ù + d ʒ + í			1
5264	Najamba-7569_seedstockseedsforsowing-1	Najamba		seedstock, seeds for sowing	tǒyŋgò\\twe᷈:	tǒy-ŋɡ-ò	t ǒ j + ŋ ɡ + ò	t w è è		1
5265	Nanga-7569_seedstockseedsforsowing-1	Nanga		seedstock, seeds for sowing	to᷈:	tò-ò	t ò + ò			1
5266	Penange-7569_seedstockseedsforsowing-1	Penange		seedstock, seeds for sowing	núgúryè	núɡú-ryè	n ú ɡ ú + r j è			1
5267	PergeTegu-7569_seedstockseedsforsowing-1	PergeTegu		seedstock, seeds for sowing	tǒy	tǒy	t ǒ j			1
5268	TebulUre-7569_seedstockseedsforsowing-1	TebulUre		seedstock, seeds for sowing	tǒ:	tò-ó	t ò + ó			1
5269	Tiranige-7569_seedstockseedsforsowing-1	Tiranige		seedstock, seeds for sowing	kɔ̀lɛ̀jɛ́	kɔ̀lɛ̀-dʒ-ɛ́	k ɔ̀ l ɛ̀ + d ʒ + ɛ́			1
5270	TogoKan-7569_seedstockseedsforsowing-1	TogoKan		seedstock, seeds for sowing	nóŋó	nóŋó	n ó ŋ ó			1
5271	TommoSoTongoTongo-7569_seedstockseedsforsowing-1	TommoSoTongoTongo		seedstock, seeds for sowing	dɛ̀ntów	dɛ̀-ntó-w	d ɛ̀ + n t ó + w			1
5273	ToroTegu-7569_seedstockseedsforsowing-1	ToroTegu		seedstock, seeds for sowing	tǒw	tǒw	t ǒ w			1
5274	YandaDom-7569_seedstockseedsforsowing-1	YandaDom		seedstock, seeds for sowing	tòŋ	tòŋ	t ò ŋ			1
5275	YornoSo-7569_seedstockseedsforsowing-1	YornoSo		seedstock, seeds for sowing	dɛ̀rⁿɛ̀tǒy	dɛ̀r.-nɛ̀tǒ-y	d ɛ̀ r + n ɛ̀ t ǒ + j			1
3565	BankanTey-7617_sewwithneedle-1	BankanTey		sew (with needle)	kó	kó	k ó			1
3566	BenTey-7617_sewwithneedle-1	BenTey		sew (with needle)	kúyó	kúy-ó	k ú j + ó			1
3567	Bunoge-7617_sewwithneedle-1	Bunoge		sew (with needle)	kê:	ké-è	k é + è			1
3568	DogulDomKundialang-7617_sewwithneedle-1	DogulDomKundialang		sew (with needle)	ɔ́wɛ̀	ɔ́w-ɛ̀	ɔ́ w + ɛ̀			1
3569	Gourou-7617_sewwithneedle-1	Gourou		sew (with needle)	ásárá	ásár-á	á s á r + á			1
3570	JamsayDouentza-7617_sewwithneedle-1	JamsayDouentza		sew (with needle)	ájárá	ádʒár-á	á d ʒ á r + á			1
3571	Mombo-7617_sewwithneedle-1	Mombo		sew (with needle)	kúyé	kúy-é	k ú j + é			1
3572	Nanga-7617_sewwithneedle-1	Nanga		sew (with needle)	kó:	kó-ó	k ó + ó			1
3573	Penange-7617_sewwithneedle-1	Penange		sew (with needle)	kwé:	kw-éé	k w + é é			1
3574	PergeTegu-7617_sewwithneedle-1	PergeTegu		sew (with needle)	pɛ́:	pɛ́-ɛ́	p ɛ́ + ɛ́			1
3575	TebulUre-7617_sewwithneedle-1	TebulUre		sew (with needle)	pɛ́:y (pɛ́:ytì)	pɛ́.ɛ́y-	p ɛ́ ɛ́ j			1
3576	Tiranige-7617_sewwithneedle-1	Tiranige		sew (with needle)	kó:	kó-ó	k ó + ó			1
3577	TogoKan-7617_sewwithneedle-1	TogoKan		sew (with needle)	tǔⁿ ájìrì	tǔⁿ-á-dʒìr-ì	t ǔ ∼ + á + d ʒ ì r + ì			1
3578	TommoSoTongoTongo-7617_sewwithneedle-1	TommoSoTongoTongo		sew (with needle)	nɔ̌y nɔ́ɔ́	nɔ̌y--nɔ́.ɔ́	n ɔ̌ j + + n ɔ́ ɔ́			1
3580	YornoSo-7617_sewwithneedle-1	YornoSo		sew (with needle)	lɔ́:	lɔ́-ɔ́	l ɔ́ + ɔ́			1
15412	BankanTey-7649_sharpblade-1	BankanTey		sharp (blade)	ɛ́rùm	ɛ́rùm	ɛ́ r ù m			1
15413	BenTey-7649_sharpblade-1	BenTey		sharp (blade)	yágùm, ɛ́rùm	ɛ́rùm	ɛ́ r ù m			1
15414	BenTey-7649_sharpblade-2	BenTey		sharp (blade)	yágùm, ɛ́rùm	ɛ́rùm	ɛ́ r ù m			1
15415	Bunoge-7649_sharpblade-1	Bunoge		sharp (blade)	dɛ̀njì (also 'sweet')	dɛ̀nj-ì	d ɛ̀ n d ʒ + ì			1
15416	DogulDomKundialang-7649_sharpblade-1	DogulDomKundialang		sharp (blade)	síyɔ̀ŋ̀	síyɔ̀ŋ	s í j ɔ̀ ŋ			1
15417	DonnoSo-7649_sharpblade-1	DonnoSo		sharp (blade)	sìndú	sìnd-ú	s ì n d + ú			1
15418	Gourou-7649_sharpblade-1	Gourou		sharp (blade)	ɲéyⁿ	ɲé	ɲ é			1
15419	JamsayDouentza-7649_sharpblade-1	JamsayDouentza		sharp (blade)	érù	ér-ù	é r + ù			1
15421	Mombo-7649_sharpblade-1	Mombo		sharp (blade)	ɲá:ɲá: kánní	ɲá.áɲá.á_kánn-í	ɲ á á ɲ á á + k á n n + í			1
15422	Najamba-7649_sharpblade-1	Najamba		sharp (blade)	ɛ̀líyè\\ɛ̀lúmbò	ɛ̀líy-è	ɛ̀ l í j + è	ɛ̀ l ú + m b ò		1
15423	Nanga-7649_sharpblade-1	Nanga		sharp (blade)	ɛ́rî	ɛ́r-î	ɛ́ r + î			1
15424	Penange-7649_sharpblade-1	Penange		sharp (blade)	nsì:ⁿ	nsì-ìⁿ	n s ì + ì ∼			1
15425	PergeTegu-7649_sharpblade-1	PergeTegu		sharp (blade)	érù	ér-ù	é r + ù			1
15426	Tiranige-7649_sharpblade-1	Tiranige		sharp (blade)	ní:njí (also 'sweet')	ní.ínj-í	n í í n d ʒ + í			1
15427	TogoKan-7649_sharpblade-1	TogoKan		sharp (blade)	ɲí:ɲí	ɲí.íɲ-í	ɲ í í ɲ + í			1
15428	TommoSoTongoTongo-7649_sharpblade-1	TommoSoTongoTongo		sharp (blade)	ɛ́lɛ́lú, yágárú	ɛ́lɛ́l-ú	ɛ́ l ɛ́ l + ú			1
15429	TommoSoTongoTongo-7649_sharpblade-2	TommoSoTongoTongo		sharp (blade)	ɛ́lɛ́lú, yágárú	yáɡár-ú	j á ɡ á r + ú			1
15430	ToroTegu-7649_sharpblade-1	ToroTegu		sharp (blade)	lìsí	lìs-í	l ì s + í			1
15431	YandaDom-7649_sharpblade-1	YandaDom		sharp (blade)	sǐ:ⁿ	sì-íⁿ	s ì + í ∼			1
15432	YornoSo-7649_sharpblade-1	YornoSo		sharp (blade)	ɛ̂:l ~ ɛ́lɛ̀l	ɛ́lɛ̀l	ɛ́ l ɛ̀ l			1
15433	YornoSo-7649_sharpblade-2	YornoSo		sharp (blade)	ɛ̂:l ~ ɛ́lɛ̀l	ɛ́lɛ̀l	ɛ́ l ɛ̀ l			1
190	BankanTey-7675_sheep-1	BankanTey		sheep	pɛ̀rɛ̌m\\pɛ̀rɛ́	pɛ̀rɛ̌-m	p ɛ̀ r ɛ̌ + m	p ɛ̀ r ɛ́		0
191	BenTey-7675_sheep-1	BenTey		sheep	pɛ̀rɛ̌m\\pɛ̀rɛ́	pɛ̀rɛ̌-m	p ɛ̀ r ɛ̌ + m	p ɛ̀ r ɛ́		0
192	Bunoge-7675_sheep-1	Bunoge		sheep	ʔálámà	ʔálá-mà	ʔ á l á + m à			0
193	DogulDomBendiely-7675_sheep-1	DogulDomBendiely		sheep	pésìgì	pésì-ɡì	p é s ì + ɡ ì			0
194	DogulDomKundialang-7675_sheep-1	DogulDomKundialang		sheep	pésgè	pés-ɡè	p é s + ɡ è			0
195	DonnoSo-7675_sheep-1	DonnoSo		sheep	pédù	pédù	p é d ù			0
196	Gourou-7675_sheep-1	Gourou		sheep	pé:zú	pé.ézú	p é é z ú			0
197	JamsayDouentza-7675_sheep-1	JamsayDouentza		sheep	pé:jú	pé.é-dʒ-ú	p é é + d ʒ + ú			0
199	Mombo-7675_sheep-1	Mombo		sheep	ánnà	ánnà	á n n à			0
200	Najamba-7675_sheep-1	Najamba		sheep	pɛ̀gɛ́\\pɛ̀gɛ́mbó	pɛ̀ɡɛ́	p ɛ̀ ɡ ɛ́	p ɛ̀ ɡ ɛ́ + m b ó		0
201	Nanga-7675_sheep-1	Nanga		sheep	pɛ̀rgɛ́	pɛ̀r-ɡɛ́	p ɛ̀ r + ɡ ɛ́			0
202	Penange-7675_sheep-1	Penange		sheep	àlàmùnɔ̀ (y)	àlàmù-nɔ̀	à l à m ù + n ɔ̀	j + à l à m ù n ɔ̀		0
203	PergeTegu-7675_sheep-1	PergeTegu		sheep	pé:sú	pé.ésú	p é é s ú			0
204	TebulUre-7675_sheep-1	TebulUre		sheep	péddè\\pédùmbò	péd-dè	p é d + d è	p é d ù + m b ò		0
205	Tiranige-7675_sheep-1	Tiranige		sheep	ámbá ~ á:ná	á-mb-á	á + m b + á			0
206	Tiranige-7675_sheep-2	Tiranige		sheep	ámbá ~ á:ná	á-áná	á + á n á			0
207	TogoKan-7675_sheep-1	TogoKan		sheep	péjú	pé-dʒ-ú	p é + d ʒ + ú			0
208	TommoSoTongoTongo-7675_sheep-1	TommoSoTongoTongo		sheep	pédú	pédú	p é d ú	p é + d ú m b e		0
211	ToroTegu-7675_sheep-1	ToroTegu		sheep	bɛ̀lú	bɛ̀lú	b ɛ̀ l ú			0
212	YandaDom-7675_sheep-1	YandaDom		sheep	pɛ̀:\\mú	pɛ̀-ɛ̀	p ɛ̀ + ɛ̀	p ɛ̀ ɛ̀ + m ú		0
213	YornoSo-7675_sheep-1	YornoSo		sheep	péjú	pé-dʒ-ú	p é + d ʒ + ú			0
7377	BankanTey-7713_short-1	BankanTey		short	gɔ᷈:	ɡɔ̀-ɔ̀-	ɡ ɔ̀ + ɔ̀			1
7378	BenTey-7713_short-1	BenTey		short	gɔ᷈:w\\gɔ᷈:wm\\gɔ̌:wyɛ̀	ɡɔ̀.ɔ̀.w	ɡ ɔ̀ ɔ̀ w	ɡ ɔ̀ ɔ̀ w + m		1
7379	Bunoge-7713_short-1	Bunoge		short	tùmbù	tùmb-ù	t ù m b + ù			1
7380	DogulDomKundialang-7713_short-1	DogulDomKundialang		short	dènnó	dènn-ó	d è n n + ó			1
7381	DonnoSo-7713_short-1	DonnoSo		short	dùmbú	dùmb-ú	d ù m b + ú			1
7382	Gourou-7713_short-1	Gourou		short	gɔ̌yⁿ	ɡ-ɔ̌	ɡ + ɔ̌			1
7383	JamsayDouentza-7713_short-1	JamsayDouentza		short	gɔ̌yⁿ	ɡ-ɔ̌	ɡ + ɔ̌			1
7385	Mombo-7713_short-1	Mombo		short	dúŋgúrù	dúŋɡúr-ù	d ú ŋ ɡ ú r + ù			1
7386	Najamba-7713_short-1	Najamba		short	dèndú:\\dèndí:	dènd-ú.ú	d è n d + ú ú	d è n d í í		1
7387	Nanga-7713_short-1	Nanga		short	déŋî	déŋ-î	d é ŋ + î			1
7388	Penange-7713_short-1	Penange		short	dùŋgùríyè	dùŋɡùríy-è	d ù ŋ ɡ ù r í j + è			1
7389	PergeTegu-7713_short-1	PergeTegu		short	gɔ̌yⁿ	ɡ-ɔ̌	ɡ + ɔ̌			1
7390	TebulUre-7713_short-1	TebulUre		short	gɔ̯̀ɛ̌:\\gɔ̌ygɔ́\\gɔ̌ymbɔ́	ɡɔɛ̀-ɛ́	ɡ ɔ ɛ̀ + ɛ́	ɡ ɔ̌ j + ɡ ɔ́		1
7391	Tiranige-7713_short-1	Tiranige		short	déŋíwè (Boui), déŋí (Ningo), déŋíbè (Ningo)	déŋíb-è	d é ŋ í b + è			1
7392	TogoKan-7713_short-1	TogoKan		short	dègé	dèɡ-é	d è ɡ + é			1
7393	TommoSoTongoTongo-7713_short-1	TommoSoTongoTongo		short	dùmbú	dùmb-ú	d ù m b + ú			1
7394	ToroTegu-7713_short-1	ToroTegu		short	tùkěy	tùkě-y	t ù k ě + j			1
7395	YandaDom-7713_short-1	YandaDom		short	dùmbù, dènù	dùmb-ù	d ù m b + ù			1
7396	YandaDom-7713_short-2	YandaDom		short	dùmbù, dènù	dèn-ù	d è n + ù			1
7397	YornoSo-7713_short-1	YornoSo		short	dùmìýⁿ	dùmì-jⁿ	d ù m ì + d ʒ ~			1
7236	BankanTey-7753_shutcloseegdoor-1	BankanTey		shut, close (e.g. door)	pí:ⁿ	pí-íⁿ	p í + í ∼			0
7237	BenTey-7753_shutcloseegdoor-1	BenTey		shut, close (e.g. door)	pí:yⁿí	pí-íí	p í + í í			0
7238	Bunoge-7753_shutcloseegdoor-1	Bunoge		shut, close (e.g. door)	dɛ́ŋɛ̀	dɛ́ŋ-ɛ̀	d ɛ́ ŋ + ɛ̀			0
7239	DogulDomBendiely-7753_shutcloseegdoor-1	DogulDomBendiely		shut, close (e.g. door)	ìré	ìr-é	ì r + é			0
7240	DogulDomKundialang-7753_shutcloseegdoor-1	DogulDomKundialang		shut, close (e.g. door)	í:rè	í-írè	í + í r è			0
7241	DonnoSo-7753_shutcloseegdoor-1	DonnoSo		shut, close (e.g. door)	pí:ndè\\pí:ndì	pí.índ-è	p í í n d + è			0
7242	Gourou-7753_shutcloseegdoor-1	Gourou		shut, close (e.g. door)	píné	pín-é	p í n + é			0
7243	JamsayDouentza-7753_shutcloseegdoor-1	JamsayDouentza		shut, close (e.g. door)	píné, lé:	pín-é	p í n + é			0
7244	JamsayDouentza-7753_shutcloseegdoor-2	JamsayDouentza		shut, close (e.g. door)	píné, lé:	lé-é	l é + é			0
7247	Mombo-7753_shutcloseegdoor-1	Mombo		shut, close (e.g. door)	bá:ndè	bá.ánd-è	b á á n d + è			0
7248	Najamba-7753_shutcloseegdoor-1	Najamba		shut, close (e.g. door)	níŋgɛ́	níŋɡ-ɛ́	n í ŋ ɡ + ɛ́			0
7249	Nanga-7753_shutcloseegdoor-1	Nanga		shut, close (e.g. door)	píyⁿí	pí-í	p í + í			0
7250	Penange-7753_shutcloseegdoor-1	Penange		shut, close (e.g. door)	bá:ndè	bá.ánd-è	b á á n d + è			0
7251	PergeTegu-7753_shutcloseegdoor-1	PergeTegu		shut, close (e.g. door)	lé:	lé-é	l é + é			0
7252	TebulUre-7753_shutcloseegdoor-1	TebulUre		shut, close (e.g. door)	píŋí (píŋítì)	píŋ-í	p í ŋ + í			0
7253	Tiranige-7753_shutcloseegdoor-1	Tiranige		shut, close (e.g. door)	ímbɔ́ (Boui), jáyó (Ningo)	dʒáy-ó	d ʒ á j + ó			0
7254	TogoKan-7753_shutcloseegdoor-1	TogoKan		shut, close (e.g. door)	pínɛ́	pín-ɛ́	p í n + ɛ́			0
7255	TommoSoTongoTongo-7753_shutcloseegdoor-1	TommoSoTongoTongo		shut, close (e.g. door)	pííndé	píínd-é	p í í n d + é			0
7256	ToroTegu-7753_shutcloseegdoor-1	ToroTegu		shut, close (e.g. door)	tílú\\tílá	tíl-á	t í l + á			0
7257	YandaDom-7753_shutcloseegdoor-1	YandaDom		shut, close (e.g. door)	pídó	píd-ó	p í d + ó			0
7258	YornoSo-7753_shutcloseegdoor-1	YornoSo		shut, close (e.g. door)	pínɛ́\\pínú	pín-ɛ́	p í n + ɛ́			0
9286	BankanTey-7812_singverbonly-1	BankanTey		sing (verb only)	nùmá	nùm-á	n ù m + á			1
9287	BenTey-7812_singverbonly-1	BenTey		sing (verb only)	nùwⁿɔ́	nùw-.nɔ́	n ù w + n ɔ́			1
9288	Bunoge-7812_singverbonly-1	Bunoge		sing (verb only)	núŋɛ̀	núŋ-ɛ̀	n ú ŋ + ɛ̀			1
9289	DogulDomBendiely-7812_singverbonly-1	DogulDomBendiely		sing (verb only)	nùŋɛ́	nùŋ-ɛ́	n ù ŋ + ɛ́			1
9290	DogulDomKundialang-7812_singverbonly-1	DogulDomKundialang		sing (verb only)	nùŋɛ́	nùŋ-ɛ́	n ù ŋ + ɛ́			1
9291	DonnoSo-7812_singverbonly-1	DonnoSo		sing (verb only)	nùŋó\\núŋè	núŋ-è	n ú ŋ + è			1
9292	Gourou-7812_singverbonly-1	Gourou		sing (verb only)	núŋó	núŋ-ó	n ú ŋ + ó			1
9293	JamsayDouentza-7812_singverbonly-1	JamsayDouentza		sing (verb only)	nùŋó	nùŋ-ó	n ù ŋ + ó			1
9295	Mombo-7812_singverbonly-1	Mombo		sing (verb only)	nwɛ́:	nw-ɛ́ɛ́	n w + ɛ́ ɛ́			1
9296	Najamba-7812_singverbonly-1	Najamba		sing (verb only)	ŋwǎn\\ŋwànè	ŋwà-nè	ŋ w à + n è			1
9297	Nanga-7812_singverbonly-1	Nanga		sing (verb only)	nùŋí	nùŋ-í	n ù ŋ + í			1
9298	Penange-7812_singverbonly-1	Penange		sing (verb only)	nwɛ́:	nw-ɛ́ɛ́	n w + ɛ́ ɛ́			1
9299	PergeTegu-7812_singverbonly-1	PergeTegu		sing (verb only)	núŋgɔ́	núŋɡ-ɔ́	n ú ŋ ɡ + ɔ́			1
9300	TebulUre-7812_singverbonly-1	TebulUre		sing (verb only)	nùŋú (nùŋútì)	nùŋ-ú	n ù ŋ + ú			1
9301	Tiranige-7812_singverbonly-1	Tiranige		sing (verb only)	nɔ́:	nɔ́-ɔ́	n ɔ́ + ɔ́			1
9302	TogoKan-7812_singverbonly-1	TogoKan		sing (verb only)	núŋɔ́	núŋ-ɔ́	n ú ŋ + ɔ́			1
9303	TommoSoTongoTongo-7812_singverbonly-1	TommoSoTongoTongo		sing (verb only)	núyɔ́	núy-ɔ́	n ú j + ɔ́			1
9304	ToroTegu-7812_singverbonly-1	ToroTegu		sing (verb only)	nùŋú\\nùŋɔ́	nùŋ-ɔ́	n ù ŋ + ɔ́			1
9305	YandaDom-7812_singverbonly-1	YandaDom		sing (verb only)	nùŋɔ́\\nùŋàlí ~ nùŋálì	nùŋ-á-lì	n ù ŋ + á + l ì			1
9306	YandaDom-7812_singverbonly-2	YandaDom		sing (verb only)	nùŋɔ́\\nùŋàlí ~ nùŋálì	nùŋ-á-lì	n ù ŋ + á + l ì			1
9307	YornoSo-7812_singverbonly-1	YornoSo		sing (verb only)	nɛ̌:\\nɛ̌:, nìyɛ́\\nìyɛ́	nìy-ɛ́	n ì j + ɛ́			1
2821	BenTey-7822_sitorperchontheedgeegofachair-1	BenTey		sit or perch on the edge (e.g. of a chair)	jɛ̀wrí→ éwyé	dʒɛ-̀wríéwy-é	d ʒ ɛ + w r í é w j + é			1
2822	Mombo-7822_sitorperchontheedgeegofachair-1	Mombo		sit or perch on the edge (e.g. of a chair)	dá:yⁿè:	dá-áè-è	d á + á è + è			1
2823	Najamba-7822_sitorperchontheedgeegofachair-1	Najamba		sit or perch on the edge (e.g. of a chair)	[jèmbí nɛ̀] óbíy, jèmbíl	dʒè-mbíl	d ʒ è + m b í l			1
2824	Najamba-7822_sitorperchontheedgeegofachair-2	Najamba		sit or perch on the edge (e.g. of a chair)	[jèmbí nɛ̀] óbíy, jèmbíl	dʒè-mbíl	d ʒ è + m b í l			1
2825	PergeTegu-7822_sitorperchontheedgeegofachair-1	PergeTegu		sit or perch on the edge (e.g. of a chair)	jèwrí→ dènjé	dʒèwrí-dènj-é	d ʒ è w r í + d è n d ʒ + é			1
2826	TogoKan-7822_sitorperchontheedgeegofachair-1	TogoKan		sit or perch on the edge (e.g. of a chair)	kírⁿì dɛ̀ŋî:	kír.nì-dɛ̀ŋí.ì	k í r ∼ ì + d ɛ̀ ŋ í ì			1
2827	TommoSoTongoTongo-7822_sitorperchontheedgeegofachair-1	TommoSoTongoTongo		sit or perch on the edge (e.g. of a chair)	gèmbìlíni dànníyɛ́	ɡèmbìl-í-ni-dà-n-n-í-y-ɛ́	ɡ è m b ì l + í + n i + d à + n + n + í + j + ɛ́			1
2828	YandaDom-7822_sitorperchontheedgeegofachair-1	YandaDom		sit or perch on the edge (e.g. of a chair)	[cédú nà] óbíyó	tʃéd-ú-nà-ó-b-í-yó	t ʃ é d + ú + n à + ó + b + í + j ó			1
2829	YornoSo-7822_sitorperchontheedgeegofachair-1	YornoSo		sit or perch on the edge (e.g. of a chair)	gèbègé→ dàyⁿɛ́:	ɡèb-èɡé-dàɛ́.ɛ́	ɡ è b + è ɡ é + d à ɛ́ ɛ́			1
1008	BankanTey-7840_skin-1	BankanTey		skin	gùsú	ɡùsú	ɡ ù s ú			1
1009	BenTey-7840_skin-1	BenTey		skin	gùsú	ɡùsú	ɡ ù s ú			1
1010	Bunoge-7840_skin-1	Bunoge		skin	gwí (gwî: nɔ̀)	ɡwí	ɡ w í	ɡ w í ì + n ɔ̀		1
1011	DogulDomBendiely-7840_skin-1	DogulDomBendiely		skin	gúzúgú	ɡúzú-ɡú	ɡ ú z ú + ɡ ú			1
1012	DogulDomKundialang-7840_skin-1	DogulDomKundialang		skin	gùsgú	ɡùs-ɡú	ɡ ù s + ɡ ú			1
1013	DonnoSo-7840_skin-1	DonnoSo		skin	gùdú	ɡùdú	ɡ ù d ú			1
1014	Gourou-7840_skin-1	Gourou		skin	gùsú	ɡùsú	ɡ ù s ú			1
1015	JamsayDouentza-7840_skin-1	JamsayDouentza		skin	gùjú	ɡù-dʒ-ú	ɡ ù + d ʒ + ú			1
1017	Mombo-7840_skin-1	Mombo		skin	gújù	ɡú-dʒù	ɡ ú + d ʒ ù			1
1018	Najamba-7840_skin-1	Najamba		skin	gùjú\\gùjé	ɡù-dʒ-ú	ɡ ù + d ʒ + ú	ɡ ù d ʒ é		1
1019	Nanga-7840_skin-1	Nanga		skin	gùsí	ɡùsí	ɡ ù s í			1
1020	Penange-7840_skin-1	Penange		skin	gùjù	ɡù-dʒù	ɡ ù + d ʒ ù			1
1021	PergeTegu-7840_skin-1	PergeTegu		skin	gùsú	ɡùsú	ɡ ù s ú			1
1022	TebulUre-7840_skin-1	TebulUre		skin	gùdùgó	ɡùdù-ɡó	ɡ ù d ù + ɡ ó			1
1023	Tiranige-7840_skin-1	Tiranige		skin	gwí: (Boui), gúy (Ningo)	ɡúy	ɡ ú j			1
1024	TogoKan-7840_skin-1	TogoKan		skin	gùjú	ɡù-dʒ-ú	ɡ ù + d ʒ + ú			1
1025	TommoSoTongoTongo-7840_skin-1	TommoSoTongoTongo		skin	gùdú	ɡùdú	ɡ ù d ú			1
1028	ToroTegu-7840_skin-1	ToroTegu		skin	gùsú	ɡùsú	ɡ ù s ú			1
1029	YandaDom-7840_skin-1	YandaDom		skin	gùzù	ɡùzù	ɡ ù z ù			1
1030	YornoSo-7840_skin-1	YornoSo		skin	gùjú	ɡù-dʒ-ú	ɡ ù + d ʒ + ú			1
396	BankanTey-7841_skinandbutchercarcassofslaughteredanimal-1	BankanTey		skin and butcher (carcass of slaughtered animal)	pándí	pánd-í	p á n d + í			0
397	BenTey-7841_skinandbutchercarcassofslaughteredanimal-1	BenTey		skin and butcher (carcass of slaughtered animal)	pó, pálí, úrɔ́	pó	p ó			0
398	BenTey-7841_skinandbutchercarcassofslaughteredanimal-2	BenTey		skin and butcher (carcass of slaughtered animal)	pó, pálí, úrɔ́	pál-í	p á l + í			0
399	BenTey-7841_skinandbutchercarcassofslaughteredanimal-3	BenTey		skin and butcher (carcass of slaughtered animal)	pó, pálí, úrɔ́	úr-ɔ́	ú r + ɔ́			0
400	Bunoge-7841_skinandbutchercarcassofslaughteredanimal-1	Bunoge		skin and butcher (carcass of slaughtered animal)	ʔɔ́rɛ̀	ʔɔ́r-ɛ̀	ʔ ɔ́ r + ɛ̀			0
401	DogulDomBendiely-7841_skinandbutchercarcassofslaughteredanimal-1	DogulDomBendiely		skin and butcher (carcass of slaughtered animal)	kɛ̀sɛ́	kɛ̀s-ɛ́	k ɛ̀ s + ɛ́			0
402	DogulDomKundialang-7841_skinandbutchercarcassofslaughteredanimal-1	DogulDomKundialang		skin and butcher (carcass of slaughtered animal)	úrɛ̀	úr-ɛ̀	ú r + ɛ̀			0
403	DonnoSo-7841_skinandbutchercarcassofslaughteredanimal-1	DonnoSo		skin and butcher (carcass of slaughtered animal)	ùrɔ́\\úrɛ̀	úr-ɛ̀	ú r + ɛ̀			0
404	Gourou-7841_skinandbutchercarcassofslaughteredanimal-1	Gourou		skin and butcher (carcass of slaughtered animal)	pɔ́:	pɔ́-ɔ́	p ɔ́ + ɔ́			0
405	JamsayDouentza-7841_skinandbutchercarcassofslaughteredanimal-1	JamsayDouentza		skin and butcher (carcass of slaughtered animal)	páná	pán-á	p á n + á			0
407	Mombo-7841_skinandbutchercarcassofslaughteredanimal-1	Mombo		skin and butcher (carcass of slaughtered animal)	tɔ́lɛ́	tɔ́l-ɛ́	t ɔ́ l + ɛ́			0
408	Najamba-7841_skinandbutchercarcassofslaughteredanimal-1	Najamba		skin and butcher (carcass of slaughtered animal)	tɔ́nɛ́	tɔ́n-ɛ́	t ɔ́ n + ɛ́			0
409	Nanga-7841_skinandbutchercarcassofslaughteredanimal-1	Nanga		skin and butcher (carcass of slaughtered animal)	úrɔ́, pándí	úr-ɔ́	ú r + ɔ́			0
410	Nanga-7841_skinandbutchercarcassofslaughteredanimal-2	Nanga		skin and butcher (carcass of slaughtered animal)	úrɔ́, pándí	pánd-í	p á n d + í			0
411	Penange-7841_skinandbutchercarcassofslaughteredanimal-1	Penange		skin and butcher (carcass of slaughtered animal)	tɔ́lɛ́	tɔ́l-ɛ́	t ɔ́ l + ɛ́			0
412	PergeTegu-7841_skinandbutchercarcassofslaughteredanimal-1	PergeTegu		skin and butcher (carcass of slaughtered animal)	pálá	pál-á	p á l + á			0
413	TebulUre-7841_skinandbutchercarcassofslaughteredanimal-1	TebulUre		skin and butcher (carcass of slaughtered animal)	ùrɔ́ (ùrɔ́tì)	ùr-ɔ́	ù r + ɔ́			0
414	Tiranige-7841_skinandbutchercarcassofslaughteredanimal-1	Tiranige		skin and butcher (carcass of slaughtered animal)	tɔ́nɔ́	tɔ́n-ɔ́	t ɔ́ n + ɔ́			0
415	TogoKan-7841_skinandbutchercarcassofslaughteredanimal-1	TogoKan		skin and butcher (carcass of slaughtered animal)	pɔ́:	pɔ́-ɔ́	p ɔ́ + ɔ́			0
416	TommoSoTongoTongo-7841_skinandbutchercarcassofslaughteredanimal-1	TommoSoTongoTongo		skin and butcher (carcass of slaughtered animal)	úrɔ́	úr-ɔ́	ú r + ɔ́			0
419	ToroTegu-7841_skinandbutchercarcassofslaughteredanimal-1	ToroTegu		skin and butcher (carcass of slaughtered animal)	wòrú\\wòró	wòr-ó	w ò r + ó			0
420	YandaDom-7841_skinandbutchercarcassofslaughteredanimal-1	YandaDom		skin and butcher (carcass of slaughtered animal)	pánú\\pánálì	pán-á-lì	p á n + á + l ì			0
421	YornoSo-7841_skinandbutchercarcassofslaughteredanimal-1	YornoSo		skin and butcher (carcass of slaughtered animal)	úrɔ́\\úrɔ́ xxx[chaining]	úr-ɔ́	ú r + ɔ́			0
6530	BankanTey-7848_sky-1	BankanTey		sky	yàrí:	yàrí.í	j à r í í			1
6531	BenTey-7848_sky-1	BenTey		sky	yàrǐ:, yàrí	yàrí	j à r í			1
6532	BenTey-7848_sky-2	BenTey		sky	yàrǐ:, yàrí	yàrí	j à r í			1
6533	Bunoge-7848_sky-1	Bunoge		sky	ʔáŋkóŋgò	ʔá-ŋkó-ŋɡ-ò	ʔ á + ŋ k ó + ŋ ɡ + ò			1
6534	DogulDomBendiely-7848_sky-1	DogulDomBendiely		sky	álàgùl, álàgùlù	álàɡù-lù	á l à ɡ ù + l ù			1
6535	DogulDomKundialang-7848_sky-1	DogulDomKundialang		sky	álgùl	álɡù-l	á l ɡ ù + l			1
6536	DonnoSo-7848_sky-1	DonnoSo		sky	álùgùnù	álùɡù-nù	á l ù ɡ ù + n ù			1
6537	Gourou-7848_sky-1	Gourou		sky	yèrmáná	yèr-máná	j è r + m á n á			1
6538	JamsayDouentza-7848_sky-1	JamsayDouentza		sky	yàrùmáná, yɛ̀rùmáná	yàrù-máná	j à r ù + m á n á			1
6539	JamsayDouentza-7848_sky-2	JamsayDouentza		sky	yàrùmáná, yɛ̀rùmáná	yɛ̀rù-máná	j ɛ̀ r ù + m á n á			1
6541	Mombo-7848_sky-1	Mombo		sky	àmànà kó:ló	àmànà_kó.óló	à m à n à + k ó ó l ó			1
6542	Najamba-7848_sky-1	Najamba		sky	àjǎn	à-dʒǎ-n	à + d ʒ ǎ + n			1
6543	Nanga-7848_sky-1	Nanga		sky	yàrí	yàrí	j à r í			1
6544	Penange-7848_sky-1	Penange		sky	àmànà kó:lò  ("God's above")	àmànà_kó.ólò	à m à n à + k ó ó l ò			1
6545	PergeTegu-7848_sky-1	PergeTegu		sky	yàrkú:	yàr-kú.ú	j à r + k ú ú			1
6546	TebulUre-7848_sky-1	TebulUre		sky	óngó	ónɡó	ó n ɡ ó			1
6547	Tiranige-7848_sky-1	Tiranige		sky	á: dàná ("God's head")	á.á_dàná	á á + d à n á			1
6548	TogoKan-7848_sky-1	TogoKan		sky	àràkárá	àràká-rá	à r à k á + r á			1
6549	TommoSoTongoTongo-7848_sky-1	TommoSoTongoTongo		sky	àlàkàlá	àlàkà-lá	à l à k à + l á			1
6550	ToroTegu-7848_sky-1	ToroTegu		sky	àlkǔmnɔ̀	àlkǔ-mnɔ̀	à l k ǔ + m n ɔ̀			1
6551	YandaDom-7848_sky-1	YandaDom		sky	àzàgàlà	àzàɡà-là	à z à ɡ à + l à			1
6552	YornoSo-7848_sky-1	YornoSo		sky	àlgálá	àlɡá-lá	à l ɡ á + l á			1
8845	BankanTey-7861_slave-1	BankanTey		slave	gùndǎm\\gùndá	ɡù-ndǎ-m	ɡ ù + n d ǎ + m	ɡ ù n d á		0
8846	BenTey-7861_slave-1	BenTey		slave	gùlɔ̌m\\gùlɔ́	ɡùlɔ̌-m	ɡ ù l ɔ̌ + m	ɡ ù l ɔ́		0
8847	Bunoge-7861_slave-1	Bunoge		slave	kɔ́mbɛ̀	kɔ́-mb-ɛ̀	k ɔ́ + m b + ɛ̀			0
8848	DogulDomBendiely-7861_slave-1	DogulDomBendiely		slave	gùnnó	ɡùn-nó	ɡ ù n + n ó			0
8849	DogulDomKundialang-7861_slave-1	DogulDomKundialang		slave	gùnnɔ́	ɡùn-nɔ́	ɡ ù n + n ɔ́			0
8850	DonnoSo-7861_slave-1	DonnoSo		slave	gùnnɔ̀nɔ́	ɡùn-nɔ̀nɔ́	ɡ ù n + n ɔ̀ n ɔ́			0
8851	Gourou-7861_slave-1	Gourou		slave	gùnón	ɡùnó-n	ɡ ù n ó + n			0
8852	JamsayDouentza-7861_slave-1	JamsayDouentza		slave	gùnón, nɛ́mnɛ́n	nɛ́m-nɛ́n	n ɛ́ m + n ɛ́ n			0
8853	JamsayDouentza-7861_slave-2	JamsayDouentza		slave	gùnón, nɛ́mnɛ́n	nɛ́m-nɛ́n	n ɛ́ m + n ɛ́ n			0
8855	Mombo-7861_slave-1	Mombo		slave	gúndà	ɡú-nd-à	ɡ ú + n d + à			0
8856	Najamba-7861_slave-1	Najamba		slave	gùndɛ́\\gùndàwó:, gùndɛ́\\gùndɛ́mbó	ɡù-nd-ɛ́	ɡ ù + n d + ɛ́	ɡ ù n d ɛ́ + m b ó		0
8857	Nanga-7861_slave-1	Nanga		slave	gùndá	ɡù-nd-á	ɡ ù + n d + á			0
8858	Penange-7861_slave-1	Penange		slave	gùndà	ɡù-nd-à	ɡ ù + n d + à			0
8859	PergeTegu-7861_slave-1	PergeTegu		slave	gùlɔ̌n\\gùlɔ̌m	ɡùlɔ̌-n	ɡ ù l ɔ̌ + n	ɡ ù l ɔ̌ + m		0
8860	TebulUre-7861_slave-1	TebulUre		slave	gùndɔ́\\gùndɔ̀mbɔ́	ɡù-nd-ɔ́	ɡ ù + n d + ɔ́	ɡ ù n d ɔ̀ + m b ɔ́		0
8861	Tiranige-7861_slave-1	Tiranige		slave	kɔ́mɛ́	kɔ́-mɛ́	k ɔ́ + m ɛ́			0
8862	TogoKan-7861_slave-1	TogoKan		slave	gùnɔ́	ɡùnɔ́	ɡ ù n ɔ́			0
8863	TommoSoTongoTongo-7861_slave-1	TommoSoTongoTongo		slave	gùnnɔ̀nɔ́ \\ gùnnɔ̌m	ɡùn-nɔ̀nɔ́	ɡ ù n + n ɔ̀ n ɔ́	ɡ ù n n ɔ̌ + m		0
8864	ToroTegu-7861_slave-1	ToroTegu		slave	gùnɔ́	ɡùnɔ́	ɡ ù n ɔ́			0
8865	YandaDom-7861_slave-1	YandaDom		slave	gùnò\\mù	ɡùnò	ɡ ù n ò	ɡ ù n ò + m ù		0
8866	YornoSo-7861_slave-1	YornoSo		slave	gùnɔ̀nɛ́\\gùnɔ̀ḿ	ɡùnɔ̀-nɛ́	ɡ ù n ɔ̀ + n ɛ́	ɡ ù n ɔ̀ + ḿ		0
7324	BankanTey-8032_smalllittle-1	BankanTey		small, little	sàndâm\\sàndâ:	sàndâm	s à n d â m	s à n d á à		1
7325	BenTey-8032_smalllittle-1	BenTey		small, little	dâ:w\\dâ:m\\dâ:, tɛ᷈:, sàlâ:\\sàlâm\\sàlâ:, ìlâ:\\ìlâm\\ìlâ:	ìlá-à	ì l á + à	ì l á à		1
7326	Bunoge-8032_smalllittle-1	Bunoge		small, little	dà:mbè	dà.àmb-è	d à à m b + è			1
7327	DogulDomBendiely-8032_smalllittle-1	DogulDomBendiely		small, little	dáág, dàgéégù	dàɡééɡ-ù	d à ɡ é é ɡ + ù			1
7328	DogulDomKundialang-8032_smalllittle-1	DogulDomKundialang		small, little	dâ:g (dá:gù), dà:gè:gú (dà:gě:g), ɔ́rɛ̀:g(ù) ('tiny')	ɔ́rɛ̀.ɛ̀ɡ	ɔ́ r ɛ̀ ɛ̀ ɡ			1
7329	DonnoSo-8032_smalllittle-1	DonnoSo		small, little	ùdú, ùdî:, dây	ùd-ú	ù d + ú			1
7330	DonnoSo-8032_smalllittle-2	DonnoSo		small, little	ùdú, ùdî:, dây	dâ-y	d â + j			1
7331	DonnoSo-8032_smalllittle-3	DonnoSo		small, little	ùdú, ùdî:, dây	dâ-y	d â + j			1
7332	Gourou-8032_smalllittle-1	Gourou		small, little	dáɣá	dáɣ-á	d á ɣ + á			1
7333	JamsayDouentza-8032_smalllittle-1	JamsayDouentza		small, little	těyⁿ, dáɣá, jì:ⁿlɛ́	dʒì.ìⁿl-ɛ́	d ʒ ì ì ∼ l + ɛ́			1
7334	JamsayDouentza-8032_smalllittle-2	JamsayDouentza		small, little	těyⁿ, dáɣá, jì:ⁿlɛ́	dáɣ-á	d á ɣ + á			1
7335	Mombo-8032_smalllittle-1	Mombo		small, little	dé:jé	dé.éd-ʒé	d é é d + ʒ é			1
7336	Najamba-8032_smalllittle-1	Najamba		small, little	pàlɛ̂:\\pàlâ:	pàlɛ́.ɛ̀	p à l ɛ́ ɛ̀	p à l á à		1
7337	Nanga-8032_smalllittle-1	Nanga		small, little	ɛ̀wrɛ́, tɛ̀gɛ̂, dágá	ɛ̀wr-ɛ́	ɛ̀ w r + ɛ́			1
7338	Nanga-8032_smalllittle-2	Nanga		small, little	ɛ̀wrɛ́, tɛ̀gɛ̂, dágá	dáɡ-á	d á ɡ + á			1
7339	Penange-8032_smalllittle-1	Penange		small, little	ŋkà:líyè	ŋkà.àlíy-è	ŋ k à à l í j + è			1
7340	PergeTegu-8032_smalllittle-1	PergeTegu		small, little	dágá, tɛ̌yⁿ	t-ɛ̌	t + ɛ̌			1
7341	TebulUre-8032_smalllittle-1	TebulUre		small, little	sɛ̀gɛ́\\sɛ̀gɛ́mbɔ̀	sɛ̀ɡ-ɛ́	s ɛ̀ ɡ + ɛ́	s ɛ̀ ɡ ɛ́ + m b ɔ̀		1
7342	Tiranige-8032_smalllittle-1	Tiranige		small, little	wéníwè (Boui), wéníbè (Ningo)	wéníb-è	w é n í b + è			1
7343	TogoKan-8032_smalllittle-1	TogoKan		small, little	ùjú, ùjíⁿ, sìⁿsí:ⁿ, dágá, kɛ̌n	kɛ̌n	k ɛ̌ n			1
7344	TogoKan-8032_smalllittle-2	TogoKan		small, little	ùjú, ùjíⁿ, sìⁿsí:ⁿ, dágá, kɛ̌n	kɛ̌n	k ɛ̌ n			1
7345	TommoSoTongoTongo-8032_smalllittle-1	TommoSoTongoTongo		small, little	dàgí, gààlɛ̀ý	ɡààlɛ̀j	ɡ à à l ɛ̀ d ʒ			1
7346	ToroTegu-8032_smalllittle-1	ToroTegu		small, little	tɛ̀gɛ̌y	tɛ̀ɡɛ̌-y	t ɛ̀ ɡ ɛ̌ + j			1
7347	YandaDom-8032_smalllittle-1	YandaDom		small, little	bèbélè, dàgá, kùnà	bèbél-è	b è b é l + è			1
7348	YandaDom-8032_smalllittle-2	YandaDom		small, little	bèbélè, dàgá, kùnà	kùn-à	k ù n + à			1
7349	YandaDom-8032_smalllittle-3	YandaDom		small, little	bèbélè, dàgá, kùnà	kùn-à	k ù n + à			1
7350	YornoSo-8032_smalllittle-1	YornoSo		small, little	ùjìý, dágà, gà:làý	ɡà.àlàj	ɡ à à l à d ʒ			1
4881	BankanTey-8042_smoke-1	BankanTey		smoke	kùkúmbó	kùkú-mb-ó	k ù k ú + m b + ó			1
4882	BenTey-8042_smoke-1	BenTey		smoke	kùkùmbó	kùkù-mb-ó	k ù k ù + m b + ó			1
4883	Bunoge-8042_smoke-1	Bunoge		smoke	kúyè	kúyè	k ú j è			1
4884	DogulDomBendiely-8042_smoke-1	DogulDomBendiely		smoke	kùmmɛ́	kùm-mɛ́	k ù m + m ɛ́			1
4885	DogulDomKundialang-8042_smoke-1	DogulDomKundialang		smoke	kùmmé	kùm-mé	k ù m + m é			1
4886	DonnoSo-8042_smoke-1	DonnoSo		smoke	kùmmɔ́	kùm-mɔ́	k ù m + m ɔ́			1
4887	Gourou-8042_smoke-1	Gourou		smoke	kùkùmó	kùkù-mó	k ù k ù + m ó			1
4888	JamsayDouentza-8042_smoke-1	JamsayDouentza		smoke	kùkùmɔ́	kùkù-mɔ́	k ù k ù + m ɔ́			1
4890	Mombo-8042_smoke-1	Mombo		smoke	kúmbè	kú-mb-è	k ú + m b + è			1
4891	Najamba-8042_smoke-1	Najamba		smoke	kùmbú\\kùmbí	kù-mb-ú	k ù + m b + ú	k ù m b í		1
4892	Nanga-8042_smoke-1	Nanga		smoke	kùmbó	kù-mb-ó	k ù + m b + ó			1
4893	Penange-8042_smoke-1	Penange		smoke	kùmbè	kù-mb-è	k ù + m b + è			1
4894	PergeTegu-8042_smoke-1	PergeTegu		smoke	kùkùmbó	kùkù-mb-ó	k ù k ù + m b + ó			1
4895	TebulUre-8042_smoke-1	TebulUre		smoke	kùmbó	kù-mb-ó	k ù + m b + ó			1
4896	Tiranige-8042_smoke-1	Tiranige		smoke	kúmú	kú-mú	k ú + m ú			1
4897	TogoKan-8042_smoke-1	TogoKan		smoke	kùkúmó	kùkú-mó	k ù k ú + m ó			1
4898	TommoSoTongoTongo-8042_smoke-1	TommoSoTongoTongo		smoke	kùmmɔ́	kùm-mɔ́	k ù m + m ɔ́			1
4900	ToroTegu-8042_smoke-1	ToroTegu		smoke	kúmó	kú-mó	k ú + m ó			1
4901	YandaDom-8042_smoke-1	YandaDom		smoke	kùmò	kù-mò	k ù + m ò			1
4902	YornoSo-8042_smoke-1	YornoSo		smoke	kùmɔ́	kù-mɔ́	k ù + m ɔ́			1
15272	BankanTey-8047_smoothsleekadjective-1	BankanTey		smooth, sleek (adjective)	órùm	órùm	ó r ù m			1
15273	BenTey-8047_smoothsleekadjective-1	BenTey		smooth, sleek (adjective)	órùm	órùm	ó r ù m			1
15274	Bunoge-8047_smoothsleekadjective-1	Bunoge		smooth, sleek (adjective)	bòràllàgà	bòràllàɡ-à	b ò r à l l à ɡ + à			1
15275	DogulDomBendiely-8047_smoothsleekadjective-1	DogulDomBendiely		smooth, sleek (adjective)	ónònò	ónòn-ò	ó n ò n + ò			1
15276	DogulDomKundialang-8047_smoothsleekadjective-1	DogulDomKundialang		smooth, sleek (adjective)	ɔ́nɔ̀nɔ̀ŋ̀	ɔ́nɔ̀nɔ̀ŋ	ɔ́ n ɔ̀ n ɔ̀ ŋ			1
15277	DonnoSo-8047_smoothsleekadjective-1	DonnoSo		smooth, sleek (adjective)	ɔ́nɔ̀nɔ̀	ɔ́nɔ̀n-ɔ̀	ɔ́ n ɔ̀ n + ɔ̀			1
15278	Gourou-8047_smoothsleekadjective-1	Gourou		smooth, sleek (adjective)	ònùrú	ònùr-ú	ò n ù r + ú			1
15279	JamsayDouentza-8047_smoothsleekadjective-1	JamsayDouentza		smooth, sleek (adjective)	ònùrⁿú	ònùr.n-ú	ò n ù r ∼ + ú			1
15281	Mombo-8047_smoothsleekadjective-1	Mombo		smooth, sleek (adjective)	ɔ́nɔ́nɔ́	ɔ́nɔ́n-ɔ́	ɔ́ n ɔ́ n + ɔ́			1
15282	Najamba-8047_smoothsleekadjective-1	Najamba		smooth, sleek (adjective)	ónànà = ónànɛ̀:\\ónànàŋgè	ónànɛ̀-ɛ̀	ó n à n ɛ̀ + ɛ̀	ó n à n à + ŋ ɡ è		1
15283	Nanga-8047_smoothsleekadjective-1	Nanga		smooth, sleek (adjective)	órî	ór-î	ó r + î			1
15284	Penange-8047_smoothsleekadjective-1	Penange		smooth, sleek (adjective)	ɔ̀nànà	ɔ̀nàn-à	ɔ̀ n à n + à			1
15285	PergeTegu-8047_smoothsleekadjective-1	PergeTegu		smooth, sleek (adjective)	órùm	órùm	ó r ù m			1
15286	TebulUre-8047_smoothsleekadjective-1	TebulUre		smooth, sleek (adjective)	ɔ́rⁿɔ́nɛ̀://ɔ́rⁿɔ́ngɔ̀//ɔ́rⁿɔ́nbɔ̀	ɔ́r.nɔ́nɛ̀.ɛ̀	ɔ́ r ∼ ɔ́ n ɛ̀ ɛ̀	ɔ́ r ∼ ɔ́ n + b ɔ̀		1
15287	Tiranige-8047_smoothsleekadjective-1	Tiranige		smooth, sleek (adjective)	búrádá	búrád-á	b ú r á d + á			1
15288	TogoKan-8047_smoothsleekadjective-1	TogoKan		smooth, sleek (adjective)	ɔ̀rⁿɔ́nɔ́nɔ́	ɔ̀r.nɔ́nɔ́n-ɔ́	ɔ̀ r ∼ ɔ́ n ɔ́ n + ɔ́			1
15289	TommoSoTongoTongo-8047_smoothsleekadjective-1	TommoSoTongoTongo		smooth, sleek (adjective)	ɔ̀rɔ̌y	ɔ̀rɔ̌-y	ɔ̀ r ɔ̌ + j			1
15290	ToroTegu-8047_smoothsleekadjective-1	ToroTegu		smooth, sleek (adjective)	òlú	òl-ú	ò l + ú			1
15291	YandaDom-8047_smoothsleekadjective-1	YandaDom		smooth, sleek (adjective)	ɔ̀rⁿɔ̀ndú	ɔ̀r.nɔ̀nd-ú	ɔ̀ r ∼ ɔ̀ n d + ú			1
15292	YornoSo-8047_smoothsleekadjective-1	YornoSo		smooth, sleek (adjective)	ɔ́rɔ̀y	ɔ́rɔ̀-y	ɔ́ r ɔ̀ + j			1
5610	BankanTey-8099_soildirtearthsubstance-1	BankanTey		soil, dirt, earth (substance)	sùmbǎy	sù-mbǎ-y	s ù + m b ǎ + j			1
5611	BenTey-8099_soildirtearthsubstance-1	BenTey		soil, dirt, earth (substance)	sùmǒy [y unnasalized]	sùmǒ-y	s ù m ǒ + j			1
5612	DogulDomBendiely-8099_soildirtearthsubstance-1	DogulDomBendiely		soil, dirt, earth (substance)	sòònnó	sòòn-nó	s ò ò n + n ó			1
5613	DogulDomKundialang-8099_soildirtearthsubstance-1	DogulDomKundialang		soil, dirt, earth (substance)	sɔ̀nnɔ́	sɔ̀n-nɔ́	s ɔ̀ n + n ɔ́			1
5614	DonnoSo-8099_soildirtearthsubstance-1	DonnoSo		soil, dirt, earth (substance)	táy	táy	t á j			1
5615	JamsayDouentza-8099_soildirtearthsubstance-1	JamsayDouentza		soil, dirt, earth (substance)	ùjùbǎy	ù-dʒù-bǎ-y	ù + d ʒ ù + b ǎ + j			1
5616	Mombo-8099_soildirtearthsubstance-1	Mombo		soil, dirt, earth (substance)	sôy	sôy	s ô j			1
5617	Najamba-8099_soildirtearthsubstance-1	Najamba		soil, dirt, earth (substance)	sónàŋgò\\sónà	sónà-ŋɡ-ò	s ó n à + ŋ ɡ + ò	s ó n à		1
5618	Nanga-8099_soildirtearthsubstance-1	Nanga		soil, dirt, earth (substance)	sɔ̀:mbɔ́	sɔ̀.ɔ̀-mb-ɔ́	s ɔ̀ ɔ̀ + m b + ɔ́			1
5619	PergeTegu-8099_soildirtearthsubstance-1	PergeTegu		soil, dirt, earth (substance)	ùsùbǎy	ùsùbǎ-y	ù s ù b ǎ + j			1
5620	TebulUre-8099_soildirtearthsubstance-1	TebulUre		soil, dirt, earth (substance)	jìná:	dʒì-n-á.á	d ʒ ì + n + á á			1
5621	Tiranige-8099_soildirtearthsubstance-1	Tiranige		soil, dirt, earth (substance)	tágú	táɡú	t á ɡ ú			1
5622	TogoKan-8099_soildirtearthsubstance-1	TogoKan		soil, dirt, earth (substance)	òsóró	òsóró	ò s ó r ó			1
5623	TommoSoTongoTongo-8099_soildirtearthsubstance-1	TommoSoTongoTongo		soil, dirt, earth (substance)	mìnnɛ́	mìn-nɛ́	m ì n + n ɛ́			1
5624	ToroTegu-8099_soildirtearthsubstance-1	ToroTegu		soil, dirt, earth (substance)	ìsó	ìsó	ì s ó			1
5625	YandaDom-8099_soildirtearthsubstance-1	YandaDom		soil, dirt, earth (substance)	dɔ̌y	dɔ̌y	d ɔ̌ j			1
5626	YornoSo-8099_soildirtearthsubstance-1	YornoSo		soil, dirt, earth (substance)	ìjìbǎy	ì-dʒì-bǎ-y	ì + d ʒ ì + b ǎ + j			1
10244	BankanTey-8173_speakverbonly-1	BankanTey		speak (verb only)	té:	té-é	t é + é			0
10245	BenTey-8173_speakverbonly-1	BenTey		speak (verb only)	tégé	téɡ-é	t é ɡ + é			0
10246	Bunoge-8173_speakverbonly-1	Bunoge		speak (verb only)	tágè, tá:yè	táɡ-è	t á ɡ + è			0
10247	Bunoge-8173_speakverbonly-2	Bunoge		speak (verb only)	tágè, tá:yè	tá.áy-è	t á á j + è			0
10248	DogulDomBendiely-8173_speakverbonly-1	DogulDomBendiely		speak (verb only)	dàmɛ́	dàm-ɛ́	d à m + ɛ́			0
10249	DogulDomKundialang-8173_speakverbonly-1	DogulDomKundialang		speak (verb only)	dàmé	dàm-é	d à m + é			0
10250	DonnoSo-8173_speakverbonly-1	DonnoSo		speak (verb only)	sɔ́yyɛ̀:\\sɔ́yyìỳ	sɔ́-y-yɛ̀.ɛ̀	s ɔ́ + j + j ɛ̀ ɛ̀			0
10251	Gourou-8173_speakverbonly-1	Gourou		speak (verb only)	tégé	téɡ-é	t é ɡ + é			0
10252	JamsayDouentza-8173_speakverbonly-1	JamsayDouentza		speak (verb only)	tégé	téɡ-é	t é ɡ + é			0
10253	Mombo-8173_speakverbonly-1	Mombo		speak (verb only)	dámí	dám-í	d á m + í			0
10254	Najamba-8173_speakverbonly-1	Najamba		speak (verb only)	dǎm\\dàmè	dàm-è	d à m + è			0
10255	Nanga-8173_speakverbonly-1	Nanga		speak (verb only)	tíŋí, dàmá	tíŋ-í	t í ŋ + í			0
10256	Nanga-8173_speakverbonly-2	Nanga		speak (verb only)	tíŋí, dàmá	dàm-á	d à m + á			0
10257	Penange-8173_speakverbonly-1	Penange		speak (verb only)	dám	dám-	d á m			0
10258	PergeTegu-8173_speakverbonly-1	PergeTegu		speak (verb only)	tégé	téɡ-é	t é ɡ + é			0
10259	TebulUre-8173_speakverbonly-1	TebulUre		speak (verb only)	ɔ́r (ɔ́rtì)	ɔ́r	ɔ́ r			0
10260	Tiranige-8173_speakverbonly-1	Tiranige		speak (verb only)	dám(ú)	dám-ú	d á m + ú			0
10261	TogoKan-8173_speakverbonly-1	TogoKan		speak (verb only)	tíŋɛ́	tíŋ-ɛ́	t í ŋ + ɛ́			0
10262	TommoSoTongoTongo-8173_speakverbonly-1	TommoSoTongoTongo		speak (verb only)	sɔ́ɔ́	sɔ́-ɔ́	s ɔ́ + ɔ́			0
10263	ToroTegu-8173_speakverbonly-1	ToroTegu		speak (verb only)	tégú\\tégó	téɡ-ó	t é ɡ + ó			0
10264	YandaDom-8173_speakverbonly-1	YandaDom		speak (verb only)	dǎm\\dàmàlí	dǎm-	d ǎ m			0
10265	YornoSo-8173_speakverbonly-1	YornoSo		speak (verb only)	tégé\\tégé, sɔ́:	sɔ́-ɔ́	s ɔ́ + ɔ́			0
10266	YornoSo-8173_speakverbonly-2	YornoSo		speak (verb only)	tégé\\tégé, sɔ́:	sɔ́-ɔ́	s ɔ́ + ɔ́			0
2620	BankanTey-8225_spitemitaspit-1	BankanTey		spit, emit a spit	mìmbèsî tɔ́tí	mìmbès-î-t-ɔ́t-í	m ì m b è s + î + t + ɔ́ t + í			1
2621	BenTey-8225_spitemitaspit-1	BenTey		spit, emit a spit	sùsùnî: tɔ́	sùsùní.ì-tɔ́	s ù s ù n í ì + t ɔ́			1
2622	Bunoge-8225_spitemitaspit-1	Bunoge		spit, emit a spit	sònsónì sɛ̂:	sònsón-ì-sɛ́.ɛ̀	s ò n s ó n + ì + s ɛ́ ɛ̀			1
2623	DogulDomBendiely-8225_spitemitaspit-1	DogulDomBendiely		spit, emit a spit	dòɲjé tùwé	dòɲdʒé-tùw-é	d ò ɲ d ʒ é + t ù w + é			1
2624	DogulDomKundialang-8225_spitemitaspit-1	DogulDomKundialang		spit, emit a spit	dònjé túwè	dònjé-túwè	d ò n d ʒ é + t ú w è			1
2625	DonnoSo-8225_spitemitaspit-1	DonnoSo		spit, emit a spit	dònjî: tú:lò	dònjí.ì-tú.úlò	d ò n d ʒ í ì + t ú ú l ò			1
2626	Gourou-8225_spitemitaspit-1	Gourou		spit, emit a spit	kàgùzá kágúzá	kàɡùzá-káɡúz-á	k à ɡ ù z á + k á ɡ ú z + á			1
2627	JamsayDouentza-8225_spitemitaspit-1	JamsayDouentza		spit, emit a spit	yɔ̀rɔ̀:ní: tɔ́:	yɔ̀r-ɔ̀.ɔ̀ní.í-tɔ́.ɔ́	j ɔ̀ r + ɔ̀ ɔ̀ n í í + t ɔ́ ɔ́			1
2628	Najamba-8225_spitemitaspit-1	Najamba		spit, emit a spit	sǔndè swɛ́\\swɛ̀	sǔndè-sw-ɛ́	s ǔ n d è + s w + ɛ́			1
2629	Nanga-8225_spitemitaspit-1	Nanga		spit, emit a spit	tɔ̀njî tɔ́njí	tɔ̀njî-tɔ́nj-í	t ɔ̀ n d ʒ î + t ɔ́ n d ʒ + í			1
2630	Penange-8225_spitemitaspit-1	Penange		spit, emit a spit	sò:njì swɛ́:	sò.ònjì-swɛ́.ɛ́	s ò ò n d ʒ ì + s w ɛ́ ɛ́			1
2631	PergeTegu-8225_spitemitaspit-1	PergeTegu		spit, emit a spit	yɔ̀rɔ̀ní: tɔ́:	yɔ̀r-ɔ̀ní.í-tɔ́.ɔ́	j ɔ̀ r + ɔ̀ n í í + t ɔ́ ɔ́			1
2632	Tiranige-8225_spitemitaspit-1	Tiranige		spit, emit a spit	só:ndí tɔ́:	só.óndí-t-ɔ́.ɔ́	s ó ó n d í + t + ɔ́ ɔ́			1
2633	TogoKan-8225_spitemitaspit-1	TogoKan		spit, emit a spit	tùrɔ̀dí: túrɔ́	tùr-ɔ̀dí.í-túrɔ́	t ù r + ɔ̀ d í í + t ú r ɔ́			1
2634	TommoSoTongoTongo-8225_spitemitaspit-1	TommoSoTongoTongo		spit, emit a spit	yúlɔ́ tɔ́ɔ́	yúl-ɔ́-tɔ́.ɔ́	j ú l + ɔ́ + t ɔ́ ɔ́			1
2637	ToroTegu-8225_spitemitaspit-1	ToroTegu		spit, emit a spit	kàlú tú\\tɔ́	t-ɔ́	t + ɔ́			1
2638	YandaDom-8225_spitemitaspit-1	YandaDom		spit, emit a spit	sùmzú tó:	sùmzú-tó.ó	s ù m z ú + t ó ó			1
2639	YornoSo-8225_spitemitaspit-1	YornoSo		spit, emit a spit	yù:jǎ: tɔ́:	yù.ùdʒà.á-t-ɔ́.ɔ́	j ù ù d ʒ à á + t + ɔ́ ɔ́			1
13585	BankanTey-8239_splitwood-1	BankanTey		split (wood)	gùmbó	ɡùmb-ó	ɡ ù m b + ó			1
13586	BenTey-8239_splitwood-1	BenTey		split (wood)	gùmbó	ɡùmb-ó	ɡ ù m b + ó			1
13587	Bunoge-8239_splitwood-1	Bunoge		split (wood)	ká:gè	ká.áɡ-è	k á á ɡ + è			1
13588	DogulDomBendiely-8239_splitwood-1	DogulDomBendiely		split (wood)	tùllé	tùl-lé	t ù l + l é			1
13589	DonnoSo-8239_splitwood-1	DonnoSo		split (wood)	gùmmó\\gúmmì	ɡùm-mó	ɡ ù m + m ó			1
13590	JamsayDouentza-8239_splitwood-1	JamsayDouentza		split (wood)	gùmó, gùmùrⁿó	ɡùm-ó	ɡ ù m + ó			1
13591	JamsayDouentza-8239_splitwood-2	JamsayDouentza		split (wood)	gùmó, gùmùrⁿó	ɡùm-ùr.nó	ɡ ù m + ù r ∼ ó			1
13593	Mombo-8239_splitwood-1	Mombo		split (wood)	gúmbé	ɡúmb-é	ɡ ú m b + é			1
13594	Najamba-8239_splitwood-1	Najamba		split (wood)	kóy\\kòyè	kòy-è	k ò j + è			1
13595	Nanga-8239_splitwood-1	Nanga		split (wood)	kó:, káwrí	kó-ó	k ó + ó			1
13596	Nanga-8239_splitwood-2	Nanga		split (wood)	kó:, káwrí	káw-rí	k á w + r í			1
13597	Penange-8239_splitwood-1	Penange		split (wood)	gúmbé, gúmbúgè	ɡúmb-é	ɡ ú m b + é			1
13598	Penange-8239_splitwood-2	Penange		split (wood)	gúmbé, gúmbúgè	ɡ-úmb-úɡ-è	ɡ + ú m b + ú ɡ + è			1
13599	PergeTegu-8239_splitwood-1	PergeTegu		split (wood)	gùmbó	ɡùmb-ó	ɡ ù m b + ó			1
13600	TebulUre-8239_splitwood-1	TebulUre		split (wood)	kábílí (kábíltì)	káb-í-lí	k á b + í + l í			1
13601	Tiranige-8239_splitwood-1	Tiranige		split (wood)	káwágó	káw-á-ɡó	k á w + á + ɡ ó			1
13602	TogoKan-8239_splitwood-1	TogoKan		split (wood)	gùmó	ɡùm-ó	ɡ ù m + ó			1
13603	TommoSoTongoTongo-8239_splitwood-1	TommoSoTongoTongo		split (wood)	bùló	bùl-ó	b ù l + ó			1
13604	ToroTegu-8239_splitwood-1	ToroTegu		split (wood)	kú\\kó	kó	k ó			1
13605	YandaDom-8239_splitwood-1	YandaDom		split (wood)	gùmó\\gùmòlí	ɡùm-ó	ɡ ù m + ó			1
13606	YornoSo-8239_splitwood-1	YornoSo		split (wood)	gùmɔ́\\gùmɔ́	ɡùm-ɔ́	ɡ ù m + ɔ́			1
2852	BankanTey-8280_squat-1	BankanTey		squat	tɔ́rⁿíyí	tɔ́-r.níyí	t ɔ́ + r ∼ í j í			0
2853	BenTey-8280_squat-1	BenTey		squat	tɔ́rⁿíyⁿí	tɔ́-r-.-níí	t ɔ́ + r + + n í í			0
2854	Bunoge-8280_squat-1	Bunoge		squat	sómbè	sómb-è	s ó m b + è			0
2855	DogulDomBendiely-8280_squat-1	DogulDomBendiely		squat	tɔ̀nìyɛ́	tɔ̀-n-ì-yɛ́	t ɔ̀ + n + ì + j ɛ́			0
2856	DogulDomKundialang-8280_squat-1	DogulDomKundialang		squat	tɔ́nyɛ̀	tɔ́-nyɛ̀	t ɔ́ + n j ɛ̀			0
2857	DonnoSo-8280_squat-1	DonnoSo		squat	tɔ́dɛ̀:\\tɔ́dìỳ	tɔ́d-ɛ̀.ɛ̀	t ɔ́ d + ɛ̀ ɛ̀			0
2858	Gourou-8280_squat-1	Gourou		squat	tɔ́rⁿɔ́	tɔ́-r.nɔ́	t ɔ́ + r ∼ ɔ́			0
2859	JamsayDouentza-8280_squat-1	JamsayDouentza		squat	tɔ́rⁿɔ́	tɔ́-r.nɔ́	t ɔ́ + r ∼ ɔ́			0
2861	Mombo-8280_squat-1	Mombo		squat	sómbyê:	sómb-y-é.è	s ó m b + j + é è			0
2862	Najamba-8280_squat-1	Najamba		squat	sómbíy	sómb-íy	s ó m b + í j			0
2863	Nanga-8280_squat-1	Nanga		squat	sówyé	sów-yé	s ó w + j é			0
2864	Penange-8280_squat-1	Penange		squat	sómbyè	sómb-y-è	s ó m b + j + è			0
2865	PergeTegu-8280_squat-1	PergeTegu		squat	tɔ́rⁿúyⁿɔ́	tɔ́-r-.-núɔ́	t ɔ́ + r + + n ú ɔ́			0
2866	TebulUre-8280_squat-1	TebulUre		squat	tóndí: (tóndí:yà)	tónd-í.íy-à	t ó n d + í í j + à			0
2867	Tiranige-8280_squat-1	Tiranige		squat	sómbíyó	sómb-íy-ó	s ó m b + í j + ó			0
2868	TogoKan-8280_squat-1	TogoKan		squat	tɔ́rⁿì:	tɔ́-r-.-nì.ì	t ɔ́ + r + + n ì ì			0
2869	TommoSoTongoTongo-8280_squat-1	TommoSoTongoTongo		squat	tɔ́ɔ́díyɛ́	tɔ́.ɔ́d-í-yɛ́	t ɔ́ ɔ́ d + í + j ɛ́			0
2872	ToroTegu-8280_squat-1	ToroTegu		squat	tóríy\\tóríyó	tór-í-yó	t ó r + í + j ó			0
2873	YandaDom-8280_squat-1	YandaDom		squat	tózíyó\\tózíyólì	tóz-í-yó	t ó z + í + j ó			0
2874	YornoSo-8280_squat-1	YornoSo		squat	tɔ́jɛ́:\\tɔ́jí:	tɔ́dʒ-ɛ́.ɛ́	t ɔ́ d ʒ + ɛ́ ɛ́			0
13170	BankanTey-8284_squeezemashsthsoft-1	BankanTey		squeeze, mash (sth. soft)	kámá	kám-á	k á m + á			1
13171	BenTey-8284_squeezemashsthsoft-1	BenTey		squeeze, mash (sth. soft)	pɔ́rɔ́	pɔ́r-ɔ́	p ɔ́ r + ɔ́			1
13172	DogulDomKundialang-8284_squeezemashsthsoft-1	DogulDomKundialang		squeeze, mash (sth. soft)	pɔ́sgùlɛ̀ (pɔ́sɛ̀ 'be squashed')	pɔ́-sɡùlɛ̀	p ɔ́ + s ɡ ù l ɛ̀			1
13173	DonnoSo-8284_squeezemashsthsoft-1	DonnoSo		squeeze, mash (sth. soft)	pɔ́dɔ̀gɔ̀lɔ̀\\pɔ́dùgùlì	pɔ́d-ɔ̀ɡɔ̀l-ɔ̀	p ɔ́ d + ɔ̀ ɡ ɔ̀ l + ɔ̀			1
13174	JamsayDouentza-8284_squeezemashsthsoft-1	JamsayDouentza		squeeze, mash (sth. soft)	pɔ́rɔ́	pɔ́r-ɔ́	p ɔ́ r + ɔ́			1
13175	Mombo-8284_squeezemashsthsoft-1	Mombo		squeeze, mash (sth. soft)	kámmì	kám-mì	k á m + m ì			1
13176	Najamba-8284_squeezemashsthsoft-1	Najamba		squeeze, mash (sth. soft)	kám\\kàmè	kàm-è	k à m + è			1
13177	Nanga-8284_squeezemashsthsoft-1	Nanga		squeeze, mash (sth. soft)	kámá	kám-á	k á m + á			1
13178	PergeTegu-8284_squeezemashsthsoft-1	PergeTegu		squeeze, mash (sth. soft)	káwⁿá	káw-.ná	k á w + n á			1
13179	Tiranige-8284_squeezemashsthsoft-1	Tiranige		squeeze, mash (sth. soft)	kámíyó	kám-í-yó	k á m + í + j ó			1
13180	TogoKan-8284_squeezemashsthsoft-1	TogoKan		squeeze, mash (sth. soft)	púgújù	púɡ-ú-dʒù	p ú ɡ + ú + d ʒ ù			1
13181	TommoSoTongoTongo-8284_squeezemashsthsoft-1	TommoSoTongoTongo		squeeze, mash (sth. soft)	kámá	kám-á	k á m + á			1
13182	ToroTegu-8284_squeezemashsthsoft-1	ToroTegu		squeeze, mash (sth. soft)	kúmíyⁿ\\kúmíyⁿó	kúm-íó	k ú m + í ó			1
13183	YandaDom-8284_squeezemashsthsoft-1	YandaDom		squeeze, mash (sth. soft)	pɔ́dɔ́\\pódálì	pɔ́d-ɔ́	p ɔ́ d + ɔ́			1
13184	YornoSo-8284_squeezemashsthsoft-1	YornoSo		squeeze, mash (sth. soft)	káwⁿá\\káwⁿú	káw-.ná	k á w + n á			1
2875	BenTey-8303_standbeinstandingposition-1	BenTey		stand, be in standing position	ì:yî: í:yí	ì.ìyí.ìí.íy-í	ì ì j í ì í í j + í			1
2876	Bunoge-8303_standbeinstandingposition-1	Bunoge		stand, be in standing position	ʔìgá ʔìgà, bò ʔìgà	ʔìɡá-ʔìɡà	ʔ ì ɡ á + ʔ ì ɡ à			1
2877	Bunoge-8303_standbeinstandingposition-2	Bunoge		stand, be in standing position	ʔìgá ʔìgà, bò ʔìgà	bò-ʔ-ì-ɡà	b ò + ʔ + ì + ɡ à			1
2878	DogulDomKundialang-8303_standbeinstandingposition-1	DogulDomKundialang		stand, be in standing position	ìʔígà	ìʔíɡ-à	ì ʔ í ɡ + à			1
2879	DonnoSo-8303_standbeinstandingposition-1	DonnoSo		stand, be in standing position	ǐ:ŋɛ̀	ì-íŋɛ̀	ì + í ŋ ɛ̀			1
2880	JamsayDouentza-8303_standbeinstandingposition-1	JamsayDouentza		stand, be in standing position	ìjɛ́ íjɛ́	ìdʒ-ɛ́ídʒ-ɛ́	ì d ʒ + ɛ́ í d ʒ + ɛ́			1
2881	Mombo-8303_standbeinstandingposition-1	Mombo		stand, be in standing position	ìíŋgá	ìíŋɡ-á	ì í ŋ ɡ + á			1
2882	Najamba-8303_standbeinstandingposition-1	Najamba		stand, be in standing position	ìŋgà	ìŋɡ-à	ì ŋ ɡ + à			1
2883	Nanga-8303_standbeinstandingposition-1	Nanga		stand, be in standing position	ìyâ í:yí	ìyâí-íyí	ì j â í + í j í			1
2884	Penange-8303_standbeinstandingposition-1	Penange		stand, be in standing position	íŋgà (ɲ)	íŋɡ-à	í ŋ ɡ + à			1
2885	TebulUre-8303_standbeinstandingposition-1	TebulUre		stand, be in standing position	ígà	íɡ-à	í ɡ + à			1
2886	Tiranige-8303_standbeinstandingposition-1	Tiranige		stand, be in standing position	ígà	íɡ-à	í ɡ + à			1
2887	TogoKan-8303_standbeinstandingposition-1	TogoKan		stand, be in standing position	ìígɛ̀	ìíɡ-ɛ̀	ì í ɡ + ɛ̀			1
2888	TommoSoTongoTongo-8303_standbeinstandingposition-1	TommoSoTongoTongo		stand, be in standing position	ííŋɛ̀	ííŋ-ɛ̀	í í ŋ + ɛ̀			1
2891	YornoSo-8303_standbeinstandingposition-1	YornoSo		stand, be in standing position	ìíŋɛ̀	ìíŋ-ɛ̀	ì í ŋ + ɛ̀			1
6330	BankanTey-8306_star-1	BankanTey		star	bàndà kɔ̀:rɔ̌y	bà-ndà_-kɔ̀.ɔ̀rɔ̌-y	b à + n d à + k ɔ̀ ɔ̀ r ɔ̌ + j			1
6331	BenTey-8306_star-1	BenTey		star	tóró	tóró	t ó r ó			1
6332	Bunoge-8306_star-1	Bunoge		star	jɔ́ŋgúlɛ̀	dʒɔ́-ŋɡú-l-ɛ̀	d ʒ ɔ́ + ŋ ɡ ú + l + ɛ̀			1
6333	DogulDomBendiely-8306_star-1	DogulDomBendiely		star	tólò	tólò	t ó l ò			1
6334	DogulDomKundialang-8306_star-1	DogulDomKundialang		star	tólò	tólò	t ó l ò			1
6335	DonnoSo-8306_star-1	DonnoSo		star	tòlî:	tòlí.ì	t ò l í ì			1
6336	Gourou-8306_star-1	Gourou		star	tóró	tóró	t ó r ó			1
6337	JamsayDouentza-8306_star-1	JamsayDouentza		star	tóró	tóró	t ó r ó			1
6338	Mombo-8306_star-1	Mombo		star	áŋkɔ́lɛ̀	á-ŋkɔ́-l-ɛ̀	á + ŋ k ɔ́ + l + ɛ̀			1
6339	Najamba-8306_star-1	Najamba		star	ànjì[kɔ̀lɛ́ŋgó]\\ànjìkɔ̀lɛ́	ànjì-kɔ̀lɛ́-ŋɡ-ó	à n d ʒ ì + k ɔ̀ l ɛ́ + ŋ ɡ + ó	à n d ʒ ì + k ɔ̀ l ɛ́		1
6340	Nanga-8306_star-1	Nanga		star	wà:kɔ̀rɔ́	wà.àkɔ̀-rɔ́	w à à k ɔ̀ + r ɔ́			1
6341	Penange-8306_star-1	Penange		star	ɔ̀jɔ̀gɔ̀lɔ̀ (y)	ɔ̀-dʒɔ̀-ɡɔ̀-l-ɔ̀	ɔ̀ + d ʒ ɔ̀ + ɡ ɔ̀ + l + ɔ̀	j + ɔ̀ d ʒ ɔ̀ ɡ ɔ̀ l ɔ̀		1
6342	PergeTegu-8306_star-1	PergeTegu		star	tóró	tóró	t ó r ó			1
6343	TebulUre-8306_star-1	TebulUre		star	tóndó:	tó-nd-ó.ó	t ó + n d + ó ó			1
6344	Tiranige-8306_star-1	Tiranige		star	kɔ̀lɔ̀ŋkɔ́lɔ̀wⁿ (Boui), kɔ̀lɔ́wⁿkɔ̀lɔ́wⁿ (Ningo)	kɔ̀lɔ́-w.n-kɔ̀lɔ́-w.n	k ɔ̀ l ɔ́ + w ∼ + k ɔ̀ l ɔ́ + w ∼			1
6345	TogoKan-8306_star-1	TogoKan		star	tóró	tóró	t ó r ó			1
6346	TommoSoTongoTongo-8306_star-1	TommoSoTongoTongo		star	tòndòlòý	tò-ndò-lò-j	t ò + n d ò + l ò + d ʒ			1
6347	ToroTegu-8306_star-1	ToroTegu		star	sémrěy	sém-rěy	s é m + r ě j			1
6348	YandaDom-8306_star-1	YandaDom		star	tóndóló, sàrⁿàkɛ̀lɛ̀	tó-ndó-l-ó	t ó + n d ó + l + ó			1
6349	YandaDom-8306_star-2	YandaDom		star	tóndóló, sàrⁿàkɛ̀lɛ̀	sàr.-nàkɛ̀-lɛ̀	s à r + n à k ɛ̀ + l ɛ̀			1
6350	YornoSo-8306_star-1	YornoSo		star	tònòlòý	tònò-lòj	t ò n ò + l ò d ʒ			1
5586	BankanTey-8402_stonerock-1	BankanTey		stone, rock	kúrⁿò	kúr.-nò	k ú r + n ò			0
5587	BenTey-8402_stonerock-1	BenTey		stone, rock	kúrⁿù	kúr.-nù	k ú r + n ù			0
5588	Bunoge-8402_stonerock-1	Bunoge		stone, rock	kínì	kínì	k í n ì			0
5589	DogulDomBendiely-8402_stonerock-1	DogulDomBendiely		stone, rock	kínú	kínú	k í n ú			0
5590	DogulDomKundialang-8402_stonerock-1	DogulDomKundialang		stone, rock	kínùŋ̀	kínù-ŋ	k í n ù + ŋ			0
5591	DonnoSo-8402_stonerock-1	DonnoSo		stone, rock	tìbú	tìbú	t ì b ú			0
5592	Gourou-8402_stonerock-1	Gourou		stone, rock	tùmó	tù-mó	t ù + m ó			0
5593	JamsayDouentza-8402_stonerock-1	JamsayDouentza		stone, rock	tùmó	tù-mó	t ù + m ó			0
5595	Mombo-8402_stonerock-1	Mombo		stone, rock	kínnì	kín-nì	k í n + n ì			0
5596	Najamba-8402_stonerock-1	Najamba		stone, rock	kìnû:\\kǐnbò	kìnú.ù	k ì n ú ù	k ǐ n + b ò		0
5597	Nanga-8402_stonerock-1	Nanga		stone, rock	kúrⁿô ~ kúrⁿɔ̂	kúr.-nɔ̂	k ú r + n ɔ̂			0
5598	Penange-8402_stonerock-1	Penange		stone, rock	kìnì, kìnwé:	kìnì	k ì n ì			0
5599	Penange-8402_stonerock-2	Penange		stone, rock	kìnì, kìnwé:	kìn-wé.é	k ì n + w é é			0
5600	PergeTegu-8402_stonerock-1	PergeTegu		stone, rock	tùwó	tùwó	t ù w ó			0
5601	TebulUre-8402_stonerock-1	TebulUre		stone, rock	cǐn (cìnú)	tʃǐn	t ʃ ǐ n	tʃ ì n ú		0
5602	Tiranige-8402_stonerock-1	Tiranige		stone, rock	cé:mbè	tʃé.é-mb-è	t ʃ é é + m b + è			0
5603	TogoKan-8402_stonerock-1	TogoKan		stone, rock	tùwó	tùwó	t ù w ó			0
5604	TommoSoTongoTongo-8402_stonerock-1	TommoSoTongoTongo		stone, rock	dúmbɔ́, tíbé	dú-mb-ɔ́	d ú + m b + ɔ́			0
5605	TommoSoTongoTongo-8402_stonerock-2	TommoSoTongoTongo		stone, rock	dúmbɔ́, tíbé	tíbé	t í b é			0
5606	ToroTegu-8402_stonerock-1	ToroTegu		stone, rock	tùwó	tùwó	t ù w ó			0
5607	YandaDom-8402_stonerock-1	YandaDom		stone, rock	cìn	tʃìn	t ʃ ì n			0
5608	YornoSo-8402_stonerock-1	YornoSo		stone, rock	tìbú, dúmɔ́	tìbú	t ì b ú			0
5609	YornoSo-8402_stonerock-2	YornoSo		stone, rock	tìbú, dúmɔ́	dú-mɔ́	d ú + m ɔ́			0
15566	BankanTey-8420_straightobject-1	BankanTey		straight (object)	sóló	sól-ó	s ó l + ó			1
15567	JamsayDouentza-8420_straightobject-1	JamsayDouentza		straight (object)	démdém kɔ̂:, íjésà	ídʒés-à	í d ʒ é s + à			1
15568	Mombo-8420_straightobject-1	Mombo		straight (object)	dí:ⁿdí:wⁿ	dí.íⁿdí.íw.n	d í í ∼ d í í w ∼			1
15569	Najamba-8420_straightobject-1	Najamba		straight (object)	tèndô:\\tèndê:	tènd-ó.ò	t è n d + ó ò	t è n d é è		1
15570	Nanga-8420_straightobject-1	Nanga		straight (object)	sóró	sór-ó	s ó r + ó			1
15571	PergeTegu-8420_straightobject-1	PergeTegu		straight (object)	dém→ kɔ̂:	dém_kɔ́.ɔ̀	d é m + k ɔ́ ɔ̀			1
15572	TebulUre-8420_straightobject-1	TebulUre		straight (object)	dém→ búŋgò	dém_búŋɡ-ò	d é m + b ú ŋ ɡ + ò			1
15573	TogoKan-8420_straightobject-1	TogoKan		straight (object)	dɛ́wⁿ kàⁿ	dɛ́w.n_k-àⁿ	d ɛ́ w ∼ + k + à ∼			1
15574	TommoSoTongoTongo-8420_straightobject-1	TommoSoTongoTongo		straight (object)	dém kànu	dém_kàn-u	d é m + k à n + u			1
15575	ToroTegu-8420_straightobject-1	ToroTegu		straight (object)	ìgú	ìɡ-ú	ì ɡ + ú			1
15576	YandaDom-8420_straightobject-1	YandaDom		straight (object)	démdém bò	démdém_b-ò	d é m d é m + b + ò			1
15577	YornoSo-8420_straightobject-1	YornoSo		straight (object)	sɛ́lsɛ́l, démdém	sɛ́lsɛ́l	s ɛ́ l s ɛ́ l			1
15578	YornoSo-8420_straightobject-2	YornoSo		straight (object)	sɛ́lsɛ́l, démdém	démdém	d é m d é m			1
15579	JamsayDouentza-8424_straightdirectroad-1	JamsayDouentza		straight, direct (road)	démdém kɔ̂:, íjésà	ídʒés-à	í d ʒ é s + à			1
15580	Mombo-8424_straightdirectroad-1	Mombo		straight, direct (road)	dí:ⁿdí:wⁿ	dí.íⁿdí.íw.n	d í í ∼ d í í w ∼			1
15581	Najamba-8424_straightdirectroad-1	Najamba		straight, direct (road)	tèndô:\\tèndê:	tènd-ó.ò	t è n d + ó ò	t è n d é è		1
15582	PergeTegu-8424_straightdirectroad-1	PergeTegu		straight, direct (road)	dém→ kɔ̂:	dém_kɔ́.ɔ̀	d é m + k ɔ́ ɔ̀			1
15583	TebulUre-8424_straightdirectroad-1	TebulUre		straight, direct (road)	dém→ búŋgò	dém_búŋɡ-ò	d é m + b ú ŋ ɡ + ò			1
15584	TogoKan-8424_straightdirectroad-1	TogoKan		straight, direct (road)	dɛ́wⁿ kàⁿ	dɛ́w.n_k-àⁿ	d ɛ́ w ∼ + k + à ∼			1
15585	TommoSoTongoTongo-8424_straightdirectroad-1	TommoSoTongoTongo		straight, direct (road)	dém kànù, téndáádɛ̀	dém_kàn-ù	d é m + k à n + ù			1
15586	TommoSoTongoTongo-8424_straightdirectroad-2	TommoSoTongoTongo		straight, direct (road)	dém kànù, téndáádɛ̀	ténd-áád-ɛ̀	t é n d + á á ∼ d + ɛ̀			1
15587	ToroTegu-8424_straightdirectroad-1	ToroTegu		straight, direct (road)	ìgú	ìɡ-ú	ì ɡ + ú			1
15588	YandaDom-8424_straightdirectroad-1	YandaDom		straight, direct (road)	démdém bò	démdém_b-ò	d é m d é m + b + ò			1
15589	YornoSo-8424_straightdirectroad-1	YornoSo		straight, direct (road)	démdém kɔ̂:	démdém_kɔ́.ɔ̀	d é m d é m + k ɔ́ ɔ̀			1
14302	BankanTey-8472_strollnounawalk-1	BankanTey		stroll (noun), (a) walk	yórú	yór-ú	j ó r + ú			1
14303	BenTey-8472_strollnounawalk-1	BenTey		stroll (noun), (a) walk	yórí:, yílíwí	yór-í.í	j ó r + í í			1
14304	BenTey-8472_strollnounawalk-2	BenTey		stroll (noun), (a) walk	yórí:, yílíwí	yíl-í-wí	j í l + í + w í			1
14305	Bunoge-8472_strollnounawalk-1	Bunoge		stroll (noun), (a) walk	yí:là	yí.íl-à	j í í l + à			1
14306	DogulDomBendiely-8472_strollnounawalk-1	DogulDomBendiely		stroll (noun), (a) walk	dùmàndá	dùm-à-nd-á	d ù m + à + n d + á			1
14307	DogulDomKundialang-8472_strollnounawalk-1	DogulDomKundialang		stroll (noun), (a) walk	dúmmì:g	dúm-mì.ìɡ	d ú m + m ì ì ɡ			1
14308	DonnoSo-8472_strollnounawalk-1	DonnoSo		stroll (noun), (a) walk	yà:lɛ̀:nú	yà.àl-ɛ̀.ɛ̀nú	j à à l + ɛ̀ ɛ̀ n ú			1
14309	JamsayDouentza-8472_strollnounawalk-1	JamsayDouentza		stroll (noun), (a) walk	yílíwú	yíl-í-wú	j í l + í + w ú			1
14311	Mombo-8472_strollnounawalk-1	Mombo		stroll (noun), (a) walk	gí:lì	ɡí.íl-ì	ɡ í í l + ì			1
14312	Najamba-8472_strollnounawalk-1	Najamba		stroll (noun), (a) walk	yál\\yál	yál-	j á l			1
14313	Nanga-8472_strollnounawalk-1	Nanga		stroll (noun), (a) walk	yórî	yór-î	j ó r + î			1
14314	Penange-8472_strollnounawalk-1	Penange		stroll (noun), (a) walk	yìgìlà	yìɡ-ì-là	j ì ɡ + ì + l à			1
14315	PergeTegu-8472_strollnounawalk-1	PergeTegu		stroll (noun), (a) walk	yílú:	yíl-ú.ú	j í l + ú ú			1
14316	TogoKan-8472_strollnounawalk-1	TogoKan		stroll (noun), (a) walk	gɔ́ŋúrⁿú	ɡɔ́-ŋúr.nú	ɡ ɔ́ + ŋ ú r ∼ ú			1
14317	TommoSoTongoTongo-8472_strollnounawalk-1	TommoSoTongoTongo		stroll (noun), (a) walk	yólú	yól-ú	j ó l + ú			1
14318	ToroTegu-8472_strollnounawalk-1	ToroTegu		stroll (noun), (a) walk	tɔ́ŋúnɔ̀	tɔ́-ŋ-ú-nɔ̀	t ɔ́ + ŋ + ú + n ɔ̀			1
14319	YandaDom-8472_strollnounawalk-1	YandaDom		stroll (noun), (a) walk	yǎl	yǎl-	j ǎ l			1
14320	YornoSo-8472_strollnounawalk-1	YornoSo		stroll (noun), (a) walk	yólú	yól-ú	j ó l + ú			1
4042	BankanTey-8517_suckegcandy-1	BankanTey		suck (e.g. candy)	ɔ́zí	ɔ́z-í	ɔ́ z + í			1
4043	BenTey-8517_suckegcandy-1	BenTey		suck (e.g. candy)	ɔ́njí	ɔ́nj-í	ɔ́ n d ʒ + í			1
4044	Bunoge-8517_suckegcandy-1	Bunoge		suck (e.g. candy)	bɔ́njɛ̀	bɔ́-njɛ̀	b ɔ́ + n d ʒ ɛ̀			1
4045	DogulDomBendiely-8517_suckegcandy-1	DogulDomBendiely		suck (e.g. candy)	ɔ̀ɲjɛ́	ɔ̀ɲdʒ-ɛ́	ɔ̀ ɲ d ʒ + ɛ́			1
4046	DogulDomKundialang-8517_suckegcandy-1	DogulDomKundialang		suck (e.g. candy)	ɔ́njɛ̀	ɔ́nj-ɛ̀	ɔ́ n d ʒ + ɛ̀			1
4047	DonnoSo-8517_suckegcandy-1	DonnoSo		suck (e.g. candy)	ɔ́njɔ̀\\ɔ́njɛ̀	ɔ́nj-ɛ̀	ɔ́ n d ʒ + ɛ̀			1
4048	Gourou-8517_suckegcandy-1	Gourou		suck (e.g. candy)	ɔ́sɔ́	ɔ́s-ɔ́	ɔ́ s + ɔ́			1
4049	JamsayDouentza-8517_suckegcandy-1	JamsayDouentza		suck (e.g. candy)	ɔ́ɲɔ́	ɔ́ɲ-ɔ́	ɔ́ ɲ + ɔ́			1
4051	Mombo-8517_suckegcandy-1	Mombo		suck (e.g. candy)	mílɛ́	míl-ɛ́	m í l + ɛ́			1
4052	Najamba-8517_suckegcandy-1	Najamba		suck (e.g. candy)	ónjí	ónj-í	ó n d ʒ + í			1
4053	Nanga-8517_suckegcandy-1	Nanga		suck (e.g. candy)	ɔ́njí	ɔ́nj-í	ɔ́ n d ʒ + í			1
4054	Penange-8517_suckegcandy-1	Penange		suck (e.g. candy)	ɲɛ́:	ɲɛ́-ɛ́	ɲ ɛ́ + ɛ́			1
4055	PergeTegu-8517_suckegcandy-1	PergeTegu		suck (e.g. candy)	ɔ́njɔ́	ɔ́nj-ɔ́	ɔ́ n d ʒ + ɔ́			1
4056	TebulUre-8517_suckegcandy-1	TebulUre		suck (e.g. candy)	óndó (óndótì)	ónd-ó	ó n d + ó			1
4057	Tiranige-8517_suckegcandy-1	Tiranige		suck (e.g. candy)	ónjó	ónj-ó	ó n d ʒ + ó			1
4058	TogoKan-8517_suckegcandy-1	TogoKan		suck (e.g. candy)	ɔ́ɲɔ́	ɔ́ɲ-ɔ́	ɔ́ ɲ + ɔ́			1
4059	TommoSoTongoTongo-8517_suckegcandy-1	TommoSoTongoTongo		suck (e.g. candy)	ɔ́njɔ́	ɔ́nj-ɔ́	ɔ́ n d ʒ + ɔ́			1
4061	ToroTegu-8517_suckegcandy-1	ToroTegu		suck (e.g. candy)	ɔ́ⁿsú\\ɔ́ⁿsɔ́	ɔ́.ns-ɔ́	ɔ́ ∼ s + ɔ́			1
4062	YandaDom-8517_suckegcandy-1	YandaDom		suck (e.g. candy)	úmzó\\úmzólì	úmz-ó	ú m z + ó			1
4063	YornoSo-8517_suckegcandy-1	YornoSo		suck (e.g. candy)	ɔ́ɲɔ́	ɔ́ɲ-ɔ́	ɔ́ ɲ + ɔ́			1
6284	BankanTey-8529_sun-1	BankanTey		sun	ùsú	ùsú	ù s ú			1
6285	BenTey-8529_sun-1	BenTey		sun	ùsú	ùsú	ù s ú			1
6286	Bunoge-8529_sun-1	Bunoge		sun	ɲɛ́ŋɛ̀, ʔírò (in collocations)	ɲɛ́ŋɛ̀	ɲ ɛ́ ŋ ɛ̀			1
6287	Bunoge-8529_sun-2	Bunoge		sun	ɲɛ́ŋɛ̀, ʔírò (in collocations)	ʔírò	ʔ í r ò			1
6288	DogulDomBendiely-8529_sun-1	DogulDomBendiely		sun	ísígú	ísíɡú	í s í ɡ ú			1
6289	DogulDomKundialang-8529_sun-1	DogulDomKundialang		sun	ísgù	ísɡù	í s ɡ ù			1
6290	DonnoSo-8529_sun-1	DonnoSo		sun	nǎŋ	nǎŋ	n ǎ ŋ			1
6291	Gourou-8529_sun-1	Gourou		sun	nìnǐ:	nìnì.í	n ì n ì í			1
6292	JamsayDouentza-8529_sun-1	JamsayDouentza		sun	nìnǐ:	nìnì.í	n ì n ì í			1
6294	Mombo-8529_sun-1	Mombo		sun	gé:wⁿè	ɡé.éw.-nè	ɡ é é w + n è			1
6295	Najamba-8529_sun-1	Najamba		sun	ùjúŋgó	ù-dʒú-ŋɡ-ó	ù + d ʒ ú + ŋ ɡ + ó			1
6296	Nanga-8529_sun-1	Nanga		sun	ùsí	ùsí	ù s í			1
6297	Penange-8529_sun-1	Penange		sun	gɛ̀:ⁿ	ɡɛ̀.ɛ̀.n	ɡ ɛ̀ ɛ̀ ∼			1
6298	PergeTegu-8529_sun-1	PergeTegu		sun	nìnǐ:	nìnì.í	n ì n ì í			1
6299	TebulUre-8529_sun-1	TebulUre		sun	ùdùgó	ùdùɡó	ù d ù ɡ ó			1
6300	Tiranige-8529_sun-1	Tiranige		sun	yècíndò (Boui), yékìndó (Ningo), íɲímɛ̀ ~ íɲímà (esp. 'hot sun')	íɲí-mà	í ɲ í + m à			1
6301	Tiranige-8529_sun-2	Tiranige		sun	yècíndò (Boui), yékìndó (Ningo), íɲímɛ̀ ~ íɲímà (esp. 'hot sun')	íɲí-mɛ̀	í ɲ í + m ɛ̀			1
6302	TogoKan-8529_sun-1	TogoKan		sun	nùnùŋú	nùnù-ŋú	n ù n ù + ŋ ú			1
6303	TommoSoTongoTongo-8529_sun-1	TommoSoTongoTongo		sun	nǎm	nǎ-m	n ǎ + m			1
6304	ToroTegu-8529_sun-1	ToroTegu		sun	nǒŋ	nǒŋ	n ǒ ŋ			1
6305	YandaDom-8529_sun-1	YandaDom		sun	ìzùgè ~ ìzìgè	ìzìɡè	ì z ì ɡ è			1
6306	YornoSo-8529_sun-1	YornoSo		sun	nǎm	nǎ-m	n ǎ + m			1
4196	BankanTey-8535_supper-1	BankanTey		supper	nùmzó	nùm-zó	n ù m + z ó			0
4197	BenTey-8535_supper-1	BenTey		supper	ɲàrⁿùnùmjó, ɲànùmjó, nùmjó	nùm-dʒ-ó	n ù m + d ʒ + ó			0
4198	Bunoge-8535_supper-1	Bunoge		supper	dènámpànàŋgè	dèná-mpà-nà-ŋɡ-è	d è n á + m p à + n à + ŋ ɡ + è			0
4199	DogulDomBendiely-8535_supper-1	DogulDomBendiely		supper	dɛ̀ndùgàà páná	dɛ̀-n-dù-ɡàà_-pán-á	d ɛ̀ + n + d ù + ɡ à à + p á n + á			0
4200	DogulDomKundialang-8535_supper-1	DogulDomKundialang		supper	dɛ̀ndùgà:pàná	dɛ̀-n-dù-ɡà.à-pà-n-á	d ɛ̀ + n + d ù + ɡ à à + p à + n + á			0
4201	DonnoSo-8535_supper-1	DonnoSo		supper	dì:gɛ̀pàná	dì.ìɡɛ̀-pàná	d ì ì ɡ ɛ̀ + p à n á			0
4202	Gourou-8535_supper-1	Gourou		supper	dà:ɣà pàná	dà.àɣà_pàná	d à à ɣ à + p à n á			0
4203	JamsayDouentza-8535_supper-1	JamsayDouentza		supper	pàná	pàná	p à n á			0
4204	Mombo-8535_supper-1	Mombo		supper	páléŋgè	pálé-ŋɡ-è	p á l é + ŋ ɡ + è			0
4205	Najamba-8535_supper-1	Najamba		supper	ɲɛ̀nɛ́ŋgò\\ɲɛ̀nɛ̂:	ɲɛ̀nɛ́-ŋɡ-ò	ɲ ɛ̀ n ɛ́ + ŋ ɡ + ò	ɲ ɛ̀ n ɛ́ ɛ̀		0
4206	Nanga-8535_supper-1	Nanga		supper	dɛ̀:ndɛ̀pàndá	dɛ̀.ɛ̀-nd-ɛ̀-pà-nd-á	d ɛ̀ ɛ̀ + n d + ɛ̀ + p à + n d + á			0
4207	Penange-8535_supper-1	Penange		supper	ɲàmàn	ɲàmà-n	ɲ à m à + n			0
4208	PergeTegu-8535_supper-1	PergeTegu		supper	dɛ̀:gɛ̀pàná, pàná	pàná	p à n á			0
4209	PergeTegu-8535_supper-2	PergeTegu		supper	dɛ̀:gɛ̀pàná, pàná	pàná	p à n á			0
4210	TebulUre-8535_supper-1	TebulUre		supper	dɛ̀ndɛ̀nòmdó	d-ɛ̀-nd-ɛ̀-nò-m-d-ó	d + ɛ̀ + n d + ɛ̀ + n ò + m + d + ó			0
4211	Tiranige-8535_supper-1	Tiranige		supper	yángé ~ ɲá:nígé	ɲá.ání-ɡé	ɲ á á n í + ɡ é			0
4212	TogoKan-8535_supper-1	TogoKan		supper	dàgàpàná	dàɡà-pàná	d à ɡ à + p à n á			0
4213	TommoSoTongoTongo-8535_supper-1	TommoSoTongoTongo		supper	dìgɛ̀ pànnú	dìɡɛ̀_pàn-nú	d ì ɡ ɛ̀ + p à n + n ú			0
4215	ToroTegu-8535_supper-1	ToroTegu		supper	nè:sé	nè.èsé	n è è s é			0
4216	YandaDom-8535_supper-1	YandaDom		supper	dèndàpànù	dè-ndà-pà-nù	d è + n d à + p à + n ù			0
4217	YornoSo-8535_supper-1	YornoSo		supper	dìgɛ̀pàná	dìɡɛ̀-pàná	d ì ɡ ɛ̀ + p à n á			0
4064	BankanTey-8542_swallow-1	BankanTey		swallow	mìrⁿé	mìr-.né	m ì r + n é			0
4065	BenTey-8542_swallow-1	BenTey		swallow	mìrⁿɛ́	mìr-.nɛ́	m ì r + n ɛ́			0
4066	Bunoge-8542_swallow-1	Bunoge		swallow	mílɛ̀	míl-ɛ̀	m í l + ɛ̀			0
4067	DogulDomBendiely-8542_swallow-1	DogulDomBendiely		swallow	mìnɛ́	mìn-ɛ́	m ì n + ɛ́			0
4068	DogulDomKundialang-8542_swallow-1	DogulDomKundialang		swallow	mìnɛ́	mìn-ɛ́	m ì n + ɛ́			0
4069	DonnoSo-8542_swallow-1	DonnoSo		swallow	mìnɛ́\\mínɛ̀	mìn-ɛ́	m ì n + ɛ́			0
4070	Gourou-8542_swallow-1	Gourou		swallow	mìrⁿɛ́	mìr-.nɛ́	m ì r + n ɛ́			0
4071	JamsayDouentza-8542_swallow-1	JamsayDouentza		swallow	mìrⁿé	mìr-.né	m ì r + n é			0
4072	Mombo-8542_swallow-1	Mombo		swallow	mí:ndɛ̀	mí.índ-ɛ̀	m í í n d + ɛ̀			0
4073	Najamba-8542_swallow-1	Najamba		swallow	mìnɛ́	mìn-ɛ́	m ì n + ɛ́			0
4074	Nanga-8542_swallow-1	Nanga		swallow	mìrⁿé, mìrⁿɛ́	mìr-.né	m ì r + n é			0
4075	Nanga-8542_swallow-2	Nanga		swallow	mìrⁿé, mìrⁿɛ́	mìr-.nɛ́	m ì r + n ɛ́			0
4076	Penange-8542_swallow-1	Penange		swallow	mílɛ́	míl-ɛ́	m í l + ɛ́			0
4077	PergeTegu-8542_swallow-1	PergeTegu		swallow	mìrⁿé	mìr-.né	m ì r + n é			0
4078	TebulUre-8542_swallow-1	TebulUre		swallow	mìnɛ́ ~ mìrⁿɛ́ (mìnɛ́tì)	mìn-ɛ́	m ì n + ɛ́			0
4079	TebulUre-8542_swallow-2	TebulUre		swallow	mìnɛ́ ~ mìrⁿɛ́ (mìnɛ́tì)	mìr-.nɛ́	m ì r + n ɛ́			0
4080	Tiranige-8542_swallow-1	Tiranige		swallow	mínó	mín-ó	m í n + ó			0
4081	TogoKan-8542_swallow-1	TogoKan		swallow	mìrⁿí\\mírⁿí	mír-.ní	m í r + n í			0
4082	TommoSoTongoTongo-8542_swallow-1	TommoSoTongoTongo		swallow	mìnɛ́	mìn-ɛ́	m ì n + ɛ́			0
4084	ToroTegu-8542_swallow-1	ToroTegu		swallow	mìrú\\mìrá	mìr-á	m ì r + á			0
4085	YandaDom-8542_swallow-1	YandaDom		swallow	mìrⁿɛ́\\mìrⁿàlí	mìr-.nɛ́	m ì r + n ɛ́			0
4086	YornoSo-8542_swallow-1	YornoSo		swallow	mɛ̀rⁿɛ́\\mɛ̀rⁿɛ́	mɛ̀-r.nɛ́	m ɛ̀ + r ∼ ɛ́			0
5053	BankanTey-8554_sweetpotato-1	BankanTey		sweet potato	màsàkú	màsà-kú	m à s à + k ú			0
5054	BenTey-8554_sweetpotato-1	BenTey		sweet potato	bànàkù: bùmbɔ́, bànàkù: wòsô:	bànà-kù.ù_wòsó.ò	b à n à + k ù ù + w ò s ó ò			0
5055	Bunoge-8554_sweetpotato-1	Bunoge		sweet potato	kú (kû:)	kú	k ú	k ú ù		0
5056	DogulDomBendiely-8554_sweetpotato-1	DogulDomBendiely		sweet potato	jɔ̀gɔ́	dʒɔ̀-ɡ-ɔ́	d ʒ ɔ̀ + ɡ + ɔ́			0
5057	DogulDomKundialang-8554_sweetpotato-1	DogulDomKundialang		sweet potato	kùù ɔ́nɔ̀nɔ̀ŋ̀	kùù_ɔ́nɔ̀nɔ̀-ŋ	k ù ù + ɔ́ n ɔ̀ n ɔ̀ + ŋ			0
5058	DonnoSo-8554_sweetpotato-1	DonnoSo		sweet potato	kǔ:	kù-ú	k ù + ú			0
5059	Gourou-8554_sweetpotato-1	Gourou		sweet potato	wòsó	wòsó	w ò s ó			0
5060	JamsayDouentza-8554_sweetpotato-1	JamsayDouentza		sweet potato	wósó, màsàkû:, bàlàkù:ⁿɲǎ:	wósó	w ó s ó			0
5061	JamsayDouentza-8554_sweetpotato-2	JamsayDouentza		sweet potato	wósó, màsàkû:, bàlàkù:ⁿɲǎ:	bàlà-kù.ùⁿɲà.á	b à l à + k ù ù ∼ ɲ à á			0
5062	Mombo-8554_sweetpotato-1	Mombo		sweet potato	kû:ⁿ // áwsáŋgè kú:ⁿ	kú-ùⁿ	k ú + ù ∼	á w s á ŋ ɡ è + k ú ú ∼		0
5063	Najamba-8554_sweetpotato-1	Najamba		sweet potato	màsàkû:ŋgò\\màsàkû:	màsà-kú.ù-ŋɡ-ò	m à s à + k ú ù + ŋ ɡ + ò	m à s à k ú ù		0
5064	Nanga-8554_sweetpotato-1	Nanga		sweet potato	wòsó, bánákúrì, bánákûr	wòsó	w ò s ó			0
5065	Nanga-8554_sweetpotato-2	Nanga		sweet potato	wòsó, bánákúrì, bánákûr	báná-kúrì	b á n á + k ú r ì			0
5066	Nanga-8554_sweetpotato-3	Nanga		sweet potato	wòsó, bánákúrì, bánákûr	báná-kûr	b á n á + k û r			0
5067	Penange-8554_sweetpotato-1	Penange		sweet potato	wòsó	wòsó	w ò s ó			0
5068	PergeTegu-8554_sweetpotato-1	PergeTegu		sweet potato	wòsó	wòsó	w ò s ó			0
5069	TebulUre-8554_sweetpotato-1	TebulUre		sweet potato	bàrⁿàkù:ⁿ bùmbá	bàr.-nàkù.ùⁿ_bù-mb-á	b à r + n à k ù ù ∼ + b ù + m b + á			0
5070	Tiranige-8554_sweetpotato-1	Tiranige		sweet potato	màsákú:	màsá-kú.ú	m à s á + k ú ú			0
5071	TogoKan-8554_sweetpotato-1	TogoKan		sweet potato	bànàkǔ:	bànà-kù.ú	b à n à + k ù ú			0
5072	TommoSoTongoTongo-8554_sweetpotato-1	TommoSoTongoTongo		sweet potato	bànànkù bùmbɔ́	bànà-n_kù_bù-mb-ɔ́	b à n à + n + k ù + b ù + m b + ɔ́			0
5074	ToroTegu-8554_sweetpotato-1	ToroTegu		sweet potato	màsàkú, wòsó	màsà-kú	m à s à + k ú			0
5075	ToroTegu-8554_sweetpotato-2	ToroTegu		sweet potato	màsàkú, wòsó	wòsó	w ò s ó			0
5076	YandaDom-8554_sweetpotato-1	YandaDom		sweet potato	bànàkùl bùmbɔ̀	bànà-kùl_bù-mb-ɔ̀	b à n à + k ù l + b ù + m b + ɔ̀			0
5077	YornoSo-8554_sweetpotato-1	YornoSo		sweet potato	bàrⁿàkǔ:	bàr.-nàkù.ú	b à r + n à k ù ú			0
12784	BankanTey-8560_sweetsugarytaste-1	BankanTey		sweet, sugary (taste)	ɛ́rùm	ɛ́rùm	ɛ́ r ù m			0
12785	BenTey-8560_sweetsugarytaste-1	BenTey		sweet, sugary (taste)	ɛ́rìm	ɛ́rìm	ɛ́ r ì m			0
12786	Bunoge-8560_sweetsugarytaste-1	Bunoge		sweet, sugary (taste)	dènjì	dènj-ì	d è n d ʒ + ì			0
12787	DogulDomBendiely-8560_sweetsugarytaste-1	DogulDomBendiely		sweet, sugary (taste)	ɛ̀llɛ́	ɛ̀ll-ɛ́	ɛ̀ l l + ɛ́			0
12788	DogulDomKundialang-8560_sweetsugarytaste-1	DogulDomKundialang		sweet, sugary (taste)	ɛ́llɛ̀ŋ̀	ɛ́llɛ̀ŋ	ɛ́ l l ɛ̀ ŋ			0
12789	DonnoSo-8560_sweetsugarytaste-1	DonnoSo		sweet, sugary (taste)	ɛ̀llú	ɛ̀ll-ú	ɛ̀ l l + ú			0
12790	Gourou-8560_sweetsugarytaste-1	Gourou		sweet, sugary (taste)	érù	ér-ù	é r + ù			0
12791	JamsayDouentza-8560_sweetsugarytaste-1	JamsayDouentza		sweet, sugary (taste)	érù	ér-ù	é r + ù			0
12793	Mombo-8560_sweetsugarytaste-1	Mombo		sweet, sugary (taste)	ɛ́llá \\ ɛ́lɛ́lá	ɛ́ll-á	ɛ́ l l + á	ɛ́ l ɛ́ l á		0
12794	Najamba-8560_sweetsugarytaste-1	Najamba		sweet, sugary (taste)	ɛ̀líyè\\ɛ̌lŋgò	ɛ̀líy-è	ɛ̀ l í j + è	ɛ̌ l + ŋ ɡ ò		0
12795	Nanga-8560_sweetsugarytaste-1	Nanga		sweet, sugary (taste)	ɛ́rî	ɛ́r-î	ɛ́ r + î			0
12796	Penange-8560_sweetsugarytaste-1	Penange		sweet, sugary (taste)	nsì:ⁿ	nsì-ìⁿ	n s ì + ì ∼			0
12797	PergeTegu-8560_sweetsugarytaste-1	PergeTegu		sweet, sugary (taste)	érù	ér-ù	é r + ù			0
12798	TebulUre-8560_sweetsugarytaste-1	TebulUre		sweet, sugary (taste)	ɛ́lɛ̀://ɛ́lŋgɔ̀//ɛ́lmbɔ̀	ɛ́lɛ̀-ɛ̀	ɛ́ l ɛ̀ + ɛ̀	ɛ́ l + m b ɔ̀		0
12799	Tiranige-8560_sweetsugarytaste-1	Tiranige		sweet, sugary (taste)	ní:njí	ní.ínj-í	n í í n d ʒ + í			0
12800	TogoKan-8560_sweetsugarytaste-1	TogoKan		sweet, sugary (taste)	ɛ́lú	ɛ́l-ú	ɛ́ l + ú			0
12801	TommoSoTongoTongo-8560_sweetsugarytaste-1	TommoSoTongoTongo		sweet, sugary (taste)	ɛ́lɛ́lú	ɛ́lɛ́l-ú	ɛ́ l ɛ́ l + ú			0
12802	ToroTegu-8560_sweetsugarytaste-1	ToroTegu		sweet, sugary (taste)	ètú	èt-ú	è t + ú			0
12803	YandaDom-8560_sweetsugarytaste-1	YandaDom		sweet, sugary (taste)	ɛ̌l	ɛ̌l	ɛ̌ l			0
12804	YornoSo-8560_sweetsugarytaste-1	YornoSo		sweet, sugary (taste)	ɛ̂:l ~ ɛ́lɛ̀l	ɛ́lɛ̀l	ɛ́ l ɛ̀ l			0
12805	YornoSo-8560_sweetsugarytaste-2	YornoSo		sweet, sugary (taste)	ɛ̂:l ~ ɛ́lɛ̀l	ɛ́lɛ̀l	ɛ́ l ɛ̀ l			0
6270	BenTey-8563_swimverbonly-1	BenTey		swim (verb only)	bàlá	bàl-á	b à l + á			1
6271	DogulDomBendiely-8563_swimverbonly-1	DogulDomBendiely		swim (verb only)	bɛ̀ɲɲɛ́	bɛ̀-ɲɲɛ́	b ɛ̀ + ɲ ɲ ɛ́			1
6272	DogulDomKundialang-8563_swimverbonly-1	DogulDomKundialang		swim (verb only)	bɛ́ɲɲɛ̀	bɛ́-ɲɲɛ̀	b ɛ́ + ɲ ɲ ɛ̀			1
6273	DonnoSo-8563_swimverbonly-1	DonnoSo		swim (verb only)	wɛ̀nnɛ́\\wɛ́nnɛ̀, mùgó\\múgè	múɡ-è	m ú ɡ + è			1
6274	JamsayDouentza-8563_swimverbonly-1	JamsayDouentza		swim (verb only)	bùgó ('be in water')	bùɡ-ó	b ù ɡ + ó			1
6275	Mombo-8563_swimverbonly-1	Mombo		swim (verb only)	mì: wándé	mì.ì-wánd-é	m ì ì + w á n d + é			1
6276	Najamba-8563_swimverbonly-1	Najamba		swim (verb only)	bàndí\\bàndè	bànd-è	b à n d + è			1
6277	Nanga-8563_swimverbonly-1	Nanga		swim (verb only)	bɛ̀ndí	bɛ̀nd-í	b ɛ̀ n d + í			1
6278	PergeTegu-8563_swimverbonly-1	PergeTegu		swim (verb only)	bɛ̀nɛ́	bɛ̀n-ɛ́	b ɛ̀ n + ɛ́			1
6279	TogoKan-8563_swimverbonly-1	TogoKan		swim (verb only)	bɛ̀nɛ́	bɛ̀n-ɛ́	b ɛ̀ n + ɛ́			1
6280	TommoSoTongoTongo-8563_swimverbonly-1	TommoSoTongoTongo		swim (verb only)	bònníyó táá	bònníy-ó-táá	b ò n n í j + ó + t á á ∼			1
6281	YandaDom-8563_swimverbonly-1	YandaDom		swim (verb only)	bùgó\\bùgòlí	bùɡ-ó	b ù ɡ + ó			1
6282	YornoSo-8563_swimverbonly-1	YornoSo		swim (verb only)	bànɛ́:\\bàní:	bàn-ɛ́.ɛ́	b à n + ɛ́ ɛ́			1
2935	BankanTey-8579_tailofdogsheepetc-1	BankanTey		tail (of dog, sheep, etc.)	dúrà	dúrà	d ú r à			1
2936	BenTey-8579_tailofdogsheepetc-1	BenTey		tail (of dog, sheep, etc.)	dúrɔ̀	dúrɔ̀	d ú r ɔ̀			1
2937	Bunoge-8579_tailofdogsheepetc-1	Bunoge		tail (of dog, sheep, etc.)	dílɔ̀	dílɔ̀	d í l ɔ̀			1
2938	DogulDomBendiely-8579_tailofdogsheepetc-1	DogulDomBendiely		tail (of dog, sheep, etc.)	dúlò	dúlò	d ú l ò			1
2939	DogulDomKundialang-8579_tailofdogsheepetc-1	DogulDomKundialang		tail (of dog, sheep, etc.)	dúlɔ̀:	dúlɔ̀.ɔ̀	d ú l ɔ̀ ɔ̀			1
2940	DonnoSo-8579_tailofdogsheepetc-1	DonnoSo		tail (of dog, sheep, etc.)	dúlɔ̀	dúlɔ̀	d ú l ɔ̀			1
2941	Gourou-8579_tailofdogsheepetc-1	Gourou		tail (of dog, sheep, etc.)	dùrɔ́	dùrɔ́	d ù r ɔ́			1
2942	JamsayDouentza-8579_tailofdogsheepetc-1	JamsayDouentza		tail (of dog, sheep, etc.)	dúrɔ́	dúrɔ́	d ú r ɔ́			1
2943	Mombo-8579_tailofdogsheepetc-1	Mombo		tail (of dog, sheep, etc.)	dúlɔ́	dúlɔ́	d ú l ɔ́			1
2944	Najamba-8579_tailofdogsheepetc-1	Najamba		tail (of dog, sheep, etc.)	dúlɔ̀:\\dúlɛ̀:	dúlɔ̀.ɔ̀	d ú l ɔ̀ ɔ̀	d ú l ɛ̀ ɛ̀		1
2945	Nanga-8579_tailofdogsheepetc-1	Nanga		tail (of dog, sheep, etc.)	dúrâ	dúrâ	d ú r â			1
2946	Penange-8579_tailofdogsheepetc-1	Penange		tail (of dog, sheep, etc.)	dìlɔ̀	dìlɔ̀	d ì l ɔ̀			1
2947	PergeTegu-8579_tailofdogsheepetc-1	PergeTegu		tail (of dog, sheep, etc.)	dúrɔ́	dúrɔ́	d ú r ɔ́			1
2948	TebulUre-8579_tailofdogsheepetc-1	TebulUre		tail (of dog, sheep, etc.)	dúlá:	dúlá.á	d ú l á á			1
2949	Tiranige-8579_tailofdogsheepetc-1	Tiranige		tail (of dog, sheep, etc.)	dìlɔ̀	dìlɔ̀	d ì l ɔ̀			1
2950	TogoKan-8579_tailofdogsheepetc-1	TogoKan		tail (of dog, sheep, etc.)	dúrɔ́	dúrɔ́	d ú r ɔ́			1
2951	TommoSoTongoTongo-8579_tailofdogsheepetc-1	TommoSoTongoTongo		tail (of dog, sheep, etc.)	dúlɔ́	dúlɔ́	d ú l ɔ́			1
2953	ToroTegu-8579_tailofdogsheepetc-1	ToroTegu		tail (of dog, sheep, etc.)	báná	báná	b á n á			1
2954	YandaDom-8579_tailofdogsheepetc-1	YandaDom		tail (of dog, sheep, etc.)	dùlɔ́	dùlɔ́	d ù l ɔ́			1
2955	YornoSo-8579_tailofdogsheepetc-1	YornoSo		tail (of dog, sheep, etc.)	dúlɔ̀	dúlɔ̀	d ú l ɔ̀			1
2956	BankanTey-8580_tailofscorpion-1	BankanTey		tail (of scorpion)	dúrà	dúrà	d ú r à			1
2957	BenTey-8580_tailofscorpion-1	BenTey		tail (of scorpion)	dúrɔ̀	dúrɔ̀	d ú r ɔ̀			1
2958	Bunoge-8580_tailofscorpion-1	Bunoge		tail (of scorpion)	dílɔ̀	dílɔ̀	d í l ɔ̀			1
2959	DogulDomKundialang-8580_tailofscorpion-1	DogulDomKundialang		tail (of scorpion)	dúlɔ̀:	dúlɔ̀.ɔ̀	d ú l ɔ̀ ɔ̀			1
2960	DonnoSo-8580_tailofscorpion-1	DonnoSo		tail (of scorpion)	dúlɔ̀	dúlɔ̀	d ú l ɔ̀			1
2961	JamsayDouentza-8580_tailofscorpion-1	JamsayDouentza		tail (of scorpion)	dúrɔ́	dúrɔ́	d ú r ɔ́			1
2962	Mombo-8580_tailofscorpion-1	Mombo		tail (of scorpion)	dúlɔ́	dúlɔ́	d ú l ɔ́			1
2963	Najamba-8580_tailofscorpion-1	Najamba		tail (of scorpion)	dúlɔ̀:\\dúlɛ̀:	dúlɔ̀.ɔ̀	d ú l ɔ̀ ɔ̀	d ú l ɛ̀ ɛ̀		1
2964	Nanga-8580_tailofscorpion-1	Nanga		tail (of scorpion)	tàmbî	tà-mb-î	t à + m b + î			1
2965	Penange-8580_tailofscorpion-1	Penange		tail (of scorpion)	kɛ̀mɛ̀ ("point")	kɛ̀-mɛ̀	k ɛ̀ + m ɛ̀			1
2966	PergeTegu-8580_tailofscorpion-1	PergeTegu		tail (of scorpion)	dúrɔ́	dúrɔ́	d ú r ɔ́			1
2967	TebulUre-8580_tailofscorpion-1	TebulUre		tail (of scorpion)	dúlá:	dúlá.á	d ú l á á			1
2968	Tiranige-8580_tailofscorpion-1	Tiranige		tail (of scorpion)	dìlɔ̀	dìlɔ̀	d ì l ɔ̀			1
2969	TogoKan-8580_tailofscorpion-1	TogoKan		tail (of scorpion)	dúrɔ́	dúrɔ́	d ú r ɔ́			1
2970	TommoSoTongoTongo-8580_tailofscorpion-1	TommoSoTongoTongo		tail (of scorpion)	mòòmíó dùlɔ̀	mòòmíó_dùlɔ̀	m ò ò m í ó + d ù l ɔ̀			1
2972	ToroTegu-8580_tailofscorpion-1	ToroTegu		tail (of scorpion)	báná	báná	b á n á			1
2973	YandaDom-8580_tailofscorpion-1	YandaDom		tail (of scorpion)	dùlɔ́	dùlɔ́	d ù l ɔ́			1
2974	YornoSo-8580_tailofscorpion-1	YornoSo		tail (of scorpion)	dúlɔ̀	dúlɔ̀	d ú l ɔ̀			1
1551	BankanTey-8703_testicles-1	BankanTey		testicles	dɔ́rɔ̀	dɔ́rɔ̀	d ɔ́ r ɔ̀			0
1552	BenTey-8703_testicles-1	BenTey		testicles	tó:sú	tó.ósú	t ó ó s ú			0
1553	Bunoge-8703_testicles-1	Bunoge		testicles	pɔ̀ndɛ́sè	pɔ̀-ndɛ́-s-è	p ɔ̀ + n d ɛ́ + s + è			0
1554	DogulDomBendiely-8703_testicles-1	DogulDomBendiely		testicles	kùmbírí	kù-mbí-r-í	k ù + m b í + r + í			0
1555	DogulDomKundialang-8703_testicles-1	DogulDomKundialang		testicles	kùmbùrí:	kù-mbù-r-í.í	k ù + m b ù + r + í í			0
1556	DonnoSo-8703_testicles-1	DonnoSo		testicles	dɔ̀lɔ́	dɔ̀lɔ́	d ɔ̀ l ɔ́			0
1557	Gourou-8703_testicles-1	Gourou		testicles	dɔ̀rⁿɔ́	dɔ̀r.-nɔ́	d ɔ̀ r + n ɔ́			0
1558	JamsayDouentza-8703_testicles-1	JamsayDouentza		testicles	dɔ̀rɔ́	dɔ̀rɔ́	d ɔ̀ r ɔ́			0
1559	Mombo-8703_testicles-1	Mombo		testicles	pòjè sí: // pójè	pò-dʒè_-s-í.í	p ò + d ʒ è + s + í í	p ó d ʒ è		0
1560	Najamba-8703_testicles-1	Najamba		testicles	dɔ́lɔ̀:\\dɔ́lɛ̀:	dɔ́lɔ̀.ɔ̀	d ɔ́ l ɔ̀ ɔ̀	d ɔ́ l ɛ̀ ɛ̀		0
1561	Nanga-8703_testicles-1	Nanga		testicles	tó:sí	tó.ósí	t ó ó s í			0
1562	Penange-8703_testicles-1	Penange		testicles	pɔ́ntɛ́rɛ̀	pɔ́-ntɛ́-r-ɛ̀	p ɔ́ + n t ɛ́ + r + ɛ̀			0
1563	PergeTegu-8703_testicles-1	PergeTegu		testicles	tó:sú	tó.ósú	t ó ó s ú			0
1564	TebulUre-8703_testicles-1	TebulUre		testicles	dɔ̯á:ⁿ	dɔá-áⁿ	d ɔ á + á ∼			0
1565	Tiranige-8703_testicles-1	Tiranige		testicles	sègèlè	sèɡè-lè	s è ɡ è + l è			0
1566	TogoKan-8703_testicles-1	TogoKan		testicles	tójú	tó-dʒ-ú	t ó + d ʒ + ú			0
1567	TommoSoTongoTongo-8703_testicles-1	TommoSoTongoTongo		testicles	dɔ́lɔ́	dɔ́lɔ́	d ɔ́ l ɔ́			0
1570	ToroTegu-8703_testicles-1	ToroTegu		testicles	tó:ⁿsú	tó.óⁿsú	t ó ó ∼ s ú			0
1571	YandaDom-8703_testicles-1	YandaDom		testicles	dɔ̀rɔ́	dɔ̀rɔ́	d ɔ̀ r ɔ́			0
1572	YornoSo-8703_testicles-1	YornoSo		testicles	dɔ́lɔ́	dɔ́lɔ́	d ɔ́ l ɔ́			0
15512	BankanTey-8748_thickplanarobjectegwall-1	BankanTey		thick (planar object, e.g. wall)	káwⁿáwⁿ	káw.náw.n	k á w ∼ á w ∼			1
15513	BenTey-8748_thickplanarobjectegwall-1	BenTey		thick (planar object, e.g. wall)	káwàw	káwàw	k á w à w			1
15514	Bunoge-8748_thickplanarobjectegwall-1	Bunoge		thick (planar object, e.g. wall)	bàmbà	bàmb-à	b à m b + à			1
15515	DonnoSo-8748_thickplanarobjectegwall-1	DonnoSo		thick (planar object, e.g. wall)	dógòdò	dóɡòd-ò	d ó ɡ ò d + ò			1
15516	Gourou-8748_thickplanarobjectegwall-1	Gourou		thick (planar object, e.g. wall)	wá:	wá-á	w á + á			1
15517	JamsayDouentza-8748_thickplanarobjectegwall-1	JamsayDouentza		thick (planar object, e.g. wall)	dùgú, wá:	wá-á	w á + á			1
15518	Mombo-8748_thickplanarobjectegwall-1	Mombo		thick (planar object, e.g. wall)	dɔ́ŋgá	dɔ́ŋɡ-á	d ɔ́ ŋ ɡ + á			1
15519	Najamba-8748_thickplanarobjectegwall-1	Najamba		thick (planar object, e.g. wall)	wàyáŋgó\\wàyɛ́:	wàyáŋɡ-ó	w à j á ŋ ɡ + ó	w à j ɛ́ ɛ́		1
15520	Nanga-8748_thickplanarobjectegwall-1	Nanga		thick (planar object, e.g. wall)	démbíré	démbír-é	d é m b í r + é			1
15521	Penange-8748_thickplanarobjectegwall-1	Penange		thick (planar object, e.g. wall)	bámbá	bámb-á	b á m b + á			1
15522	PergeTegu-8748_thickplanarobjectegwall-1	PergeTegu		thick (planar object, e.g. wall)	démdé	démd-é	d é m d + é			1
15523	TogoKan-8748_thickplanarobjectegwall-1	TogoKan		thick (planar object, e.g. wall)	dògú	dòɡ-ú	d ò ɡ + ú			1
15524	TommoSoTongoTongo-8748_thickplanarobjectegwall-1	TommoSoTongoTongo		thick (planar object, e.g. wall)	kúnɔ́	kún-ɔ́	k ú n + ɔ́			1
15525	ToroTegu-8748_thickplanarobjectegwall-1	ToroTegu		thick (planar object, e.g. wall)	pótó	pót-ó	p ó t + ó			1
15526	YandaDom-8748_thickplanarobjectegwall-1	YandaDom		thick (planar object, e.g. wall)	dèmbùl	dèmbùl	d è m b ù l			1
15527	YornoSo-8748_thickplanarobjectegwall-1	YornoSo		thick (planar object, e.g. wall)	démɛ́	dém-ɛ́	d é m + ɛ́			1
6957	BankanTey-8777_thinggeneralterm-1	BankanTey		thing (general term)	kɔ́n	kɔ́n	k ɔ́ n			0
6958	BenTey-8777_thinggeneralterm-1	BenTey		thing (general term)	kɔ́:ⁿ	kɔ́.ɔ́.n	k ɔ́ ɔ́ ∼			0
6959	Bunoge-8777_thinggeneralterm-1	Bunoge		thing (general term)	wɛ̀:, yɛ́ (in frozen combinations)	yɛ́	j ɛ́			0
6960	DogulDomBendiely-8777_thinggeneralterm-1	DogulDomBendiely		thing (general term)	góòŋ	ɡóòŋ	ɡ ó ò ŋ			0
6961	DogulDomKundialang-8777_thinggeneralterm-1	DogulDomKundialang		thing (general term)	gǒŋ (pl gǒyⁿ yà:)	ɡǒŋ	ɡ ǒ ŋ	ɡ ǒ j~ + j à à		0
6962	DonnoSo-8777_thinggeneralterm-1	DonnoSo		thing (general term)	kìdɛ́	kìdɛ́	k ì d ɛ́			0
6963	Gourou-8777_thinggeneralterm-1	Gourou		thing (general term)	kìsɛ́	kìsɛ́	k ì s ɛ́			0
6964	JamsayDouentza-8777_thinggeneralterm-1	JamsayDouentza		thing (general term)	cɛ̌:, cìjɛ́	tʃì-dʒ-ɛ́	t ʃ ì + d ʒ + ɛ́			0
6966	Mombo-8777_thinggeneralterm-1	Mombo		thing (general term)	yɛ́:	yɛ́-ɛ́	j ɛ́ + ɛ́			0
6967	Najamba-8777_thinggeneralterm-1	Najamba		thing (general term)	kóŋgò\\yèpà:bé	kó-ŋɡ-ò	k ó + ŋ ɡ + ò	j è p à à b é		0
6968	Nanga-8777_thinggeneralterm-1	Nanga		thing (general term)	kɔ́, kɔ́ŋ, kɔ̀kámâ\\yɛ̀kámâ	kɔ́	k ɔ́			0
6969	Nanga-8777_thinggeneralterm-2	Nanga		thing (general term)	kɔ́, kɔ́ŋ, kɔ̀kámâ\\yɛ̀kámâ	kɔ́ŋ	k ɔ́ ŋ			0
6970	Nanga-8777_thinggeneralterm-3	Nanga		thing (general term)	kɔ́, kɔ́ŋ, kɔ̀kámâ\\yɛ̀kámâ	kɔ̀ká-mâ	k ɔ̀ k á + m â	j ɛ̀ + k á m â		0
6971	Penange-8777_thinggeneralterm-1	Penange		thing (general term)	yɛ̀:	yɛ̀-ɛ̀	j ɛ̀ + ɛ̀			0
6972	PergeTegu-8777_thinggeneralterm-1	PergeTegu		thing (general term)	kí:	kí-í	k í + í			0
6973	TebulUre-8777_thinggeneralterm-1	TebulUre		thing (general term)	cɛ́ (cf. cì ɔ́mɔ̀)	tʃɛ́	t ʃ ɛ́			0
6974	Tiranige-8777_thinggeneralterm-1	Tiranige		thing (general term)	wɛ̀:	wɛ̀-ɛ̀	w ɛ̀ + ɛ̀			0
6975	TogoKan-8777_thinggeneralterm-1	TogoKan		thing (general term)	ɔ̀jɔ́	ɔ̀-dʒ-ɔ́	ɔ̀ + d ʒ + ɔ́			0
6976	TommoSoTongoTongo-8777_thinggeneralterm-1	TommoSoTongoTongo		thing (general term)	kídɛ́	kídɛ́	k í d ɛ́			0
6977	ToroTegu-8777_thinggeneralterm-1	ToroTegu		thing (general term)	ɛ́sú, ɛ̀sùlàgú	ɛ́sú	ɛ́ s ú			0
6978	ToroTegu-8777_thinggeneralterm-2	ToroTegu		thing (general term)	ɛ́sú, ɛ̀sùlàgú	ɛ̀sùlà-ɡú	ɛ̀ s ù l à + ɡ ú			0
6979	YandaDom-8777_thinggeneralterm-1	YandaDom		thing (general term)	kí	kí	k í			0
6980	YornoSo-8777_thinggeneralterm-1	YornoSo		thing (general term)	kíjɛ́	kí-dʒ-ɛ́	k í + d ʒ + ɛ́			0
11165	BankanTey-8799_thousand-1	BankanTey		thousand	m̀bùsú	mbùs-ú	m b ù s + ú			0
11166	BenTey-8799_thousand-1	BenTey		thousand	mùsú	mùs-ú	m ù s + ú			0
11167	Bunoge-8799_thousand-1	Bunoge		thousand	múnjù	múnj-ù	m ú n d ʒ + ù			0
11168	DogulDomBendiely-8799_thousand-1	DogulDomBendiely		thousand	mùɲjú	mùɲd-ʒú	m ù ɲ d + ʒ ú			0
11169	DogulDomKundialang-8799_thousand-1	DogulDomKundialang		thousand	mùnjú	mùnj-ú	m ù n d ʒ + ú			0
11170	DonnoSo-8799_thousand-1	DonnoSo		thousand	mùnjú	mùnj-ú	m ù n d ʒ + ú			0
11171	Gourou-8799_thousand-1	Gourou		thousand	mùsú	mùs-ú	m ù s + ú			0
11172	JamsayDouentza-8799_thousand-1	JamsayDouentza		thousand	mùɲú	mùɲ-ú	m ù ɲ + ú			0
11174	Mombo-8799_thousand-1	Mombo		thousand	múnjù	múnj-ù	m ú n d ʒ + ù			0
11175	Najamba-8799_thousand-1	Najamba		thousand	mùjú	mùd-ʒú	m ù d + ʒ ú			0
11176	Nanga-8799_thousand-1	Nanga		thousand	mùsú	mùs-ú	m ù s + ú			0
11177	Penange-8799_thousand-1	Penange		thousand	mùnjù	mùnj-ù	m ù n d ʒ + ù			0
11178	PergeTegu-8799_thousand-1	PergeTegu		thousand	mùsú	mùs-ú	m ù s + ú			0
11179	TebulUre-8799_thousand-1	TebulUre		thousand	mùdó	mùd-ó	m ù d + ó			0
11180	Tiranige-8799_thousand-1	Tiranige		thousand	mújúsìlà:mú	m-údʒúsìlà.àm-ú	m + ú d ʒ ú s ì l à à m + ú			0
11181	TogoKan-8799_thousand-1	TogoKan		thousand	mùɲú	mùɲ-ú	m ù ɲ + ú			0
11182	TommoSoTongoTongo-8799_thousand-1	TommoSoTongoTongo		thousand	mùnjó, tɛ́mìndɛ̀ néé	mùnj-ó	m ù n d ʒ + ó			0
11183	TommoSoTongoTongo-8799_thousand-2	TommoSoTongoTongo		thousand	mùnjó, tɛ́mìndɛ̀ néé	tɛ́mìn-dɛ̀_n-éé	t ɛ́ m ì n + d ɛ̀ + n + é é			0
11184	ToroTegu-8799_thousand-1	ToroTegu		thousand	zɛ́mbɛ̀rɛ̀	zɛ́mbɛ̀r-ɛ̀	z ɛ́ m b ɛ̀ r + ɛ̀			0
11185	YandaDom-8799_thousand-1	YandaDom		thousand	mùzò	mùz-ò	m ù z + ò			0
11186	YornoSo-8799_thousand-1	YornoSo		thousand	mùɲú	mùɲ-ú	m ù ɲ + ú			0
10903	BankanTey-8802_three-1	BankanTey		three	tà:ní	tà.àn-í	t à à n + í			1
10904	BenTey-8802_three-1	BenTey		three	tà:nú	tà.àn-ú	t à à n + ú			1
10905	Bunoge-8802_three-1	Bunoge		three	tá:ndù	tá.ánd-ù	t á á n d + ù			1
10906	DogulDomBendiely-8802_three-1	DogulDomBendiely		three	táándù	táánd-ù	t á á ∼ n d + ù			1
10907	DogulDomKundialang-8802_three-1	DogulDomKundialang		three	tà:ndú	tà.ànd-ú	t à à n d + ú			1
10908	DonnoSo-8802_three-1	DonnoSo		three	tà:nú	tà.àn-ú	t à à n + ú			1
10909	Gourou-8802_three-1	Gourou		three	tà:nú	tà.àn-ú	t à à n + ú			1
10910	JamsayDouentza-8802_three-1	JamsayDouentza		three	tǎ:n	tà.án	t à á n			1
10912	Mombo-8802_three-1	Mombo		three	tá:ndì	tá.ánd-ì	t á á n d + ì			1
10913	Najamba-8802_three-1	Najamba		three	tà:ndî:	tà.ànd-í.ì	t à à n d + í ì			1
10914	Nanga-8802_three-1	Nanga		three	tà:ndǐ:	tà.ànd-ì.í	t à à n d + ì í			1
10915	PergeTegu-8802_three-1	PergeTegu		three	tà:lú	tà.àl-ú	t à à l + ú			1
10916	TebulUre-8802_three-1	TebulUre		three	tà:ndú	tà.ànd-ú	t à à n d + ú			1
10917	Tiranige-8802_three-1	Tiranige		three	tá:ndí	tá.ánd-í	t á á n d + í			1
10918	TogoKan-8802_three-1	TogoKan		three	tǎ:n ~ tà:nú	tà.àn-ú	t à à n + ú			1
10919	TommoSoTongoTongo-8802_three-1	TommoSoTongoTongo		three	tààndú	tàànd-ú	t à à n d + ú			1
10920	ToroTegu-8802_three-1	ToroTegu		three	tà:lí	tà.àl-í	t à à l + í			1
10921	YandaDom-8802_three-1	YandaDom		three	tá:ndù, yètá:ndù	yètá.ánd-ù	j è t á á n d + ù			1
10922	YornoSo-8802_three-1	YornoSo		three	tǎ:n	tà.án	t à á n			1
13256	BankanTey-8811_throwegstone-1	BankanTey		throw (e.g. stone)	gìsé	ɡìs-é	ɡ ì s + é			1
13257	BenTey-8811_throwegstone-1	BenTey		throw (e.g. stone)	pɔ́tɔ́	pɔ́t-ɔ́	p ɔ́ t + ɔ́			1
13258	Bunoge-8811_throwegstone-1	Bunoge		throw (e.g. stone)	dɔ́ŋgɛ̀	dɔ́ŋɡ-ɛ̀	d ɔ́ ŋ ɡ + ɛ̀			1
13259	DonnoSo-8811_throwegstone-1	DonnoSo		throw (e.g. stone)	kámbà\\kámbì	kámb-à	k á m b + à			1
13260	JamsayDouentza-8811_throwegstone-1	JamsayDouentza		throw (e.g. stone)	kámá	kám-á	k á m + á			1
13262	Mombo-8811_throwegstone-1	Mombo		throw (e.g. stone)	gújé	ɡúdʒ-é	ɡ ú d ʒ + é			1
13263	Najamba-8811_throwegstone-1	Najamba		throw (e.g. stone)	gìjí\\gìjè, ér\\èrè	èr-è	è r + è			1
13264	Nanga-8811_throwegstone-1	Nanga		throw (e.g. stone)	gìsé	ɡìs-é	ɡ ì s + é			1
13265	Penange-8811_throwegstone-1	Penange		throw (e.g. stone)	gújé	ɡúdʒ-é	ɡ ú d ʒ + é			1
13266	PergeTegu-8811_throwegstone-1	PergeTegu		throw (e.g. stone)	pɔ́tɔ́	pɔ́t-ɔ́	p ɔ́ t + ɔ́			1
13267	TebulUre-8811_throwegstone-1	TebulUre		throw (e.g. stone)	gìdé (gìdétì), dàgá (dàgátì)	dàɡ-á	d à ɡ + á			1
13268	Tiranige-8811_throwegstone-1	Tiranige		throw (e.g. stone)	pɔ́rɔ́	pɔ́r-ɔ́	p ɔ́ r + ɔ́			1
13269	TogoKan-8811_throwegstone-1	TogoKan		throw (e.g. stone)	kámá	kám-á	k á m + á			1
13270	TommoSoTongoTongo-8811_throwegstone-1	TommoSoTongoTongo		throw (e.g. stone)	jùmbó	dʒùmb-ó	d ʒ ù m b + ó			1
13271	ToroTegu-8811_throwegstone-1	ToroTegu		throw (e.g. stone)	dà:ⁿsú\\dà:ⁿsá	dà.àⁿs-á	d à à ∼ s + á			1
13272	YandaDom-8811_throwegstone-1	YandaDom		throw (e.g. stone)	gìzé\\gìzèlí	ɡìz-é	ɡ ì z + é			1
13273	YornoSo-8811_throwegstone-1	YornoSo		throw (e.g. stone)	kámá\\kámú	kám-á	k á m + á			1
12906	BankanTey-8834_tietieupsthorsbwitharope-1	BankanTey		tie, tie up (sth or sb, with a rope)	pá:	pá-á	p á + á			1
12907	BenTey-8834_tietieupsthorsbwitharope-1	BenTey		tie, tie up (sth or sb, with a rope)	páɣá	páɣ-á	p á ɣ + á			1
12908	Bunoge-8834_tietieupsthorsbwitharope-1	Bunoge		tie, tie up (sth or sb, with a rope)	sɔ́jɛ̀	sɔ́dʒ-ɛ̀	s ɔ́ d ʒ + ɛ̀			1
12909	DogulDomBendiely-8834_tietieupsthorsbwitharope-1	DogulDomBendiely		tie, tie up (sth or sb, with a rope)	kɔ̀mmɛ́	kɔ̀-mmɛ́	k ɔ̀ + m m ɛ́			1
12910	DogulDomKundialang-8834_tietieupsthorsbwitharope-1	DogulDomKundialang		tie, tie up (sth or sb, with a rope)	kɔ́mmɛ̀	kɔ́-mmɛ̀	k ɔ́ + m m ɛ̀			1
12911	DonnoSo-8834_tietieupsthorsbwitharope-1	DonnoSo		tie, tie up (sth or sb, with a rope)	kɔ́mmɔ̀\\kɔ́mmɛ̀	kɔ́-mmɛ̀	k ɔ́ + m m ɛ̀			1
12912	Gourou-8834_tietieupsthorsbwitharope-1	Gourou		tie, tie up (sth or sb, with a rope)	páɣá	páɣ-á	p á ɣ + á			1
12913	JamsayDouentza-8834_tietieupsthorsbwitharope-1	JamsayDouentza		tie, tie up (sth or sb, with a rope)	págá\\págálì	páɡ-á	p á ɡ + á			1
12914	Mombo-8834_tietieupsthorsbwitharope-1	Mombo		tie, tie up (sth or sb, with a rope)	págé	páɡ-é	p á ɡ + é			1
12915	Najamba-8834_tietieupsthorsbwitharope-1	Najamba		tie, tie up (sth or sb, with a rope)	págí\\pàgè	pàɡ-è	p à ɡ + è			1
12916	Nanga-8834_tietieupsthorsbwitharope-1	Nanga		tie, tie up (sth or sb, with a rope)	págí	páɡ-í	p á ɡ + í			1
12917	Penange-8834_tietieupsthorsbwitharope-1	Penange		tie, tie up (sth or sb, with a rope)	sɔ́jɛ́	sɔ́dʒ-ɛ́	s ɔ́ d ʒ + ɛ́			1
12918	PergeTegu-8834_tietieupsthorsbwitharope-1	PergeTegu		tie, tie up (sth or sb, with a rope)	págá	páɡ-á	p á ɡ + á			1
12919	TebulUre-8834_tietieupsthorsbwitharope-1	TebulUre		tie, tie up (sth or sb, with a rope)	kɔ́mbú (kɔ́mbútì)	kɔ́mb-ú	k ɔ́ m b + ú			1
12920	Tiranige-8834_tietieupsthorsbwitharope-1	Tiranige		tie, tie up (sth or sb, with a rope)	págó	páɡ-ó	p á ɡ + ó			1
12921	TogoKan-8834_tietieupsthorsbwitharope-1	TogoKan		tie, tie up (sth or sb, with a rope)	págá	páɡ-á	p á ɡ + á			1
12922	TommoSoTongoTongo-8834_tietieupsthorsbwitharope-1	TommoSoTongoTongo		tie, tie up (sth or sb, with a rope)	kɔ́mmɔ́	kɔ́-mmɔ́	k ɔ́ + m m ɔ́			1
12923	ToroTegu-8834_tietieupsthorsbwitharope-1	ToroTegu		tie, tie up (sth or sb, with a rope)	págú\\págá	páɡ-á	p á ɡ + á			1
12924	YandaDom-8834_tietieupsthorsbwitharope-1	YandaDom		tie, tie up (sth or sb, with a rope)	kɔ́mɔ́\\kɔ́málì	kɔ́m-ɔ́	k ɔ́ m + ɔ́			1
12925	YornoSo-8834_tietieupsthorsbwitharope-1	YornoSo		tie, tie up (sth or sb, with a rope)	págá\\págú, kɔ́mɔ́ xxx[chaining]	kɔ́m-ɔ́	k ɔ́ m + ɔ́			1
7705	BankanTey-8851_timemomentintime-1	BankanTey		time, moment in time	wáwtù, wágátù	wáw-tù	w á w + t ù			0
7706	BankanTey-8851_timemomentintime-2	BankanTey		time, moment in time	wáwtù, wágátù	wáɡá-tù	w á ɡ á + t ù			0
7707	BenTey-8851_timemomentintime-1	BenTey		time, moment in time	wágátù, dógúrú	dóɡú-rú	d ó ɡ ú + r ú			0
7708	Bunoge-8851_timemomentintime-1	Bunoge		time, moment in time	wàgàr, wà:g	wà.àɡ	w à à ɡ			0
7709	DogulDomBendiely-8851_timemomentintime-1	DogulDomBendiely		time, moment in time	wàgátù, wáàr	wáàr	w á à r			0
7710	DogulDomBendiely-8851_timemomentintime-2	DogulDomBendiely		time, moment in time	wàgátù, wáàr	wáàr	w á à r			0
7711	DogulDomKundialang-8851_timemomentintime-1	DogulDomKundialang		time, moment in time	wâ:r, wágàtì	wáɡà-tì	w á ɡ à + t ì			0
7712	DonnoSo-8851_timemomentintime-1	DonnoSo		time, moment in time	wágùrù	wáɡù-rù	w á ɡ ù + r ù			0
7713	Gourou-8851_timemomentintime-1	Gourou		time, moment in time	dógúrú	dóɡú-rú	d ó ɡ ú + r ú			0
7714	JamsayDouentza-8851_timemomentintime-1	JamsayDouentza		time, moment in time	wákátì, dógúrú	wáká-tì	w á k á + t ì			0
7715	JamsayDouentza-8851_timemomentintime-2	JamsayDouentza		time, moment in time	wákátì, dógúrú	dóɡú-rú	d ó ɡ ú + r ú			0
7716	Mombo-8851_timemomentintime-1	Mombo		time, moment in time	wágárù	wáɡá-rù	w á ɡ á + r ù			0
7717	Najamba-8851_timemomentintime-1	Najamba		time, moment in time	wágàtì, wákàtì, sárà	sárà	s á r à			0
7718	Najamba-8851_timemomentintime-2	Najamba		time, moment in time	wágàtì, wákàtì, sárà	wákà-tì	w á k à + t ì			0
7719	Najamba-8851_timemomentintime-3	Najamba		time, moment in time	wágàtì, wákàtì, sárà	sárà	s á r à			0
7720	Nanga-8851_timemomentintime-1	Nanga		time, moment in time	wágádí, wágátí	wáɡá-tí	w á ɡ á + t í			0
7721	Penange-8851_timemomentintime-1	Penange		time, moment in time	wàgàr	wàɡà-r	w à ɡ à + r			0
7722	PergeTegu-8851_timemomentintime-1	PergeTegu		time, moment in time	wágátù, dógúrú	dóɡú-rú	d ó ɡ ú + r ú			0
7723	TebulUre-8851_timemomentintime-1	TebulUre		time, moment in time	wágádú, wágátí	wáɡá-tí	w á ɡ á + t í			0
7724	Tiranige-8851_timemomentintime-1	Tiranige		time, moment in time	wákátí	wáká-tí	w á k á + t í			0
7725	TogoKan-8851_timemomentintime-1	TogoKan		time, moment in time	tèŋé, dógúrú	tèŋé	t è ŋ é			0
7726	TogoKan-8851_timemomentintime-2	TogoKan		time, moment in time	tèŋé, dógúrú	dóɡú-rú	d ó ɡ ú + r ú			0
7727	TommoSoTongoTongo-8851_timemomentintime-1	TommoSoTongoTongo		time, moment in time	wágádú, wáárú	wáárú	w á á ∼ r ú			0
7728	TommoSoTongoTongo-8851_timemomentintime-2	TommoSoTongoTongo		time, moment in time	wágádú, wáárú	wáárú	w á á ∼ r ú			0
7729	ToroTegu-8851_timemomentintime-1	ToroTegu		time, moment in time	tùwⁿɔ́, wákátù, wáɣátù, òsùtúrú	òsùtú-rú	ò s ù t ú + r ú			0
7730	ToroTegu-8851_timemomentintime-2	ToroTegu		time, moment in time	tùwⁿɔ́, wákátù, wáɣátù, òsùtúrú	wáká-tù	w á k á + t ù			0
7731	ToroTegu-8851_timemomentintime-3	ToroTegu		time, moment in time	tùwⁿɔ́, wákátù, wáɣátù, òsùtúrú	wáɣá-tù	w á ɣ á + t ù			0
7732	ToroTegu-8851_timemomentintime-4	ToroTegu		time, moment in time	tùwⁿɔ́, wákátù, wáɣátù, òsùtúrú	òsùtú-rú	ò s ù t ú + r ú			0
7733	YandaDom-8851_timemomentintime-1	YandaDom		time, moment in time	wágàtù, dó:rù	dó.órù	d ó ó r ù			0
7734	YornoSo-8851_timemomentintime-1	YornoSo		time, moment in time	wá:rú, dógúrú	dóɡú-rú	d ó ɡ ú + r ú			0
7843	BankanTey-8886_tomorrow-1	BankanTey		tomorrow	ɛ́yⁿ	ɛ́	ɛ́			0
7844	BenTey-8886_tomorrow-1	BenTey		tomorrow	ɛ́yⁿ, ɛ́yⁿ dé	ɛ́_dé	ɛ́ + d é			0
7845	Bunoge-8886_tomorrow-1	Bunoge		tomorrow	ʔógà	ʔóɡà	ʔ ó ɡ à			0
7846	DogulDomBendiely-8886_tomorrow-1	DogulDomBendiely		tomorrow	ɛ́ɛ́nì	ɛ́-ɛ́nì	ɛ́ + ɛ́ n ì			0
7847	DogulDomKundialang-8886_tomorrow-1	DogulDomKundialang		tomorrow	ɛ́:nì	ɛ́-ɛ́nì	ɛ́ + ɛ́ n ì			0
7848	DonnoSo-8886_tomorrow-1	DonnoSo		tomorrow	yògó	yòɡó	j ò ɡ ó			0
7849	Gourou-8886_tomorrow-1	Gourou		tomorrow	yògó	yòɡó	j ò ɡ ó			0
7850	JamsayDouentza-8886_tomorrow-1	JamsayDouentza		tomorrow	yògó	yòɡó	j ò ɡ ó			0
7852	Mombo-8886_tomorrow-1	Mombo		tomorrow	ɔ́gɔ̀	ɔ́ɡɔ̀	ɔ́ ɡ ɔ̀			0
7853	Najamba-8886_tomorrow-1	Najamba		tomorrow	ɛ́ŋgú	ɛ́ŋɡú	ɛ́ ŋ ɡ ú			0
7854	Nanga-8886_tomorrow-1	Nanga		tomorrow	ɛ́:ŋí	ɛ́-ɛ́ŋí	ɛ́ + ɛ́ ŋ í			0
7855	Penange-8886_tomorrow-1	Penange		tomorrow	ògà	òɡà	ò ɡ à			0
7856	PergeTegu-8886_tomorrow-1	PergeTegu		tomorrow	úŋgù	úŋɡù	ú ŋ ɡ ù			0
7857	TebulUre-8886_tomorrow-1	TebulUre		tomorrow	ɛ́yⁿ	ɛ́	ɛ́			0
7858	Tiranige-8886_tomorrow-1	Tiranige		tomorrow	á:gá (Boui), ágá (Ningo)	áɡá	á ɡ á			0
7859	TogoKan-8886_tomorrow-1	TogoKan		tomorrow	yògó	yòɡó	j ò ɡ ó			0
7860	TommoSoTongoTongo-8886_tomorrow-1	TommoSoTongoTongo		tomorrow	yògó	yòɡó	j ò ɡ ó			0
7861	ToroTegu-8886_tomorrow-1	ToroTegu		tomorrow	sírà, húwⁿɔ̀	sírà	s í r à			0
7862	ToroTegu-8886_tomorrow-2	ToroTegu		tomorrow	sírà, húwⁿɔ̀	húw.nɔ̀	h ú w ∼ ɔ̀			0
7863	YandaDom-8886_tomorrow-1	YandaDom		tomorrow	ɛ́w, ɛ́w dè	ɛ́w	ɛ́ w			0
7864	YandaDom-8886_tomorrow-2	YandaDom		tomorrow	ɛ́w, ɛ́w dè	ɛ́w_dè	ɛ́ w + d è			0
7865	YornoSo-8886_tomorrow-1	YornoSo		tomorrow	yògó	yòɡó	j ò ɡ ó			0
2145	BankanTey-8892_tongue-1	BankanTey		tongue	lɛ̀mbìrɛ̂	lɛ̀-mbì-r-ɛ̂	l ɛ̀ + m b ì + r + ɛ̂			1
2146	BenTey-8892_tongue-1	BenTey		tongue	lɛ̀mdɛ̂:	lɛ̀m-dɛ́.ɛ̀	l ɛ̀ m + d ɛ́ ɛ̀			1
2147	Bunoge-8892_tongue-1	Bunoge		tongue	dɛ̀ndɛ̀bè	dɛ̀-ndɛ̀-b-è	d ɛ̀ + n d ɛ̀ + b + è			1
2148	DogulDomBendiely-8892_tongue-1	DogulDomBendiely		tongue	nɛ̀ɛ̀ndá	nɛ̀.ɛ̀-nd-á	n ɛ̀ ɛ̀ + n d + á			1
2149	DogulDomKundialang-8892_tongue-1	DogulDomKundialang		tongue	nɛ̀ndá:	nɛ̀-nd-á.á	n ɛ̀ + n d + á á			1
2150	DonnoSo-8892_tongue-1	DonnoSo		tongue	nɛ́:ndɛ̀	nɛ́.ɛ́-nd-ɛ̀	n ɛ́ ɛ́ + n d + ɛ̀			1
2151	Gourou-8892_tongue-1	Gourou		tongue	nɛ̀nɛ́	nɛ̀nɛ́	n ɛ̀ n ɛ́			1
2152	JamsayDouentza-8892_tongue-1	JamsayDouentza		tongue	nɛ̀nɛ́	nɛ̀nɛ́	n ɛ̀ n ɛ́			1
2154	Mombo-8892_tongue-1	Mombo		tongue	nè:ndé	nè.è-nd-é	n è è + n d + é			1
2155	Najamba-8892_tongue-1	Najamba		tongue	nɛ̌ndɔ̀:\\nɛ̌ndɛ̀:	nɛ̌-nd-ɔ̀.ɔ̀	n ɛ̌ + n d + ɔ̀ ɔ̀	n ɛ̌ n d ɛ̀ ɛ̀		1
2156	Nanga-8892_tongue-1	Nanga		tongue	nɛ́ndɛ̀	nɛ́-nd-ɛ̀	n ɛ́ + n d + ɛ̀			1
2157	Penange-8892_tongue-1	Penange		tongue	nɛ̀mdɛ̀	nɛ̀m-dɛ̀	n ɛ̀ m + d ɛ̀			1
2158	PergeTegu-8892_tongue-1	PergeTegu		tongue	lɛ̀lɛ́	lɛ̀lɛ́	l ɛ̀ l ɛ́			1
2159	TebulUre-8892_tongue-1	TebulUre		tongue	nɛ́ndɛ́	nɛ́-nd-ɛ́	n ɛ́ + n d + ɛ́			1
2160	Tiranige-8892_tongue-1	Tiranige		tongue	nɛ́:ndɛ̀	nɛ́.ɛ́-nd-ɛ̀	n ɛ́ ɛ́ + n d + ɛ̀			1
2161	TogoKan-8892_tongue-1	TogoKan		tongue	nɛ́nɛ́	nɛ́nɛ́	n ɛ́ n ɛ́			1
2162	TommoSoTongoTongo-8892_tongue-1	TommoSoTongoTongo		tongue	nííndɛ́	níí-nd-ɛ́	n í í + n d + ɛ́			1
2165	ToroTegu-8892_tongue-1	ToroTegu		tongue	lèlá	lèlá	l è l á			1
2166	YandaDom-8892_tongue-1	YandaDom		tongue	nɛ̀mdà	nɛ̀m-dà	n ɛ̀ m + d à			1
2167	YornoSo-8892_tongue-1	YornoSo		tongue	nɛ́nɛ́, nɛ̀nɛ̌:	nɛ́nɛ́	n ɛ́ n ɛ́			1
2168	YornoSo-8892_tongue-2	YornoSo		tongue	nɛ́nɛ́, nɛ̀nɛ̌:	nɛ̀nɛ̀.ɛ́	n ɛ̀ n ɛ̀ ɛ́			1
2319	BankanTey-8895_tooth-1	BankanTey		tooth	ŋìrⁿɛ́, ɲìrⁿɛ́	ŋìr.-nɛ́	ŋ ì r + n ɛ́			1
2320	BenTey-8895_tooth-1	BenTey		tooth	ìrⁿú ~ ìrⁿí	ìr-ní	ì r + n í			1
2321	Bunoge-8895_tooth-1	Bunoge		tooth	ʔínì	ʔínì	ʔ í n ì			1
2322	DogulDomBendiely-8895_tooth-1	DogulDomBendiely		tooth	íínò	íínò	í í n ò			1
2323	DogulDomKundialang-8895_tooth-1	DogulDomKundialang		tooth	ìnó:	ìnó-ó	ì n ó + ó			1
2324	DonnoSo-8895_tooth-1	DonnoSo		tooth	ìnú	ìnú	ì n ú			1
2325	Gourou-8895_tooth-1	Gourou		tooth	ìrⁿé	ìr-né	ì r + n é			1
2326	JamsayDouentza-8895_tooth-1	JamsayDouentza		tooth	ìrⁿé	ìr-né	ì r + n é			1
2328	Mombo-8895_tooth-1	Mombo		tooth	ínnì	ínnì	í n n ì			1
2329	Najamba-8895_tooth-1	Najamba		tooth	ìnɔ̌:\\ìnɛ̌:	ìnɔ̀-ɔ́	ì n ɔ̀ + ɔ́	ì n ɛ̀ ɛ́		1
2330	Nanga-8895_tooth-1	Nanga		tooth	ǹnɛ́, ìnɛ́, ìrⁿɛ́	ǹnɛ́	n n ɛ́			1
2331	Nanga-8895_tooth-2	Nanga		tooth	ǹnɛ́, ìnɛ́, ìrⁿɛ́	ìnɛ́	ì n ɛ́			1
2332	Nanga-8895_tooth-3	Nanga		tooth	ǹnɛ́, ìnɛ́, ìrⁿɛ́	ìr-nɛ́	ì r + n ɛ́			1
2333	Penange-8895_tooth-1	Penange		tooth	ìnì (ɲ)	ìnì	ì n ì	ɲ + ì n ì		1
2334	PergeTegu-8895_tooth-1	PergeTegu		tooth	ìrⁿé	ìr-né	ì r + n é			1
2335	TebulUre-8895_tooth-1	TebulUre		tooth	ìnú ~ ǐn	ìnú	ì n ú			1
2336	TebulUre-8895_tooth-2	TebulUre		tooth	ìnú ~ ǐn	ǐn	ǐ n			1
2337	Tiranige-8895_tooth-1	Tiranige		tooth	íníŋgé (Boui), íníyé (Ningo)	íníyé	í n í j é			1
2338	TogoKan-8895_tooth-1	TogoKan		tooth	ìrⁿí	ìr-ní	ì r + n í			1
2339	TommoSoTongoTongo-8895_tooth-1	TommoSoTongoTongo		tooth	ìnú	ìnú	ì n ú			1
2342	ToroTegu-8895_tooth-1	ToroTegu		tooth	jìrⁿó	dʒì-r.-n-ó	d ʒ ì + r + n + ó			1
2343	YandaDom-8895_tooth-1	YandaDom		tooth	ìn	ìn	ì n			1
2344	YornoSo-8895_tooth-1	YornoSo		tooth	ɛ̌n	ɛ̌n	ɛ̌ n			1
3234	BankanTey-8959_treebark-1	BankanTey		tree bark	tùndú, kòkòmbû:	tù-nd-ú	t ù + n d + ú			1
3235	BankanTey-8959_treebark-2	BankanTey		tree bark	tùndú, kòkòmbû:	kòkò-mb-ú.ù	k ò k ò + m b + ú ù			1
3236	BenTey-8959_treebark-1	BenTey		tree bark	kùkòmbî: ~ kìkòmbî:, kòmbî:	kò-mb-í.ì	k ò + m b + í ì			1
3237	Bunoge-8959_treebark-1	Bunoge		tree bark	kòbàlì, tìlìŋgékòbálì	kòbà-lì	k ò b à + l ì			1
3238	Bunoge-8959_treebark-2	Bunoge		tree bark	kòbàlì, tìlìŋgékòbálì	tìl-ì-ŋɡé-kòbá-l-ì	t ì l + ì + ŋ ɡ é + k ò b á + l + ì			1
3239	DogulDomBendiely-8959_treebark-1	DogulDomBendiely		tree bark	kìŋìnɔ̀ kɔ̀mùnú	kìŋì-nɔ̀_kɔ̀mù-nú	k ì ŋ ì + n ɔ̀ + k ɔ̀ m ù + n ú			1
3240	DogulDomKundialang-8959_treebark-1	DogulDomKundialang		tree bark	kòmnú	kòm-nú	k ò m + n ú			1
3241	DonnoSo-8959_treebark-1	DonnoSo		tree bark	kòmbě:	kò-mb-è.é	k ò + m b + è é			1
3242	Gourou-8959_treebark-1	Gourou		tree bark	zǎyⁿ	zǎ	z ǎ			1
3243	JamsayDouentza-8959_treebark-1	JamsayDouentza		tree bark	jêy, jǎyⁿ	dʒ-ǎ	d ʒ + ǎ			1
3245	Mombo-8959_treebark-1	Mombo		tree bark	kòmbòlí	kò-mbò-l-í	k ò + m b ò + l + í			1
3246	Nanga-8959_treebark-1	Nanga		tree bark	tùmàpô:, tùmà[kòkòmbí]	tùmà-kòkò-mb-í	t ù m à + k ò k ò + m b + í			1
3247	Penange-8959_treebark-1	Penange		tree bark	témbú	té-mb-ú	t é + m b + ú			1
3248	PergeTegu-8959_treebark-1	PergeTegu		tree bark	gɛ̂:ⁿ	ɡɛ́.ɛ̀.n	ɡ ɛ́ ɛ̀ ∼			1
3249	TebulUre-8959_treebark-1	TebulUre		tree bark	kóbé	kóbé	k ó b é			1
3250	Tiranige-8959_treebark-1	Tiranige		tree bark	kóy	kóy	k ó j			1
3251	TogoKan-8959_treebark-1	TogoKan		tree bark	kòkǒ:	kòkò.ó	k ò k ò ó			1
3252	TommoSoTongoTongo-8959_treebark-1	TommoSoTongoTongo		tree bark	jóyⁿ, kókóbú	kókó-bú	k ó k ó + b ú			1
3253	TommoSoTongoTongo-8959_treebark-2	TommoSoTongoTongo		tree bark	jóyⁿ, kókóbú	kókó-bú	k ó k ó + b ú			1
3255	ToroTegu-8959_treebark-1	ToroTegu		tree bark	kǒw, tìwⁿá kôw	kǒw	k ǒ w			1
3256	ToroTegu-8959_treebark-2	ToroTegu		tree bark	kǒw, tìwⁿá kôw	tìw.-ná_kôw	t ì w + n á + k ô w			1
3257	YandaDom-8959_treebark-1	YandaDom		tree bark	tìmèsábú	tìmè-sábú	t ì m è + s á b ú			1
5744	BankanTey-8963_treeorlargewoodyshrub-1	BankanTey		tree or large woody shrub	tìměyⁿ	tì-mě	t ì + m ě			1
5745	BenTey-8963_treeorlargewoodyshrub-1	BenTey		tree or large woody shrub	tìwⁿɛ̌yⁿ	tìw.-nɛ̌	t ì w + n ɛ̌			1
5746	Bunoge-8963_treeorlargewoodyshrub-1	Bunoge		tree or large woody shrub	tílíŋgè	tílí-ŋɡ-è	t í l í + ŋ ɡ + è			1
5747	DogulDomBendiely-8963_treeorlargewoodyshrub-1	DogulDomBendiely		tree or large woody shrub	kíŋúnɔ̀	kíŋú-nɔ̀	k í ŋ ú + n ɔ̀			1
5748	DogulDomKundialang-8963_treeorlargewoodyshrub-1	DogulDomKundialang		tree or large woody shrub	kíŋnɔ̀	kíŋ-nɔ̀	k í ŋ + n ɔ̀			1
5749	DonnoSo-8963_treeorlargewoodyshrub-1	DonnoSo		tree or large woody shrub	tìmmɛ́	tìm-mɛ́	t ì m + m ɛ́			1
5750	JamsayDouentza-8963_treeorlargewoodyshrub-1	JamsayDouentza		tree or large woody shrub	tìwⁿé	tìw.-né	t ì w + n é			1
5752	Mombo-8963_treeorlargewoodyshrub-1	Mombo		tree or large woody shrub	tíníŋgɔ̀	tíní-ŋɡ-ɔ̀	t í n í + ŋ ɡ + ɔ̀			1
5753	Najamba-8963_treeorlargewoodyshrub-1	Najamba		tree or large woody shrub	tìmɔ̂:\\tìmɛ̂:	tìmɔ́.ɔ̀	t ì m ɔ́ ɔ̀	t ì m ɛ́ ɛ̀		1
5754	Nanga-8963_treeorlargewoodyshrub-1	Nanga		tree or large woody shrub	tùmá	tù-má	t ù + m á			1
5755	Penange-8963_treeorlargewoodyshrub-1	Penange		tree or large woody shrub	tìndìgɔ̀	tì-ndì-ɡ-ɔ̀	t ì + n d ì + ɡ + ɔ̀			1
5756	PergeTegu-8963_treeorlargewoodyshrub-1	PergeTegu		tree or large woody shrub	tìwⁿɛ́	tìw.-nɛ́	t ì w + n ɛ́			1
5757	TebulUre-8963_treeorlargewoodyshrub-1	TebulUre		tree or large woody shrub	tìmǎ:	tìmà.á	t ì m à á			1
5758	Tiranige-8963_treeorlargewoodyshrub-1	Tiranige		tree or large woody shrub	tílŋgɔ́	tíl-ŋɡ-ɔ́	t í l + ŋ ɡ + ɔ́			1
5759	TogoKan-8963_treeorlargewoodyshrub-1	TogoKan		tree or large woody shrub	tìmɛ́	tì-mɛ́	t ì + m ɛ́			1
5760	TommoSoTongoTongo-8963_treeorlargewoodyshrub-1	TommoSoTongoTongo		tree or large woody shrub	tìmɛ́, ùrìyó	tì-mɛ́	t ì + m ɛ́			1
5761	TommoSoTongoTongo-8963_treeorlargewoodyshrub-2	TommoSoTongoTongo		tree or large woody shrub	tìmɛ́, ùrìyó	tì-mɛ́	t ì + m ɛ́			1
5762	ToroTegu-8963_treeorlargewoodyshrub-1	ToroTegu		tree or large woody shrub	tìwⁿá, tìwⁿàná:	tìw.-nàná.á	t ì w + n à n á á			1
5763	YandaDom-8963_treeorlargewoodyshrub-1	YandaDom		tree or large woody shrub	tìmè, tìmɛ̀ (archaic)	tì-mè	t ì + m è			1
5764	YandaDom-8963_treeorlargewoodyshrub-2	YandaDom		tree or large woody shrub	tìmè, tìmɛ̀ (archaic)	tì-mɛ̀	t ì + m ɛ̀			1
5765	YornoSo-8963_treeorlargewoodyshrub-1	YornoSo		tree or large woody shrub	tɛ̀wⁿɛ́	tɛ̀w.-nɛ́	t ɛ̀ w + n ɛ́			1
10882	BankanTey-9043_two-1	BankanTey		two	yǒy	-yǒy	j ǒ j			1
10883	BenTey-9043_two-1	BenTey		two	yěy	-yěy	j ě j			1
10884	Bunoge-9043_two-1	Bunoge		two	dè:gà (ǹdé:gá in counting)	dè.èɡ-à	d è è ɡ + à			1
10885	DogulDomBendiely-9043_two-1	DogulDomBendiely		two	néégè	nééɡ-è	n é é ɡ + è			1
10886	DogulDomKundialang-9043_two-1	DogulDomKundialang		two	né:gè	né.éɡ-è	n é é ɡ + è			1
10887	DonnoSo-9043_two-1	DonnoSo		two	lɛ᷈y	lɛ̌-y	l ɛ̌ + j			1
10888	Gourou-9043_two-1	Gourou		two	lɛ̌y	lɛ̌-y	l ɛ̌ + j			1
10889	JamsayDouentza-9043_two-1	JamsayDouentza		two	lɛ̌y	lɛ̌-y	l ɛ̌ + j			1
10891	Mombo-9043_two-1	Mombo		two	nɛ́:ŋgá	nɛ́.ɛ́ŋɡ-á	n ɛ́ ɛ́ ŋ ɡ + á			1
10892	Najamba-9043_two-1	Najamba		two	nô:y	nó.ò-y	n ó ò + j			1
10893	Nanga-9043_two-1	Nanga		two	wǒy	wǒ-y	w ǒ + j			1
10894	PergeTegu-9043_two-1	PergeTegu		two	lěy	lě-y	l ě + j			1
10895	TebulUre-9043_two-1	TebulUre		two	lé:rú (counting), lêy (after classifier)	lê-y	l ê + j			1
10896	Tiranige-9043_two-1	Tiranige		two	nì:ŋgà	nì.ìŋɡ-à	n ì ì ŋ ɡ + à			1
10897	TogoKan-9043_two-1	TogoKan		two	lɔ́y (after noun), lɔ́:y (counting)	lɔ́.ɔ́-y	l ɔ́ ɔ́ + j			1
10898	TommoSoTongoTongo-9043_two-1	TommoSoTongoTongo		two	néé	n-éé	n + é é			1
10899	ToroTegu-9043_two-1	ToroTegu		two	lěy	lě-y	l ě + j			1
10900	YandaDom-9043_two-1	YandaDom		two	nɔ́:, yènɔ́:	yènɔ́.ɔ́	j è n ɔ́ ɔ́			1
10901	YornoSo-9043_two-1	YornoSo		two	lɛ́y	lɛ́-y	l ɛ́ + j			1
5908	BankanTey-9286_villagetownsettlement-1	BankanTey		village, town, settlement	ìsô:	ìsó-ò	ì s ó + ò			0
5909	BenTey-9286_villagetownsettlement-1	BenTey		village, town, settlement	ìsê:	ìsé-è	ì s é + è			0
5910	Bunoge-9286_villagetownsettlement-1	Bunoge		village, town, settlement	ʔólò	ʔólò	ʔ ó l ò			0
5911	DogulDomBendiely-9286_villagetownsettlement-1	DogulDomBendiely		village, town, settlement	pùró, pòró, táŋàŋ	pùró	p ù r ó			0
5912	DogulDomBendiely-9286_villagetownsettlement-2	DogulDomBendiely		village, town, settlement	pùró, pòró, táŋàŋ	pòró	p ò r ó			0
5913	DogulDomBendiely-9286_villagetownsettlement-3	DogulDomBendiely		village, town, settlement	pùró, pòró, táŋàŋ	táŋà-ŋ	t á ŋ à + ŋ			0
5914	DogulDomKundialang-9286_villagetownsettlement-1	DogulDomKundialang		village, town, settlement	pòró	pòró	p ò r ó			0
5915	DonnoSo-9286_villagetownsettlement-1	DonnoSo		village, town, settlement	àndá	à-nd-á	à + n d + á			0
5916	Gourou-9286_villagetownsettlement-1	Gourou		village, town, settlement	àná	àná	à n á			0
5917	JamsayDouentza-9286_villagetownsettlement-1	JamsayDouentza		village, town, settlement	àná	àná	à n á			0
5919	Mombo-9286_villagetownsettlement-1	Mombo		village, town, settlement	dúgù	dúɡù	d ú ɡ ù			0
5920	Najamba-9286_villagetownsettlement-1	Najamba		village, town, settlement	sɔ̀njɔ̌:\\sɔ̀njɛ̌:, ǹjěn	ǹ-dʒě-n	n + d ʒ ě + n			0
5921	Nanga-9286_villagetownsettlement-1	Nanga		village, town, settlement	ìsê	ìsê	ì s ê			0
5922	Penange-9286_villagetownsettlement-1	Penange		village, town, settlement	dùgù	dùɡù	d ù ɡ ù			0
5923	PergeTegu-9286_villagetownsettlement-1	PergeTegu		village, town, settlement	àlá	àlá	à l á			0
5924	TebulUre-9286_villagetownsettlement-1	TebulUre		village, town, settlement	dámbá	dá-mb-á	d á + m b + á			0
5925	Tiranige-9286_villagetownsettlement-1	Tiranige		village, town, settlement	ìjò	ì-dʒ-ò	ì + d ʒ + ò			0
5926	TogoKan-9286_villagetownsettlement-1	TogoKan		village, town, settlement	àná	àná	à n á			0
5927	TommoSoTongoTongo-9286_villagetownsettlement-1	TommoSoTongoTongo		village, town, settlement	dámmá	dám-má	d á m + m á			0
5928	ToroTegu-9286_villagetownsettlement-1	ToroTegu		village, town, settlement	àlá	àlá	à l á			0
5929	YandaDom-9286_villagetownsettlement-1	YandaDom		village, town, settlement	dàmá	dà-má	d à + m á			0
5930	YornoSo-9286_villagetownsettlement-1	YornoSo		village, town, settlement	àná	àná	à n á			0
2661	BankanTey-9296_vomiremitvomit-1	BankanTey		vomir, emit vomit	gúrà gùrá	ɡúrà-ɡùrá	ɡ ú r à + ɡ ù r á			1
2662	BenTey-9296_vomiremitvomit-1	BenTey		vomir, emit vomit	gúrɔ̀ gùrɔ́	ɡúr-ɔ̀-ɡùr-ɔ́	ɡ ú r + ɔ̀ + ɡ ù r + ɔ́			1
2663	Bunoge-9296_vomiremitvomit-1	Bunoge		vomir, emit vomit	sû: sɛ̂:	sú.ù-sɛ́.ɛ̀	s ú ù + s ɛ́ ɛ̀			1
2664	DogulDomBendiely-9296_vomiremitvomit-1	DogulDomBendiely		vomir, emit vomit	wɛ̀sɛ́	wɛ̀s-ɛ́	w ɛ̀ s + ɛ́			1
2665	DogulDomKundialang-9296_vomiremitvomit-1	DogulDomKundialang		vomir, emit vomit	wɛ́sɛ̀	wɛ́s-ɛ̀	w ɛ́ s + ɛ̀			1
2666	DonnoSo-9296_vomiremitvomit-1	DonnoSo		vomir, emit vomit	wèdê: wɛ̀dɛ́	wèd-é.è-wɛ̀d-ɛ́	w è d + é è + w ɛ̀ d + ɛ́			1
2667	Gourou-9296_vomiremitvomit-1	Gourou		vomir, emit vomit	tɔ̌y tɔ́:	tɔ̌y--tɔ́.ɔ́	t ɔ̌ j + + t ɔ́ ɔ́			1
2668	JamsayDouentza-9296_vomiremitvomit-1	JamsayDouentza		vomir, emit vomit	tɔ̌y tɔ́:	tɔ̌y--tɔ́.ɔ́	t ɔ̌ j + + t ɔ́ ɔ́			1
2670	Najamba-9296_vomiremitvomit-1	Najamba		vomir, emit vomit	úlè úl\\ùlè	ùl-è	ù l + è			1
2671	Nanga-9296_vomiremitvomit-1	Nanga		vomir, emit vomit	úrô úró	úrô-úró	ú r ô + ú r ó			1
2672	Penange-9296_vomiremitvomit-1	Penange		vomir, emit vomit	sɔ́: swɛ́:	sɔ́.ɔ́-swɛ́.ɛ́	s ɔ́ ɔ́ + s w ɛ́ ɛ́			1
2673	PergeTegu-9296_vomiremitvomit-1	PergeTegu		vomir, emit vomit	gúrɔ̀ gùrɔ́	ɡúr-ɔ̀-ɡùr-ɔ́	ɡ ú r + ɔ̀ + ɡ ù r + ɔ́			1
2674	TebulUre-9296_vomiremitvomit-1	TebulUre		vomir, emit vomit	gúlá gùlɔ́ (gùlɔ́tì)	ɡúlá-ɡùlɔ́	ɡ ú l á + ɡ ù l ɔ́			1
2675	Tiranige-9296_vomiremitvomit-1	Tiranige		vomir, emit vomit	énjí ɛ́njɔ́	énj-íɛ́njɔ́	é n d ʒ + í ɛ́ n d ʒ ɔ́			1
2676	TogoKan-9296_vomiremitvomit-1	TogoKan		vomir, emit vomit	gúrɔ́ gùrɔ́	ɡúr-ɔ́-ɡùr-ɔ́	ɡ ú r + ɔ́ + ɡ ù r + ɔ́			1
2677	TommoSoTongoTongo-9296_vomiremitvomit-1	TommoSoTongoTongo		vomir, emit vomit	gúlɔ́ gùlɔ́	ɡúl-ɔ́-ɡùl-ɔ́	ɡ ú l + ɔ́ + ɡ ù l + ɔ́			1
2680	YandaDom-9296_vomiremitvomit-1	YandaDom		vomir, emit vomit	úló úló	úló-úló	ú l ó + ú l ó			1
2681	YornoSo-9296_vomiremitvomit-1	YornoSo		vomir, emit vomit	gúlɔ̀ gùlɔ́	ɡúl-ɔ̀-ɡùl-ɔ́	ɡ ú l + ɔ̀ + ɡ ù l + ɔ́			1
14929	BankanTey-9337_washclothing-1	BankanTey		wash (clothing)	súkó	súk-ó	s ú k + ó			1
14930	BenTey-9337_washclothing-1	BenTey		wash (clothing)	mɔ̀ɣɔ́	mɔ̀ɣ-ɔ́	m ɔ̀ ɣ + ɔ́			1
14931	Bunoge-9337_washclothing-1	Bunoge		wash (clothing)	múndɛ̀	múnd-ɛ̀	m ú n d + ɛ̀			1
14932	DogulDomBendiely-9337_washclothing-1	DogulDomBendiely		wash (clothing)	mɔ̀gɛ́	mɔ̀ɡ-ɛ́	m ɔ̀ ɡ + ɛ́			1
14933	DogulDomKundialang-9337_washclothing-1	DogulDomKundialang		wash (clothing)	mɔ̀gɛ́	mɔ̀ɡ-ɛ́	m ɔ̀ ɡ + ɛ́			1
14934	DonnoSo-9337_washclothing-1	DonnoSo		wash (clothing)	mɔ̀gɔ́\\mɔ́gɛ̀	mɔ́ɡ-ɛ̀	m ɔ́ ɡ + ɛ̀			1
14935	Gourou-9337_washclothing-1	Gourou		wash (clothing)	súmó	súm-ó	s ú m + ó			1
14936	JamsayDouentza-9337_washclothing-1	JamsayDouentza		wash (clothing)	súmó	súm-ó	s ú m + ó			1
14938	Mombo-9337_washclothing-1	Mombo		wash (clothing)	mɔ́gɛ́	mɔ́ɡ-ɛ́	m ɔ́ ɡ + ɛ́			1
14939	Najamba-9337_washclothing-1	Najamba		wash (clothing)	mɔ̀gɛ́	mɔ̀ɡ-ɛ́	m ɔ̀ ɡ + ɛ́			1
14940	Nanga-9337_washclothing-1	Nanga		wash (clothing)	mɔ̀gɔ́	mɔ̀ɡ-ɔ́	m ɔ̀ ɡ + ɔ́			1
14941	Penange-9337_washclothing-1	Penange		wash (clothing)	mɔ́gɛ́	mɔ́ɡ-ɛ́	m ɔ́ ɡ + ɛ́			1
14942	PergeTegu-9337_washclothing-1	PergeTegu		wash (clothing)	súmbɔ́	súmb-ɔ́	s ú m b + ɔ́			1
14943	Tiranige-9337_washclothing-1	Tiranige		wash (clothing)	mɔ́gɔ́	mɔ́ɡ-ɔ́	m ɔ́ ɡ + ɔ́			1
14944	TogoKan-9337_washclothing-1	TogoKan		wash (clothing)	súmɔ́	súm-ɔ́	s ú m + ɔ́			1
14945	TommoSoTongoTongo-9337_washclothing-1	TommoSoTongoTongo		wash (clothing)	mɔ̀gɔ́	mɔ̀ɡ-ɔ́	m ɔ̀ ɡ + ɔ́			1
14946	ToroTegu-9337_washclothing-1	ToroTegu		wash (clothing)	mɔ̀gú\\mɔ̀gɔ́	mɔ̀ɡ-ɔ́	m ɔ̀ ɡ + ɔ́			1
14947	YandaDom-9337_washclothing-1	YandaDom		wash (clothing)	mɔ̀gɔ́\\mɔ̀gàlí	mɔ̀ɡ-ɔ́	m ɔ̀ ɡ + ɔ́			1
14948	YornoSo-9337_washclothing-1	YornoSo		wash (clothing)	súmɔ́\\súmɔ́	súm-ɔ́	s ú m + ɔ́			1
14917	BankanTey-9339_washoneshands-1	BankanTey		wash (one's hands)	m̀bɔ̌:	mb-ɔ̀-ɔ́	m b + ɔ̀ + ɔ́			1
14918	BenTey-9339_washoneshands-1	BenTey		wash (one's hands)	mɔ̀ɣɔ́	mɔ̀ɣ-ɔ́	m ɔ̀ ɣ + ɔ́			1
14919	JamsayDouentza-9339_washoneshands-1	JamsayDouentza		wash (one's hands)	súmó	súm-ó	s ú m + ó			1
14920	Mombo-9339_washoneshands-1	Mombo		wash (one's hands)	mɔ́gɛ́	mɔ́ɡ-ɛ́	m ɔ́ ɡ + ɛ́			1
14921	Nanga-9339_washoneshands-1	Nanga		wash (one's hands)	dǒ:	dò-ó	d ò + ó			1
14922	PergeTegu-9339_washoneshands-1	PergeTegu		wash (one's hands)	súmbɔ́	súmb-ɔ́	s ú m b + ɔ́			1
14923	Tiranige-9339_washoneshands-1	Tiranige		wash (one's hands)	mɔ́gɔ́	mɔ́ɡ-ɔ́	m ɔ́ ɡ + ɔ́			1
14924	TogoKan-9339_washoneshands-1	TogoKan		wash (one's hands)	súmɔ́	súm-ɔ́	s ú m + ɔ́			1
14925	TommoSoTongoTongo-9339_washoneshands-1	TommoSoTongoTongo		wash (one's hands)	nùmɔ́ mɔ̀gɔ́	nùm-ɔ́-mɔ̀ɡ-ɔ́	n ù m + ɔ́ + m ɔ̀ ɡ + ɔ́			1
14926	ToroTegu-9339_washoneshands-1	ToroTegu		wash (one's hands)	mɔ̀gú\\mɔ̀gɔ́	mɔ̀ɡ-ɔ́	m ɔ̀ ɡ + ɔ́			1
14927	YandaDom-9339_washoneshands-1	YandaDom		wash (one's hands)	nùmà mɔ̀gɔ́\\mɔ̀gàlí	nùm-à-mɔ̀ɡ-ɔ́	n ù m + à + m ɔ̀ ɡ + ɔ́			1
14928	YornoSo-9339_washoneshands-1	YornoSo		wash (one's hands)	nǒyⁿ súmɔ́	nǒ-s-ú-mɔ́	n ǒ + s + ú + m ɔ́			1
14949	BankanTey-9340_washpotsknivesetc-1	BankanTey		wash (pots, knives, etc.)	m̀bɔ̌:	mb-ɔ̀-ɔ́	m b + ɔ̀ + ɔ́			1
14950	BenTey-9340_washpotsknivesetc-1	BenTey		wash (pots, knives, etc.)	mɔ̀ɣɔ́	mɔ̀ɣ-ɔ́	m ɔ̀ ɣ + ɔ́			1
14951	Bunoge-9340_washpotsknivesetc-1	Bunoge		wash (pots, knives, etc.)	múndɛ̀	múnd-ɛ̀	m ú n d + ɛ̀			1
14952	DogulDomBendiely-9340_washpotsknivesetc-1	DogulDomBendiely		wash (pots, knives, etc.)	mɔ̀gɛ́	mɔ̀ɡ-ɛ́	m ɔ̀ ɡ + ɛ́			1
14953	DogulDomKundialang-9340_washpotsknivesetc-1	DogulDomKundialang		wash (pots, knives, etc.)	mɔ̀gɛ́	mɔ̀ɡ-ɛ́	m ɔ̀ ɡ + ɛ́			1
14954	JamsayDouentza-9340_washpotsknivesetc-1	JamsayDouentza		wash (pots, knives, etc.)	súmó	súm-ó	s ú m + ó			1
14955	Mombo-9340_washpotsknivesetc-1	Mombo		wash (pots, knives, etc.)	mɔ́gɛ́	mɔ́ɡ-ɛ́	m ɔ́ ɡ + ɛ́			1
14956	Najamba-9340_washpotsknivesetc-1	Najamba		wash (pots, knives, etc.)	mɔ̀gɛ́	mɔ̀ɡ-ɛ́	m ɔ̀ ɡ + ɛ́			1
14957	Nanga-9340_washpotsknivesetc-1	Nanga		wash (pots, knives, etc.)	mɔ̀gɔ́	mɔ̀ɡ-ɔ́	m ɔ̀ ɡ + ɔ́			1
14958	Penange-9340_washpotsknivesetc-1	Penange		wash (pots, knives, etc.)	mɔ́gɛ́	mɔ́ɡ-ɛ́	m ɔ́ ɡ + ɛ́			1
14959	PergeTegu-9340_washpotsknivesetc-1	PergeTegu		wash (pots, knives, etc.)	súmbɔ́	súmb-ɔ́	s ú m b + ɔ́			1
14960	Tiranige-9340_washpotsknivesetc-1	Tiranige		wash (pots, knives, etc.)	mɔ́gɔ́	mɔ́ɡ-ɔ́	m ɔ́ ɡ + ɔ́			1
14961	TogoKan-9340_washpotsknivesetc-1	TogoKan		wash (pots, knives, etc.)	súmɔ́	súm-ɔ́	s ú m + ɔ́			1
14962	TommoSoTongoTongo-9340_washpotsknivesetc-1	TommoSoTongoTongo		wash (pots, knives, etc.)	mɔ̀gɔ́	mɔ̀ɡ-ɔ́	m ɔ̀ ɡ + ɔ́			1
14963	ToroTegu-9340_washpotsknivesetc-1	ToroTegu		wash (pots, knives, etc.)	mɔ̀gú\\mɔ̀gɔ́	mɔ̀ɡ-ɔ́	m ɔ̀ ɡ + ɔ́			1
14964	YandaDom-9340_washpotsknivesetc-1	YandaDom		wash (pots, knives, etc.)	mɔ̀gɔ́\\mɔ̀gàlí	mɔ̀ɡ-ɔ́	m ɔ̀ ɡ + ɔ́			1
14965	YornoSo-9340_washpotsknivesetc-1	YornoSo		wash (pots, knives, etc.)	súmɔ́	súm-ɔ́	s ú m + ɔ́			1
3839	BankanTey-9347_water-1	BankanTey		water	nî:	ní-ì	n í + ì			1
3840	BenTey-9347_water-1	BenTey		water	nî:	ní-ì	n í + ì			1
3841	Bunoge-9347_water-1	Bunoge		water	gɔ́	ɡɔ́	ɡ ɔ́			1
3842	DogulDomBendiely-9347_water-1	DogulDomBendiely		water	ʔɲ́ì, ʔɲ́ù	ʔɲù	ʔ ɲ ù			1
3843	DogulDomKundialang-9347_water-1	DogulDomKundialang		water	ńɲù	ńɲù	n ɲ ù			1
3844	DonnoSo-9347_water-1	DonnoSo		water	dî:	dí-ì	d í + ì			1
3845	Gourou-9347_water-1	Gourou		water	ní:	ní-í	n í + í			1
3846	JamsayDouentza-9347_water-1	JamsayDouentza		water	ní:	ní-í	n í + í			1
3848	Mombo-9347_water-1	Mombo		water	mî:	mí-ì	m í + ì			1
3849	Najamba-9347_water-1	Najamba		water	íŋgé\\íŋgé, ínjé\\ínjé	ínjé	í n d ʒ é	í n d ʒ é		1
3850	Nanga-9347_water-1	Nanga		water	nî:	ní-ì	n í + ì			1
3851	Penange-9347_water-1	Penange		water	mì:	mì-ì	m ì + ì			1
3852	PergeTegu-9347_water-1	PergeTegu		water	ní:	ní-í	n í + í			1
3853	TebulUre-9347_water-1	TebulUre		water	ínjé	ínjé	í n d ʒ é			1
3854	Tiranige-9347_water-1	Tiranige		water	mí:	mí-í	m í + í			1
3855	TogoKan-9347_water-1	TogoKan		water	dí:	dí-í	d í + í			1
3856	TommoSoTongoTongo-9347_water-1	TommoSoTongoTongo		water	díí	díí	d í í			1
3858	ToroTegu-9347_water-1	ToroTegu		water	ní	ní	n í			1
3859	YandaDom-9347_water-1	YandaDom		water	ínjú	ínjú	í n d ʒ ú			1
3860	YornoSo-9347_water-1	YornoSo		water	dǐ:	dì-í	d ì + í			1
6635	BankanTey-9419_west-1	BankanTey		west	ùsú tàŋgà ya᷈:m, górgàl	ɡór-ɡàl	ɡ ó r + ɡ à l			0
6636	BenTey-9419_west-1	BenTey		west	tèŋìdâ:, tèŋdâ:	tèŋ-dá.à	t è ŋ + d á à			0
6637	Bunoge-9419_west-1	Bunoge		west	ʔìródìmà	ʔìró-dì-mà	ʔ ì r ó + d ì + m à			0
6638	DogulDomBendiely-9419_west-1	DogulDomBendiely		west	pɛ̀gɛ́l	pɛ̀ɡɛ́-l	p ɛ̀ ɡ ɛ́ + l			0
6639	DogulDomKundialang-9419_west-1	DogulDomKundialang		west	pɛ̀gɛ́l	pɛ̀ɡɛ́-l	p ɛ̀ ɡ ɛ́ + l			0
6640	DonnoSo-9419_west-1	DonnoSo		west	kɔ̀lú	kɔ̀lú	k ɔ̀ l ú			0
6641	Gourou-9419_west-1	Gourou		west	tèŋùdáɣá	tèŋù-dáɣá	t è ŋ ù + d á ɣ á			0
6642	JamsayDouentza-9419_west-1	JamsayDouentza		west	tɛ̀ndáɣá, tɛ̌ŋ	tɛ̀-ndá-ɣ-á	t ɛ̀ + n d á + ɣ + á			0
6643	JamsayDouentza-9419_west-2	JamsayDouentza		west	tɛ̀ndáɣá, tɛ̌ŋ	tɛ̌ŋ	t ɛ̌ ŋ			0
6645	Mombo-9419_west-1	Mombo		west	á:tégè	á.átéɡè	á á t é ɡ è			0
6646	Najamba-9419_west-1	Najamba		west	yɛ́ndɛ̀	yɛ́-nd-ɛ̀	j ɛ́ + n d + ɛ̀			0
6647	Nanga-9419_west-1	Nanga		west	ùsì[yégínɔ́]	ùsìyé-ɡínɔ́	ù s ì j é + ɡ í n ɔ́			0
6648	Penange-9419_west-1	Penange		west	gɛ̀:ⁿtíbíl	ɡɛ̀.ɛ̀.-ntí-bí-l	ɡ ɛ̀ ɛ̀ + n t í + b í + l			0
6649	PergeTegu-9419_west-1	PergeTegu		west	[nìnì:]númɔ́gú	nìnì.ì-númɔ́-ɡú	n ì n ì ì + n ú m ɔ́ + ɡ ú			0
6650	TebulUre-9419_west-1	TebulUre		west	ùdùpíléŋgó, ùdùtúmbúgó	ùdùtú-mbú-ɡ-ó	ù d ù t ú + m b ú + ɡ + ó			0
6651	Tiranige-9419_west-1	Tiranige		west	à:sélé	à.àsélé	à à s é l é			0
6652	TogoKan-9419_west-1	TogoKan		west	tɛ̀ŋdágá	tɛ̀ŋ-dáɡá	t ɛ̀ ŋ + d á ɡ á			0
6653	TommoSoTongoTongo-9419_west-1	TommoSoTongoTongo		west	númbúgó, dáá	dáá	d á á ∼			0
6654	TommoSoTongoTongo-9419_west-2	TommoSoTongoTongo		west	númbúgó, dáá	dáá	d á á ∼			0
6655	ToroTegu-9419_west-1	ToroTegu		west	lúwò	lúwò	l ú w ò			0
6656	YandaDom-9419_west-1	YandaDom		west	pílóŋ	píló-ŋ	p í l ó + ŋ			0
6657	YornoSo-9419_west-1	YornoSo		west	nàm[númɔ́ŋ]	nàm-númɔ́-ŋ	n à m + n ú m ɔ́ + ŋ			0
15300	BankanTey-9421_wetadjective-1	BankanTey		wet (adjective)	ɔ̀rúm	ɔ̀rúm	ɔ̀ r ú m			1
15301	BenTey-9421_wetadjective-1	BenTey		wet (adjective)	ɔ̀rú	ɔ̀r-ú	ɔ̀ r + ú			1
15302	Bunoge-9421_wetadjective-1	Bunoge		wet (adjective)	tɛ̀mbɛ̀	tɛ̀mb-ɛ̀	t ɛ̀ m b + ɛ̀			1
15303	DogulDomBendiely-9421_wetadjective-1	DogulDomBendiely		wet (adjective)	ólùgù	ólùɡ-ù	ó l ù ɡ + ù			1
15304	DogulDomKundialang-9421_wetadjective-1	DogulDomKundialang		wet (adjective)	ɔ̀lùgú (ɔ̀lǔg)	ɔ̀lùɡ-ú	ɔ̀ l ù ɡ + ú			1
15305	DonnoSo-9421_wetadjective-1	DonnoSo		wet (adjective)	ɔ̀lú	ɔ̀l-ú	ɔ̀ l + ú			1
15306	JamsayDouentza-9421_wetadjective-1	JamsayDouentza		wet (adjective)	tɛ̌m	tɛ̌m	t ɛ̌ m			1
15308	Mombo-9421_wetadjective-1	Mombo		wet (adjective)	ɛ́mbɛ́	ɛ́mb-ɛ́	ɛ́ m b + ɛ́			1
15309	Najamba-9421_wetadjective-1	Najamba		wet (adjective)	tèmbô:\\tèmbê:	tèmb-ó.ò	t è m b + ó ò	t è m b é è		1
15310	Nanga-9421_wetadjective-1	Nanga		wet (adjective)	tɛ́mbíyyɛ́, ɔ̀rí	tɛ́mbíy-y-ɛ́	t ɛ́ m b í j + j + ɛ́			1
15311	Nanga-9421_wetadjective-2	Nanga		wet (adjective)	tɛ́mbíyyɛ́, ɔ̀rí	ɔ̀r-í	ɔ̀ r + í			1
15312	Penange-9421_wetadjective-1	Penange		wet (adjective)	ɛ̀mbɛ̀	ɛ̀mb-ɛ̀	ɛ̀ m b + ɛ̀			1
15313	PergeTegu-9421_wetadjective-1	PergeTegu		wet (adjective)	ɔ̀rú, tɛ́mbíyɛ́sà	ɔ̀r-ú	ɔ̀ r + ú			1
15314	PergeTegu-9421_wetadjective-2	PergeTegu		wet (adjective)	ɔ̀rú, tɛ́mbíyɛ́sà	tɛ́mbíyɛ́s-à	t ɛ́ m b í j ɛ́ s + à			1
15315	Tiranige-9421_wetadjective-1	Tiranige		wet (adjective)	sómbésá, ɛ́wⁿ	s-ómbés-á	s + ó m b é s + á			1
15316	Tiranige-9421_wetadjective-2	Tiranige		wet (adjective)	sómbésá, ɛ́wⁿ	ɛ́w.n	ɛ́ w ∼			1
15317	TogoKan-9421_wetadjective-1	TogoKan		wet (adjective)	ɔ̀rú	ɔ̀r-ú	ɔ̀ r + ú			1
15318	TommoSoTongoTongo-9421_wetadjective-1	TommoSoTongoTongo		wet (adjective)	ɛ́nníyáádɛ̀	ɛ́nníyáád-ɛ̀	ɛ́ n n í j á á ∼ d + ɛ̀			1
15319	ToroTegu-9421_wetadjective-1	ToroTegu		wet (adjective)	ɔ̀tú	ɔ̀t-ú	ɔ̀ t + ú			1
15320	YandaDom-9421_wetadjective-1	YandaDom		wet (adjective)	ɔ̀l	ɔ̀l	ɔ̀ l			1
15321	YornoSo-9421_wetadjective-1	YornoSo		wet (adjective)	ɔ̌l	ɔ̌l	ɔ̌ l			1
10694	BankanTey-9431_what-1	BankanTey		what?	ǹjé	ǹdʒé	n d ʒ é			1
10695	BenTey-9431_what-1	BenTey		what?	ǹjé	ǹdʒé	n d ʒ é			1
10696	Bunoge-9431_what-1	Bunoge		what?	ʔébégè	ʔébéɡè	ʔ é b é ɡ è			1
10697	DogulDomBendiely-9431_what-1	DogulDomBendiely		what?	ŋ̀gó	ŋɡó	ŋ ɡ ó			1
10698	DogulDomKundialang-9431_what-1	DogulDomKundialang		what?	ŋ̀góŋ́	ŋɡóŋ	ŋ ɡ ó ŋ			1
10699	DonnoSo-9431_what-1	DonnoSo		what?	ìnjú, ìnjê:	ìnjú	ì n d ʒ ú			1
10700	DonnoSo-9431_what-2	DonnoSo		what?	ìnjú, ìnjê:	ìnjé-è	ì n d ʒ é + è			1
10701	JamsayDouentza-9431_what-1	JamsayDouentza		what?	ìɲé	ìɲé	ì ɲ é			1
10702	Mombo-9431_what-1	Mombo		what?	ínjè	ínjè	í n d ʒ è			1
10703	Najamba-9431_what-1	Najamba		what?	yèŋgé	yèŋɡé	j è ŋ ɡ é			1
10704	Nanga-9431_what-1	Nanga		what?	kɔ̀ɲɛ́, ǹɲɛ́	kɔ̀ɲɛ́	k ɔ̀ ɲ ɛ́			1
10705	Nanga-9431_what-2	Nanga		what?	kɔ̀ɲɛ́, ǹɲɛ́	ǹɲɛ́	n ɲ ɛ́			1
10706	Penange-9431_what-1	Penange		what?	njɛ̀	njɛ̀	n d ʒ ɛ̀			1
10707	PergeTegu-9431_what-1	PergeTegu		what?	ìnjé	ìnjé	ì n d ʒ é			1
10708	TebulUre-9431_what-1	TebulUre		what?	ìnjé, cìnjé	ìnjé	ì n d ʒ é			1
10709	TebulUre-9431_what-2	TebulUre		what?	ìnjé, cìnjé	tʃìnjé	t ʃ ì n d ʒ é			1
10710	Tiranige-9431_what-1	Tiranige		what?	ndégé	ndéɡé	n d é ɡ é			1
10711	TogoKan-9431_what-1	TogoKan		what?	ìŋé	ìŋé	ì ŋ é			1
10712	TommoSoTongoTongo-9431_what-1	TommoSoTongoTongo		what?	ńjɛ́	ńdʒɛ́	n d ʒ ɛ́			1
10713	ToroTegu-9431_what-1	ToroTegu		what?	yé	yé	j é			1
10714	YandaDom-9431_what-1	YandaDom		what?	ʔə̀ɲè, cìʔə̀ɲè	ʔə̀ɲè	ʔ ə̀ ɲ è			1
10715	YandaDom-9431_what-2	YandaDom		what?	ʔə̀ɲè, cìʔə̀ɲè	tʃìʔə̀ɲè	t ʃ ì ʔ ə̀ ɲ è			1
10716	YornoSo-9431_what-1	YornoSo		what?	ǹjɛ́ ~ ìnjɛ́	ìnjɛ́	ì n d ʒ ɛ́			1
10717	YornoSo-9431_what-2	YornoSo		what?	ǹjɛ́ ~ ìnjɛ́	ìnjɛ́	ì n d ʒ ɛ́			1
10785	BankanTey-9435_whenatwhattime-1	BankanTey		when? (at what time?)	wàwtù àŋgú ɲâŋ, lɛ̀:rù àŋgú ɲâŋ	lɛ̀.ɛ̀rù_àŋɡú_ɲâ	l ɛ̀ ɛ̀ r ù + à ŋ ɡ ú + ɲ â			1
10786	BenTey-9435_whenatwhattime-1	BenTey		when? (at what time?)	wàgàtù ǎŋ ɲâyⁿ, lɛ̀:rɛ̀ ǹjé ɲâyⁿ	lɛ̀.ɛ̀rɛ̀_ǹdʒé_ɲâ	l ɛ̀ ɛ̀ r ɛ̀ + n d ʒ é + ɲ â			1
10787	Bunoge-9435_whenatwhattime-1	Bunoge		when? (at what time?)	nà wá:rì, ʔèbègé wàgâr	ʔèbèɡé_wàɡâr	ʔ è b è ɡ é + w à ɡ â r			1
10788	DogulDomKundialang-9435_whenatwhattime-1	DogulDomKundialang		when? (at what time?)	àgwá:rùŋ̀	àɡwá.árùŋ	à ɡ w á á r ù ŋ			1
10789	DonnoSo-9435_whenatwhattime-1	DonnoSo		when? (at what time?)	wàgùrù yɔ̀gɔ́	wàɡùrù_yɔ̀ɡɔ́	w à ɡ ù r ù + j ɔ̀ ɡ ɔ́			1
10790	JamsayDouentza-9435_whenatwhattime-1	JamsayDouentza		when? (at what time?)	wàkàtì yɔ́kkɔ̀ lè, lɛ̀:rɛ̀ yɔ́kkɔ̀ lè	wàkàtì_yɔ́kkɔ̀_lè	w à k à t ì + j ɔ́ k k ɔ̀ + l è			1
10791	JamsayDouentza-9435_whenatwhattime-2	JamsayDouentza		when? (at what time?)	wàkàtì yɔ́kkɔ̀ lè, lɛ̀:rɛ̀ yɔ́kkɔ̀ lè	lɛ̀.ɛ̀rɛ̀_yɔ́kkɔ̀_lè	l ɛ̀ ɛ̀ r ɛ̀ + j ɔ́ k k ɔ̀ + l è			1
10792	Mombo-9435_whenatwhattime-1	Mombo		when? (at what time?)	wàgùrù mómbó	wàɡùrù_mómbó	w à ɡ ù r ù + m ó m b ó			1
10793	Najamba-9435_whenatwhattime-1	Najamba		when? (at what time?)	[lè:r àŋgí] mà	lè.èr_àŋɡí_mà	l è è r + à ŋ ɡ í + m à			1
10794	Nanga-9435_whenatwhattime-1	Nanga		when? (at what time?)	wàgàtì àrⁿáŋá, ɛ̀:r àrⁿáŋá	ɛ̀.ɛ̀r_àr.náŋá	ɛ̀ ɛ̀ r + à r ∼ á ŋ á			1
10795	Penange-9435_whenatwhattime-1	Penange		when? (at what time?)	wèn wàgárà	wèn_wàɡárà	w è n + w à ɡ á r à			1
10796	PergeTegu-9435_whenatwhattime-1	PergeTegu		when? (at what time?)	yǎw dógùrù	yǎw_dóɡùrù	j ǎ w + d ó ɡ ù r ù			1
10797	TebulUre-9435_whenatwhattime-1	TebulUre		when? (at what time?)	à:rⁿá	à.àr.ná	à à r ∼ á			1
10798	Tiranige-9435_whenatwhattime-1	Tiranige		when? (at what time?)	ánáŋgà	ánáŋɡà	á n á ŋ ɡ à			1
10799	TogoKan-9435_whenatwhattime-1	TogoKan		when? (at what time?)	yǎ: téŋé bè	yà.á_téŋé_bè	j à á + t é ŋ é + b è			1
10800	TommoSoTongoTongo-9435_whenatwhattime-1	TommoSoTongoTongo		when? (at what time?)	wàkàdù yàgú, ńjɛ́ wáárú le	ńdʒɛ́_wáárú_le	n d ʒ ɛ́ + w á á ∼ r ú + l e			1
10801	ToroTegu-9435_whenatwhattime-1	ToroTegu		when? (at what time?)	yàgá cɛ́là, yàgá túwⁿɔ̀	yàɡá_túw.nɔ̀	j à ɡ á + t ú w ∼ ɔ̀			1
10802	YandaDom-9435_whenatwhattime-1	YandaDom		when? (at what time?)	wàkàtù ʔə̀ɲì mí:	wàkàtù_ʔə̀ɲì_mí.í	w à k à t ù + ʔ ə̀ ɲ ì + m í í			1
10803	YornoSo-9435_whenatwhattime-1	YornoSo		when? (at what time?)	[wà:rù yɔ̀gɔ̌:] lé	wà.àrù_yɔ̀ɡɔ̀.ɔ́_lé	w à à r ù + j ɔ̀ ɡ ɔ̀ ɔ́ + l é			1
10763	BankanTey-9437_wherelocation-1	BankanTey		where? (location)	ǎnnì	ǎnnì	ǎ n n ì			1
10764	BenTey-9437_wherelocation-1	BenTey		where? (location)	ándá:	ándá-á	á n d á + á			1
10765	Bunoge-9437_wherelocation-1	Bunoge		where? (location)	nálò	nálò	n á l ò			1
10766	DogulDomBendiely-9437_wherelocation-1	DogulDomBendiely		where? (location)	àŋá	àŋá	à ŋ á			1
10767	DogulDomKundialang-9437_wherelocation-1	DogulDomKundialang		where? (location)	àŋá:	àŋá-á	à ŋ á + á			1
10768	DonnoSo-9437_wherelocation-1	DonnoSo		where? (location)	yɔ̀gɔ́ rà:	yɔ̀ɡɔ́_rà.à	j ɔ̀ ɡ ɔ́ + r à à			1
10769	JamsayDouentza-9437_wherelocation-1	JamsayDouentza		where? (location)	yɔ̌: lé	yɔ̀.ɔ́_lé	j ɔ̀ ɔ́ + l é			1
10771	Mombo-9437_wherelocation-1	Mombo		where? (location)	mándà	mándà	m á n d à			1
10772	Najamba-9437_wherelocation-1	Najamba		where? (location)	ànî:, ǎǹ	ǎǹ	ǎ n			1
10773	Najamba-9437_wherelocation-2	Najamba		where? (location)	ànî:, ǎǹ	ǎǹ	ǎ n			1
10774	Nanga-9437_wherelocation-1	Nanga		where? (location)	àrⁿáŋá	àr.náŋá	à r ∼ á ŋ á			1
10775	Penange-9437_wherelocation-1	Penange		where? (location)	mbá	mbá	m b á			1
10776	PergeTegu-9437_wherelocation-1	PergeTegu		where? (location)	yǎw	yǎw	j ǎ w			1
10777	TebulUre-9437_wherelocation-1	TebulUre		where? (location)	àndí	àndí	à n d í			1
10778	Tiranige-9437_wherelocation-1	Tiranige		where? (location)	àná	àná	à n á			1
10779	TogoKan-9437_wherelocation-1	TogoKan		where? (location)	ya᷈:	yà-à	j à + à			1
10780	TommoSoTongoTongo-9437_wherelocation-1	TommoSoTongoTongo		where? (location)	yàbáá, yàgú nɛ	yàbáá	j à b á á ∼			1
10781	TommoSoTongoTongo-9437_wherelocation-2	TommoSoTongoTongo		where? (location)	yàbáá, yàgú nɛ	yàɡú_nɛ	j à ɡ ú + n ɛ			1
10782	ToroTegu-9437_wherelocation-1	ToroTegu		where? (location)	yàgá	yàɡá	j à ɡ á			1
10783	YandaDom-9437_wherelocation-1	YandaDom		where? (location)	àmbá:	àmbá-á	à m b á + á			1
10784	YornoSo-9437_wherelocation-1	YornoSo		where? (location)	yɔ̀gɔ̌: nɛ̀, yàbá:	yàbá.á	j à b á á			1
15085	BankanTey-9466_whitelightcolored-1	BankanTey		white, light-colored	píndɛ́	pínd-ɛ́	p í n d + ɛ́			1
15086	Bunoge-9466_whitelightcolored-1	Bunoge		white, light-colored	sìmà	sìm-à	s ì m + à			1
15087	DogulDomBendiely-9466_whitelightcolored-1	DogulDomBendiely		white, light-colored	pílàŋ	pílàŋ	p í l à ŋ			1
15088	DogulDomKundialang-9466_whitelightcolored-1	DogulDomKundialang		white, light-colored	pílàŋ̀	pílàŋ	p í l à ŋ			1
15089	DonnoSo-9466_whitelightcolored-1	DonnoSo		white, light-colored	pílù	píl-ù	p í l + ù			1
15090	Gourou-9466_whitelightcolored-1	Gourou		white, light-colored	pírú	pír-ú	p í r + ú			1
15091	JamsayDouentza-9466_whitelightcolored-1	JamsayDouentza		white, light-colored	pírú	pír-ú	p í r + ú			1
15093	Mombo-9466_whitelightcolored-1	Mombo		white, light-colored	tómbò	tómb-ò	t ó m b + ò			1
15094	Najamba-9466_whitelightcolored-1	Najamba		white, light-colored	pílɛ̀\\pílɛ̀ŋgò	píl-ɛ̀	p í l + ɛ̀	p í l ɛ̀ + ŋ ɡ ò		1
15095	Nanga-9466_whitelightcolored-1	Nanga		white, light-colored	pírí	pír-í	p í r + í			1
15096	Penange-9466_whitelightcolored-1	Penange		white, light-colored	tòmbò	tòmb-ò	t ò m b + ò			1
15097	PergeTegu-9466_whitelightcolored-1	PergeTegu		white, light-colored	pírí	pír-í	p í r + í			1
15098	Tiranige-9466_whitelightcolored-1	Tiranige		white, light-colored	púlɛ́	púl-ɛ́	p ú l + ɛ́			1
15099	TogoKan-9466_whitelightcolored-1	TogoKan		white, light-colored	pírí	pír-í	p í r + í			1
15100	TommoSoTongoTongo-9466_whitelightcolored-1	TommoSoTongoTongo		white, light-colored	pílú	píl-ú	p í l + ú			1
15101	ToroTegu-9466_whitelightcolored-1	ToroTegu		white, light-colored	pírú	pír-ú	p í r + ú			1
15102	YandaDom-9466_whitelightcolored-1	YandaDom		white, light-colored	pílɛ́	píl-ɛ́	p í l + ɛ́			1
15103	YornoSo-9466_whitelightcolored-1	YornoSo		white, light-colored	píl	píl	p í l			1
10674	BankanTey-9468_who-1	BankanTey		who?	ǎm	ǎm	ǎ m			1
10675	BenTey-9468_who-1	BenTey		who?	ǎm	ǎm	ǎ m			1
10676	Bunoge-9468_who-1	Bunoge		who?	ʔà:yè	ʔà.àyè	ʔ à à j è			1
10677	DogulDomBendiely-9468_who-1	DogulDomBendiely		who?	ámí	ámí	á m í			1
10678	DogulDomKundialang-9468_who-1	DogulDomKundialang		who?	ǎm	ǎm	ǎ m			1
10679	DonnoSo-9468_who-1	DonnoSo		who?	a᷈:	à.à	à à			1
10680	JamsayDouentza-9468_who-1	JamsayDouentza		who?	ǎ:, ìlá:	ìlá-á	ì l á + á			1
10681	Mombo-9468_who-1	Mombo		who?	á:	á.á	á á			1
10682	Najamba-9468_who-1	Najamba		who?	ǎm	ǎm	ǎ m			1
10683	Nanga-9468_who-1	Nanga		who?	ǎŋ	ǎŋ	ǎ ŋ			1
10684	Penange-9468_who-1	Penange		who?	à:	à.à	à à			1
10685	PergeTegu-9468_who-1	PergeTegu		who?	ǎ:	à.á	à á			1
10686	TebulUre-9468_who-1	TebulUre		who?	àḿ	àḿ	à ḿ			1
10687	Tiranige-9468_who-1	Tiranige		who?	à:	à.à	à à			1
10688	TogoKan-9468_who-1	TogoKan		who?	ǎ:	à.á	à á			1
10689	TommoSoTongoTongo-9468_who-1	TommoSoTongoTongo		who?	áá	áá	á á ∼			1
10690	ToroTegu-9468_who-1	ToroTegu		who?	àyé	àyé	à j é			1
10691	YandaDom-9468_who-1	YandaDom		who?	àm	àm	à m			1
10692	YornoSo-9468_who-1	YornoSo		who?	ǎ:	à.á	à á			1
15528	BankanTey-9472_widepassageway-1	BankanTey		wide (passageway)	káwⁿáwⁿ	káw.náw.n	k á w ∼ á w ∼			1
15529	BenTey-9472_widepassageway-1	BenTey		wide (passageway)	káwàw	káwàw	k á w à w			1
15530	Bunoge-9472_widepassageway-1	Bunoge		wide (passageway)	bàmbà	bàmb-à	b à m b + à			1
15531	DogulDomKundialang-9472_widepassageway-1	DogulDomKundialang		wide (passageway)	pàygú (pǎyg)	pàyɡ-ú	p à j ɡ + ú			1
15532	DonnoSo-9472_widepassageway-1	DonnoSo		wide (passageway)	wáyà	wáy-à	w á j + à			1
15533	JamsayDouentza-9472_widepassageway-1	JamsayDouentza		wide (passageway)	wá:	wá-á	w á + á			1
15534	Mombo-9472_widepassageway-1	Mombo		wide (passageway)	bámbá	bámb-á	b á m b + á			1
15535	Najamba-9472_widepassageway-1	Najamba		wide (passageway)	wàyáŋgé\\wàyɛ́:	wàyáŋɡ-é	w à j á ŋ ɡ + é	w à j ɛ́ ɛ́		1
15536	Nanga-9472_widepassageway-1	Nanga		wide (passageway)	gâw	ɡâw	ɡ â w			1
15537	Penange-9472_widepassageway-1	Penange		wide (passageway)	bámbá	bámb-á	b á m b + á			1
15538	PergeTegu-9472_widepassageway-1	PergeTegu		wide (passageway)	wáy	wá-y	w á + j			1
15539	TebulUre-9472_widepassageway-1	TebulUre		wide (passageway)	wàɛ́\\wǎygɔ́	wàɛ́	w à ɛ́	w ǎ j + ɡ ɔ́		1
15540	Tiranige-9472_widepassageway-1	Tiranige		wide (passageway)	báy	bá-y	b á + j			1
15541	TogoKan-9472_widepassageway-1	TogoKan		wide (passageway)	wá:	wá-á	w á + á			1
15542	TommoSoTongoTongo-9472_widepassageway-1	TommoSoTongoTongo		wide (passageway)	wánnú	wánn-ú	w á n n + ú			1
15543	ToroTegu-9472_widepassageway-1	ToroTegu		wide (passageway)	pótó	pót-ó	p ó t + ó			1
15544	YandaDom-9472_widepassageway-1	YandaDom		wide (passageway)	wàyⁿ	wà	w à			1
15545	YornoSo-9472_widepassageway-1	YornoSo		wide (passageway)	wán	wán	w á n			1
8512	BankanTey-9499_wife-1	BankanTey		wife	yǎm\\yǎ:	yǎ-m	j ǎ + m	j à á		1
8513	BenTey-9499_wife-1	BenTey		wife	yǎm\\yǎ:	yǎ-m	j ǎ + m	j à á		1
8514	Bunoge-9499_wife-1	Bunoge		wife	yɔ́ (yɔ̂:)	yɔ́	j ɔ́	j ɔ́ ɔ̀		1
8515	DogulDomBendiely-9499_wife-1	DogulDomBendiely		wife	yáágù	yááɡù	j á á ∼ ɡ ù			1
8516	DogulDomKundialang-9499_wife-1	DogulDomKundialang		wife	yǎ:g	yà.áɡ	j à á ɡ			1
8517	DonnoSo-9499_wife-1	DonnoSo		wife	yà:ná	yà.àná	j à à n á			1
8518	Gourou-9499_wife-1	Gourou		wife	ɲɛ̌m	ɲɛ̌-m	ɲ ɛ̌ + m			1
8519	JamsayDouentza-9499_wife-1	JamsayDouentza		wife	ɲɛ̌n	ɲɛ̌n	ɲ ɛ̌ n			1
8520	Mombo-9499_wife-1	Mombo		wife	yɔ̂:	yɔ́-ɔ̀	j ɔ́ + ɔ̀			1
8521	Najamba-9499_wife-1	Najamba		wife	yɛ̌:\\yàwó:	yɛ̀-ɛ́	j ɛ̀ + ɛ́	j à w ó ó		1
8522	Nanga-9499_wife-1	Nanga		wife	yǎŋ	yǎŋ	j ǎ ŋ			1
8523	Penange-9499_wife-1	Penange		wife	yɔ̀:	yɔ̀-ɔ̀	j ɔ̀ + ɔ̀			1
8524	PergeTegu-9499_wife-1	PergeTegu		wife	ɲàrⁿú\\ɲǎm	ɲàr.-nú	ɲ à r + n ú	ɲ ǎ + m		1
8525	TebulUre-9499_wife-1	TebulUre		wife	yǎ	yǎ	j ǎ			1
8526	Tiranige-9499_wife-1	Tiranige		wife	yé:	yé-é	j é + é			1
8527	TogoKan-9499_wife-1	TogoKan		wife	ɲɛ̌	ɲɛ̌	ɲ ɛ̌			1
8528	TommoSoTongoTongo-9499_wife-1	TommoSoTongoTongo		wife	yààná	yààná	j à à n á			1
8529	ToroTegu-9499_wife-1	ToroTegu		wife	yⁿàrⁿú\\yⁿǎm	àr-nú	à r + n ú	j~ ǎ + m		1
8530	YandaDom-9499_wife-1	YandaDom		wife	yɛ̀\\mù	yɛ̀	j ɛ̀	j ɛ̀ + m ù		1
8531	YornoSo-9499_wife-1	YornoSo		wife	yǎ:rⁿá\\yǎ:m	yà.ár.-ná	j à á r + n á	j à á + m		1
6465	BankanTey-9511_windairflow-1	BankanTey		wind (airflow)	ósósô:	ósósó-ò	ó s ó s ó + ò			1
6466	BenTey-9511_windairflow-1	BenTey		wind (airflow)	ó:sò	ó-ósò	ó + ó s ò			1
6467	Bunoge-9511_windairflow-1	Bunoge		wind (airflow)	yàlè	yàlè	j à l è			1
6468	DogulDomBendiely-9511_windairflow-1	DogulDomBendiely		wind (airflow)	ɛ́nnɛ̀	ɛ́nnɛ̀	ɛ́ n n ɛ̀			1
6469	DogulDomKundialang-9511_windairflow-1	DogulDomKundialang		wind (airflow)	ɛ́nnɛ̀	ɛ́nnɛ̀	ɛ́ n n ɛ̀			1
6470	DonnoSo-9511_windairflow-1	DonnoSo		wind (airflow)	gɛ́:dɛ̀	ɡɛ́.ɛ́dɛ̀	ɡ ɛ́ ɛ́ d ɛ̀			1
6471	Gourou-9511_windairflow-1	Gourou		wind (airflow)	ó:só	ó-ósó	ó + ó s ó			1
6472	JamsayDouentza-9511_windairflow-1	JamsayDouentza		wind (airflow)	ó:ɲó	ó-óɲó	ó + ó ɲ ó			1
6474	Mombo-9511_windairflow-1	Mombo		wind (airflow)	yálé	yálé	j á l é			1
6475	Najamba-9511_windairflow-1	Najamba		wind (airflow)	énánáŋgó\\énáne:́ = ɛ́nɛ́nɛ́:, énáŋgó\\ɛ́nɛ́:	éná-ŋɡ-ó	é n á + ŋ ɡ + ó	ɛ́ n ɛ́ ɛ́		1
6476	Nanga-9511_windairflow-1	Nanga		wind (airflow)	úsúrⁿò, úsúrⁿɔ̀	úsúr.-nɔ̀	ú s ú r + n ɔ̀			1
6477	Penange-9511_windairflow-1	Penange		wind (airflow)	yàlè	yàlè	j à l è			1
6478	PergeTegu-9511_windairflow-1	PergeTegu		wind (airflow)	ó:njó	ó.ónjó	ó ó n d ʒ ó			1
6479	TebulUre-9511_windairflow-1	TebulUre		wind (airflow)	ídá	ídá	í d á			1
6480	Tiranige-9511_windairflow-1	Tiranige		wind (airflow)	ìɲìnɛ̀	ìɲìnɛ̀	ì ɲ ì n ɛ̀			1
6481	TogoKan-9511_windairflow-1	TogoKan		wind (airflow)	ó:ɲó	ó-óɲó	ó + ó ɲ ó			1
6482	TommoSoTongoTongo-9511_windairflow-1	TommoSoTongoTongo		wind (airflow)	ódóró	ódóró	ó d ó r ó			1
6483	ToroTegu-9511_windairflow-1	ToroTegu		wind (airflow)	zámà	zá-mà	z á + m à			1
6484	YandaDom-9511_windairflow-1	YandaDom		wind (airflow)	ɛ́nɛ́n ~ ɛ́nɛ́ŋ	ɛ́nɛ́n	ɛ́ n ɛ́ n			1
6485	YandaDom-9511_windairflow-2	YandaDom		wind (airflow)	ɛ́nɛ́n ~ ɛ́nɛ́ŋ	ɛ́nɛ́ŋ	ɛ́ n ɛ́ ŋ			1
6486	YornoSo-9511_windairflow-1	YornoSo		wind (airflow)	óɲɔ́	óɲɔ́	ó ɲ ɔ́			1
2975	BankanTey-9518_wingofbird-1	BankanTey		wing (of bird)	jɛ̀ndɛ̂:	dʒɛ̀-nd-ɛ́.ɛ̀	d ʒ ɛ̀ + n d + ɛ́ ɛ̀			1
2976	BenTey-9518_wingofbird-1	BenTey		wing (of bird)	gámjá	ɡám-dʒ-á	ɡ á m + d ʒ + á			1
2977	Bunoge-9518_wingofbird-1	Bunoge		wing (of bird)	gúbà	ɡúbà	ɡ ú b à			1
2978	DogulDomBendiely-9518_wingofbird-1	DogulDomBendiely		wing (of bird)	gáámbùrù	ɡáá-mbù-rù	ɡ á á ∼ + m b ù + r ù			1
2979	DogulDomKundialang-9518_wingofbird-1	DogulDomKundialang		wing (of bird)	gámbùrùŋ̀	ɡá-mbù-rù-ŋ	ɡ á + m b ù + r ù + ŋ			1
2980	DonnoSo-9518_wingofbird-1	DonnoSo		wing (of bird)	gámbùrù	ɡá-mbù-rù	ɡ á + m b ù + r ù			1
2981	Gourou-9518_wingofbird-1	Gourou		wing (of bird)	gámsá	ɡám-sá	ɡ á m + s á			1
2982	JamsayDouentza-9518_wingofbird-1	JamsayDouentza		wing (of bird)	gámɲú	ɡám-ɲú	ɡ á m + ɲ ú			1
2984	Mombo-9518_wingofbird-1	Mombo		wing (of bird)	kárákárá	kárá-kárá	k á r á + k á r á			1
2985	Najamba-9518_wingofbird-1	Najamba		wing (of bird)	kàkàrâ:\\kàkàrɛ̂:	kàkà-rá.à	k à k à + r á à	k à k à r ɛ́ ɛ̀		1
2986	Nanga-9518_wingofbird-1	Nanga		wing (of bird)	kàkásâ, jɛ̀rɛ́	kàká-sâ	k à k á + s â			1
2987	Nanga-9518_wingofbird-2	Nanga		wing (of bird)	kàkásâ, jɛ̀rɛ́	dʒɛ̀-r-ɛ́	d ʒ ɛ̀ + r + ɛ́			1
2988	Penange-9518_wingofbird-1	Penange		wing (of bird)	gùbà	ɡùbà	ɡ ù b à			1
2989	PergeTegu-9518_wingofbird-1	PergeTegu		wing (of bird)	gámjá	ɡám-dʒ-á	ɡ á m + d ʒ + á			1
2990	TebulUre-9518_wingofbird-1	TebulUre		wing (of bird)	kákárá	káká-rá	k á k á + r á			1
2991	Tiranige-9518_wingofbird-1	Tiranige		wing (of bird)	pɛ̀nɛ̀pɛ̀nɛ̀	pɛ̀nɛ̀-pɛ̀nɛ̀	p ɛ̀ n ɛ̀ + p ɛ̀ n ɛ̀			1
2992	TogoKan-9518_wingofbird-1	TogoKan		wing (of bird)	gáɲá	ɡáɲá	ɡ á ɲ á			1
2993	TommoSoTongoTongo-9518_wingofbird-1	TommoSoTongoTongo		wing (of bird)	kákárú	káká-rú	k á k á + r ú			1
2995	ToroTegu-9518_wingofbird-1	ToroTegu		wing (of bird)	jɛ̀tá	dʒɛ̀-t-á	d ʒ ɛ̀ + t + á			1
2996	YandaDom-9518_wingofbird-1	YandaDom		wing (of bird)	kàgádà	kàɡá-dà	k à ɡ á + d à			1
2997	YornoSo-9518_wingofbird-1	YornoSo		wing (of bird)	gámìrù	ɡámì-rù	ɡ á m ì + r ù			1
663	BankanTey-9577_womanfemaleperson-1	BankanTey		woman, female person	yǎm\\yǎ:	yǎ-m	j ǎ + m	j à á		1
664	BenTey-9577_womanfemaleperson-1	BenTey		woman, female person	yǎm\\yǎ:	yǎ-m	j ǎ + m	j à á		1
665	Bunoge-9577_womanfemaleperson-1	Bunoge		woman, female person	yɔ́ (yɔ̂: nɔ̀)	yɔ́	j ɔ́	j ɔ́ ɔ̀ + n ɔ̀		1
666	DogulDomBendiely-9577_womanfemaleperson-1	DogulDomBendiely		woman, female person	yáá, nòò yáá	yáá	j á á ∼			1
667	DogulDomBendiely-9577_womanfemaleperson-2	DogulDomBendiely		woman, female person	yáá, nòò yáá	nòò_yáá	n ò ò + j á á ∼			1
668	DogulDomKundialang-9577_womanfemaleperson-1	DogulDomKundialang		woman, female person	yǎ: ~ yǎ:g (pl yà:wé)	yà.áɡ	j à á ɡ	j à à + w é		1
669	DonnoSo-9577_womanfemaleperson-1	DonnoSo		woman, female person	yà:ná\\yǎ:ŋ, yà:nà pǎy	yà.ànà_pǎy	j à à n à + p ǎ j			1
670	Gourou-9577_womanfemaleperson-1	Gourou		woman, female person	ɲɛ̌n\\ɲɛ̌m	ɲɛ̌n	ɲ ɛ̌ n	ɲ ɛ̌ + m		1
671	JamsayDouentza-9577_womanfemaleperson-1	JamsayDouentza		woman, female person	ɲɛ̌n\\ɲɛ̌m	ɲɛ̌n	ɲ ɛ̌ n	ɲ ɛ̌ + m		1
673	Mombo-9577_womanfemaleperson-1	Mombo		woman, female person	yɔ̂:	yɔ́-ɔ̀	j ɔ́ + ɔ̀	j ɔ́ ɔ́ + ɡ è		1
674	Najamba-9577_womanfemaleperson-1	Najamba		woman, female person	yɛ̌:\\yàwó:	yɛ̀-ɛ́	j ɛ̀ + ɛ́	j à w ó ó		1
675	Nanga-9577_womanfemaleperson-1	Nanga		woman, female person	yǎŋ\\yǎ:	yǎŋ	j ǎ ŋ	j à á		1
676	Penange-9577_womanfemaleperson-1	Penange		woman, female person	yɔ̀:	yɔ̀-ɔ̀	j ɔ̀ + ɔ̀	j ɔ̀ ɔ̀ + ɡ é		1
677	PergeTegu-9577_womanfemaleperson-1	PergeTegu		woman, female person	ɲàrⁿú\\ɲǎm	ɲàr.-nú	ɲ à r + n ú	ɲ ǎ + m		1
678	TebulUre-9577_womanfemaleperson-1	TebulUre		woman, female person	yǎ\\yàmbɔ́	yǎ	j ǎ	j à + m b ɔ́		1
679	Tiranige-9577_womanfemaleperson-1	Tiranige		woman, female person	ndàyé:\\yé:gé (Boui), yé:\\yé:gé (Boui, Ningo)	yé-é	j é + é	j é é + ɡ é		1
680	TogoKan-9577_womanfemaleperson-1	TogoKan		woman, female person	ɲɛ̌	ɲɛ̌	ɲ ɛ̌	ɲ ɛ b è		1
681	TommoSoTongoTongo-9577_womanfemaleperson-1	TommoSoTongoTongo		woman, female person	yààná	yààná	j à à n á	j à á + m b e		1
682	ToroTegu-9577_womanfemaleperson-1	ToroTegu		woman, female person	yⁿàrⁿú\\yⁿàmú, yⁿàrⁿú\\yⁿǎm	àr-nú	à r + n ú	j~ ǎ + m		1
683	YandaDom-9577_womanfemaleperson-1	YandaDom		woman, female person	yɛ̀\\yɛ̀mù (DefSg yɛ́ gɛ̀)	yɛ̀	j ɛ̀	j ɛ̀ + m ù		1
684	YornoSo-9577_womanfemaleperson-1	YornoSo		woman, female person	yǎ:rⁿá\\yǎ:m	yà.ár.-ná	j à á r + n á	j à á + m		1
5710	BankanTey-9581_wood-1	BankanTey		wood	tǐn	tǐn	t ǐ n			0
5711	BenTey-9581_wood-1	BenTey		wood	tìrⁿú ~ tìrⁿí	tìr.-ní	t ì r + n í			0
5712	Bunoge-9581_wood-1	Bunoge		wood	tè:ŋgè	tè.è-ŋɡ-è	t è è + ŋ ɡ + è			0
5713	DogulDomBendiely-9581_wood-1	DogulDomBendiely		wood	bèég, tééŋ	tééŋ	t é é ŋ			0
5714	DogulDomBendiely-9581_wood-2	DogulDomBendiely		wood	bèég, tééŋ	tééŋ	t é é ŋ			0
5715	DogulDomKundialang-9581_wood-1	DogulDomKundialang		wood	bě:g, tê:ŋ (pl tê:ⁿ yà:)	té.èŋ	t é è ŋ	t é è ∼ + j à à		0
5716	DonnoSo-9581_wood-1	DonnoSo		wood	tànná	tàn-ná	t à n + n á			0
5717	Gourou-9581_wood-1	Gourou		wood	tǐn	tǐn	t ǐ n			0
5718	JamsayDouentza-9581_wood-1	JamsayDouentza		wood	tǐn	tǐn	t ǐ n			0
5719	Mombo-9581_wood-1	Mombo		wood	té:ŋgé	té.é-ŋɡ-é	t é é + ŋ ɡ + é			0
5720	Najamba-9581_wood-1	Najamba		wood	té:ŋgó\\té:	té.é-ŋɡ-ó	t é é + ŋ ɡ + ó	t é é		0
5721	Nanga-9581_wood-1	Nanga		wood	tìrⁿí	tìr.-ní	t ì r + n í			0
5722	Penange-9581_wood-1	Penange		wood	té:ŋgé	té.é-ŋɡ-é	t é é + ŋ ɡ + é			0
5723	PergeTegu-9581_wood-1	PergeTegu		wood	tìrⁿí	tìr.-ní	t ì r + n í			0
5724	TebulUre-9581_wood-1	TebulUre		wood	tìnɛ̌:	tìnɛ̀.ɛ́	t ì n ɛ̀ ɛ́			0
5725	Tiranige-9581_wood-1	Tiranige		wood	tè:ŋgè	tè.è-ŋɡ-è	t è è + ŋ ɡ + è			0
5726	TogoKan-9581_wood-1	TogoKan		wood	tǐⁿ	tǐ-ⁿ	t ǐ			0
5727	TommoSoTongoTongo-9581_wood-1	TommoSoTongoTongo		wood	tìnú	tìnú	t ì n ú			0
5728	ToroTegu-9581_wood-1	ToroTegu		wood	tìrⁿú	tìr.-nú	t ì r + n ú			0
5729	YandaDom-9581_wood-1	YandaDom		wood	té:	té-é	t é + é			0
5730	YornoSo-9581_wood-1	YornoSo		wood	tǐn	tǐn	t ǐ n			0
14695	BankanTey-9635_worknounproductiveactivity-1	BankanTey		work (noun), productive activity	bírá:	bírá.á	b í r á á			0
14696	BenTey-9635_worknounproductiveactivity-1	BenTey		work (noun), productive activity	bírɛ́	bírɛ́	b í r ɛ́			0
14697	Bunoge-9635_worknounproductiveactivity-1	Bunoge		work (noun), productive activity	wàlè	wàlè	w à l è			0
14698	DogulDomBendiely-9635_worknounproductiveactivity-1	DogulDomBendiely		work (noun), productive activity	wáàl	wáàl	w á à l			0
14699	DogulDomKundialang-9635_worknounproductiveactivity-1	DogulDomKundialang		work (noun), productive activity	wǎl	wǎl	w ǎ l			0
14700	DonnoSo-9635_worknounproductiveactivity-1	DonnoSo		work (noun), productive activity	wálù, bírɛ̀	wálù	w á l ù			0
14701	DonnoSo-9635_worknounproductiveactivity-2	DonnoSo		work (noun), productive activity	wálù, bírɛ̀	bírɛ̀	b í r ɛ̀			0
14702	Gourou-9635_worknounproductiveactivity-1	Gourou		work (noun), productive activity	bírɛ́	bírɛ́	b í r ɛ́			0
14703	JamsayDouentza-9635_worknounproductiveactivity-1	JamsayDouentza		work (noun), productive activity	bírɛ́	bírɛ́	b í r ɛ́			0
14704	Mombo-9635_worknounproductiveactivity-1	Mombo		work (noun), productive activity	wálé	wálé	w á l é			0
14705	Najamba-9635_worknounproductiveactivity-1	Najamba		work (noun), productive activity	bírɔ́:\\bírɛ́:	bírɔ́.ɔ́	b í r ɔ́ ɔ́	b í r ɛ́ ɛ́		0
14706	Nanga-9635_worknounproductiveactivity-1	Nanga		work (noun), productive activity	bírá	bírá	b í r á			0
14707	Penange-9635_worknounproductiveactivity-1	Penange		work (noun), productive activity	káyⁿ	ká	k á			0
14708	PergeTegu-9635_worknounproductiveactivity-1	PergeTegu		work (noun), productive activity	bírɛ́	bírɛ́	b í r ɛ́			0
14709	TebulUre-9635_worknounproductiveactivity-1	TebulUre		work (noun), productive activity	bírá:	bírá.á	b í r á á			0
14710	Tiranige-9635_worknounproductiveactivity-1	Tiranige		work (noun), productive activity	wàlè	wàlè	w à l è			0
14711	TogoKan-9635_worknounproductiveactivity-1	TogoKan		work (noun), productive activity	bírɛ́	bírɛ́	b í r ɛ́			0
14712	TommoSoTongoTongo-9635_worknounproductiveactivity-1	TommoSoTongoTongo		work (noun), productive activity	bírɛ́	bírɛ́	b í r ɛ́			0
14713	ToroTegu-9635_worknounproductiveactivity-1	ToroTegu		work (noun), productive activity	bírá	bírá	b í r á			0
14714	YandaDom-9635_worknounproductiveactivity-1	YandaDom		work (noun), productive activity	bìdɛ́	bìdɛ́	b ì d ɛ́			0
14715	YornoSo-9635_worknounproductiveactivity-1	YornoSo		work (noun), productive activity	bírɛ́	bírɛ́	b í r ɛ́			0
781	BankanTey-9645_wornoutoldnolongerusefulobject-1	BankanTey		worn out, old, no longer useful (object)	pɛ̌:	pɛ̀-ɛ́	p ɛ̀ + ɛ́			1
782	BenTey-9645_wornoutoldnolongerusefulobject-1	BenTey		worn out, old, no longer useful (object)	pɛ̌:	pɛ̀-ɛ́	p ɛ̀ + ɛ́			1
783	Bunoge-9645_wornoutoldnolongerusefulobject-1	Bunoge		worn out, old, no longer useful (object)	ʔìlɛ̀	ʔìl-ɛ̀	ʔ ì l + ɛ̀			1
784	DonnoSo-9645_wornoutoldnolongerusefulobject-1	DonnoSo		worn out, old, no longer useful (object)	yámà	yám-à	j á m + à			1
785	JamsayDouentza-9645_wornoutoldnolongerusefulobject-1	JamsayDouentza		worn out, old, no longer useful (object)	pɛ̌yⁿ	p-ɛ̌	p + ɛ̌			1
786	Mombo-9645_wornoutoldnolongerusefulobject-1	Mombo		worn out, old, no longer useful (object)	ómbé ɲómè dúré	ómbé_ɲómè_dúr-é	ó m b é + ɲ ó m è + d ú r + é			1
787	Najamba-9645_wornoutoldnolongerusefulobject-1	Najamba		worn out, old, no longer useful (object)	kùnjǒ:\\kùnjé:	kùnjò.ó	k ù n d ʒ ò ó	k ù n d ʒ é é		1
788	Nanga-9645_wornoutoldnolongerusefulobject-1	Nanga		worn out, old, no longer useful (object)	pɛ̌:	pɛ̀-ɛ́	p ɛ̀ + ɛ́			1
789	Penange-9645_wornoutoldnolongerusefulobject-1	Penange		worn out, old, no longer useful (object)	ùlɛ̀	ùl-ɛ̀	ù l + ɛ̀			1
790	TebulUre-9645_wornoutoldnolongerusefulobject-1	TebulUre		worn out, old, no longer useful (object)	pɛ̀ygɔ́	pɛ̀yɡ-ɔ́	p ɛ̀ j ɡ + ɔ́			1
791	Tiranige-9645_wornoutoldnolongerusefulobject-1	Tiranige		worn out, old, no longer useful (object)	yɔ́gɔ́rɔ́	yɔ́ɡɔ́r-ɔ́	j ɔ́ ɡ ɔ́ r + ɔ́			1
792	TommoSoTongoTongo-9645_wornoutoldnolongerusefulobject-1	TommoSoTongoTongo		worn out, old, no longer useful (object)	kɔ́ykɔ́y, tɔ́náádɛ̀, tɔ̀nú	kɔ́-ykɔ́y	k ɔ́ + j k ɔ́ j			1
793	TommoSoTongoTongo-9645_wornoutoldnolongerusefulobject-2	TommoSoTongoTongo		worn out, old, no longer useful (object)	kɔ́ykɔ́y, tɔ́náádɛ̀, tɔ̀nú	tɔ́náád-ɛ̀	t ɔ́ n á á ∼ d + ɛ̀			1
794	TommoSoTongoTongo-9645_wornoutoldnolongerusefulobject-3	TommoSoTongoTongo		worn out, old, no longer useful (object)	kɔ́ykɔ́y, tɔ́náádɛ̀, tɔ̀nú	tɔ̀n-ú	t ɔ̀ n + ú			1
797	ToroTegu-9645_wornoutoldnolongerusefulobject-1	ToroTegu		worn out, old, no longer useful (object)	pòtú	pòt-ú	p ò t + ú			1
798	YornoSo-9645_wornoutoldnolongerusefulobject-1	YornoSo		worn out, old, no longer useful (object)	pɛ̌y, sɛ́mɛ́lɛ́	pɛ̌-y	p ɛ̌ + j			1
799	YornoSo-9645_wornoutoldnolongerusefulobject-2	YornoSo		worn out, old, no longer useful (object)	pɛ̌y, sɛ́mɛ́lɛ́	sɛ́mɛ́l-ɛ́	s ɛ́ m ɛ́ l + ɛ́			1
7527	BankanTey-9681_year-1	BankanTey		year	àrⁿá	àr-ná	à r + n á			1
7528	BenTey-9681_year-1	BenTey		year	àrⁿàkúsú, àrⁿàgúsú	àr.nà-ɡúsú	à r ∼ à + ɡ ú s ú			1
7529	Bunoge-9681_year-1	Bunoge		year	wáyà	wáyà	w á j à			1
7530	DogulDomBendiely-9681_year-1	DogulDomBendiely		year	wɛ̀ɛ́	wɛ̀-ɛ́	w ɛ̀ + ɛ́			1
7531	DogulDomKundialang-9681_year-1	DogulDomKundialang		year	wěŋ	wěŋ	w ě ŋ			1
7532	DonnoSo-9681_year-1	DonnoSo		year	ànàkúdù	ànàkú-dù	à n à k ú + d ù			1
7533	Gourou-9681_year-1	Gourou		year	àrⁿà kúsú	àr.nà_kúsú	à r ∼ à + k ú s ú			1
7534	JamsayDouentza-9681_year-1	JamsayDouentza		year	àrⁿàkújú	àr.nà-kú-dʒ-ú	à r ∼ à + k ú + d ʒ + ú			1
7536	Mombo-9681_year-1	Mombo		year	wáyà	wáyà	w á j à			1
7537	Najamba-9681_year-1	Najamba		year	kènjû:\\kènjî:	kèn-jú.ù	k è n + d ʒ ú ù	k è n d ʒ í ì		1
7538	Nanga-9681_year-1	Nanga		year	àrⁿàẃⁿ, àrⁿá	àr-ná	à r + n á			1
7539	Penange-9681_year-1	Penange		year	wàyà	wàyà	w à j à			1
7540	PergeTegu-9681_year-1	PergeTegu		year	àrⁿàkúsú	àr.nà-kúsú	à r ∼ à + k ú s ú			1
7541	TebulUre-9681_year-1	TebulUre		year	àrⁿàgúdú	àr.nà-ɡúdú	à r ∼ à + ɡ ú d ú			1
7542	Tiranige-9681_year-1	Tiranige		year	wòy	wòy	w ò j			1
7543	TogoKan-9681_year-1	TogoKan		year	àndí:	à-nd-í.í	à + n d + í í			1
7544	TommoSoTongoTongo-9681_year-1	TommoSoTongoTongo		year	ànàgúdú	ànàɡú-dú	à n à ɡ ú + d ú			1
7545	YandaDom-9681_year-1	YandaDom		year	àrⁿàgùzù	àr.nà-ɡùzù	à r ∼ à + ɡ ù z ù			1
7546	YornoSo-9681_year-1	YornoSo		year	àrⁿàgújú, àrⁿàdǐ:	àr.nà-dì.í	à r ∼ à + d ì í			1
15169	BankanTey-9686_yellow-1	BankanTey		yellow	nɔ̀rⁿɔ̀ pírⁿà, ɔ́:lɔ̀	ɔ́-ɔ́lɔ̀	ɔ́ + ɔ́ l ɔ̀			1
15170	BenTey-9686_yellow-1	BenTey		yellow	nɔ̀rⁿɔ̀yⁿpírⁿà	nɔ̀r.nɔ̀pír.n-à	n ɔ̀ r ∼ ɔ̀ p í r ∼ + à			1
15171	Bunoge-9686_yellow-1	Bunoge		yellow	pórì púnà ("nere.tree's flour")	pórì_pún-à	p ó r ì + p ú n + à			1
15172	DogulDomBendiely-9686_yellow-1	DogulDomBendiely		yellow	pɛ́ndùrù, pɔ́rɔ́mínɛ̀	pɛ́ndùr-ù	p ɛ́ n d ù r + ù			1
15173	DogulDomBendiely-9686_yellow-2	DogulDomBendiely		yellow	pɛ́ndùrù, pɔ́rɔ́mínɛ̀	pɔ́rɔ́mín-ɛ̀	p ɔ́ r ɔ́ m í n + ɛ̀			1
15174	DogulDomKundialang-9686_yellow-1	DogulDomKundialang		yellow	pórmínɛ̀	pórmín-ɛ̀	p ó r m í n + ɛ̀			1
15175	DonnoSo-9686_yellow-1	DonnoSo		yellow	púrùgù	púrùɡ-ù	p ú r ù ɡ + ù			1
15176	Gourou-9686_yellow-1	Gourou		yellow	sáy	sá-y	s á + j			1
15177	JamsayDouentza-9686_yellow-1	JamsayDouentza		yellow	yɔ̀rɔ̀ pìrⁿé	yɔ̀rɔ̀_pìr.n-é	j ɔ̀ r ɔ̀ + p ì r ∼ + é			1
15178	Mombo-9686_yellow-1	Mombo		yellow	pòrò pùná	pòrò_pùn-á	p ò r ò + p ù n + á			1
15179	Najamba-9686_yellow-1	Najamba		yellow	nò:l[púnɛ̀ŋgò]\\nò:lpúnɛ̀, ɔ́:làŋgò\\ɔ́:lɛ̀	ɔ́.ɔ́làŋɡ-ò	ɔ́ ɔ́ l à ŋ ɡ + ò	ɔ́ ɔ́ l ɛ̀		1
15180	Nanga-9686_yellow-1	Nanga		yellow	nàrⁿàpírⁿâ	nàr.nàpír.n-â	n à r ∼ à p í r ∼ + â			1
15181	Penange-9686_yellow-1	Penange		yellow	pòròpúnà ("nere.treeflour")	pòròpún-à	p ò r ò p ú n + à			1
15182	PergeTegu-9686_yellow-1	PergeTegu		yellow	ɔ́:là, ɲɛ̀:rⁿɛ̀pìrⁿɛ́	ɲɛ̀.ɛ̀r.nɛ̀pìr.n-ɛ́	ɲ ɛ̀ ɛ̀ r ∼ ɛ̀ p ì r ∼ + ɛ́			1
15183	Tiranige-9686_yellow-1	Tiranige		yellow	pórípùnà (cf. pórí pùnàŋgé 'nérétree powder')	pórípùn-à	p ó r í p ù n + à			1
15184	TogoKan-9686_yellow-1	TogoKan		yellow	yɔ̀rɔ̀pùrⁿú	yɔ̀rɔ̀pùr.n-ú	j ɔ̀ r ɔ̀ p ù r ∼ + ú			1
15185	TommoSoTongoTongo-9686_yellow-1	TommoSoTongoTongo		yellow	ɔ́ɔ̀lɔ̀, yùlɔ̀ púnɔ́	ɔ́-ɔ̀lɔ̀	ɔ́ + ɔ̀ l ɔ̀			1
15186	TommoSoTongoTongo-9686_yellow-2	TommoSoTongoTongo		yellow	ɔ́ɔ̀lɔ̀, yùlɔ̀ púnɔ́	yùlɔ̀_pún-ɔ́	j ù l ɔ̀ + p ú n + ɔ́			1
15187	ToroTegu-9686_yellow-1	ToroTegu		yellow	síttì	sítt-ì	s í t t + ì			1
15188	YandaDom-9686_yellow-1	YandaDom		yellow	lòlpúrⁿá	lòlpúr.n-á	l ò l p ú r ∼ + á			1
15189	YornoSo-9686_yellow-1	YornoSo		yellow	[yùlɔ̀pɔ̀rⁿɔ̀]kɔ̌l	yùlɔ̀pɔ̀r.nɔ̀kɔ̌l	j ù l ɔ̀ p ɔ̀ r ∼ ɔ̀ k ɔ̌ l			1
